# This file uses centimeters as units for non-parametric coordinates.

mtllib Cup.mtl
adobe_mdllib Cup.mdl
g default
v 3.342602 8.786638 -0.292439
v 3.152051 8.786637 -1.147261
v 3.136671 8.884601 -1.141634
v 3.326267 8.884601 -0.291016
v 2.748539 8.786637 -1.924564
v 2.735157 8.884601 -1.915183
v 2.715981 8.984138 -1.901767
v 3.114666 8.984138 -1.133651
v 3.302964 8.984138 -0.288945
v 2.156121 8.786637 -2.569555
v 2.145605 8.884601 -2.557003
v 1.418008 8.786637 -3.041034
v 1.411101 8.884601 -3.026173
v 1.401223 8.984138 -3.004925
v 2.130553 8.984138 -2.539083
v 0.582467 8.786637 -3.303401
v 0.579630 8.884601 -3.287242
v -0.292488 8.786637 -3.342638
v -0.291056 8.884601 -3.326295
v -0.288994 8.984138 -3.302992
v 0.575545 8.984138 -3.264203
v -1.147311 8.786637 -3.152033
v -1.141684 8.884601 -3.136644
v -1.924614 8.786637 -2.748548
v -1.915233 8.884601 -2.735120
v -1.901808 8.984138 -2.715951
v -1.133700 8.984138 -3.114692
v -2.569594 8.786637 -2.156101
v -2.557042 8.884601 -2.145578
v -3.041019 8.786637 -1.418034
v -3.026158 8.884601 -1.411130
v -3.004966 8.984138 -1.401259
v -2.539130 8.984138 -2.130570
v -3.303431 8.786637 -0.582442
v -3.287280 8.884601 -0.579612
v -3.342631 8.786637 0.292452
v -3.326336 8.884601 0.291036
v -3.303042 8.984138 0.289003
v -3.264251 8.984138 -0.575575
v -3.152073 8.786637 1.147272
v -3.136692 8.884601 1.141692
v -2.748599 8.786637 1.924586
v -2.735170 8.884601 1.915205
v -2.716002 8.984138 1.901781
v -3.114742 8.984138 1.133670
v -2.156150 8.786637 2.569622
v -2.145627 8.884601 2.557080
v -1.418075 8.786637 3.041049
v -1.411170 8.884601 3.026206
v -1.401253 8.984138 3.005005
v -2.130611 8.984138 2.539167
v -0.582491 8.786637 3.303420
v -0.579661 8.884601 3.287309
v 0.292402 8.786637 3.342651
v 0.290986 8.884601 3.326317
v 0.288953 8.984138 3.303014
v -0.575616 8.984138 3.264280
v 1.147222 8.786637 3.152100
v 1.141642 8.884601 3.136711
v 1.924536 8.786637 2.748580
v 1.915155 8.884601 2.735152
v 1.901731 8.984138 2.716020
v 1.133620 8.984138 3.114714
v 2.569572 8.786637 2.156169
v 2.557029 8.884601 2.145645
v 3.040998 8.786637 1.418056
v 3.026156 8.884601 1.411142
v 3.004955 8.984138 1.401270
v 2.539117 8.984138 2.130592
v 3.303370 8.786637 0.582508
v 3.287259 8.884601 0.579623
v 3.264230 8.984138 0.575586
v 3.264213 9.041862 -0.285587
v 3.078131 9.041862 -1.120345
v 3.047583 9.044999 -1.109208
v 3.231841 9.045000 -0.282755
v 2.684102 9.041862 -1.879444
v 2.657475 9.044999 -1.860778
v 2.630861 9.048138 -1.842139
v 3.017078 9.048137 -1.098111
v 3.199442 9.048137 -0.279883
v 2.105542 9.041862 -2.509315
v 2.084680 9.044999 -2.484397
v 1.384786 9.041862 -2.969699
v 1.371033 9.044999 -2.940241
v 1.357322 9.048138 -2.910811
v 2.063798 9.048137 -2.459537
v 0.568776 9.041862 -3.225942
v 0.563141 9.044999 -3.193899
v -0.285638 9.041862 -3.264242
v -0.282805 9.044999 -3.231824
v -0.279933 9.048138 -3.199472
v 0.557520 9.048137 -3.161922
v -1.120394 9.041862 -3.078175
v -1.109258 9.044999 -3.047605
v -1.879484 9.041862 -2.684129
v -1.860828 9.044999 -2.657458
v -1.842189 9.048138 -2.630889
v -1.098161 9.048137 -3.017069
v -2.509364 9.041862 -2.105560
v -2.484445 9.044999 -2.084661
v -2.969748 9.041862 -1.384767
v -2.940281 9.044999 -1.371055
v -2.910805 9.048138 -1.357313
v -2.459578 9.048137 -2.063819
v -3.225992 9.041862 -0.568816
v -3.193947 9.044999 -0.563186
v -3.264283 9.041862 0.285589
v -3.231872 9.044999 0.282773
v -3.199522 9.048138 0.279950
v -3.161963 9.048137 -0.557550
v -3.078169 9.041862 1.120355
v -3.047644 9.044999 1.109266
v -2.684170 9.041862 1.879448
v -2.657495 9.044999 1.860797
v -2.630874 9.048138 1.842142
v -3.017109 9.048137 1.098131
v -2.105609 9.041862 2.509335
v -2.084700 9.044999 2.484453
v -1.384817 9.041862 2.969702
v -1.371101 9.044999 2.940250
v -1.357344 9.048138 2.910813
v -2.063803 9.048137 2.459547
v -0.568866 9.041862 3.225944
v -0.563227 9.044999 3.193899
v 0.285539 9.041862 3.264252
v 0.282725 9.044999 3.231824
v 0.279911 9.048138 3.199472
v -0.557544 9.048137 3.161922
v 1.120305 9.041862 3.078180
v 1.109216 9.044999 3.047614
v 1.879398 9.041862 2.684148
v 1.860747 9.044999 2.657514
v 1.842094 9.048138 2.630898
v 1.098091 9.048137 3.017071
v 2.509284 9.041862 2.105574
v 2.484403 9.044999 2.084672
v 2.969653 9.041862 1.384833
v 2.940210 9.044999 1.371064
v 2.910764 9.048138 1.357312
v 2.459497 9.048137 2.063820
v 3.225904 9.041862 0.568826
v 3.193914 9.044999 0.563189
v 3.161883 9.048137 0.557561
v 3.149190 9.169712 -0.275519
v 2.969639 9.169713 -1.080844
v 2.922255 9.410111 -1.063628
v 3.098930 9.410112 -0.271137
v 2.589500 9.169713 -1.813194
v 2.548139 9.410111 -1.784250
v 2.504381 9.653011 -1.753611
v 2.872041 9.653011 -1.045356
v 3.045651 9.653011 -0.266461
v 2.031372 9.169713 -2.420911
v 1.998899 9.410111 -2.382241
v 1.335959 9.169713 -2.865039
v 1.314642 9.410111 -2.819278
v 1.292066 9.653011 -2.770851
v 1.964584 9.653011 -2.341306
v 0.548745 9.169713 -3.112228
v 0.539975 9.410111 -3.062528
v -0.275569 9.169713 -3.149219
v -0.271188 9.410111 -3.098903
v -0.266511 9.653011 -3.045687
v 0.530697 9.653011 -3.009942
v -1.080894 9.169713 -2.969678
v -1.063678 9.410111 -2.922239
v -1.813244 9.169713 -2.589537
v -1.784300 9.410111 -2.548178
v -1.753661 9.653011 -2.504428
v -1.045406 9.653011 -2.872079
v -2.420961 9.169713 -2.031356
v -2.382291 9.410111 -1.998939
v -2.865089 9.169713 -1.335999
v -2.819328 9.410111 -1.314690
v -2.770902 9.653011 -1.292114
v -2.341356 9.653011 -1.964625
v -3.112278 9.169713 -0.548794
v -3.062578 9.410111 -0.540025
v -3.149269 9.169713 0.275537
v -3.098953 9.410111 0.271139
v -3.045738 9.653011 0.266472
v -3.009992 9.653011 -0.530745
v -2.969728 9.169713 1.080901
v -2.922289 9.410111 1.063637
v -2.589588 9.169713 1.813203
v -2.548228 9.410111 1.784253
v -2.504478 9.653011 1.753622
v -2.872130 9.653011 1.045367
v -2.031406 9.169713 2.420912
v -1.998987 9.410111 2.382261
v -1.336048 9.169713 2.865059
v -1.314731 9.410111 2.819356
v -1.292108 9.653011 2.770928
v -1.964666 9.653011 2.341373
v -0.548844 9.169713 3.112297
v -0.540073 9.410111 3.062614
v 0.275489 9.169713 3.149241
v 0.271089 9.410111 3.098980
v 0.266422 9.653011 3.045700
v -0.530786 9.653011 3.009964
v 1.080861 9.169713 2.969689
v 1.063587 9.410111 2.922305
v 1.813155 9.169713 2.589548
v 1.784203 9.410111 2.548189
v 1.753572 9.653011 2.504431
v 1.045317 9.653011 2.872091
v 2.420872 9.169713 2.031413
v 2.382213 9.410111 1.998949
v 2.865066 9.169713 1.336008
v 2.819315 9.410111 1.314692
v 2.770880 9.653011 1.292116
v 2.341324 9.653011 1.964634
v 3.112257 9.169713 0.548795
v 3.062566 9.410111 0.540025
v 3.009923 9.653011 0.530747
v 2.959046 9.788424 -0.258842
v 2.790341 9.788424 -1.015591
v 2.714523 9.794688 -0.987987
v 2.878664 9.794686 -0.251838
v 2.433162 9.788424 -1.703752
v 2.367052 9.794688 -1.657425
v 2.300475 9.800823 -1.610800
v 2.638198 9.800824 -0.960197
v 2.797708 9.800823 -0.244758
v 1.908727 9.788424 -2.274745
v 1.856864 9.794688 -2.212914
v 1.255319 9.788424 -2.692089
v 1.221200 9.794688 -2.618912
v 1.186870 9.800823 -2.545300
v 1.804634 9.800824 -2.150691
v 0.515623 9.788424 -2.924384
v 0.501573 9.794688 -2.844873
v -0.258892 9.788424 -2.959083
v -0.251888 9.794688 -2.878639
v -0.244798 9.800823 -2.797690
v 0.487480 9.800824 -2.764897
v -1.015641 9.788424 -2.790389
v -0.988038 9.794688 -2.714563
v -1.703801 9.788424 -2.433209
v -1.657475 9.794688 -2.367092
v -1.610848 9.800823 -2.300522
v -0.960245 9.800824 -2.638238
v -2.274795 9.788424 -1.908758
v -2.212962 9.794688 -1.856856
v -2.692130 9.788424 -1.255356
v -2.618951 9.794688 -1.221230
v -2.545292 9.800823 -1.186850
v -2.150722 9.800824 -1.804655
v -2.924378 9.788424 -0.515606
v -2.844912 9.794688 -0.501611
v -2.959124 9.788424 0.258919
v -2.878688 9.794688 0.251850
v -2.797739 9.800823 0.244769
v -2.764938 9.800824 -0.487508
v -2.790439 9.788424 1.015611
v -2.714612 9.794688 0.988000
v -2.433259 9.788424 1.703753
v -2.367142 9.794688 1.657436
v -2.300561 9.800823 1.610866
v -2.638277 9.800824 0.960262
v -1.908808 9.788424 2.274745
v -1.856906 9.794688 2.212916
v -1.255406 9.788424 2.692089
v -1.221280 9.794688 2.618912
v -1.186900 9.800823 2.545300
v -1.804703 9.800824 2.150700
v -0.515656 9.788424 2.924386
v -0.501661 9.794688 2.844884
v 0.258880 9.788424 2.959092
v 0.251811 9.794688 2.878705
v 0.244720 9.800823 2.797756
v -0.487558 9.800824 2.764908
v 1.015626 9.788424 2.790390
v 0.988016 9.794688 2.714574
v 1.703714 9.788424 2.433213
v 1.657397 9.794688 2.367101
v 1.610817 9.800823 2.300525
v 0.960222 9.800824 2.638248
v 2.274697 9.788424 1.908777
v 2.212875 9.794688 1.856914
v 2.692052 9.788424 1.255369
v 2.618928 9.794688 1.221250
v 2.545261 9.800823 1.186911
v 2.150652 9.800824 1.804683
v 2.924356 9.788424 0.515673
v 2.844900 9.794688 0.501623
v 2.764869 9.800824 0.487527
v 2.691866 9.947037 -0.235498
v 2.538398 9.947037 -0.923919
v 2.453487 10.215599 -0.893011
v 2.601850 10.215599 -0.227642
v 2.213426 9.947037 -1.549906
v 2.139401 10.215599 -1.498061
v 2.065394 10.484161 -1.446209
v 2.368577 10.484161 -0.862097
v 2.511825 10.484161 -0.219755
v 1.736334 9.947037 -2.069349
v 1.678247 10.215599 -2.000141
v 1.141933 9.947037 -2.448986
v 1.103750 10.215599 -2.367072
v 1.065578 10.484161 -2.285146
v 1.620209 10.484161 -1.930895
v 0.469031 9.947037 -2.660272
v 0.453355 10.215599 -2.571315
v -0.235539 9.947037 -2.691841
v -0.227692 10.215599 -2.601822
v -0.219805 10.484161 -2.511800
v 0.437650 10.484161 -2.482324
v -0.923967 9.947037 -2.538381
v -0.893061 10.215599 -2.453516
v -1.549953 9.947037 -2.213465
v -1.498102 10.215599 -2.139450
v -1.446256 10.484161 -2.065434
v -0.862147 10.484161 -2.368614
v -2.069380 9.947037 -1.736373
v -2.000134 10.215599 -1.678297
v -2.449033 9.947037 -1.141970
v -2.367112 10.215599 -1.103800
v -2.285192 10.484161 -1.065619
v -1.930927 10.484161 -1.620256
v -2.660322 9.947037 -0.469069
v -2.571366 10.215599 -0.453405
v -2.691889 9.947037 0.235500
v -2.601872 10.215599 0.227642
v -2.511850 10.484161 0.219755
v -2.482373 10.484161 -0.437698
v -2.538420 9.947037 0.923919
v -2.453566 10.215599 0.893011
v -2.213505 9.947037 1.549906
v -2.139498 10.215599 1.498062
v -2.065475 10.484161 1.446219
v -2.368664 10.484161 0.862097
v -1.736422 9.947037 2.069349
v -1.678336 10.215599 2.000150
v -1.142020 9.947037 2.448986
v -1.103839 10.215599 2.367074
v -1.065603 10.484161 2.285164
v -1.620241 10.484161 1.930953
v -0.469119 9.947037 2.660272
v -0.453453 10.215599 2.571315
v 0.235450 9.947037 2.691850
v 0.227592 10.215599 2.601824
v 0.219705 10.484161 2.511800
v -0.437739 10.484161 2.482325
v 0.923869 9.947037 2.538438
v 0.892961 10.215599 2.453525
v 1.549856 9.947037 2.213476
v 1.498013 10.215599 2.139452
v 1.446169 10.484161 2.065434
v 0.862047 10.484161 2.368614
v 2.069298 9.947037 1.736383
v 2.000101 10.215599 1.678297
v 2.448936 9.947037 1.141973
v 2.367034 10.215599 1.103800
v 2.285180 10.484161 1.065619
v 1.930912 10.484161 1.620256
v 2.660233 9.947037 0.469078
v 2.571289 10.215599 0.453405
v 2.482351 10.484161 0.437698
v -0.809408 10.636123 1.736986
v -0.422973 10.636112 1.769195
v -0.630339 10.636100 1.359275
v -1.081502 10.636112 1.462048
v 0.088308 10.636112 1.750867
v -0.101386 10.636100 1.264436
v -0.331245 10.636100 0.724577
v -0.894645 10.636100 0.892633
v -1.395114 10.636112 1.058389
v 0.592419 10.636112 1.627717
v 0.406353 10.636100 1.116591
v 1.057764 10.636112 1.398001
v 0.890383 10.636100 0.903448
v 0.719433 10.636100 0.342183
v 0.198702 10.636100 0.546087
v 1.461203 10.636112 1.083413
v 1.356569 10.636100 0.636095
v 1.736483 10.636123 0.810356
v 1.768162 10.636112 0.424834
v 1.748964 10.636112 -0.085941
v 1.259030 10.636100 0.108728
v -1.108461 10.636100 0.403472
v -1.625008 10.636112 0.591478
v -0.536891 10.636100 0.195381
v -0.719464 10.636100 -0.342180
v -1.259053 10.636100 -0.108717
v -1.749042 10.636112 0.085952
v -0.000020 10.636100 0.000028
v 0.536811 10.636100 -0.195361
v 0.331158 10.636100 -0.724564
v -0.198781 10.636100 -0.546078
v 1.108381 10.636100 -0.403397
v 1.624966 10.636112 -0.591411
v 1.395025 10.636112 -1.058358
v 0.894558 10.636100 -0.892564
v -1.356591 10.636100 -0.636086
v -1.768239 10.636112 -0.424833
v -0.890450 10.636100 -0.903447
v -1.057777 10.636112 -1.397992
v -1.461215 10.636112 -1.083356
v -1.736542 10.636123 -0.810339
v -0.406430 10.636100 -1.116591
v 0.101364 10.636100 -1.264433
v -0.088322 10.636112 -1.750856
v -0.592441 10.636112 -1.627717
v 0.630316 10.636100 -1.359247
v 1.081414 10.636112 -1.461978
v 0.809344 10.636123 -1.736931
v 0.422952 10.636112 -1.769127
v 2.345663 10.630262 -0.205230
v 2.211953 10.630262 -0.805059
v 1.992038 10.635599 -0.725053
v 2.115044 10.635599 -0.178336
v 1.928781 10.630262 -1.350536
v 1.734841 10.635599 -1.222908
v 1.513020 10.630262 -1.803184
v 1.360158 10.635599 -1.637436
v 0.995097 10.630262 -2.134014
v 0.903456 10.635599 -1.937587
v 0.408730 10.630262 -2.318153
v 0.379831 10.635599 -2.094591
v -0.205280 10.630262 -2.345701
v -0.178619 10.635599 -2.115269
v -0.805110 10.630262 -2.211945
v -0.725200 10.635599 -1.992347
v -1.350585 10.630262 -1.928813
v -1.222894 10.635599 -1.735181
v -1.803225 10.630262 -1.513066
v -1.637405 10.635599 -1.360389
v -2.134063 10.630262 -0.995119
v -1.937588 10.635599 -0.903561
v -2.318203 10.630262 -0.408720
v -2.094547 10.635599 -0.380047
v -2.345751 10.630262 0.205248
v -2.115131 10.635599 0.178341
v -2.211995 10.630262 0.805125
v -1.992119 10.635599 0.725073
v -1.928863 10.630262 1.350603
v -1.734938 10.635599 1.222931
v -1.513116 10.630262 1.803206
v -1.360248 10.635599 1.637512
v -0.995169 10.630262 2.134036
v -0.903497 10.635599 1.937666
v -0.408770 10.630262 2.318166
v -0.379902 10.635599 2.094666
v 0.205198 10.630262 2.345712
v 0.178534 10.635599 2.115281
v 0.805076 10.630262 2.212001
v 0.725133 10.635599 1.992356
v 1.350563 10.630262 1.928822
v 1.222883 10.635599 1.735184
v 1.803158 10.630262 1.513066
v 1.637392 10.635599 1.360398
v 2.133986 10.630262 0.995128
v 1.937564 10.635599 0.903564
v 2.318115 10.630262 0.408777
v 2.094512 10.635599 0.380056
v 2.472783 9.763749 -1.731495
v 2.835786 9.763748 -1.032126
v 3.007207 9.763749 -0.263061
v 1.275741 9.763749 -2.735913
v 1.939810 9.763748 -2.311783
v -0.263111 9.763749 -3.007249
v 0.523986 9.763748 -2.971956
v -1.731545 9.763749 -2.472823
v -1.032177 9.763748 -2.835836
v -2.735961 9.763749 -1.275780
v -2.311833 9.763748 -1.939803
v -3.007297 9.763749 0.263137
v -2.971997 9.763748 -0.524016
v -2.472873 9.763749 1.731506
v -2.835886 9.763748 1.032194
v -1.275820 9.763749 2.735924
v -1.939852 9.763748 2.311794
v 0.263089 9.763749 3.007249
v -0.524064 9.763748 2.971958
v 1.731458 9.763749 2.472833
v 1.032153 9.763748 2.835836
v 2.735883 9.763749 1.275791
v 2.311744 9.763748 1.939859
v 2.971964 9.763748 0.524036
v 2.258317 9.826223 -1.581300
v 2.589840 9.826225 -0.942639
v 2.746400 9.826226 -0.240292
v 1.165126 9.826223 -2.498639
v 1.771564 9.826225 -2.111292
v -0.240286 9.826223 -2.746429
v 0.478577 9.826225 -2.714216
v -1.581341 9.826223 -2.258356
v -0.942680 9.826225 -2.589878
v -2.498670 9.826223 -1.165092
v -2.111284 9.826225 -1.771547
v -2.746470 9.826223 0.240303
v -2.714264 9.826225 -0.478550
v -2.258341 9.826223 1.581311
v -2.589862 9.826225 0.942650
v -1.165142 9.826223 2.498639
v -1.771588 9.826225 2.111294
v 0.240253 9.826223 2.746440
v -0.478600 9.826225 2.714217
v 1.581261 9.826223 2.258367
v 0.942600 9.826225 2.589889
v 2.498589 9.826223 1.165120
v 2.111244 9.826225 1.771605
v 2.714169 9.826225 0.478608
v 2.015595 10.604961 -1.411341
v 2.311455 10.604962 -0.841303
v 2.451211 10.604961 -0.214467
v 1.039886 10.604961 -2.230027
v 1.581114 10.604962 -1.884353
v -0.214517 10.604961 -2.451249
v 0.427108 10.604962 -2.422475
v -1.411381 10.604961 -2.015587
v -0.841353 10.604962 -2.311484
v -2.230067 10.604961 -1.039878
v -1.884347 10.604962 -1.581145
v -2.451298 10.604961 0.214470
v -2.422525 10.604962 -0.427139
v -2.015636 10.604961 1.411353
v -2.311534 10.604962 0.841314
v -1.039917 10.604961 2.230084
v -1.581184 10.604962 1.884373
v 0.214420 10.604961 2.451250
v -0.427188 10.604962 2.422484
v 1.411303 10.604961 2.015589
v 0.841264 10.604962 2.311494
v 2.230045 10.604961 1.039880
v 1.884325 10.604962 1.581145
v 2.422447 10.604962 0.427148
v 2.701276 9.030524 -1.891480
v 3.097800 9.030525 -1.127511
v 3.285095 9.030525 -0.287402
v 1.393650 9.030524 -2.988680
v 2.119044 9.030525 -2.525350
v -0.287452 9.030524 -3.285088
v 0.572412 9.030525 -3.246554
v -1.891473 9.030524 -2.701252
v -1.127551 9.030525 -3.097830
v -2.988730 9.030524 -1.393625
v -2.525391 9.030525 -2.119016
v -3.285136 9.030524 0.287411
v -3.246605 9.030525 -0.572450
v -2.701300 9.030524 1.891491
v -3.097870 9.030525 1.127513
v -1.393666 9.030524 2.988702
v -2.119064 9.030525 2.525417
v 0.287361 9.030524 3.285146
v -0.572498 9.030525 3.246575
v 1.891441 9.030524 2.701318
v 1.127463 9.030525 3.097850
v 2.988652 9.030524 1.393691
v 2.525367 9.030525 2.119037
v 3.246525 9.030525 0.572462
v 2.612806 9.065862 -1.829503
v 2.996353 9.065863 -1.090566
v 3.177511 9.065862 -0.277961
v 1.347989 9.065862 -2.890844
v 2.049656 9.065863 -2.442694
v -0.278011 9.065862 -3.177558
v 0.553687 9.065863 -3.140244
v -1.829553 9.065862 -2.612844
v -1.090616 9.065863 -2.996394
v -2.890885 9.065862 -1.348019
v -2.442742 9.065863 -2.049639
v -3.177608 9.065862 0.278028
v -3.140292 9.065863 -0.553725
v -2.612883 9.065862 1.829505
v -2.996442 9.065863 1.090586
v -1.348066 9.065862 2.890845
v -2.049678 9.065863 2.442694
v 0.277989 9.065862 3.177559
v -0.553766 9.065863 3.140253
v 1.829464 9.065862 2.612845
v 1.090592 9.065863 2.996394
v 2.890805 9.065862 1.348020
v 2.442645 9.065863 2.049648
v 3.140205 9.065863 0.553736
v 2.650909 8.930037 -1.856227
v 2.662266 8.847037 -1.864159
v 3.053122 8.847037 -1.111251
v 3.040080 8.930037 -1.106501
v 2.679344 8.761999 -1.876077
v 3.072665 8.761999 -1.118347
v 3.258415 8.761999 -0.285083
v 3.237679 8.847037 -0.283258
v 3.223883 8.930037 -0.282064
v 1.367628 8.930037 -2.933002
v 1.373483 8.847037 -2.945586
v 2.088422 8.847037 -2.488927
v 2.079512 8.930037 -2.478341
v 1.382302 8.761999 -2.964465
v 2.101814 8.761999 -2.504892
v -0.282114 8.930037 -3.223931
v -0.283298 8.847037 -3.237720
v 0.564175 8.847037 -3.199714
v 0.561748 8.930037 -3.186083
v -0.285077 8.761999 -3.258463
v 0.567802 8.761999 -3.220233
v -1.856267 8.930037 -2.650947
v -1.864208 8.847037 -2.662297
v -1.111300 8.847037 -3.053114
v -1.106552 8.930037 -3.040119
v -1.876125 8.761999 -2.679336
v -1.118388 8.761999 -3.072697
v -2.933033 8.930037 -1.367666
v -2.945578 8.847037 -1.373522
v -2.488958 8.847037 -2.088471
v -2.478333 8.930037 -2.079550
v -2.964505 8.761999 -1.382341
v -2.504931 8.761999 -2.101855
v -3.223925 8.930037 0.282066
v -3.237761 8.847037 0.283270
v -3.199754 8.847037 -0.564158
v -3.186122 8.930037 -0.561787
v -3.258513 8.761999 0.285113
v -3.220282 8.761999 -0.567775
v -2.650997 8.930037 1.856228
v -2.662347 8.847037 1.864170
v -3.053163 8.847037 1.111262
v -3.040159 8.930037 1.106501
v -2.679386 8.761999 1.876142
v -3.072747 8.761999 1.118414
v -1.367716 8.930037 2.933003
v -1.373572 8.847037 2.945586
v -2.088521 8.847037 2.488928
v -2.079600 8.930037 2.478350
v -1.382391 8.761999 2.964467
v -2.101905 8.761999 2.504901
v 0.282016 8.930037 3.223931
v 0.283220 8.847037 3.237720
v -0.564208 8.847037 3.199714
v -0.561838 8.930037 3.186083
v 0.285062 8.761999 3.258464
v -0.567825 8.761999 3.220242
v 1.856178 8.930037 2.650958
v 1.864120 8.847037 2.662306
v 1.111212 8.847037 3.053115
v 1.106452 8.930037 3.040121
v 1.876092 8.761999 2.679392
v 1.118364 8.761999 3.072706
v 2.933009 8.930037 1.367669
v 2.945545 8.847037 1.373533
v 2.488880 8.847037 2.088472
v 2.478309 8.930037 2.079561
v 2.964417 8.761999 1.382352
v 2.504851 8.761999 2.101864
v 3.199666 8.847037 0.564223
v 3.186042 8.930037 0.561797
v 3.220192 8.761999 0.567842
v 2.599678 8.956688 -1.820362
v 2.629377 8.949425 -1.841133
v 3.015334 8.949425 -1.097530
v 2.981313 8.956688 -1.085139
v 2.648544 8.952837 -1.854566
v 3.037351 8.952838 -1.105547
v 3.220976 8.952838 -0.281814
v 3.197641 8.949425 -0.279764
v 3.161550 8.956687 -0.276612
v 1.341226 8.956688 -2.876301
v 1.356555 8.949425 -2.909161
v 2.062634 8.949425 -2.458161
v 2.039322 8.956688 -2.430427
v 1.366450 8.952837 -2.930415
v 2.077680 8.952838 -2.476092
v -0.276663 8.956688 -3.161589
v -0.279814 8.949425 -3.197689
v 0.557203 8.949425 -3.160166
v 0.550914 8.956688 -3.124461
v -0.281864 8.952837 -3.221026
v 0.561240 8.952838 -3.183236
v -1.820413 8.956688 -2.599715
v -1.841183 8.949425 -2.629361
v -1.097580 8.949425 -3.015375
v -1.085189 8.956688 -2.981351
v -1.854616 8.952837 -2.648572
v -1.105597 8.952838 -3.037399
v -2.876350 8.956688 -1.341253
v -2.909192 8.949425 -1.356528
v -2.458210 8.949425 -2.062609
v -2.430477 8.956688 -2.039350
v -2.930408 8.952837 -1.366476
v -2.476133 8.952838 -2.077705
v -3.161638 8.956688 0.276623
v -3.197729 8.949425 0.279775
v -3.160158 8.949425 -0.557178
v -3.124502 8.956688 -0.550897
v -3.221075 8.952837 0.281816
v -3.183267 8.952838 -0.561278
v -2.599764 8.956688 1.820362
v -2.629411 8.949425 1.841134
v -3.015425 8.949425 1.097530
v -2.981401 8.956688 1.085139
v -2.648622 8.952837 1.854577
v -3.037448 8.952838 1.105547
v -1.341303 8.956688 2.876320
v -1.356578 8.949425 2.909164
v -2.062660 8.949425 2.458170
v -2.039400 8.956688 2.430428
v -1.366527 8.952837 2.930427
v -2.077755 8.952838 2.476158
v 0.276575 8.956688 3.161598
v 0.279725 8.949425 3.197691
v -0.557228 8.949425 3.160175
v -0.550947 8.956688 3.124519
v 0.281766 8.952837 3.221026
v -0.561328 8.952838 3.183236
v 1.820314 8.956688 2.599717
v 1.841084 8.949425 2.629370
v 1.097480 8.949425 3.015375
v 1.085099 8.956688 2.981351
v 1.854526 8.952837 2.648584
v 1.105497 8.952838 3.037400
v 2.876271 8.956688 1.341277
v 2.909114 8.949425 1.356605
v 2.458121 8.949425 2.062675
v 2.430378 8.956688 2.039370
v 2.930377 8.952837 1.366491
v 2.476108 8.952838 2.077727
v 3.160125 8.949425 0.557253
v 3.124469 8.956688 0.550964
v 3.183186 8.952838 0.561289
v 2.440723 9.594399 -1.709016
v 2.480472 9.355337 -1.736881
v 2.844633 9.355337 -1.035345
v 2.798986 9.594399 -1.018739
v 2.528356 9.107849 -1.770397
v 2.899548 9.107849 -1.055317
v 3.074833 9.107849 -0.269025
v 3.016587 9.355338 -0.263928
v 2.968212 9.594399 -0.259669
v 1.259223 9.594399 -2.700405
v 1.279742 9.355337 -2.744412
v 1.945848 9.355337 -2.319006
v 1.914637 9.594399 -2.281810
v 1.304409 9.107849 -2.797392
v 1.983367 9.107849 -2.363748
v -0.259719 9.594399 -2.968252
v -0.263978 9.355337 -3.016625
v 0.525653 9.355337 -2.981203
v 0.517203 9.594399 -2.933387
v -0.269075 9.107849 -3.074816
v 0.535762 9.107849 -3.038741
v -1.709055 9.594399 -2.440716
v -1.736920 9.355337 -2.480501
v -1.035395 9.355337 -2.844670
v -1.018789 9.594399 -2.799026
v -1.770445 9.107849 -2.528393
v -1.055367 9.107849 -2.899524
v -2.700444 9.594399 -1.259214
v -2.744452 9.355337 -1.279764
v -2.318991 9.355337 -1.945839
v -2.281794 9.594399 -1.914660
v -2.797441 9.107849 -1.304455
v -2.363789 9.107849 -1.983399
v -2.968300 9.594399 0.259672
v -3.016666 9.355337 0.263939
v -2.981253 9.355337 -0.525645
v -2.933437 9.594399 -0.517234
v -3.074864 9.107849 0.269036
v -3.038791 9.107849 -0.535803
v -2.440745 9.594399 1.709026
v -2.480541 9.355337 1.736883
v -2.844664 9.355337 1.035355
v -2.799065 9.594399 1.018750
v -2.528440 9.107849 1.770406
v -2.899564 9.107849 1.055374
v -1.259245 9.594399 2.700423
v -1.279756 9.355337 2.744469
v -1.945871 9.355337 2.319016
v -1.914650 9.594399 2.281814
v -1.304495 9.107849 2.797411
v -1.983447 9.107849 2.363751
v 0.259623 9.594399 2.968252
v 0.263898 9.355337 3.016627
v -0.525686 9.355337 2.981212
v -0.517283 9.594399 2.933390
v 0.268989 9.107849 3.074825
v -0.535852 9.107849 3.038744
v 1.708978 9.594399 2.440717
v 1.736842 9.355337 2.480512
v 1.035361 9.355337 2.844680
v 1.018709 9.594399 2.799026
v 1.770359 9.107849 2.528405
v 1.055342 9.107849 2.899580
v 2.700384 9.594399 1.259217
v 2.744420 9.355337 1.279783
v 2.318966 9.355337 1.945895
v 2.281764 9.594399 1.914669
v 2.797361 9.107849 1.304459
v 2.363702 9.107849 1.983417
v 2.981174 9.355337 0.525702
v 2.933406 9.594399 0.517244
v 3.038703 9.107849 0.535813
v 2.271235 9.707788 -1.590320
v 2.339797 9.698738 -1.638308
v 2.683280 9.698737 -0.976630
v 2.604619 9.707788 -0.947992
v 2.397644 9.699588 -1.678842
v 2.749624 9.699588 -1.000797
v 2.915870 9.699588 -0.255078
v 2.845487 9.698738 -0.248928
v 2.762102 9.707788 -0.241620
v 1.171751 9.707788 -2.512884
v 1.207144 9.698738 -2.588739
v 1.835447 9.698737 -2.187422
v 1.781644 9.707788 -2.123347
v 1.236997 9.699588 -2.652789
v 1.880836 9.699588 -2.241541
v -0.241670 9.707788 -2.762139
v -0.248977 9.698738 -2.845463
v 0.495828 9.698737 -2.812089
v 0.481281 9.707788 -2.729713
v -0.255119 9.699588 -2.915851
v 0.508098 9.699588 -2.881653
v -1.590370 9.707788 -2.271215
v -1.638356 9.698738 -2.339772
v -0.976670 9.698737 -2.683251
v -0.948042 9.707788 -2.604638
v -1.678883 9.699588 -2.397683
v -1.000791 9.699588 -2.749651
v -2.512934 9.707788 -1.171792
v -2.588789 9.698738 -1.207127
v -2.187472 9.698737 -1.835475
v -2.123397 9.707788 -1.781681
v -2.652839 9.699588 -1.236972
v -2.241590 9.699588 -1.880874
v -2.762133 9.707788 0.241678
v -2.845503 9.698738 0.248939
v -2.812137 9.698737 -0.495856
v -2.729753 9.707788 -0.481320
v -2.915901 9.699588 0.255089
v -2.881703 9.699588 -0.508081
v -2.271266 9.707788 1.590331
v -2.339822 9.698738 1.638364
v -2.683300 9.698737 0.976641
v -2.604678 9.707788 0.948013
v -2.397724 9.699588 1.678863
v -2.749700 9.699588 1.000809
v -1.171842 9.707788 2.512884
v -1.207177 9.698738 2.588739
v -1.835525 9.698737 2.187431
v -1.781731 9.707788 2.123349
v -1.237022 9.699588 2.652798
v -1.880922 9.699588 2.241545
v 0.241628 9.707788 2.762150
v 0.248898 9.698738 2.845528
v -0.495905 9.698737 2.812100
v -0.481370 9.707788 2.729714
v 0.255095 9.699588 2.915917
v -0.508122 9.699588 2.881666
v 1.590338 9.707788 2.271226
v 1.638333 9.698738 2.339828
v 0.976595 9.698737 2.683272
v 0.947972 9.707788 2.604650
v 1.678869 9.699588 2.397692
v 1.000778 9.699588 2.749664
v 2.512891 9.707788 1.171802
v 2.588698 9.698738 1.207194
v 2.187386 9.698737 1.835495
v 2.123317 9.707788 1.781684
v 2.652750 9.699588 1.237047
v 2.241504 9.699588 1.880886
v 2.812052 9.698737 0.495878
v 2.729673 9.707788 0.481331
v 2.881625 9.699588 0.508148
v 2.005219 10.419126 -1.404075
v 2.075537 10.153637 -1.453330
v 2.380240 10.153637 -0.866348
v 2.299595 10.419126 -0.836964
v 2.155948 9.878874 -1.509634
v 2.472428 9.878874 -0.899873
v 2.621905 9.878874 -0.229366
v 2.524098 10.153639 -0.220838
v 2.438580 10.419126 -0.213344
v 1.034522 10.419126 -2.218563
v 1.070805 10.153637 -2.296378
v 1.628155 10.153637 -1.940373
v 1.573012 10.419126 -1.874644
v 1.112306 9.878874 -2.385344
v 1.691220 9.878874 -2.015569
v -0.213394 10.419126 -2.438599
v -0.220888 10.153637 -2.524136
v 0.439839 10.153637 -2.494513
v 0.424912 10.419126 -2.409976
v -0.229416 9.878874 -2.621952
v 0.456880 9.878874 -2.591161
v -1.404125 10.419126 -2.005248
v -1.453380 10.153637 -2.075575
v -0.866398 10.153637 -2.380225
v -0.837014 10.419126 -2.299578
v -1.509684 9.878874 -2.155995
v -0.899923 9.878874 -2.472460
v -2.218612 10.419126 -1.034561
v -2.296428 10.153637 -1.070834
v -1.940423 10.153637 -1.628194
v -1.874694 10.419126 -1.573006
v -2.385394 9.878874 -1.112298
v -2.015619 9.878874 -1.691261
v -2.438648 10.419126 0.213355
v -2.524186 10.153637 0.220850
v -2.494562 10.153637 -0.439831
v -2.410027 10.419126 -0.424953
v -2.622002 9.878874 0.229378
v -2.591211 9.878874 -0.456911
v -2.005289 10.419126 1.404086
v -2.075616 10.153637 1.453342
v -2.380274 10.153637 0.866367
v -2.299627 10.419126 0.837020
v -2.155989 9.878874 1.509647
v -2.472500 9.878874 0.899939
v -1.034611 10.419126 2.218565
v -1.070883 10.153637 2.296397
v -1.628242 10.153637 1.940431
v -1.573055 10.419126 1.874653
v -1.112339 9.878874 2.385402
v -1.691302 9.878874 2.015588
v 0.213305 10.419126 2.438611
v 0.220802 10.153637 2.524146
v -0.439872 10.153637 2.494514
v -0.425003 10.419126 2.409987
v 0.229337 9.878874 2.621955
v -0.456905 9.878874 2.591170
v 1.404037 10.419126 2.005259
v 1.453292 10.153637 2.075586
v 0.866317 10.153637 2.380281
v 0.836970 10.419126 2.299589
v 1.509597 9.878874 2.155998
v 0.899889 9.878874 2.472478
v 2.218583 10.419126 1.034572
v 2.296358 10.153637 1.070855
v 1.940383 10.153637 1.628205
v 1.874622 10.419126 1.573063
v 2.385351 9.878874 1.112356
v 2.015538 9.878874 1.691270
v 2.494475 10.153637 0.439889
v 2.410003 10.419126 0.424962
v 2.591120 9.878874 0.456930
v -0.331245 10.533201 0.724586
v -0.101436 10.533300 1.263892
v -0.629909 10.533399 1.358336
v -0.894200 10.533300 0.892323
v 0.087822 10.534225 1.745447
v -0.421881 10.534304 1.763513
v -0.805817 10.534847 1.729281
v -1.077869 10.534304 1.457508
v -1.390658 10.534225 1.055281
v 0.719434 10.533201 0.342183
v 0.890072 10.533300 0.903003
v 0.406167 10.533300 1.116081
v 0.198702 10.533201 0.546089
v 1.054647 10.534225 1.393548
v 0.590559 10.534225 1.622626
v 1.743611 10.534225 -0.085463
v 1.762545 10.534304 0.423695
v 1.355641 10.533400 0.635656
v 1.258506 10.533301 0.108777
v 1.728794 10.534848 0.806753
v 1.456662 10.534304 1.079787
v -0.719473 10.533201 -0.342170
v -0.536892 10.533201 0.195437
v -1.107961 10.533300 0.403297
v -1.258566 10.533300 -0.108755
v -1.619908 10.534225 0.589630
v -1.743622 10.534225 0.085530
v 0.331159 10.533201 -0.724564
v 0.536820 10.533201 -0.195361
v -0.000020 10.533201 0.000037
v -0.198781 10.533201 -0.546077
v 1.390639 10.534225 -1.055261
v 1.619905 10.534225 -0.589553
v 1.107931 10.533301 -0.403211
v 0.894131 10.533301 -0.892255
v -1.054689 10.534225 -1.393536
v -0.890144 10.533301 -0.903002
v -1.355669 10.533399 -0.635645
v -1.456731 10.534304 -1.079722
v -1.762558 10.534304 -0.423684
v -1.728817 10.534848 -0.806733
v -0.087853 10.534225 -1.745427
v 0.101411 10.533301 -1.263889
v -0.406253 10.533300 -1.116081
v -0.590639 10.534225 -1.622616
v 0.805725 10.534847 -1.729247
v 1.077798 10.534304 -1.457503
v 0.629878 10.533400 -1.358317
v 0.421811 10.534304 -1.763453
v 1.720056 10.536589 -1.212563
v 1.975070 10.536589 -0.718866
v 1.898759 10.538851 -1.329578
v 2.177519 10.538851 -0.792547
v 2.309149 10.538851 -0.202039
v 2.097043 10.536588 -0.176767
v 0.895620 10.536654 -1.920887
v 1.348531 10.536599 -1.623542
v 0.979578 10.538851 -2.100799
v 1.489483 10.538851 -1.775139
v -0.177052 10.536589 -2.097202
v 0.376669 10.536600 -2.076739
v -0.202089 10.538851 -2.309177
v 0.402337 10.538851 -2.282084
v -1.212541 10.536589 -1.720314
v -0.719020 10.536589 -1.975311
v -1.329572 10.538851 -1.898797
v -0.792587 10.538851 -2.177555
v -1.920878 10.536654 -0.895774
v -1.623508 10.536599 -1.348705
v -2.100848 10.538851 -0.979627
v -1.775180 10.538851 -1.489522
v -2.097064 10.536589 0.176780
v -2.076694 10.536600 -0.376902
v -2.309227 10.538851 0.202048
v -2.282135 10.538851 -0.402387
v -1.720070 10.536589 1.212566
v -1.975083 10.536589 0.718886
v -1.898838 10.538851 1.329587
v -2.177603 10.538851 0.792603
v -0.895702 10.536654 1.920955
v -1.348564 10.536599 1.623553
v -0.979675 10.538851 2.100866
v -1.489570 10.538851 1.775150
v 0.176972 10.536589 2.097269
v -0.376711 10.536600 2.076769
v 0.202000 10.538851 2.309198
v -0.402428 10.538851 2.282108
v 1.212461 10.536589 1.720334
v 0.718934 10.536589 1.975376
v 1.329539 10.538851 1.898800
v 0.792553 10.538851 2.177567
v 1.920855 10.536654 0.895784
v 1.623424 10.536599 1.348770
v 2.100817 10.538851 0.979628
v 1.775109 10.538851 1.489531
v 2.076627 10.536600 0.376903
v 2.282058 10.538851 0.402387
v 2.778009 9.690675 -1.011088
v 2.945969 9.690675 -0.257714
v 2.422408 9.690675 -1.696169
v 1.900241 9.690675 -2.264669
v 1.249754 9.690675 -2.680144
v 0.513312 9.690675 -2.911395
v -0.257763 9.690675 -2.945998
v -1.011128 9.690675 -2.778056
v -1.696216 9.690675 -2.422449
v -2.264709 9.690675 -1.900286
v -2.680192 9.690675 -1.249784
v -2.911445 9.690675 -0.513350
v -2.946048 9.690675 0.257725
v -2.778097 9.690675 1.011153
v -2.422441 9.690675 1.696234
v -1.900317 9.690675 2.264688
v -1.249833 9.690675 2.680200
v -0.513398 9.690675 2.911406
v 0.257684 9.690675 2.946008
v 1.011106 9.690675 2.778058
v 1.696194 9.690675 2.422449
v 2.264639 9.690675 1.900288
v 2.680161 9.690675 1.249795
v 2.911422 9.690675 0.513361
v 2.541000 9.745064 -0.924825
v 2.694601 9.745062 -0.235727
v 2.215711 9.745064 -1.551494
v 1.738106 9.745064 -2.071463
v 1.143126 9.745064 -2.451509
v 0.469527 9.745064 -2.663017
v -0.235777 9.745064 -2.694642
v -0.924875 9.745064 -2.540992
v -1.551544 9.745064 -2.215742
v -2.071512 9.745064 -1.738153
v -2.451560 9.745064 -1.143167
v -2.663066 9.745064 -0.469573
v -2.694683 9.745064 0.235747
v -2.541039 9.745064 0.924892
v -2.215783 9.745064 1.551504
v -1.738201 9.745064 2.071464
v -1.143216 9.745064 2.451519
v -0.469614 9.745064 2.663018
v 0.235698 9.745064 2.694652
v 0.924844 9.745064 2.541048
v 1.551464 9.745064 2.215751
v 2.071417 9.745064 1.738155
v 2.451478 9.745064 1.143177
v 2.662971 9.745064 0.469577
v 2.257483 10.527475 -0.821667
v 2.393987 10.527475 -0.209466
v 1.968515 10.527475 -1.378386
v 1.544200 10.527475 -1.840330
v 1.015570 10.527475 -2.177983
v 0.417106 10.527475 -2.365877
v -0.209516 10.527475 -2.393969
v -0.821716 10.527475 -2.257514
v -1.378427 10.527475 -1.968563
v -1.840378 10.527475 -1.544240
v -2.178033 10.527475 -1.015619
v -2.365927 10.527475 -0.417156
v -2.394019 10.527475 0.209469
v -2.257555 10.527475 0.821686
v -1.968556 10.527475 1.378389
v -1.544281 10.527475 1.840331
v -1.015669 10.527475 2.178001
v -0.417206 10.527475 2.365944
v 0.209419 10.527475 2.394034
v 0.821636 10.527475 2.257523
v 1.378348 10.527475 1.968564
v 1.840339 10.527475 1.544250
v 2.177972 10.527475 1.015620
v 2.365905 10.527475 0.417156
v 3.040241 8.957400 -1.106566
v 3.224026 8.957400 -0.282061
v 2.651079 8.957400 -1.856302
v 2.079664 8.957400 -2.478426
v 1.367753 8.957400 -2.933153
v 0.561786 8.957400 -3.186242
v -0.282111 8.957400 -3.224077
v -1.106616 8.957400 -3.040281
v -1.856350 8.957400 -2.651064
v -2.478466 8.957400 -2.079639
v -2.933192 8.957400 -1.367738
v -3.186289 8.957400 -0.561827
v -3.224117 8.957400 0.282061
v -3.040330 8.957400 1.106566
v -2.651114 8.957400 1.856312
v -2.079689 8.957400 2.478492
v -1.367788 8.957400 2.933164
v -0.561877 8.957400 3.186242
v 0.282011 8.957400 3.224077
v 1.106516 8.957400 3.040291
v 1.856262 8.957400 2.651129
v 2.478444 8.957400 2.079705
v 2.933123 8.957400 1.367747
v 3.186194 8.957400 0.561827
v 2.944175 8.988688 -1.071577
v 3.122131 8.988688 -0.273164
v 2.567264 8.988688 -1.797656
v 2.013923 8.988688 -2.400119
v 1.324502 8.988688 -2.840431
v 0.544027 8.988688 -3.085509
v -0.273214 8.988688 -3.122159
v -1.071627 8.988688 -2.944158
v -1.797706 8.988688 -2.567294
v -2.400169 8.988688 -2.013917
v -2.840481 8.988688 -1.324541
v -3.085560 8.988688 -0.544067
v -3.122209 8.988688 0.273167
v -2.944208 8.988688 1.071586
v -2.567344 8.988688 1.797658
v -2.013968 8.988688 2.400128
v -1.324591 8.988688 2.840489
v -0.544117 8.988688 3.085528
v 0.273127 8.988688 3.122162
v 1.071592 8.988688 2.944167
v 1.797617 8.988688 2.567305
v 2.400078 8.988688 2.013973
v 2.840439 8.988688 1.324552
v 3.085480 8.988688 0.544077
v 3.149070 8.744387 -1.146180
v 2.745991 8.744387 -1.922741
v 3.339473 8.744387 -0.292164
v 3.324927 8.736401 -0.290900
v 3.135337 8.736401 -1.141202
v 2.734000 8.736401 -1.914401
v 3.120263 8.732700 -1.135684
v 2.720834 8.732699 -1.905189
v 3.308953 8.732700 -0.289513
v 3.292934 8.729000 -0.288116
v 3.105187 8.729001 -1.130211
v 2.707716 8.729001 -1.895976
v 3.089877 8.729338 -1.124644
v 2.694350 8.729338 -1.886623
v 3.276703 8.729338 -0.286655
v 2.154091 8.744387 -2.567163
v 1.416697 8.744387 -3.038175
v 2.144689 8.736401 -2.555974
v 1.410497 8.736401 -3.024912
v 2.134377 8.732700 -2.543676
v 1.403736 8.732699 -3.010359
v 2.124072 8.729001 -2.531395
v 1.396967 8.729001 -2.995853
v 2.113591 8.729338 -2.518956
v 1.390050 8.729338 -2.981075
v 0.581925 8.744387 -3.300283
v -0.292214 8.744387 -3.339503
v 0.579389 8.736401 -3.285902
v -0.290948 8.736401 -3.324909
v 0.576605 8.732700 -3.270126
v -0.289544 8.732699 -3.308937
v 0.573781 8.729001 -3.254351
v -0.288108 8.729001 -3.292974
v 0.570950 8.729338 -3.238273
v -0.286686 8.729338 -3.276744
v -1.146230 8.744387 -3.149100
v -1.922791 8.744387 -2.745981
v -1.141251 8.736401 -3.135375
v -1.914452 8.736401 -2.734040
v -1.135733 8.732700 -3.120301
v -1.905239 8.732699 -2.720885
v -1.130252 8.729001 -3.105236
v -1.896025 8.729001 -2.707766
v -1.124691 8.729338 -3.089925
v -1.886664 8.729338 -2.694391
v -2.567211 8.744387 -2.154122
v -3.038216 8.744387 -1.416733
v -2.556023 8.736401 -2.144737
v -3.024963 8.736401 -1.410534
v -2.543727 8.732700 -2.134425
v -3.010409 8.732699 -1.403766
v -2.531436 8.729001 -2.124112
v -2.995902 8.729001 -1.396960
v -2.518950 8.729338 -2.113637
v -2.981116 8.729338 -1.390089
v -3.300330 8.744387 -0.581900
v -3.339544 8.744387 0.292177
v -3.285952 8.736401 -0.579364
v -3.324960 8.736401 0.290912
v -3.270177 8.732700 -0.576586
v -3.308988 8.732699 0.289523
v -3.254402 8.729001 -0.573802
v -3.293024 8.729001 0.288127
v -3.238324 8.729338 -0.570977
v -3.276794 8.729338 0.286714
v -3.149148 8.744387 1.146189
v -2.746031 8.744387 1.922799
v -3.135425 8.736401 1.141213
v -2.734090 8.736401 1.914414
v -3.120352 8.732700 1.135741
v -2.720934 8.732699 1.905209
v -3.105286 8.729001 1.130222
v -2.707816 8.729001 1.895989
v -3.089975 8.729338 1.124664
v -2.694441 8.729338 1.886636
v -2.154162 8.744387 2.567181
v -1.416727 8.744387 3.038186
v -2.144786 8.736401 2.555986
v -1.410575 8.736401 3.024925
v -2.134475 8.732700 2.543751
v -1.403816 8.732699 3.010427
v -2.124163 8.729001 2.531462
v -1.397009 8.729001 2.995875
v -2.113688 8.729338 2.518967
v -1.390139 8.729338 2.981086
v -0.581941 8.744387 3.300341
v 0.292127 8.744387 3.339523
v -0.579413 8.736401 3.285922
v 0.290862 8.736401 3.324967
v -0.576636 8.732700 3.270138
v 0.289473 8.732699 3.308947
v -0.573852 8.729001 3.254362
v 0.288077 8.729001 3.292975
v -0.571027 8.729338 3.238330
v 0.286664 8.729338 3.276753
v 1.146139 8.744387 3.149120
v 1.922748 8.744387 2.746041
v 1.141162 8.736401 3.135386
v 1.914364 8.736401 2.734050
v 1.135691 8.732700 3.120303
v 1.905159 8.732699 2.720885
v 1.130172 8.729001 3.105236
v 1.895939 8.729001 2.707766
v 1.124614 8.729338 3.089926
v 1.886586 8.729338 2.694400
v 2.567131 8.744387 2.154141
v 3.038136 8.744387 1.416747
v 2.555936 8.736401 2.144739
v 3.024875 8.736401 1.410545
v 2.543702 8.732700 2.134427
v 3.010376 8.732699 1.403777
v 2.531412 8.729001 2.124122
v 2.995825 8.729001 1.397016
v 2.518917 8.729338 2.113641
v 2.981036 8.729338 1.390100
v 3.300291 8.744387 0.581975
v 3.285873 8.736401 0.579430
v 3.270097 8.732700 0.576597
v 3.254314 8.729001 0.573813
v 3.238280 8.729338 0.570997
v 1.349256 8.951350 -2.893512
v 1.724231 8.949424 -2.706750
v 2.051531 8.951350 -2.444956
v 1.704744 8.956687 -2.676194
v 1.362488 8.950150 -2.921906
v 1.736813 8.952837 -2.726512
v 2.071656 8.950150 -2.468913
v 2.366206 8.949426 -2.168069
v 2.383456 8.952837 -2.183881
v 2.339469 8.956687 -2.143612
v -0.278313 8.951350 -3.180500
v 0.139825 8.949424 -3.206244
v 0.554212 8.951350 -3.143162
v 0.138244 8.956687 -3.170031
v -0.281044 8.950150 -3.211681
v 0.140825 8.952837 -3.229644
v 0.559625 8.950150 -3.174000
v 0.965162 8.949426 -3.060719
v 0.972187 8.952837 -3.083075
v 0.954262 8.956687 -3.026138
v -1.831294 8.951350 -2.615244
v -1.482063 8.949424 -2.846588
v -1.091681 8.951350 -2.999175
v -1.465338 8.956687 -2.814481
v -1.849237 8.950150 -2.640875
v -1.492881 8.952837 -2.867381
v -1.102388 8.950150 -3.028575
v -0.694556 8.949426 -3.133237
v -0.699631 8.952837 -3.156112
v -0.686719 8.956687 -3.097875
v -2.893556 8.951350 -1.349250
v -2.706794 8.949424 -1.724206
v -2.445006 8.951350 -2.051531
v -2.676244 8.956687 -1.704775
v -2.921913 8.950150 -1.362487
v -2.726525 8.952837 -1.736838
v -2.468956 8.950150 -2.071656
v -2.168119 8.949426 -2.366181
v -2.183931 8.952837 -2.383481
v -2.143662 8.956687 -2.339500
v -3.180544 8.951350 0.278275
v -3.206256 8.949424 -0.139831
v -3.143175 8.951350 -0.554181
v -3.170075 8.956687 -0.138250
v -3.211725 8.950150 0.281000
v -3.229687 8.952837 -0.140869
v -3.174006 8.950150 -0.559631
v -3.060725 8.949426 -0.965131
v -3.083081 8.952837 -0.972219
v -3.026181 8.956687 -0.954262
v -2.615294 8.951350 1.831244
v -2.846638 8.949424 1.482012
v -2.999225 8.951350 1.091631
v -2.814531 8.956687 1.465287
v -2.640925 8.950150 1.849194
v -2.867431 8.952837 1.492831
v -3.028625 8.950150 1.102337
v -3.133287 8.949426 0.694506
v -3.156162 8.952837 0.699581
v -3.097925 8.956687 0.686669
v -1.349300 8.951350 2.893518
v -1.724256 8.949424 2.706756
v -2.051581 8.951350 2.444956
v -1.704825 8.956687 2.676200
v -1.362538 8.950150 2.921912
v -1.736888 8.952837 2.726556
v -2.071706 8.950150 2.468950
v -2.366231 8.949426 2.168075
v -2.383531 8.952837 2.183925
v -2.339550 8.956687 2.143612
v 0.278225 8.951350 3.180506
v -0.139881 8.949424 3.206250
v -0.554231 8.951350 3.143200
v -0.138300 8.956687 3.170069
v 0.280950 8.950150 3.211681
v -0.140919 8.952837 3.229644
v -0.559681 8.950150 3.174000
v -0.965181 8.949426 3.060725
v -0.972269 8.952837 3.083075
v -0.954313 8.956687 3.026181
v 1.831194 8.951350 2.615250
v 1.481962 8.949424 2.846588
v 1.091581 8.951350 2.999175
v 1.465244 8.956687 2.814481
v 1.849144 8.950150 2.640881
v 1.492781 8.952837 2.867387
v 1.102287 8.950150 3.028575
v 0.694456 8.949426 3.133237
v 0.699531 8.952837 3.156112
v 0.686625 8.956687 3.097875
v 2.893469 8.951350 1.349306
v 2.706706 8.949424 1.724281
v 2.444906 8.951350 2.051575
v 2.676150 8.956687 1.704794
v 2.921862 8.950150 1.362538
v 2.726506 8.952837 1.736856
v 2.468900 8.950150 2.071700
v 2.168025 8.949426 2.366219
v 2.183875 8.952837 2.383500
v 2.143563 8.956687 2.339512
v 3.206200 8.949424 0.139875
v 3.143150 8.951350 0.554263
v 3.170019 8.956687 0.138294
v 3.229594 8.952837 0.140875
v 3.173950 8.950150 0.559675
v 3.060675 8.949426 0.965213
v 3.083025 8.952837 0.972231
v 3.026131 8.956687 0.954313
v 2.458319 9.486300 -1.721356
v 2.685400 9.355337 -1.398069
v 2.819193 9.486300 -1.026094
v 2.642337 9.594399 -1.375644
v 2.504669 9.222249 -1.753819
v 2.737244 9.107849 -1.425044
v 2.872387 9.222250 -1.045437
v 3.046025 9.222250 -0.266506
v 2.955806 9.355336 -0.655163
v 3.012875 9.107849 -0.667800
v 2.989625 9.486300 -0.261556
v 2.908381 9.594399 -0.644638
v 1.268312 9.486300 -2.719887
v 1.626606 9.355337 -2.553494
v 1.928462 9.486300 -2.298281
v 1.600519 9.594399 -2.512544
v 1.292206 9.222249 -2.771188
v 1.657962 9.107849 -2.602775
v 1.964806 9.222250 -2.341619
v 2.232213 9.355336 -2.045331
v 2.275281 9.107849 -2.084794
v 2.196431 9.594399 -2.012519
v -0.261606 9.486300 -2.989669
v 0.131900 9.355337 -3.024681
v 0.520950 9.486300 -2.954556
v 0.129787 9.594399 -2.976175
v -0.266556 9.222249 -3.046031
v 0.134425 9.107849 -3.083044
v 0.530762 9.222250 -3.010282
v 0.910512 9.355336 -2.887381
v 0.928050 9.107849 -2.943119
v 0.895900 9.594399 -2.841075
v -1.721394 9.486300 -2.458325
v -1.398119 9.355337 -2.685437
v -1.026144 9.486300 -2.819237
v -1.375694 9.594399 -2.642350
v -1.753863 9.222249 -2.504706
v -1.425094 9.107849 -2.737250
v -1.045488 9.222250 -2.872394
v -0.655213 9.355336 -2.955844
v -0.667850 9.107849 -3.012844
v -0.644688 9.594399 -2.908431
v -2.719925 9.486300 -1.268312
v -2.553500 9.355337 -1.626612
v -2.298256 9.486300 -1.928463
v -2.512550 9.594399 -1.600525
v -2.771231 9.222249 -1.292244
v -2.602819 9.107849 -1.658000
v -2.341631 9.222250 -1.964819
v -2.045338 9.355336 -2.232219
v -2.084837 9.107849 -2.275319
v -2.012525 9.594399 -2.196438
v -2.989712 9.486300 0.261562
v -3.024731 9.355337 -0.131912
v -2.954606 9.486300 -0.520956
v -2.976225 9.594399 -0.129831
v -3.046075 9.222249 0.266519
v -3.083094 9.107849 -0.134469
v -3.010331 9.222250 -0.530775
v -2.887431 9.355336 -0.910519
v -2.943169 9.107849 -0.928094
v -2.841125 9.594399 -0.895906
v -2.458363 9.486300 1.721356
v -2.685450 9.355337 1.398075
v -2.819250 9.486300 1.026094
v -2.642388 9.594399 1.375656
v -2.504750 9.222249 1.753825
v -2.737294 9.107849 1.425081
v -2.872406 9.222250 1.045475
v -2.955856 9.355336 0.655169
v -3.012888 9.107849 0.667838
v -2.908475 9.594399 0.644644
v -1.268319 9.486300 2.719925
v -1.626619 9.355337 2.553531
v -1.928469 9.486300 2.298288
v -1.600531 9.594399 2.512556
v -1.292256 9.222249 2.771225
v -1.658044 9.107849 2.602787
v -1.964862 9.222250 2.341625
v -2.232263 9.355336 2.045331
v -2.275369 9.107849 2.084794
v -2.196444 9.594399 2.012525
v 0.261519 9.486300 2.989669
v -0.131963 9.355337 3.024681
v -0.521000 9.486300 2.954562
v -0.129881 9.594399 2.976175
v 0.266475 9.222249 3.046037
v -0.134519 9.107849 3.083044
v -0.530819 9.222250 3.010288
v -0.910531 9.355336 2.887419
v -0.928137 9.107849 2.943131
v -0.895950 9.594399 2.841088
v 1.721313 9.486300 2.458331
v 1.398062 9.355337 2.685444
v 1.026081 9.486300 2.819237
v 1.375612 9.594399 2.642350
v 1.753781 9.222249 2.504719
v 1.425044 9.107849 2.737288
v 1.045462 9.222250 2.872431
v 0.655156 9.355336 2.955850
v 0.667800 9.107849 3.012881
v 0.644600 9.594399 2.908431
v 2.719881 9.486300 1.268325
v 2.553481 9.355337 1.626650
v 2.298238 9.486300 1.928500
v 2.512506 9.594399 1.600531
v 2.771175 9.222249 1.292256
v 2.602737 9.107849 1.658013
v 2.341575 9.222250 1.964856
v 2.045281 9.355336 2.232256
v 2.084744 9.107849 2.275331
v 2.012475 9.594399 2.196444
v 3.024644 9.355337 0.131950
v 2.954550 9.486300 0.520994
v 2.976169 9.594399 0.129837
v 3.083031 9.107849 0.134475
v 3.010244 9.222250 0.530813
v 2.887375 9.355336 0.910556
v 2.943081 9.107849 0.928100
v 2.841081 9.594399 0.895913
v 2.304944 9.701401 -1.613906
v 2.533094 9.698738 -1.318750
v 2.643287 9.701401 -0.962069
v 2.458850 9.707788 -1.280106
v 2.371969 9.698549 -1.660850
v 2.595719 9.699588 -1.351381
v 2.720181 9.698549 -0.990075
v 2.884631 9.698549 -0.252350
v 2.788150 9.698738 -0.617994
v 2.857100 9.699588 -0.633281
v 2.803093 9.701401 -0.245213
v 2.706425 9.707788 -0.599863
v 1.189150 9.701401 -2.550169
v 1.534319 9.698738 -2.408631
v 1.808094 9.701401 -2.154844
v 1.489338 9.707788 -2.338063
v 1.223750 9.698549 -2.624362
v 1.572263 9.699588 -2.468225
v 1.860694 9.698549 -2.217519
v 2.105594 9.698738 -1.929256
v 2.157656 9.699588 -1.976987
v 2.043887 9.707788 -1.872750
v -0.245263 9.701401 -2.803100
v 0.124431 9.698738 -2.853081
v 0.488431 9.701401 -2.770206
v 0.120781 9.707788 -2.769525
v -0.252394 9.698549 -2.884600
v 0.127519 9.699588 -2.923656
v 0.502656 9.698549 -2.850775
v 0.858856 9.698738 -2.723600
v 0.880100 9.699588 -2.790981
v 0.833669 9.707788 -2.643800
v -1.613956 9.701401 -2.304913
v -1.318794 9.698738 -2.533062
v -0.962119 9.701401 -2.643281
v -1.280156 9.707788 -2.458844
v -1.660894 9.698549 -2.371975
v -1.351394 9.699588 -2.595756
v -0.990087 9.698549 -2.720175
v -0.618038 9.698738 -2.788119
v -0.633294 9.699588 -2.857100
v -0.599913 9.707788 -2.706456
v -2.550219 9.701401 -1.189162
v -2.408681 9.698738 -1.534325
v -2.154894 9.701401 -1.808125
v -2.338112 9.707788 -1.489381
v -2.624413 9.698549 -1.223719
v -2.468275 9.699588 -1.572269
v -2.217569 9.698549 -1.860725
v -1.929306 9.698738 -2.105600
v -1.977038 9.699588 -2.157700
v -1.872800 9.707788 -2.043894
v -2.803113 9.701401 0.245250
v -2.853125 9.698738 -0.124469
v -2.770250 9.701401 -0.488469
v -2.769537 9.707788 -0.120794
v -2.884650 9.698549 0.252356
v -2.923707 9.699588 -0.127531
v -2.850825 9.698549 -0.502656
v -2.723650 9.698738 -0.858856
v -2.791031 9.699588 -0.880069
v -2.643850 9.707788 -0.833713
v -2.304962 9.701401 1.613944
v -2.533112 9.698738 1.318787
v -2.643325 9.701401 0.962081
v -2.458894 9.707788 1.280119
v -2.372025 9.698549 1.660887
v -2.595800 9.699588 1.351400
v -2.720225 9.698549 0.990081
v -2.788162 9.698738 0.618000
v -2.857150 9.699588 0.633287
v -2.706469 9.707788 0.599906
v -1.189213 9.701401 2.550169
v -1.534375 9.698738 2.408631
v -1.808175 9.701401 2.154850
v -1.489431 9.707788 2.338063
v -1.223769 9.698549 2.624362
v -1.572319 9.699588 2.468231
v -1.860775 9.698549 2.217525
v -2.105650 9.698738 1.929294
v -2.157744 9.699588 1.977000
v -2.043944 9.707788 1.872756
v 0.245200 9.701401 2.803137
v -0.124513 9.698738 2.853125
v -0.488519 9.701401 2.770213
v -0.120844 9.707788 2.769531
v 0.252344 9.698549 2.884675
v -0.127544 9.699588 2.923700
v -0.502700 9.698549 2.850788
v -0.858906 9.698738 2.723600
v -0.880119 9.699588 2.790987
v -0.833763 9.707788 2.643800
v 1.613931 9.701401 2.304950
v 1.318750 9.698738 2.533100
v 0.962037 9.701401 2.643294
v 1.280106 9.707788 2.458856
v 1.660875 9.698549 2.372013
v 1.351388 9.699588 2.595762
v 0.990044 9.698549 2.720194
v 0.617956 9.698738 2.788162
v 0.633275 9.699588 2.857144
v 0.599856 9.707788 2.706469
v 2.550156 9.701401 1.189200
v 2.408588 9.698738 1.534369
v 2.154813 9.701401 1.808137
v 2.338050 9.707788 1.489388
v 2.624312 9.698549 1.223800
v 2.468181 9.699588 1.572313
v 2.217481 9.698549 1.860744
v 1.929256 9.698738 2.105638
v 1.976988 9.699588 2.157706
v 1.872744 9.707788 2.043900
v 2.853075 9.698738 0.124481
v 2.770169 9.701401 0.488481
v 2.769481 9.707788 0.120831
v 2.923656 9.699588 0.127569
v 2.850738 9.698549 0.502706
v 2.723556 9.698738 0.858906
v 2.790944 9.699588 0.880150
v 2.643787 9.707788 0.833719
v 2.036706 10.298950 -1.426131
v 2.247012 10.153637 -1.169850
v 2.335713 10.298950 -0.850125
v 2.170881 10.419125 -1.130188
v 2.116894 10.006000 -1.482288
v 2.334050 9.878875 -1.215150
v 2.427650 10.006000 -0.883594
v 2.574400 10.006000 -0.225225
v 2.473250 10.153637 -0.548219
v 2.569062 9.878875 -0.569419
v 2.476869 10.298950 -0.216700
v 2.389450 10.419125 -0.529619
v 1.050769 10.298950 -2.253406
v 1.361031 10.153637 -2.136600
v 1.597706 10.298950 -1.904075
v 1.314931 10.419125 -2.064213
v 1.092150 10.006000 -2.342131
v 1.413762 9.878875 -2.219388
v 1.660587 10.006000 -1.979044
v 1.867787 10.153637 -1.711394
v 1.940144 9.878875 -1.777713
v 1.804519 10.419125 -1.653413
v -0.216750 10.298950 -2.476900
v 0.110369 10.153637 -2.530888
v 0.431600 10.298950 -2.447831
v 0.106619 10.419125 -2.445119
v -0.225275 10.006000 -2.574444
v 0.114656 9.878875 -2.628956
v 0.448606 10.006000 -2.544219
v 0.761862 10.153637 -2.416013
v 0.791388 9.878875 -2.509612
v 0.736031 10.419125 -2.334137
v -1.426181 10.298950 -2.036737
v -1.169900 10.153637 -2.247019
v -0.850175 10.298950 -2.335688
v -1.130238 10.419125 -2.170887
v -1.482337 10.006000 -2.116938
v -1.215200 9.878875 -2.334087
v -0.883644 10.006000 -2.427663
v -0.548269 10.153637 -2.473256
v -0.569469 9.878875 -2.569100
v -0.529669 10.419125 -2.389450
v -2.253456 10.298950 -1.050806
v -2.136650 10.153637 -1.361069
v -1.904125 10.298950 -1.597719
v -2.064262 10.419125 -1.314944
v -2.342181 10.006000 -1.092156
v -2.219438 9.878875 -1.413775
v -1.979094 10.006000 -1.660631
v -1.711444 10.153637 -1.867831
v -1.777763 9.878875 -1.940194
v -1.653463 10.419125 -1.804531
v -2.476950 10.298950 0.216713
v -2.530938 10.153637 -0.110381
v -2.447881 10.298950 -0.431612
v -2.445169 10.419125 -0.106662
v -2.574494 10.006000 0.225237
v -2.629006 9.878875 -0.114700
v -2.544269 10.006000 -0.448613
v -2.416063 10.153637 -0.761869
v -2.509662 9.878875 -0.791394
v -2.334187 10.419125 -0.736075
v -2.036788 10.298950 1.426144
v -2.247063 10.153637 1.169863
v -2.335737 10.298950 0.850163
v -2.170931 10.419125 1.130225
v -2.116950 10.006000 1.482300
v -2.334100 9.878875 1.215194
v -2.427706 10.006000 0.883631
v -2.473306 10.153637 0.548231
v -2.569150 9.878875 0.569463
v -2.389500 10.419125 0.529656
v -1.050856 10.298950 2.253412
v -1.361119 10.153637 2.136644
v -1.597769 10.298950 1.904113
v -1.314994 10.419125 2.064219
v -1.092200 10.006000 2.342175
v -1.413825 9.878875 2.219431
v -1.660675 10.006000 1.979088
v -1.867875 10.153637 1.711431
v -1.940206 9.878875 1.777719
v -1.804575 10.419125 1.653419
v 0.216662 10.298950 2.476906
v -0.110425 10.153637 2.530888
v -0.431663 10.298950 2.447831
v -0.106713 10.419125 2.445131
v 0.225194 10.006000 2.574450
v -0.114713 9.878875 2.628956
v -0.448625 10.006000 2.544225
v -0.761913 10.153637 2.416019
v -0.791406 9.878875 2.509650
v -0.736125 10.419125 2.334144
v 1.426094 10.298950 2.036750
v 1.169812 10.153637 2.247056
v 0.850112 10.298950 2.335725
v 1.130175 10.419125 2.170894
v 1.482250 10.006000 2.116944
v 1.215144 9.878875 2.334100
v 0.883581 10.006000 2.427700
v 0.548181 10.153637 2.473294
v 0.569412 9.878875 2.569112
v 0.529606 10.419125 2.389462
v 2.253406 10.298950 1.050819
v 2.136600 10.153637 1.361081
v 1.904069 10.298950 1.597756
v 2.064213 10.419125 1.314981
v 2.342125 10.006000 1.092200
v 2.219381 9.878875 1.413812
v 1.979037 10.006000 1.660637
v 1.711381 10.153637 1.867837
v 1.777669 9.878875 1.940194
v 1.653375 10.419125 1.804569
v 2.530844 10.153637 0.110419
v 2.447825 10.298950 0.431650
v 2.445118 10.419125 0.106669
v 2.628906 9.878875 0.114706
v 2.544175 10.006000 0.448656
v 2.415981 10.153637 0.761912
v 2.509600 9.878875 0.791438
v 2.334168 10.419125 0.736081
v -0.216000 10.533201 0.996312
v -0.368338 10.533300 1.314825
v -0.762844 10.533300 1.130269
v -0.613531 10.533201 0.809337
v 0.002981 10.533601 1.517031
v -0.172188 10.534226 1.764894
v -0.510244 10.533693 1.570750
v -0.923119 10.534538 1.619469
v -0.871525 10.533694 1.402119
v -0.645962 10.534538 1.748731
v -1.238831 10.534226 1.267188
v -1.158244 10.533601 0.974106
v 0.805825 10.533201 0.624400
v 0.650250 10.533300 1.018006
v 0.302906 10.533201 0.832394
v 0.457456 10.533201 0.448325
v 0.972813 10.533601 1.164037
v 0.828613 10.534226 1.520937
v 0.503663 10.533600 1.383906
v 0.156169 10.533300 1.197844
v 0.342850 10.534226 1.697744
v -0.062350 10.533201 0.637506
v 1.763519 10.534226 0.174450
v 1.568875 10.533694 0.513894
v 1.310856 10.533300 0.375488
v 1.513369 10.533601 0.001725
v 1.748088 10.534538 0.647231
v 1.618825 10.534538 0.924419
v 1.400481 10.533694 0.875312
v 1.127288 10.533300 0.770456
v 1.266300 10.534226 1.241331
v 0.990156 10.533201 0.225631
v -0.630313 10.533201 -0.070256
v -0.822656 10.533201 0.299450
v -1.191013 10.533300 0.150562
v -0.990206 10.533201 -0.225619
v -0.437706 10.533201 0.459006
v -1.009131 10.533300 0.650275
v -1.518000 10.534226 0.828562
v -1.378487 10.533601 0.501762
v -1.695431 10.534226 0.341081
v -1.513406 10.533601 -0.001675
v 0.437619 10.533201 -0.458950
v 0.264931 10.533201 -0.096400
v -0.098431 10.533201 -0.270363
v 0.062262 10.533201 -0.637494
v 0.630262 10.533201 0.070306
v 0.098375 10.533201 0.270413
v -0.264988 10.533201 0.096475
v -0.457513 10.533201 -0.448313
v 1.517994 10.534226 -0.828512
v 1.378475 10.533601 -0.501675
v 1.009081 10.533300 -0.650188
v 1.158200 10.533601 -0.974056
v 1.695425 10.534226 -0.341000
v 1.190969 10.533300 -0.150506
v 0.822600 10.533201 -0.299369
v 0.613450 10.533201 -0.809288
v -0.972869 10.533600 -1.164031
v -1.127337 10.533300 -0.770450
v -1.400525 10.533694 -0.875275
v -1.266356 10.534226 -1.241287
v -0.805881 10.533201 -0.624400
v -1.310900 10.533300 -0.375481
v -1.763531 10.534226 -0.174413
v -1.568887 10.533694 -0.513881
v -1.748100 10.534538 -0.647225
v -1.618869 10.534538 -0.924375
v -0.003000 10.533600 -1.517025
v -0.156225 10.533300 -1.197844
v -0.503744 10.533601 -1.383906
v -0.342906 10.534226 -1.697731
v 0.215944 10.533201 -0.996306
v -0.302994 10.533201 -0.832394
v -0.650338 10.533300 -1.018006
v -0.828675 10.534226 -1.520931
v 0.923031 10.534538 -1.619456
v 0.871469 10.533694 -1.402106
v 0.510194 10.533694 -1.570713
v 0.645875 10.534538 -1.748688
v 1.238788 10.534226 -1.267181
v 0.762794 10.533300 -1.130231
v 0.368319 10.533300 -1.314813
v 0.172144 10.534226 -1.764850
v 1.576431 10.535300 -1.136438
v 1.863400 10.536587 -0.973950
v 1.817894 10.535300 -0.661638
v 1.825994 10.537849 -1.278613
v 2.055631 10.538850 -1.070219
v 2.094063 10.537849 -0.762175
v 2.220644 10.537849 -0.194294
v 2.053481 10.536587 -0.451687
v 2.262619 10.538850 -0.501519
v 1.938100 10.535300 -0.142725
v 0.846306 10.535563 -1.815594
v 1.131200 10.536631 -1.788519
v 1.233575 10.535344 -1.535831
v 0.942025 10.537849 -2.020256
v 1.245100 10.538850 -1.954638
v 1.432400 10.537849 -1.707088
v 1.546625 10.536587 -1.430325
v 1.708706 10.538850 -1.565669
v -0.143713 10.535300 -1.938806
v 0.101269 10.536587 -2.104300
v 0.382800 10.535344 -1.932575
v -0.194344 10.537849 -2.220650
v 0.100937 10.538850 -2.315356
v 0.386925 10.537849 -2.194606
v 0.642781 10.536631 -2.016281
v 0.696937 10.538850 -2.210256
v -1.136238 10.535300 -1.577563
v -0.974006 10.536587 -1.863662
v -0.662113 10.535300 -1.818956
v -1.278625 10.537849 -1.825994
v -1.070231 10.538850 -2.055669
v -0.762219 10.537849 -2.094062
v -0.451925 10.536587 -2.053681
v -0.501569 10.538850 -2.262650
v -1.815406 10.535563 -0.846800
v -1.788500 10.536631 -1.131350
v -1.535550 10.535344 -1.234337
v -2.020306 10.537849 -0.942069
v -1.954688 10.538850 -1.245144
v -1.707131 10.537849 -1.432406
v -1.430281 10.536587 -1.546844
v -1.565681 10.538850 -1.708744
v -1.938106 10.535300 0.142769
v -2.104212 10.536587 -0.101538
v -1.932244 10.535344 -0.383581
v -2.220700 10.537849 0.194300
v -2.315406 10.538850 -0.100988
v -2.194656 10.537849 -0.386975
v -2.016263 10.536631 -0.642969
v -2.210306 10.538850 -0.696988
v -1.576438 10.535300 1.136444
v -1.863413 10.536587 0.973963
v -1.817894 10.535300 0.661681
v -1.826044 10.537849 1.278619
v -2.055712 10.538850 1.070256
v -2.094113 10.537849 0.762212
v -2.053494 10.536587 0.451706
v -2.262700 10.538850 0.501556
v -0.846394 10.535563 1.815637
v -1.131263 10.536631 1.788562
v -1.233625 10.535344 1.535838
v -0.942113 10.537849 2.020331
v -1.245194 10.538850 1.954681
v -1.432456 10.537849 1.707100
v -1.546644 10.536587 1.430325
v -1.708788 10.538850 1.565669
v 0.143656 10.535300 1.938856
v -0.101325 10.536587 2.104344
v -0.382856 10.535344 1.932625
v 0.194256 10.537849 2.220694
v -0.101031 10.538850 2.315375
v -0.386988 10.537849 2.194625
v -0.642844 10.536631 2.016331
v -0.697031 10.538850 2.210306
v 1.136175 10.535300 1.577581
v 0.973925 10.536587 1.863700
v 0.662025 10.535300 1.819000
v 1.278569 10.537849 1.826006
v 1.070206 10.538850 2.055675
v 0.762163 10.537849 2.094106
v 0.451837 10.536587 2.053756
v 0.501506 10.538850 2.262669
v 1.815387 10.535563 0.846812
v 1.788450 10.536631 1.131394
v 1.535469 10.535344 1.234412
v 2.020281 10.537849 0.942075
v 1.954638 10.538850 1.245150
v 1.707050 10.537849 1.432444
v 1.430194 10.536587 1.546888
v 1.565625 10.538850 1.708750
v 2.104162 10.536587 0.101544
v 1.932206 10.535344 0.383588
v 2.315325 10.538850 0.100987
v 2.194575 10.537849 0.386975
v 2.016219 10.536631 0.642969
v 2.210256 10.538850 0.696988
v 2.767237 9.700601 -1.007187
v 2.886587 9.690675 -0.639794
v 2.934550 9.700601 -0.256712
v 2.413006 9.700601 -1.689594
v 2.622525 9.690675 -1.365306
v 2.786925 9.658899 -1.014338
v 2.430200 9.658899 -1.701631
v 2.955425 9.658899 -0.258544
v 1.892875 9.700601 -2.255894
v 2.179931 9.690675 -1.997394
v 1.244913 9.700601 -2.669769
v 1.588481 9.690675 -2.493681
v 1.906363 9.658899 -2.271956
v 1.253781 9.658899 -2.688756
v 0.511337 9.700601 -2.900113
v 0.889162 9.690675 -2.819769
v -0.256756 9.700601 -2.934556
v 0.128812 9.690675 -2.953862
v 0.514962 9.658899 -2.920744
v -0.258594 9.658899 -2.955462
v -1.007200 9.700601 -2.767282
v -0.639838 9.690675 -2.886631
v -1.689638 9.700601 -2.413056
v -1.365350 9.690675 -2.622569
v -1.014388 9.658899 -2.786969
v -1.701675 9.658899 -2.430212
v -2.255944 9.700601 -1.892919
v -1.997437 9.690675 -2.179975
v -2.669819 9.700601 -1.244919
v -2.493725 9.690675 -1.588519
v -2.271969 9.658899 -1.906400
v -2.688800 9.658899 -1.253794
v -2.900163 9.700601 -0.511344
v -2.819819 9.690675 -0.889194
v -2.934606 9.700601 0.256725
v -2.953912 9.690675 -0.128856
v -2.920794 9.658899 -0.515006
v -2.955513 9.658899 0.258550
v -2.767325 9.700601 1.007231
v -2.886681 9.690675 0.639831
v -2.413069 9.700601 1.689638
v -2.622581 9.690675 1.365381
v -2.787013 9.658899 1.014381
v -2.430219 9.658899 1.701675
v -1.892963 9.700601 2.255906
v -2.179981 9.690675 1.997431
v -1.244969 9.700601 2.669806
v -1.588563 9.690675 2.493719
v -1.906406 9.658899 2.271969
v -1.253838 9.658899 2.688794
v -0.511388 9.700601 2.900125
v -0.889244 9.690675 2.819806
v 0.256712 9.700601 2.934594
v -0.128900 9.690675 2.953869
v -0.515056 9.658899 2.920750
v 0.258500 9.658899 2.955462
v 1.007194 9.700601 2.767288
v 0.639787 9.690675 2.886637
v 1.689625 9.700601 2.413056
v 1.365337 9.690675 2.622569
v 1.014331 9.658899 2.786969
v 1.701625 9.658899 2.430212
v 2.255862 9.700601 1.892925
v 1.997388 9.690675 2.179975
v 2.669763 9.700601 1.244963
v 2.493669 9.690675 1.588525
v 2.271919 9.658899 1.906400
v 2.688756 9.658899 1.253794
v 2.900112 9.700601 0.511388
v 2.819800 9.690675 0.889206
v 2.953862 9.690675 0.128863
v 2.920775 9.658899 0.515006
v 2.509063 9.795099 -0.913200
v 2.640306 9.745063 -0.585206
v 2.660743 9.795099 -0.232763
v 2.187875 9.795099 -1.532000
v 2.398769 9.745063 -1.248844
v 2.571687 9.719151 -0.936000
v 2.242494 9.719151 -1.570225
v 2.727162 9.719151 -0.238569
v 1.716269 9.795099 -2.045431
v 1.993925 9.745063 -1.827006
v 1.128775 9.795099 -2.420694
v 1.452950 9.745063 -2.280944
v 1.759106 9.719151 -2.096494
v 1.156931 9.719151 -2.481119
v 0.463637 9.795099 -2.629550
v 0.813306 9.745063 -2.579219
v -0.232813 9.795099 -2.660788
v 0.117825 9.745063 -2.701850
v 0.475194 9.719151 -2.695194
v -0.238619 9.719151 -2.727206
v -0.913250 9.795099 -2.509075
v -0.585256 9.745063 -2.640319
v -1.532050 9.795099 -2.187919
v -1.248894 9.745063 -2.398775
v -0.936050 9.719151 -2.571694
v -1.570275 9.719151 -2.242500
v -2.045481 9.795099 -1.716313
v -1.827056 9.745063 -1.993969
v -2.420744 9.795099 -1.128788
v -2.280994 9.745063 -1.452994
v -2.096544 9.719151 -1.759150
v -2.481169 9.719151 -1.156981
v -2.629600 9.795099 -0.463681
v -2.579269 9.745063 -0.813350
v -2.660838 9.795099 0.232775
v -2.701894 9.745063 -0.117869
v -2.695237 9.719151 -0.475238
v -2.727219 9.719151 0.238613
v -2.509119 9.795099 0.913275
v -2.640363 9.745063 0.585256
v -2.187931 9.795099 1.532012
v -2.398819 9.745063 1.248888
v -2.571737 9.719151 0.936044
v -2.242550 9.719151 1.570231
v -1.716356 9.795099 2.045438
v -1.994013 9.745063 1.827006
v -1.128831 9.795099 2.420731
v -1.453044 9.745063 2.280950
v -1.759200 9.719151 2.096494
v -1.157031 9.719151 2.481119
v -0.463694 9.795099 2.629556
v -0.813394 9.745063 2.579225
v 0.232731 9.795099 2.660794
v -0.117913 9.745063 2.701850
v -0.475288 9.719151 2.695194
v 0.238562 9.719151 2.727212
v 0.913225 9.795099 2.509112
v 0.585206 9.745063 2.640356
v 1.531962 9.795099 2.187925
v 1.248844 9.745063 2.398813
v 0.936000 9.719151 2.571731
v 1.570219 9.719151 2.242506
v 2.045387 9.795099 1.716319
v 1.826962 9.745063 1.993969
v 2.420681 9.795099 1.128825
v 2.280906 9.745063 1.453000
v 2.096456 9.719151 1.759150
v 2.481106 9.719151 1.156981
v 2.629506 9.795099 0.463687
v 2.579181 9.745063 0.813356
v 2.701800 9.745063 0.117875
v 2.695150 9.719151 0.475244
v 2.228087 10.539349 -0.810962
v 2.345725 10.527474 -0.519950
v 2.362800 10.539349 -0.206737
v 1.942869 10.539349 -1.360450
v 2.131131 10.527474 -1.109519
v 2.277419 10.491349 -0.828906
v 1.985894 10.491349 -1.390544
v 2.415100 10.491349 -0.211300
v 1.524081 10.539349 -1.816369
v 1.771481 10.527474 -1.623150
v 1.002337 10.539349 -2.149612
v 1.290844 10.527474 -2.026444
v 1.557844 10.491349 -1.856575
v 1.024544 10.491349 -2.197194
v 0.411675 10.539349 -2.335081
v 0.722538 10.527474 -2.291438
v -0.206788 10.539349 -2.362806
v 0.104637 10.527474 -2.400369
v 0.420800 10.491349 -2.386750
v -0.211350 10.491349 -2.415094
v -0.811006 10.539349 -2.228131
v -0.520000 10.527474 -2.345731
v -1.360463 10.539349 -1.942919
v -1.109563 10.527474 -2.131175
v -0.828956 10.491349 -2.277425
v -1.390594 10.491349 -1.985931
v -1.816413 10.539349 -1.524131
v -1.623194 10.527474 -1.771525
v -2.149662 10.539349 -1.002387
v -2.026494 10.527474 -1.290887
v -1.856625 10.491349 -1.557856
v -2.197244 10.491349 -1.024587
v -2.335131 10.539349 -0.411725
v -2.291487 10.527474 -0.722587
v -2.362856 10.539349 0.206744
v -2.400419 10.527474 -0.104687
v -2.386800 10.491349 -0.420850
v -2.415144 10.491349 0.211306
v -2.228175 10.539349 0.811000
v -2.345781 10.527474 0.519962
v -1.942931 10.539349 1.360456
v -2.131187 10.527474 1.109531
v -2.277469 10.491349 0.828944
v -1.985944 10.491349 1.390550
v -1.524175 10.539349 1.816375
v -1.771538 10.527474 1.623150
v -1.002438 10.539349 2.149656
v -1.290938 10.527474 2.026450
v -1.557900 10.491349 1.856575
v -1.024638 10.491349 2.197200
v -0.411775 10.539349 2.335131
v -0.722638 10.527474 2.291481
v 0.206694 10.539349 2.362850
v -0.104738 10.527474 2.400444
v -0.420900 10.491349 2.386794
v 0.211256 10.491349 2.415138
v 0.810950 10.539349 2.228137
v 0.519912 10.527474 2.345769
v 1.360412 10.539349 1.942919
v 1.109481 10.527474 2.131175
v 0.828894 10.491349 2.277431
v 1.390506 10.491349 1.985937
v 1.816362 10.539349 1.524131
v 1.623138 10.527474 1.771531
v 2.149613 10.539349 1.002387
v 2.026444 10.527474 1.290894
v 1.856569 10.491349 1.557894
v 2.197200 10.491349 1.024594
v 2.335082 10.539349 0.411725
v 2.291444 10.527474 0.722587
v 2.400400 10.527474 0.104687
v 2.386787 10.491349 0.420850
v 3.040425 8.956800 -1.106650
v 3.159056 8.957400 -0.700219
v 3.224225 8.956800 -0.282087
v 2.651231 8.956800 -1.856425
v 2.870081 8.957400 -1.494219
v 3.039288 8.950000 -1.106212
v 2.650237 8.950000 -1.855731
v 3.223031 8.950000 -0.281981
v 2.079787 8.956800 -2.478581
v 2.385737 8.957400 -2.185937
v 1.367838 8.956800 -2.933356
v 1.738469 8.957400 -2.729069
v 2.078994 8.950000 -2.477675
v 1.367300 8.950000 -2.932231
v 0.561812 8.956800 -3.186444
v 0.973119 8.957400 -3.085969
v -0.282138 8.956800 -3.224275
v 0.140975 8.957400 -3.232700
v 0.561606 8.950000 -3.185250
v -0.282031 8.950000 -3.223081
v -1.106700 8.956800 -3.040469
v -0.700269 8.957400 -3.159106
v -1.856475 8.956800 -2.651237
v -1.494269 8.957400 -2.870094
v -1.106263 8.950000 -3.039331
v -1.855775 8.950000 -2.650244
v -2.478625 8.956800 -2.079787
v -2.185982 8.957400 -2.385712
v -2.933369 8.956800 -1.367844
v -2.729107 8.957400 -1.738444
v -2.477688 8.950000 -2.078994
v -2.932275 8.950000 -1.367306
v -3.186488 8.956800 -0.561856
v -3.086013 8.957400 -0.973131
v -3.224325 8.956800 0.282088
v -3.232744 8.957400 -0.141025
v -3.185294 8.950000 -0.561650
v -3.223094 8.950000 0.281981
v -3.040519 8.956800 1.106650
v -3.159150 8.957400 0.700219
v -2.651288 8.956800 1.856438
v -2.870144 8.957400 1.494219
v -3.039375 8.950000 1.106212
v -2.650294 8.950000 1.855738
v -2.079838 8.956800 2.478656
v -2.385762 8.957400 2.185981
v -1.367894 8.956800 2.933369
v -1.738494 8.957400 2.729113
v -2.079044 8.950000 2.477712
v -1.367356 8.950000 2.932238
v -0.561906 8.956800 3.186444
v -0.973181 8.957400 3.085969
v 0.282037 8.956800 3.224275
v -0.141075 8.957400 3.232700
v -0.561700 8.950000 3.185250
v 0.281931 8.950000 3.223081
v 1.106600 8.956800 3.040475
v 0.700169 8.957400 3.159106
v 1.856387 8.956800 2.651281
v 1.494169 8.957400 2.870131
v 1.106162 8.950000 3.039337
v 1.855687 8.950000 2.650287
v 2.478606 8.956800 2.079831
v 2.185931 8.957400 2.385787
v 2.933319 8.956800 1.367850
v 2.729069 8.957400 1.738481
v 2.477669 8.950000 2.079037
v 2.932225 8.950000 1.367313
v 3.186394 8.956800 0.561856
v 3.085925 8.957400 0.973131
v 3.232650 8.957400 0.141025
v 3.185206 8.950000 0.561650
v 2.923206 9.032949 -1.063931
v 3.059231 8.988688 -0.678087
v 3.099906 9.032949 -0.271219
v 2.548981 9.032949 -1.784844
v 2.779369 8.988688 -1.446994
v 2.963269 8.966200 -1.078550
v 2.583925 8.966200 -1.809331
v 3.142394 8.966200 -0.274938
v 1.999563 9.032949 -2.383025
v 2.310313 8.988688 -2.116881
v 1.315056 9.032949 -2.820206
v 1.683506 8.988688 -2.642819
v 2.026981 8.966200 -2.415700
v 1.333100 8.966200 -2.858869
v 0.540137 9.032949 -3.063531
v 0.942350 8.988688 -2.988406
v -0.271269 9.032949 -3.099906
v 0.136506 8.988688 -3.130507
v 0.547569 8.966200 -3.105531
v -0.274988 8.966200 -3.142431
v -1.063981 9.032949 -2.923175
v -0.678138 8.988688 -3.059231
v -1.784894 9.032949 -2.549013
v -1.447044 8.988688 -2.779375
v -1.078600 8.966200 -2.963281
v -1.809381 8.966200 -2.583962
v -2.383075 9.032949 -1.999575
v -2.116931 8.988688 -2.310325
v -2.820256 9.032949 -1.315100
v -2.642869 8.988688 -1.683519
v -2.415750 8.966200 -2.026994
v -2.858919 8.966200 -1.333137
v -3.063581 9.032949 -0.540187
v -2.988456 8.988688 -0.942394
v -3.099956 9.032949 0.271225
v -3.130556 8.988688 -0.136550
v -3.105581 8.966200 -0.547581
v -3.142481 8.966200 0.274944
v -2.923225 9.032949 1.063969
v -3.059281 8.988688 0.678094
v -2.549062 9.032949 1.784850
v -2.779425 8.988688 1.447000
v -2.963331 8.966200 1.078550
v -2.584013 8.966200 1.809331
v -1.999625 9.032949 2.383031
v -2.310375 8.988688 2.116881
v -1.315150 9.032949 2.820244
v -1.683569 8.988688 2.642856
v -2.027044 8.966200 2.415706
v -1.333188 8.966200 2.858912
v -0.540238 9.032949 3.063538
v -0.942444 8.988688 2.988450
v 0.271181 9.032949 3.099913
v -0.136600 8.988688 3.130513
v -0.547631 8.966200 3.105575
v 0.274900 8.966200 3.142437
v 1.063956 9.032949 2.923213
v 0.678081 8.988688 3.059237
v 1.784806 9.032949 2.549025
v 1.446987 8.988688 2.779381
v 1.078537 8.966200 2.963281
v 1.809287 8.966200 2.583969
v 2.382981 9.032949 1.999612
v 2.116831 8.988688 2.310362
v 2.820194 9.032949 1.315106
v 2.642807 8.988688 1.683556
v 2.415656 8.966200 2.027031
v 2.858863 8.966200 1.333150
v 3.063493 9.032949 0.540187
v 2.988400 8.988688 0.942400
v 3.130469 8.988688 0.136556
v 3.105525 8.966200 0.547619
v 3.152581 8.759100 -1.147456
v 2.972825 8.744388 -1.547700
v 2.749025 8.759100 -1.924881
v 3.343181 8.759100 -0.292488
v 3.272156 8.744388 -0.725294
v 3.257900 8.736399 -0.722144
v 3.142875 8.738249 -1.143938
v 3.332912 8.738249 -0.291594
v 2.959849 8.736399 -1.540987
v 2.740587 8.738249 -1.918981
v 3.127800 8.734550 -1.138444
v 2.945606 8.732700 -1.533556
v 2.727412 8.734550 -1.909800
v 3.316943 8.734550 -0.290206
v 3.242244 8.732700 -0.718656
v 3.226556 8.728999 -0.715194
v 3.112725 8.730850 -1.132944
v 3.300943 8.730850 -0.288819
v 2.931394 8.728999 -1.526150
v 2.714275 8.730850 -1.900581
v 3.097650 8.727150 -1.127475
v 2.916931 8.729339 -1.518625
v 2.701138 8.727150 -1.891375
v 3.284944 8.727150 -0.287394
v 3.210650 8.729339 -0.711650
v 3.081631 8.739600 -1.121625
v 3.267943 8.739600 -0.285900
v 2.687162 8.739600 -1.881569
v 2.156487 8.759100 -2.570006
v 1.800675 8.744388 -2.826787
v 1.418263 8.759100 -3.041556
v 2.471137 8.744388 -2.264188
v 2.460350 8.736399 -2.254344
v 2.149850 8.738249 -2.562119
v 1.792806 8.736399 -2.814450
v 1.413900 8.738249 -3.032194
v 2.139531 8.734550 -2.549825
v 1.784200 8.732700 -2.800906
v 1.407112 8.734550 -3.017631
v 2.448506 8.732700 -2.243500
v 2.436694 8.728999 -2.232656
v 2.129225 8.730850 -2.537531
v 1.775594 8.728999 -2.787400
v 1.400356 8.730850 -3.003106
v 2.118912 8.727150 -2.525275
v 1.766819 8.729339 -2.773681
v 1.393562 8.727150 -2.988581
v 2.424669 8.729339 -2.221669
v 2.107950 8.739600 -2.512225
v 1.386337 8.739600 -2.973119
v 0.582569 8.759100 -3.303963
v 0.146037 8.744388 -3.348419
v -0.292538 8.759100 -3.343219
v 1.007962 8.744388 -3.196438
v 1.003556 8.736399 -3.182500
v 0.580781 8.738249 -3.293794
v 0.145400 8.736399 -3.333806
v -0.291644 8.738249 -3.332919
v 0.578000 8.734550 -3.278012
v 0.144700 8.732700 -3.317800
v -0.290250 8.734550 -3.316918
v 0.998744 8.732700 -3.167206
v 0.993900 8.728999 -3.151938
v 0.575194 8.730850 -3.262244
v 0.144000 8.728999 -3.301794
v -0.288825 8.730850 -3.300956
v 0.572381 8.727150 -3.246438
v 0.143294 8.729339 -3.285500
v -0.287406 8.727150 -3.284987
v 0.988981 8.729339 -3.136369
v 0.569444 8.739600 -3.229631
v -0.285913 8.739600 -3.267988
v -1.147506 8.759100 -3.152588
v -1.547750 8.744388 -2.972831
v -1.924931 8.759100 -2.749025
v -0.725344 8.744388 -3.272194
v -0.722194 8.736399 -3.257906
v -1.143987 8.738249 -3.142913
v -1.541037 8.736399 -2.959894
v -1.919031 8.738249 -2.740600
v -1.138494 8.734550 -3.127837
v -1.533606 8.732700 -2.945656
v -1.909850 8.734550 -2.727463
v -0.718700 8.732700 -3.242250
v -0.715206 8.728999 -3.226600
v -1.132987 8.730850 -3.112769
v -1.526200 8.728999 -2.931444
v -1.900631 8.730850 -2.714325
v -1.127519 8.727150 -3.097700
v -1.518675 8.729339 -2.916975
v -1.891419 8.727150 -2.701188
v -0.711688 8.729339 -3.210700
v -1.121669 8.739600 -3.081675
v -1.881613 8.739600 -2.687175
v -2.570050 8.759100 -2.156494
v -2.826831 8.744388 -1.800719
v -3.041569 8.759100 -1.418294
v -2.264237 8.744388 -2.471144
v -2.254394 8.736399 -2.460394
v -2.562169 8.738249 -2.149894
v -2.814500 8.736399 -1.792856
v -3.032244 8.738249 -1.413937
v -2.549875 8.734550 -2.139581
v -2.800956 8.732700 -1.784244
v -3.017681 8.734550 -1.407150
v -2.243550 8.732700 -2.448556
v -2.232700 8.728999 -2.436744
v -2.537581 8.730850 -2.129269
v -2.787444 8.728999 -1.775606
v -3.003156 8.730850 -1.400362
v -2.525288 8.727150 -2.118956
v -2.773694 8.729339 -1.766862
v -2.988625 8.727150 -1.393575
v -2.221681 8.729339 -2.424712
v -2.512238 8.739600 -2.107994
v -2.973163 8.739600 -1.386381
v -3.304000 8.759100 -0.582544
v -3.348463 8.744388 -0.146038
v -3.343231 8.759100 0.292500
v -3.196481 8.744388 -1.007962
v -3.182550 8.736399 -1.003556
v -3.293844 8.738249 -0.580756
v -3.333857 8.736399 -0.145400
v -3.332969 8.738249 0.291606
v -3.278062 8.734550 -0.577975
v -3.317850 8.732700 -0.144700
v -3.316969 8.734550 0.290219
v -3.167256 8.732700 -0.998744
v -3.151987 8.728999 -0.993906
v -3.262294 8.730850 -0.575194
v -3.301843 8.728999 -0.144000
v -3.301006 8.730850 0.288825
v -3.246487 8.727150 -0.572412
v -3.285550 8.729339 -0.143288
v -3.285037 8.727150 0.287431
v -3.136419 8.729339 -0.989019
v -3.229681 8.739600 -0.569444
v -3.268038 8.739600 0.285950
v -3.152631 8.759100 1.147462
v -2.972881 8.744388 1.547737
v -2.749075 8.759100 1.924925
v -3.272237 8.744388 0.725294
v -3.257957 8.736399 0.722150
v -3.142962 8.738249 1.143944
v -2.959944 8.736399 1.541000
v -2.740650 8.738249 1.919019
v -3.127887 8.734550 1.138481
v -2.945706 8.732700 1.533594
v -2.727513 8.734550 1.909812
v -3.242300 8.732700 0.718694
v -3.226650 8.728999 0.715206
v -3.112819 8.730850 1.132981
v -2.931494 8.728999 1.526156
v -2.714375 8.730850 1.900600
v -3.097750 8.727150 1.127481
v -2.917025 8.729339 1.518638
v -2.701237 8.727150 1.891381
v -3.210750 8.729339 0.711694
v -3.081725 8.739600 1.121675
v -2.687225 8.739600 1.881613
v -2.156538 8.759100 2.570050
v -1.800731 8.744388 2.826794
v -1.418306 8.759100 3.041569
v -2.471194 8.744388 2.264231
v -2.460444 8.736399 2.254356
v -2.149937 8.738249 2.562125
v -1.792900 8.736399 2.814463
v -1.413950 8.738249 3.032200
v -2.139631 8.734550 2.549869
v -1.784294 8.732700 2.800987
v -1.407200 8.734550 3.017675
v -2.448606 8.732700 2.243544
v -2.436794 8.728999 2.232700
v -2.129319 8.730850 2.537612
v -1.775656 8.728999 2.787450
v -1.400413 8.730850 3.003156
v -2.119006 8.727150 2.525313
v -1.766913 8.729339 2.773687
v -1.393625 8.727150 2.988594
v -2.424762 8.729339 2.221681
v -2.108044 8.739600 2.512231
v -1.386431 8.739600 2.973125
v -0.582588 8.759100 3.304000
v -0.146088 8.744388 3.348462
v 0.292450 8.759100 3.343231
v -1.007975 8.744388 3.196475
v -1.003600 8.736399 3.182513
v -0.580800 8.738249 3.293838
v -0.145450 8.736399 3.333850
v 0.291556 8.738249 3.332963
v -0.578025 8.734550 3.278025
v -0.144750 8.732700 3.317806
v 0.290169 8.734550 3.316956
v -0.998794 8.732700 3.167243
v -0.993956 8.728999 3.151950
v -0.575244 8.730850 3.262250
v -0.144050 8.728999 3.301800
v 0.288775 8.730850 3.300956
v -0.572463 8.727150 3.246475
v -0.143338 8.729339 3.285537
v 0.287381 8.727150 3.284994
v -0.989069 8.729339 3.136406
v -0.569494 8.739600 3.229669
v 0.285900 8.739600 3.267994
v 1.147412 8.759100 3.152631
v 1.547688 8.744388 2.972875
v 1.924875 8.759100 2.749075
v 0.725244 8.744388 3.272206
v 0.722100 8.736399 3.257944
v 1.143894 8.738249 3.142925
v 1.540950 8.736399 2.959900
v 1.918969 8.738249 2.740638
v 1.138431 8.734550 3.127844
v 1.533544 8.732700 2.945656
v 1.909763 8.734550 2.727463
v 0.718644 8.732700 3.242256
v 0.715156 8.728999 3.226600
v 1.132931 8.730850 3.112769
v 1.526106 8.728999 2.931444
v 1.900550 8.730850 2.714325
v 1.127431 8.727150 3.097700
v 1.518587 8.729339 2.916981
v 1.891331 8.727150 2.701188
v 0.711644 8.729339 3.210700
v 1.121625 8.739600 3.081681
v 1.881562 8.739600 2.687212
v 2.570000 8.759100 2.156538
v 2.826744 8.744388 1.800725
v 3.041519 8.759100 1.418313
v 2.264181 8.744388 2.471188
v 2.254306 8.736399 2.460400
v 2.562075 8.738249 2.149900
v 2.814413 8.736399 1.792856
v 3.032150 8.738249 1.413950
v 2.549819 8.734550 2.139581
v 2.800937 8.732700 1.784250
v 3.017625 8.734550 1.407156
v 2.243494 8.732700 2.448556
v 2.232650 8.728999 2.436744
v 2.537562 8.730850 2.129275
v 2.787400 8.728999 1.775644
v 3.003106 8.730850 1.400400
v 2.525262 8.727150 2.118963
v 2.773638 8.729339 1.766869
v 2.988544 8.727150 1.393612
v 2.221631 8.729339 2.424719
v 2.512181 8.739600 2.108000
v 2.973075 8.739600 1.386387
v 3.303950 8.759100 0.582619
v 3.348412 8.744388 0.146087
v 3.196425 8.744388 1.008012
v 3.182462 8.736399 1.003600
v 3.293787 8.738249 0.580831
v 3.333806 8.736399 0.145444
v 3.277981 8.734550 0.578012
v 3.317794 8.732700 0.144706
v 3.167194 8.732700 0.998756
v 3.151900 8.728999 0.993944
v 3.262206 8.730850 0.575200
v 3.301756 8.728999 0.144006
v 3.246425 8.727150 0.572425
v 3.285488 8.729339 0.143331
v 3.136356 8.729339 0.989031
v 3.229619 8.739600 0.569487
v 3.275244 8.786637 -0.725975
v 3.146125 8.831250 -1.145087
v 3.259244 8.884600 -0.722413
v 3.336300 8.831250 -0.291894
v 2.975612 8.786637 -1.549169
v 2.743381 8.831250 -1.920950
v 2.961112 8.884600 -1.541600
v 2.940344 8.984138 -1.530813
v 3.125556 8.938351 -1.137600
v 2.725475 8.938351 -1.908406
v 3.236394 8.984138 -0.717344
v 3.314494 8.938351 -0.289969
v 2.473444 8.786637 -2.266313
v 2.152069 8.831250 -2.564713
v 2.461394 8.884600 -2.255256
v 1.802362 8.786637 -2.829432
v 1.415344 8.831250 -3.035306
v 1.793575 8.884600 -2.815607
v 1.781006 8.984138 -2.795850
v 2.138000 8.938351 -2.547950
v 1.406113 8.938351 -3.015438
v 2.444131 8.984138 -2.239456
v 1.008894 8.786637 -3.199456
v 0.581375 8.831250 -3.297169
v 1.003981 8.884600 -3.183813
v 0.146175 8.786637 -3.351575
v -0.291938 8.831250 -3.336331
v 0.145462 8.884600 -3.335181
v 0.144444 8.984138 -3.311813
v 0.577569 8.938351 -3.275600
v -0.290013 8.938351 -3.314525
v 0.996937 8.984138 -3.161475
v -0.726025 8.786637 -3.275250
v -1.145138 8.831250 -3.146094
v -0.722463 8.884600 -3.259250
v -1.549219 8.786637 -2.975606
v -1.921000 8.831250 -2.743369
v -1.541650 8.884600 -2.961075
v -1.530856 8.984138 -2.940338
v -1.137650 8.938351 -3.125556
v -1.908456 8.938351 -2.725437
v -0.717394 8.984138 -3.236432
v -2.266363 8.786637 -2.473437
v -2.564750 8.831250 -2.152038
v -2.255306 8.884600 -2.461356
v -2.829437 8.786637 -1.802369
v -3.035281 8.831250 -1.415369
v -2.815613 8.884600 -1.793581
v -2.795894 8.984138 -1.781037
v -2.547994 8.938351 -2.138000
v -3.015450 8.938351 -1.406150
v -2.239500 8.984138 -2.444119
v -3.199463 8.786637 -1.008894
v -3.297200 8.831250 -0.581350
v -3.183819 8.884600 -1.003988
v -3.351588 8.786637 -0.146175
v -3.336344 8.831250 0.291906
v -3.335225 8.884600 -0.145462
v -3.311862 8.984138 -0.144450
v -3.275644 8.938351 -0.577575
v -3.314575 8.938351 0.290012
v -3.161519 8.984138 -0.996975
v -3.275263 8.786637 0.725981
v -3.146138 8.831250 1.145125
v -3.259294 8.884600 0.722456
v -2.975657 8.786637 1.549181
v -2.743419 8.831250 1.920969
v -2.961125 8.884600 1.541638
v -2.940388 8.984138 1.530819
v -3.125606 8.938351 1.137644
v -2.725487 8.938351 1.908425
v -3.236481 8.984138 0.717387
v -2.473488 8.786637 2.266362
v -2.152088 8.831250 2.564788
v -2.461406 8.884600 2.255306
v -1.802413 8.786637 2.829475
v -1.415419 8.831250 3.035325
v -1.793625 8.884600 2.815663
v -1.781050 8.984138 2.795938
v -2.138044 8.938351 2.548031
v -1.406162 8.938351 3.015500
v -2.444169 8.984138 2.239506
v -1.008937 8.786637 3.199469
v -0.581400 8.831250 3.297206
v -1.004031 8.884600 3.183862
v -0.146225 8.786637 3.351588
v 0.291856 8.831250 3.336350
v -0.145513 8.884600 3.335225
v -0.144500 8.984138 3.311862
v -0.577619 8.938351 3.275681
v 0.289962 8.938351 3.314544
v -0.996987 8.984138 3.161556
v 0.725931 8.786637 3.275294
v 1.145075 8.831250 3.146169
v 0.722406 8.884600 3.259294
v 1.549131 8.786637 2.975657
v 1.920919 8.831250 2.743394
v 1.541588 8.884600 2.961125
v 1.530769 8.984138 2.940388
v 1.137594 8.938351 3.125600
v 1.908375 8.938351 2.725487
v 0.717337 8.984138 3.236444
v 2.266312 8.786637 2.473487
v 2.564737 8.831250 2.152112
v 2.255256 8.884600 2.461406
v 2.829425 8.786637 1.802413
v 3.035275 8.831250 1.415388
v 2.815613 8.884600 1.793625
v 2.795887 8.984138 1.781050
v 2.547982 8.938351 2.138044
v 3.015450 8.938351 1.406156
v 2.239456 8.984138 2.444169
v 3.199419 8.786637 1.008937
v 3.297156 8.831250 0.581388
v 3.183812 8.884600 1.003994
v 3.351538 8.786637 0.146219
v 3.335175 8.884600 0.145475
v 3.311813 8.984138 0.144487
v 3.275631 8.938351 0.577581
v 3.161506 8.984138 0.996981
v 3.198431 9.041862 -0.708944
v 3.063731 9.043749 -1.115094
v 3.166700 9.045000 -0.701900
v 3.248956 9.043749 -0.284256
v 2.905844 9.041862 -1.512838
v 2.671550 9.043749 -1.870644
v 2.877006 9.045000 -1.497806
v 2.848206 9.048137 -1.482812
v 3.031450 9.046249 -1.103338
v 2.643400 9.046249 -1.850919
v 3.134981 9.048137 -0.694856
v 3.214706 9.046249 -0.281237
v 2.415437 9.041862 -2.213188
v 2.095706 9.043749 -2.497569
v 2.391494 9.045000 -2.191206
v 1.760106 9.041862 -2.763075
v 1.378300 9.043749 -2.955812
v 1.742650 9.045000 -2.735656
v 1.725206 9.048137 -2.708281
v 2.073637 9.046249 -2.471244
v 1.363781 9.046249 -2.924675
v 2.367537 9.048137 -2.169269
v 0.985237 9.041862 -3.124419
v 0.566119 9.043749 -3.210838
v 0.975456 9.045000 -3.093406
v 0.142719 9.041862 -3.272975
v -0.284306 9.043749 -3.248962
v 0.141306 9.045000 -3.240463
v 0.139925 9.048137 -3.208025
v 0.560169 9.046249 -3.176981
v -0.281288 9.046249 -3.214706
v 0.965706 9.048137 -3.062437
v -0.708994 9.041862 -3.198469
v -1.115144 9.043749 -3.063769
v -0.701950 9.045000 -3.166706
v -1.512881 9.041862 -2.905881
v -1.870694 9.043749 -2.671556
v -1.497856 9.045000 -2.877012
v -1.482863 9.048137 -2.848212
v -1.103387 9.046249 -3.031450
v -1.850969 9.046249 -2.643400
v -0.694906 9.048137 -3.134988
v -2.213231 9.041862 -2.415462
v -2.497618 9.043749 -2.095706
v -2.191256 9.045000 -2.391469
v -2.763125 9.041862 -1.760100
v -2.955863 9.043749 -1.378306
v -2.735700 9.045000 -1.742650
v -2.708294 9.048137 -1.725206
v -2.471288 9.046249 -2.073637
v -2.924688 9.046249 -1.363788
v -2.169319 9.048137 -2.367569
v -3.124469 9.041862 -0.985244
v -3.210888 9.043749 -0.566163
v -3.093450 9.045000 -0.975494
v -3.273025 9.041862 -0.142769
v -3.249006 9.043749 0.284262
v -3.240513 9.045000 -0.141350
v -3.208075 9.048137 -0.139931
v -3.177025 9.046249 -0.560206
v -3.214756 9.046249 0.281281
v -3.062450 9.048137 -0.965719
v -3.198482 9.041862 0.708950
v -3.063781 9.043749 1.115131
v -3.166750 9.045000 0.701944
v -2.905894 9.041862 1.512844
v -2.671600 9.043749 1.870656
v -2.877050 9.045000 1.497844
v -2.848225 9.048137 1.482819
v -3.031494 9.046249 1.103381
v -2.643406 9.046249 1.850931
v -3.135037 9.048137 0.694906
v -2.415513 9.041862 2.213200
v -2.095756 9.043749 2.497606
v -2.391506 9.045000 2.191244
v -1.760150 9.041862 2.763088
v -1.378356 9.043749 2.955819
v -1.742694 9.045000 2.735694
v -1.725219 9.048137 2.708288
v -2.073644 9.046249 2.471281
v -1.363825 9.046249 2.924681
v -2.367544 9.048137 2.169275
v -0.985294 9.041862 3.124419
v -0.566213 9.043749 3.210838
v -0.975538 9.045000 3.093406
v -0.142819 9.041862 3.272982
v 0.284212 9.043749 3.248962
v -0.141394 9.045000 3.240463
v -0.139944 9.048137 3.208025
v -0.560219 9.046249 3.176981
v 0.281237 9.046249 3.214706
v -0.965731 9.048137 3.062437
v 0.708900 9.041862 3.198475
v 1.115081 9.043749 3.063775
v 0.701894 9.045000 3.166706
v 1.512794 9.041862 2.905894
v 1.870606 9.043749 2.671594
v 1.497794 9.045000 2.877050
v 1.482775 9.048137 2.848218
v 1.103331 9.046249 3.031456
v 1.850881 9.046249 2.643437
v 0.694862 9.048137 3.134988
v 2.213150 9.041862 2.415475
v 2.497556 9.043749 2.095719
v 2.191194 9.045000 2.391506
v 2.763037 9.041862 1.760144
v 2.955775 9.043749 1.378344
v 2.735644 9.045000 1.742656
v 2.708238 9.048137 1.725206
v 2.471231 9.046249 2.073644
v 2.924638 9.046249 1.363788
v 2.169225 9.048137 2.367575
v 3.124375 9.041862 0.985287
v 3.210831 9.043749 0.566169
v 3.093394 9.045000 0.975500
v 3.272944 9.041862 0.142769
v 3.240488 9.045000 0.141356
v 3.207988 9.048137 0.139975
v 3.176975 9.046249 0.560212
v 3.062394 9.048137 0.965719
v 3.085712 9.169712 -0.683950
v 2.947756 9.279301 -1.072894
v 3.036475 9.410111 -0.673063
v 3.125981 9.279301 -0.273500
v 2.803419 9.169712 -1.459500
v 2.570394 9.279301 -1.799825
v 2.758669 9.410111 -1.436225
v 2.711281 9.653013 -1.411563
v 2.896037 9.541550 -1.054094
v 2.525287 9.541550 -1.768250
v 2.984281 9.653013 -0.661487
v 3.071112 9.541550 -0.268700
v 2.330331 9.169712 -2.135200
v 2.016369 9.279301 -2.403050
v 2.293087 9.410111 -2.101100
v 1.698081 9.169712 -2.665719
v 1.326113 9.279301 -2.843900
v 1.670956 9.410111 -2.623138
v 1.642269 9.653013 -2.578068
v 1.980975 9.541550 -2.360862
v 1.302856 9.541550 -2.793988
v 2.253719 9.653013 -2.065006
v 0.950506 9.169712 -3.014287
v 0.544694 9.279301 -3.089269
v 0.935337 9.410111 -2.966150
v 0.137700 9.169712 -3.157625
v -0.273550 9.279301 -3.125975
v 0.135487 9.410111 -3.107187
v 0.133169 9.653013 -3.053831
v 0.535131 9.541550 -3.035069
v -0.268750 9.541550 -3.071112
v 0.919269 9.653013 -2.915212
v -0.684000 9.169712 -3.085750
v -1.072944 9.279301 -2.947762
v -0.673113 9.410111 -3.036450
v -1.459550 9.169712 -2.803463
v -1.799875 9.279301 -2.570431
v -1.436275 9.410111 -2.758681
v -1.411613 9.653013 -2.711325
v -1.054144 9.541550 -2.896044
v -1.768300 9.541550 -2.525331
v -0.661538 9.653013 -2.984319
v -2.135250 9.169712 -2.330338
v -2.403100 9.279301 -2.016381
v -2.101150 9.410111 -2.293131
v -2.665769 9.169712 -1.698087
v -2.843950 9.279301 -1.326156
v -2.623187 9.410111 -1.671000
v -2.578119 9.653013 -1.642313
v -2.360912 9.541550 -1.981025
v -2.794037 9.541550 -1.302906
v -2.065056 9.653013 -2.253762
v -3.014337 9.169712 -0.950556
v -3.089319 9.279301 -0.544744
v -2.966200 9.410111 -0.935387
v -3.157675 9.169712 -0.137744
v -3.126025 9.279301 0.273506
v -3.107237 9.410111 -0.135538
v -3.053881 9.653013 -0.133212
v -3.035119 9.541550 -0.535181
v -3.071162 9.541550 0.268700
v -2.915262 9.653013 -0.919319
v -3.085800 9.169712 0.683994
v -2.947813 9.279301 1.072931
v -3.036500 9.410111 0.673069
v -2.803512 9.169712 1.459538
v -2.570481 9.279301 1.799831
v -2.758731 9.410111 1.436231
v -2.711375 9.653013 1.411569
v -2.896094 9.541550 1.054094
v -2.525381 9.541550 1.768256
v -2.984369 9.653013 0.661500
v -2.330388 9.169712 2.135200
v -2.016431 9.279301 2.403056
v -2.293181 9.410111 2.101106
v -1.698138 9.169712 2.665725
v -1.326206 9.279301 2.843950
v -1.671044 9.410111 2.623188
v -1.642325 9.653013 2.578150
v -1.981069 9.541550 2.360912
v -1.302919 9.541550 2.794075
v -2.253813 9.653013 2.065044
v -0.950606 9.169712 3.014338
v -0.544794 9.279301 3.089356
v -0.935431 9.410111 2.966238
v -0.137794 9.169712 3.157675
v 0.273456 9.279301 3.126032
v -0.135588 9.410111 3.107269
v -0.133263 9.653013 3.053844
v -0.535225 9.541550 3.035125
v 0.268650 9.541550 3.071162
v -0.919331 9.653013 2.915262
v 0.683950 9.169712 3.085763
v 1.072881 9.279301 2.947806
v 0.673019 9.410111 3.036525
v 1.459494 9.169712 2.803469
v 1.799781 9.279301 2.570444
v 1.436181 9.410111 2.758719
v 1.411519 9.653013 2.711331
v 1.054044 9.541550 2.896088
v 1.768206 9.541550 2.525337
v 0.661450 9.653013 2.984331
v 2.135150 9.169712 2.330375
v 2.403012 9.279301 2.016419
v 2.101056 9.410111 2.293138
v 2.665713 9.169712 1.698125
v 2.843937 9.279301 1.326162
v 2.623144 9.410111 1.671006
v 2.578100 9.653013 1.642319
v 2.360862 9.541550 1.981025
v 2.794025 9.541550 1.302906
v 2.064994 9.653013 2.253769
v 3.014325 9.169712 0.950556
v 3.089312 9.279301 0.544744
v 2.966193 9.410111 0.935387
v 3.157625 9.169712 0.137750
v 3.107219 9.410111 0.135538
v 3.053800 9.653013 0.133219
v 3.035075 9.541550 0.535181
v 2.915218 9.653013 0.919319
v 2.899400 9.788425 -0.642631
v 2.754894 9.792199 -1.002687
v 2.820631 9.794688 -0.625181
v 2.921469 9.792199 -0.255569
v 2.634162 9.788425 -1.371406
v 2.402256 9.792199 -1.682094
v 2.562587 9.794688 -1.334119
v 2.490525 9.800825 -1.296587
v 2.674025 9.797150 -0.973238
v 2.331725 9.797150 -1.632681
v 2.741319 9.800825 -0.607600
v 2.835712 9.797150 -0.248081
v 2.189638 9.788425 -2.006300
v 1.884481 9.792199 -2.245837
v 2.130144 9.794688 -1.951756
v 1.595569 9.788425 -2.504781
v 1.239369 9.792199 -2.657875
v 1.552212 9.794688 -2.436700
v 1.508563 9.800825 -2.368200
v 1.829150 9.797150 -2.179894
v 1.202981 9.797150 -2.579850
v 2.070225 9.800825 -1.896862
v 0.893131 9.788425 -2.832350
v 0.509056 9.792199 -2.887213
v 0.868837 9.794688 -2.755350
v 0.129412 9.788425 -2.967012
v -0.255619 9.792199 -2.921475
v 0.125856 9.794688 -2.886344
v 0.122325 9.800825 -2.805187
v 0.494087 9.797150 -2.802431
v -0.248131 9.797150 -2.835681
v 0.844419 9.800825 -2.677900
v -0.642681 9.788425 -2.899444
v -1.002738 9.792199 -2.754938
v -0.625231 9.794688 -2.820638
v -1.371456 9.788425 -2.634212
v -1.682144 9.792199 -2.402300
v -1.334169 9.794688 -2.562638
v -1.296638 9.800825 -2.490575
v -0.973288 9.797150 -2.674063
v -1.632731 9.797150 -2.331769
v -0.607644 9.800825 -2.741325
v -2.006350 9.788425 -2.189675
v -2.245888 9.792199 -1.884494
v -1.951806 9.794688 -2.130156
v -2.504831 9.788425 -1.595606
v -2.657919 9.792199 -1.239406
v -2.436744 9.794688 -1.552219
v -2.368206 9.800825 -1.508556
v -2.179938 9.797150 -1.829156
v -2.579863 9.797150 -1.202988
v -1.896906 9.800825 -2.070263
v -2.832362 9.788425 -0.893144
v -2.887225 9.792199 -0.509062
v -2.755388 9.794688 -0.868875
v -2.967025 9.788425 -0.129381
v -2.921519 9.792199 0.255612
v -2.886388 9.794688 -0.125894
v -2.805237 9.800825 -0.122362
v -2.802475 9.797150 -0.494131
v -2.835731 9.797150 0.248087
v -2.677912 9.800825 -0.844419
v -2.899494 9.788425 0.642681
v -2.754988 9.792199 1.002694
v -2.820688 9.794688 0.625194
v -2.634262 9.788425 1.371412
v -2.402350 9.792199 1.682094
v -2.562688 9.794688 1.334131
v -2.490613 9.800825 1.296662
v -2.674113 9.797150 0.973281
v -2.331819 9.797150 1.632725
v -2.741369 9.800825 0.607638
v -2.189725 9.788425 2.006300
v -1.884544 9.792199 2.245837
v -2.130206 9.794688 1.951762
v -1.595656 9.788425 2.504781
v -1.239456 9.792199 2.657875
v -1.552269 9.794688 2.436700
v -1.508606 9.800825 2.368200
v -1.829206 9.797150 2.179900
v -1.203038 9.797150 2.579850
v -2.070306 9.800825 1.896900
v -0.893194 9.788425 2.832350
v -0.509113 9.792199 2.887219
v -0.868925 9.794688 2.755350
v -0.129431 9.788425 2.967018
v 0.255575 9.792199 2.921513
v -0.125944 9.794688 2.886387
v -0.122413 9.800825 2.805231
v -0.494181 9.797150 2.802444
v 0.248044 9.797150 2.835756
v -0.844469 9.800825 2.677900
v 0.642675 9.788425 2.899450
v 1.002719 9.792199 2.754944
v 0.625187 9.794688 2.820681
v 1.371406 9.788425 2.634212
v 1.682056 9.792199 2.402306
v 1.334125 9.794688 2.562638
v 1.296619 9.800825 2.490575
v 0.973269 9.797150 2.674075
v 1.632681 9.797150 2.331775
v 0.607594 9.800825 2.741369
v 2.006250 9.788425 2.189687
v 2.245794 9.792199 1.884531
v 1.951712 9.794688 2.130194
v 2.504737 9.788425 1.595619
v 2.657869 9.792199 1.239419
v 2.436688 9.794688 1.552263
v 2.368156 9.800825 1.508606
v 2.179857 9.797150 1.829200
v 2.579844 9.797150 1.203031
v 1.896850 9.800825 2.070275
v 2.832319 9.788425 0.893181
v 2.887213 9.792199 0.509106
v 2.755375 9.794688 0.868888
v 2.966981 9.788425 0.129462
v 2.886375 9.794688 0.125906
v 2.805187 9.800825 0.122369
v 2.802438 9.797150 0.494138
v 2.677862 9.800825 0.844463
v 2.637619 9.947039 -0.584637
v 2.498700 10.070002 -0.909469
v 2.549400 10.215601 -0.565094
v 2.649781 10.070002 -0.231825
v 2.396300 9.947039 -1.247588
v 2.178813 10.070002 -1.525669
v 2.316150 10.215601 -1.205850
v 2.236006 10.484162 -1.164112
v 2.408275 10.361201 -0.876550
v 2.099994 10.361201 -1.470450
v 2.461175 10.484162 -0.545525
v 2.553919 10.361201 -0.223444
v 1.991881 9.947039 -1.825137
v 1.709169 10.070002 -2.036994
v 1.925256 10.215601 -1.764094
v 1.451456 9.947039 -2.278606
v 1.124075 10.070002 -2.410687
v 1.402906 10.215601 -2.202394
v 1.354394 10.484162 -2.126156
v 1.647344 10.361201 -1.963269
v 1.083425 10.361201 -2.323450
v 1.858669 10.484162 -1.703025
v 0.812450 9.947039 -2.576562
v 0.461700 10.070002 -2.618681
v 0.785294 10.215601 -2.490394
v 0.117700 9.947039 -2.699050
v -0.231875 10.070002 -2.649750
v 0.113750 10.215601 -2.608794
v 0.109806 10.484162 -2.518519
v 0.444994 10.361201 -2.523931
v -0.223494 10.361201 -2.553887
v 0.758119 10.484162 -2.404200
v -0.584681 9.947039 -2.637588
v -0.909519 10.070002 -2.498700
v -0.565144 10.215601 -2.549394
v -1.247638 9.947039 -2.396312
v -1.525713 10.070002 -2.178856
v -1.205900 10.215601 -2.316194
v -1.164163 10.484162 -2.236050
v -0.876600 10.361201 -2.408313
v -1.470494 10.361201 -2.100044
v -0.545575 10.484162 -2.461181
v -1.825175 9.947039 -1.991925
v -2.037006 10.070002 -1.709219
v -1.764106 10.215601 -1.925306
v -2.278644 9.947039 -1.451494
v -2.410731 10.070002 -1.124125
v -2.202406 10.215601 -1.402956
v -2.126194 10.484162 -1.354437
v -1.963281 10.361201 -1.647394
v -2.323494 10.361201 -1.083475
v -1.703063 10.484162 -1.858712
v -2.576612 9.947039 -0.812488
v -2.618731 10.070002 -0.461750
v -2.490444 10.215601 -0.785344
v -2.699100 9.947039 -0.117738
v -2.649800 10.070002 0.231825
v -2.608844 10.215601 -0.113800
v -2.518569 10.484162 -0.109856
v -2.523981 10.361201 -0.445044
v -2.553938 10.361201 0.223444
v -2.404250 10.484162 -0.758162
v -2.637631 9.947039 0.584637
v -2.498750 10.070002 0.909469
v -2.549443 10.215601 0.565094
v -2.396350 9.947039 1.247588
v -2.178906 10.070002 1.525669
v -2.316244 10.215601 1.205850
v -2.236100 10.484162 1.164112
v -2.408363 10.361201 0.876550
v -2.100088 10.361201 1.470456
v -2.461231 10.484162 0.545525
v -1.991969 9.947039 1.825137
v -1.709269 10.070002 2.036994
v -1.925350 10.215601 1.764100
v -1.451544 9.947039 2.278606
v -1.124175 10.070002 2.410687
v -1.402994 10.215601 2.202400
v -1.354412 10.484162 2.126200
v -1.647400 10.361201 1.963306
v -1.083481 10.361201 2.323456
v -1.858725 10.484162 1.703062
v -0.812538 9.947039 2.576562
v -0.461800 10.070002 2.618681
v -0.785388 10.215601 2.490394
v -0.117788 9.947039 2.699050
v 0.231775 10.070002 2.649756
v -0.113850 10.215601 2.608794
v -0.109906 10.484162 2.518519
v -0.445088 10.361201 2.523931
v 0.223394 10.361201 2.553887
v -0.758175 10.484162 2.404206
v 0.584587 9.947039 2.637625
v 0.909419 10.070002 2.498737
v 0.565044 10.215601 2.549400
v 1.247537 9.947039 2.396350
v 1.525619 10.070002 2.178863
v 1.205800 10.215601 2.316200
v 1.164063 10.484162 2.236050
v 0.876500 10.361201 2.408313
v 1.470406 10.361201 2.100044
v 0.545475 10.484162 2.461181
v 1.825088 9.947039 1.991931
v 2.036944 10.070002 1.709219
v 1.764050 10.215601 1.925306
v 2.278556 9.947039 1.451500
v 2.410637 10.070002 1.124125
v 2.202356 10.215601 1.402956
v 2.126187 10.484162 1.354437
v 1.963262 10.361201 1.647394
v 2.323450 10.361201 1.083475
v 1.703013 10.484162 1.858712
v 2.576512 9.947039 0.812494
v 2.618644 10.070002 0.461750
v 2.490356 10.215601 0.785344
v 2.699044 9.947039 0.117744
v 2.608800 10.215601 0.113800
v 2.518550 10.484162 0.109856
v 2.523937 10.361201 0.445044
v 2.404231 10.484162 0.758162
v -0.648294 10.636111 1.755256
v -0.510863 10.636098 1.573288
v -0.873050 10.636098 1.404256
v -0.926619 10.636111 1.625475
v -0.172400 10.636111 1.770325
v 0.003181 10.636098 1.519206
v -0.368356 10.636098 1.315369
v -0.613531 10.636098 0.809331
v -0.763244 10.636098 1.130638
v -0.216000 10.636098 0.996312
v -1.160025 10.636098 0.975350
v -1.242838 10.636111 1.270869
v 0.344031 10.636111 1.703044
v 0.504406 10.636098 1.385944
v 0.156287 10.636098 1.198375
v 0.831119 10.636111 1.525750
v 0.974056 10.636098 1.165819
v 0.650500 10.636098 1.018488
v 0.457456 10.636098 0.448325
v 0.302906 10.636098 0.832394
v 0.805825 10.636098 0.624400
v -0.062350 10.636098 0.637500
v 1.269987 10.636111 1.245331
v 1.402612 10.636098 0.876844
v 1.127656 10.636098 0.770856
v 1.624825 10.636111 0.927919
v 1.754575 10.636111 0.649594
v 1.571369 10.636098 0.514550
v 1.515494 10.636098 0.001531
v 1.311387 10.636098 0.375513
v 1.768875 10.636111 0.174694
v 0.990150 10.636098 0.225631
v -1.009613 10.636098 0.650519
v -1.380519 10.636098 0.502500
v -1.522819 10.636111 0.831062
v -0.437706 10.636098 0.458969
v -0.822650 10.636098 0.299412
v -0.990169 10.636098 -0.225625
v -1.191506 10.636098 0.150669
v -0.630306 10.636098 -0.070294
v -1.515544 10.636098 -0.001519
v -1.700737 10.636111 0.342225
v 0.098375 10.636098 0.270406
v -0.264988 10.636098 0.096437
v 0.630256 10.636098 0.070306
v 0.264931 10.636098 -0.096400
v 0.062262 10.636098 -0.637494
v -0.098431 10.636098 -0.270369
v 0.437612 10.636098 -0.458950
v -0.457513 10.636098 -0.448319
v 1.191456 10.636098 -0.150625
v 0.822562 10.636098 -0.299369
v 1.700681 10.636111 -0.342181
v 1.380463 10.636098 -0.502419
v 1.159938 10.636098 -0.975294
v 1.009519 10.636098 -0.650438
v 1.522756 10.636111 -0.831012
v 0.613444 10.636098 -0.809288
v -1.311406 10.636098 -0.375513
v -1.571419 10.636098 -0.514544
v -1.768956 10.636111 -0.174694
v -0.805875 10.636098 -0.624400
v -1.127694 10.636098 -0.770850
v -1.269994 10.636111 -1.245294
v -1.402631 10.636098 -0.876806
v -0.974100 10.636098 -1.165813
v -1.624869 10.636111 -0.927881
v -1.754650 10.636111 -0.649588
v -0.302994 10.636098 -0.832394
v -0.650581 10.636098 -1.018487
v 0.215944 10.636098 -0.996306
v -0.156338 10.636098 -1.198375
v -0.344050 10.636111 -1.703044
v -0.504450 10.636098 -1.385944
v -0.003188 10.636098 -1.519200
v -0.831138 10.636111 -1.525750
v 0.763187 10.636098 -1.130594
v 0.368344 10.636098 -1.315356
v 1.242744 10.636111 -1.270819
v 0.872994 10.636098 -1.404206
v 0.648244 10.636111 -1.755200
v 0.510850 10.636098 -1.573244
v 0.926537 10.636111 -1.625419
v 0.172387 10.636111 -1.770281
v 2.298400 10.630262 -0.509444
v 2.119250 10.633850 -0.771338
v 2.071113 10.635599 -0.455600
v 2.247362 10.633850 -0.196625
v 2.088137 10.630262 -1.087094
v 1.847950 10.633850 -1.293944
v 1.879413 10.635599 -0.982288
v 1.828050 10.636149 -0.665350
v 1.585263 10.636149 -1.142637
v 1.948862 10.636149 -0.143669
v 1.735713 10.630262 -1.590375
v 1.449619 10.633850 -1.727613
v 1.559925 10.635599 -1.442519
v 1.264794 10.630262 -1.985538
v 0.953406 10.633850 -2.044581
v 1.141031 10.635599 -1.803975
v 1.240612 10.636149 -1.544306
v 0.851469 10.636149 -1.826569
v 0.707994 10.630262 -2.245194
v 0.391594 10.633850 -2.221000
v 0.648344 10.635599 -2.033725
v 0.102550 10.630262 -2.351969
v -0.196675 10.633850 -2.247400
v 0.102056 10.635599 -2.122387
v 0.384781 10.636149 -1.943438
v -0.144650 10.636149 -1.949650
v -0.509494 10.630262 -2.298413
v -0.771388 10.633850 -2.119263
v -0.455831 10.635599 -2.071387
v -1.087144 10.630262 -2.088144
v -1.293994 10.633850 -1.847994
v -0.982344 10.635599 -1.879750
v -0.665788 10.636149 -1.829175
v -1.142431 10.636149 -1.586481
v -1.590419 10.630262 -1.735756
v -1.727663 10.633850 -1.449663
v -1.442481 10.635599 -1.560225
v -1.985581 10.630262 -1.264831
v -2.044631 10.633850 -0.953413
v -1.803962 10.635599 -1.141181
v -1.544031 10.636149 -1.241419
v -1.826419 10.636149 -0.851931
v -2.245244 10.630262 -0.707994
v -2.221050 10.633850 -0.391600
v -2.033712 10.635599 -0.648488
v -2.352019 10.630262 -0.102563
v -2.247450 10.633850 0.196637
v -2.122300 10.635599 -0.102325
v -1.943112 10.636149 -0.385563
v -1.948950 10.636149 0.143675
v -2.298463 10.630262 0.509481
v -2.119313 10.633850 0.771381
v -2.071200 10.635599 0.455613
v -2.088194 10.630262 1.087169
v -1.848044 10.633850 1.293994
v -1.879500 10.635599 0.982306
v -1.828112 10.636149 0.665387
v -1.585356 10.636149 1.142656
v -1.735806 10.630262 1.590419
v -1.449712 10.633850 1.727663
v -1.560025 10.635599 1.442569
v -1.264881 10.630262 1.985556
v -0.953463 10.633850 2.044631
v -1.141094 10.635599 1.804056
v -1.240706 10.636149 1.544387
v -0.851525 10.636149 1.826631
v -0.708044 10.630262 2.245213
v -0.391650 10.633850 2.221044
v -0.648394 10.635599 2.033806
v -0.102613 10.630262 2.351975
v 0.196587 10.633850 2.247412
v -0.102138 10.635599 2.122431
v -0.384831 10.636149 1.943519
v 0.144600 10.636149 1.949663
v 0.509431 10.630262 2.298450
v 0.771338 10.633850 2.119300
v 0.455750 10.635599 2.071394
v 1.087125 10.630262 2.088181
v 1.293981 10.633850 1.848000
v 0.982306 10.635599 1.879756
v 0.665744 10.636149 1.829175
v 1.142425 10.636149 1.586488
v 1.590375 10.630262 1.735756
v 1.727619 10.633850 1.449663
v 1.442475 10.635599 1.560231
v 1.985506 10.630262 1.264831
v 2.044581 10.633850 0.953419
v 1.803944 10.635599 1.141187
v 1.544025 10.636149 1.241456
v 1.826375 10.636149 0.851937
v 2.245162 10.630262 0.708031
v 2.220994 10.633850 0.391638
v 2.033688 10.635599 0.648494
v 2.351925 10.630262 0.102600
v 2.122237 10.635599 0.102331
v 1.943056 10.636149 0.385563
v 2.487962 9.723900 -1.742119
v 2.677062 9.763750 -1.393737
v 2.853200 9.723900 -1.038481
v 2.455594 9.782101 -1.719463
v 2.816069 9.782100 -1.024950
v 2.986312 9.782100 -0.261225
v 2.946606 9.763749 -0.653094
v 3.025669 9.723900 -0.264694
v 1.283581 9.723900 -2.752694
v 1.621544 9.763750 -2.545563
v 1.951712 9.723900 -2.325962
v 1.266881 9.782101 -2.716906
v 1.926325 9.782100 -2.295719
v 2.225294 9.763749 -2.038969
v -0.264744 9.723900 -3.025712
v 0.131500 9.763750 -3.015287
v 0.527206 9.723900 -2.990200
v -0.261275 9.782101 -2.986356
v 0.520362 9.782100 -2.951325
v 0.907644 9.763749 -2.878437
v -1.742169 9.723900 -2.488006
v -1.393788 9.763750 -2.677113
v -1.038531 9.723900 -2.853250
v -1.719512 9.782101 -2.455638
v -1.025000 9.782100 -2.816119
v -0.653144 9.763749 -2.946656
v -2.752744 9.723900 -1.283625
v -2.545613 9.763750 -1.621556
v -2.326012 9.723900 -1.951725
v -2.716950 9.782101 -1.266919
v -2.295768 9.782100 -1.926337
v -2.039019 9.763749 -2.225306
v -3.025763 9.723900 0.264737
v -3.015331 9.763750 -0.131500
v -2.990250 9.723900 -0.527250
v -2.986400 9.782101 0.261312
v -2.951338 9.782100 -0.520362
v -2.878481 9.763749 -0.907687
v -2.488056 9.723900 1.742131
v -2.677163 9.763750 1.393775
v -2.853300 9.723900 1.038525
v -2.455688 9.782101 1.719469
v -2.816169 9.782100 1.025000
v -2.946706 9.763749 0.653175
v -1.283638 9.723900 2.752738
v -1.621600 9.763750 2.545575
v -1.951769 9.723900 2.326006
v -1.266969 9.782101 2.716906
v -1.926388 9.782100 2.295719
v -2.225356 9.763749 2.038975
v 0.264687 9.723900 3.025712
v -0.131550 9.763750 3.015287
v -0.527294 9.723900 2.990206
v 0.261269 9.782101 2.986356
v -0.520413 9.782100 2.951325
v -0.907731 9.763749 2.878443
v 1.742081 9.723900 2.488013
v 1.393731 9.763750 2.677113
v 1.038475 9.723900 2.853250
v 1.719425 9.782101 2.455644
v 1.024987 9.782100 2.816119
v 0.653131 9.763749 2.946656
v 2.752694 9.723900 1.283631
v 2.545525 9.763750 1.621594
v 2.325956 9.723900 1.951763
v 2.716862 9.782101 1.266931
v 2.295669 9.782100 1.926375
v 2.038925 9.763749 2.225344
v 3.015275 9.763750 0.131550
v 2.990193 9.723900 0.527256
v 2.951312 9.782100 0.520413
v 2.878431 9.763749 0.907694
v 2.277500 9.806951 -1.594719
v 2.444881 9.826225 -1.272856
v 2.611844 9.806950 -0.950625
v 2.238444 9.869350 -1.567406
v 2.567069 9.869350 -0.934356
v 2.722256 9.869350 -0.238169
v 2.691056 9.826225 -0.596500
v 2.769743 9.806950 -0.242325
v 1.175025 9.806951 -2.519875
v 1.480919 9.826225 -2.324800
v 1.786613 9.806950 -2.129219
v 1.154856 9.869350 -2.476656
v 1.755969 9.869350 -2.092725
v 2.032288 9.826225 -1.862119
v -0.242338 9.806951 -2.769756
v 0.120119 9.826225 -2.753781
v 0.482631 9.806950 -2.737282
v -0.238181 9.869350 -2.722262
v 0.474350 9.869350 -2.690331
v 0.828962 9.826225 -2.628806
v -1.594763 9.806951 -2.277544
v -1.272906 9.826225 -2.444925
v -0.950669 9.806950 -2.611888
v -1.567450 9.869350 -2.238481
v -0.934400 9.869350 -2.567075
v -0.596513 9.826225 -2.691087
v -2.519881 9.806951 -1.174988
v -2.324806 9.826225 -1.480888
v -2.129225 9.806950 -1.786612
v -2.476700 9.869350 -1.154856
v -2.092738 9.869350 -1.755975
v -1.862131 9.826225 -2.032300
v -2.769800 9.806951 0.242337
v -2.753831 9.826225 -0.120094
v -2.737325 9.806950 -0.482625
v -2.722306 9.869350 0.238175
v -2.690381 9.869350 -0.474350
v -2.628850 9.826225 -0.828931
v -2.277550 9.806951 1.594762
v -2.444900 9.826225 1.272869
v -2.611894 9.806950 0.950669
v -2.238487 9.869350 1.567406
v -2.567082 9.869350 0.934356
v -2.691100 9.826225 0.596506
v -1.175038 9.806951 2.519875
v -1.480938 9.826225 2.324800
v -1.786656 9.806950 2.129225
v -1.154906 9.869350 2.476656
v -1.756019 9.869350 2.092725
v -2.032312 9.826225 1.862125
v 0.242287 9.806951 2.769794
v -0.120144 9.826225 2.753787
v -0.482675 9.806950 2.737288
v 0.238125 9.869350 2.722268
v -0.474400 9.869350 2.690331
v -0.828981 9.826225 2.628806
v 1.594713 9.806951 2.277550
v 1.272819 9.826225 2.444931
v 0.950619 9.806950 2.611894
v 1.567356 9.869350 2.238494
v 0.934306 9.869350 2.567112
v 0.596456 9.826225 2.691100
v 2.519825 9.806951 1.175038
v 2.324750 9.826225 1.480931
v 2.129175 9.806950 1.786656
v 2.476606 9.869350 1.154869
v 2.092675 9.869350 1.756012
v 1.862075 9.826225 2.032337
v 2.753743 9.826225 0.120131
v 2.737238 9.806950 0.482669
v 2.690288 9.869350 0.474387
v 2.628756 9.826225 0.828975
v 2.040406 10.561851 -1.428712
v 2.182094 10.604962 -1.136038
v 2.339906 10.561850 -0.851663
v 1.981525 10.624200 -1.387475
v 2.272412 10.624200 -0.827075
v 2.409787 10.624200 -0.210844
v 2.401800 10.604963 -0.532375
v 2.481406 10.561850 -0.217100
v 1.052687 10.561851 -2.257481
v 1.321719 10.604962 -2.074888
v 1.600594 10.561850 -1.907538
v 1.022306 10.624200 -2.192350
v 1.554388 10.624200 -1.852500
v 1.813838 10.604963 -1.661975
v -0.217150 10.561851 -2.481412
v 0.107156 10.604962 -2.457806
v 0.432356 10.561850 -2.452288
v -0.210894 10.624200 -2.409831
v 0.419900 10.624200 -2.381537
v 0.739850 10.604963 -2.346219
v -1.428756 10.561851 -2.040419
v -1.136088 10.604962 -2.182100
v -0.851713 10.561850 -2.339944
v -1.387519 10.624200 -1.981531
v -0.827125 10.624200 -2.272419
v -0.532425 10.604963 -2.401837
v -2.257525 10.561851 -1.052700
v -2.074900 10.604962 -1.321731
v -1.907550 10.561850 -1.600631
v -2.192394 10.624200 -1.022313
v -1.852512 10.624200 -1.554425
v -1.661987 10.604963 -1.813850
v -2.481462 10.561851 0.217100
v -2.457856 10.604962 -0.107200
v -2.452338 10.561850 -0.432400
v -2.409881 10.624200 0.210856
v -2.381588 10.624200 -0.419906
v -2.346269 10.604963 -0.739856
v -2.040462 10.561851 1.428719
v -2.182150 10.604962 1.136050
v -2.339994 10.561850 0.851663
v -1.981581 10.624200 1.387519
v -2.272469 10.624200 0.827119
v -2.401887 10.604963 0.532381
v -1.052706 10.561851 2.257525
v -1.321769 10.604962 2.074931
v -1.600637 10.561850 1.907581
v -1.022362 10.624200 2.192388
v -1.554475 10.624200 1.852513
v -1.813894 10.604963 1.661988
v 0.217050 10.561851 2.481412
v -0.107250 10.604962 2.457806
v -0.432444 10.561850 2.452294
v 0.210806 10.624200 2.409837
v -0.419956 10.624200 2.381544
v -0.739900 10.604963 2.346256
v 1.428669 10.561851 2.040419
v 1.136000 10.604962 2.182106
v 0.851612 10.561850 2.339944
v 1.387469 10.624200 1.981537
v 0.827069 10.624200 2.272456
v 0.532331 10.604963 2.401844
v 2.257519 10.561851 1.052700
v 2.074888 10.604962 1.321731
v 1.907537 10.561850 1.600631
v 2.192338 10.624200 1.022319
v 1.852462 10.624200 1.554425
v 1.661937 10.604963 1.813850
v 2.457769 10.604962 0.107206
v 2.452294 10.561850 0.432400
v 2.381494 10.624200 0.419944
v 2.346219 10.604963 0.739862
v 2.708325 9.013599 -1.896413
v 2.924419 9.030524 -1.522525
v 3.105881 9.013599 -1.130456
v 2.693606 9.038699 -1.886106
v 3.089019 9.038699 -1.124313
v 3.275769 9.038699 -0.286594
v 3.218881 9.030523 -0.713469
v 3.293662 9.013599 -0.288138
v 1.397281 9.013599 -2.996463
v 1.771387 9.030524 -2.780731
v 2.124563 9.013599 -2.531931
v 1.389694 9.038699 -2.980206
v 2.113012 9.038699 -2.518193
v 2.430912 9.030523 -2.227344
v -0.288188 9.013599 -3.293669
v 0.143637 9.030524 -3.293881
v 0.573913 9.013599 -3.255013
v -0.286644 9.038699 -3.275781
v 0.570787 9.038699 -3.237356
v 0.991538 9.030523 -3.144387
v -1.896425 9.013599 -2.708294
v -1.522538 9.030524 -2.924425
v -1.130500 9.013599 -3.105913
v -1.886119 9.038699 -2.693613
v -1.124356 9.038699 -3.089056
v -0.713519 9.030523 -3.218894
v -2.996512 9.013599 -1.397287
v -2.780781 9.030524 -1.771356
v -2.531975 9.013599 -2.124556
v -2.980256 9.038699 -1.389663
v -2.518237 9.038699 -2.113006
v -2.227356 9.030523 -2.430882
v -3.293719 9.013599 0.288175
v -3.293931 9.030524 -0.143681
v -3.255063 9.013599 -0.573950
v -3.275825 9.038699 0.286594
v -3.237406 9.038699 -0.570825
v -3.144438 9.030523 -0.991544
v -2.708344 9.013599 1.896425
v -2.924469 9.030524 1.522525
v -3.105963 9.013599 1.130463
v -2.693656 9.038699 1.886112
v -3.089069 9.038699 1.124313
v -3.218937 9.030523 0.713475
v -1.397300 9.013599 2.996519
v -1.771400 9.030524 2.780781
v -2.124600 9.013599 2.532013
v -1.389712 9.038699 2.980212
v -2.113056 9.038699 2.518231
v -2.430931 9.030523 2.227387
v 0.288125 9.013599 3.293713
v -0.143731 9.030524 3.293925
v -0.573994 9.013599 3.255063
v 0.286544 9.038699 3.275819
v -0.570875 9.038699 3.237362
v -0.991588 9.030523 3.144400
v 1.896375 9.013599 2.708369
v 1.522475 9.030524 2.924469
v 1.130412 9.013599 3.105931
v 1.886063 9.038699 2.693650
v 1.124262 9.038699 3.089069
v 0.713425 9.030523 3.218931
v 2.996469 9.013599 1.397325
v 2.780731 9.030524 1.771400
v 2.531962 9.013599 2.124575
v 2.980162 9.038699 1.389737
v 2.518181 9.038699 2.113025
v 2.227338 9.030523 2.430925
v 3.293875 9.030524 0.143688
v 3.255013 9.013599 0.573962
v 3.237312 9.038699 0.570837
v 3.144350 9.030523 0.991587
v 2.621393 9.051299 -1.835512
v 2.828644 9.065863 -1.472631
v 3.006212 9.051299 -1.094156
v 2.602906 9.101950 -1.822575
v 2.985000 9.101950 -1.086431
v 3.165481 9.101950 -0.276925
v 3.113468 9.065863 -0.690081
v 3.187937 9.051299 -0.278869
v 1.352431 9.051299 -2.900344
v 1.713369 9.065863 -2.689719
v 2.056381 9.051299 -2.450706
v 1.342875 9.101950 -2.879881
v 2.041893 9.101950 -2.433444
v 2.351306 9.065863 -2.154406
v -0.278919 9.051299 -3.187981
v 0.138962 9.065863 -3.186044
v 0.555512 9.051299 -3.150557
v -0.276975 9.101950 -3.165525
v 0.551587 9.101950 -3.128344
v 0.959062 9.065863 -3.041431
v -1.835562 9.051299 -2.621431
v -1.472681 9.065863 -2.828688
v -1.094206 9.051299 -3.006225
v -1.822625 9.101950 -2.602944
v -1.086481 9.101950 -2.985050
v -0.690131 9.065863 -3.113513
v -2.900356 9.051299 -1.352437
v -2.689763 9.065863 -1.713369
v -2.450750 9.051299 -2.056387
v -2.879931 9.101950 -1.342913
v -2.433494 9.101950 -2.041869
v -2.154456 9.065863 -2.351313
v -3.188031 9.051299 0.278944
v -3.186094 9.065863 -0.138969
v -3.150600 9.051299 -0.555544
v -3.165575 9.101950 0.276969
v -3.128394 9.101950 -0.551631
v -3.041475 9.065863 -0.959106
v -2.621438 9.051299 1.835512
v -2.828731 9.065863 1.472637
v -3.006269 9.051299 1.094169
v -2.602994 9.101950 1.822581
v -2.985100 9.101950 1.086475
v -3.113563 9.065863 0.690131
v -1.352475 9.051299 2.900344
v -1.713413 9.065863 2.689719
v -2.056394 9.051299 2.450706
v -1.342963 9.101950 2.879888
v -2.041919 9.101950 2.433444
v -2.351350 9.065863 2.154406
v 0.278906 9.051299 3.187981
v -0.139013 9.065863 3.186050
v -0.555556 9.051299 3.150557
v 0.276925 9.101950 3.165531
v -0.551681 9.101950 3.128381
v -0.959150 9.065863 3.041438
v 1.835469 9.051299 2.621431
v 1.472625 9.065863 2.828688
v 1.094156 9.051299 3.006225
v 1.822537 9.101950 2.602950
v 1.086462 9.101950 2.985050
v 0.690119 9.065863 3.113513
v 2.900294 9.051299 1.352437
v 2.689675 9.065863 1.713375
v 2.450657 9.051299 2.056387
v 2.879875 9.101950 1.342919
v 2.433400 9.101950 2.041906
v 2.154356 9.065863 2.351319
v 3.186000 9.065863 0.139012
v 3.150506 9.051299 0.555556
v 3.128338 9.101950 0.551638
v 3.041394 9.065863 0.959106
v 2.655300 8.892950 -1.859300
v 2.882219 8.847037 -1.500544
v 3.045131 8.892949 -1.108344
v 2.869912 8.930037 -1.494144
v 2.670662 8.800600 -1.870013
v 2.900687 8.761999 -1.510125
v 3.062731 8.800600 -1.114737
v 3.247869 8.800600 -0.284156
v 3.172443 8.847037 -0.703188
v 3.192750 8.761999 -0.707687
v 3.229225 8.892949 -0.282525
v 3.158906 8.930037 -0.700188
v 1.369887 8.892950 -2.937875
v 1.745769 8.847037 -2.740638
v 2.082956 8.892949 -2.482438
v 1.738325 8.930037 -2.728950
v 1.377819 8.800600 -2.954869
v 1.756969 8.761999 -2.758213
v 2.095006 8.800600 -2.496769
v 2.395794 8.847037 -2.195194
v 2.411163 8.761999 -2.209256
v 2.385575 8.930037 -2.185863
v -0.282575 8.892950 -3.229269
v 0.141587 8.847037 -3.246375
v 0.562687 8.892949 -3.191356
v 0.140956 8.930037 -3.232550
v -0.284169 8.800600 -3.247913
v 0.142519 8.761999 -3.267181
v 0.565962 8.800600 -3.209800
v 0.977212 8.847037 -3.099031
v 0.983487 8.761999 -3.118900
v 0.973037 8.930037 -3.085806
v -1.859344 8.892950 -2.655344
v -1.500594 8.847037 -2.882225
v -1.108394 8.892949 -3.045143
v -1.494194 8.930037 -2.869950
v -1.870062 8.800600 -2.670669
v -1.510175 8.761999 -2.900694
v -1.114781 8.800600 -3.062737
v -0.703231 8.847037 -3.172456
v -0.707700 8.761999 -3.192794
v -0.700238 8.930037 -3.158950
v -2.937881 8.892950 -1.369931
v -2.740644 8.847037 -1.745819
v -2.482444 8.892949 -2.083006
v -2.728956 8.930037 -1.738363
v -2.954881 8.800600 -1.377856
v -2.758250 8.761999 -1.757019
v -2.496813 8.800600 -2.095050
v -2.195238 8.847037 -2.395838
v -2.209300 8.761999 -2.411175
v -2.185875 8.930037 -2.385612
v -3.229281 8.892950 0.282531
v -3.246419 8.847037 -0.141588
v -3.191394 8.892949 -0.562700
v -3.232563 8.930037 -0.141000
v -3.247962 8.800600 0.284175
v -3.267231 8.761999 -0.142481
v -3.209844 8.800600 -0.565931
v -3.099044 8.847037 -0.977219
v -3.118944 8.761999 -0.983494
v -3.085850 8.930037 -0.973075
v -2.655394 8.892950 1.859300
v -2.882275 8.847037 1.500556
v -3.045187 8.892949 1.108344
v -2.870000 8.930037 1.494144
v -2.670718 8.800600 1.870056
v -2.900743 8.761999 1.510200
v -3.062787 8.800600 1.114781
v -3.172500 8.847037 0.703194
v -3.192843 8.761999 0.707731
v -3.158962 8.930037 0.700188
v -1.369981 8.892950 2.937875
v -1.745869 8.847037 2.740638
v -2.083056 8.892949 2.482438
v -1.738412 8.930037 2.728956
v -1.377906 8.800600 2.954869
v -1.757069 8.761999 2.758213
v -2.095100 8.800600 2.496775
v -2.395887 8.847037 2.195200
v -2.411225 8.761999 2.209294
v -2.385662 8.930037 2.185869
v 0.282481 8.892950 3.229269
v -0.141638 8.847037 3.246375
v -0.562750 8.892949 3.191356
v -0.141050 8.930037 3.232550
v 0.284125 8.800600 3.247913
v -0.142531 8.761999 3.267188
v -0.565981 8.800600 3.209800
v -0.977269 8.847037 3.099031
v -0.983544 8.761999 3.118906
v -0.973125 8.930037 3.085806
v 1.859250 8.892950 2.655344
v 1.500506 8.847037 2.882231
v 1.108294 8.892949 3.045143
v 1.494094 8.930037 2.869956
v 1.870006 8.800600 2.670706
v 1.510150 8.761999 2.900731
v 1.114731 8.800600 3.062744
v 0.703144 8.847037 3.172456
v 0.707681 8.761999 3.192794
v 0.700137 8.930037 3.158950
v 2.937863 8.892950 1.369938
v 2.740594 8.847037 1.745819
v 2.482394 8.892949 2.083006
v 2.728944 8.930037 1.738369
v 2.954819 8.800600 1.377869
v 2.758163 8.761999 1.757019
v 2.496725 8.800600 2.095056
v 2.195150 8.847037 2.395844
v 2.209244 8.761999 2.411212
v 2.185819 8.930037 2.385625
v 3.246325 8.847037 0.141631
v 3.191313 8.892949 0.562737
v 3.232500 8.930037 0.141006
v 3.267137 8.761999 0.142531
v 3.209750 8.800600 0.566006
v 3.098988 8.847037 0.977262
v 3.118856 8.761999 0.983537
v 3.085794 8.930037 0.973081
v 2.615237 8.951350 -1.831244
v 2.846575 8.949424 -1.482012
v 2.999131 8.951350 -1.091631
v 2.814444 8.956687 -1.465287
v 2.640869 8.950150 -1.849187
v 2.867344 8.952837 -1.492831
v 3.028532 8.950150 -1.102337
v 3.211631 8.950150 -0.280994
v 3.133188 8.949426 -0.694506
v 3.156063 8.952837 -0.699581
v 3.180456 8.951350 -0.278262
v 3.097831 8.956687 -0.686669
v 3.269075 8.831250 -0.724600
v 2.970025 8.831250 -1.546250
v 2.950625 8.938350 -1.536150
v 3.247700 8.938350 -0.719850
v 2.468800 8.831250 -2.262050
v 1.798975 8.831250 -2.824100
v 1.787225 8.938350 -2.805625
v 2.452675 8.938350 -2.247275
v 1.007000 8.831250 -3.193425
v 0.145900 8.831250 -3.345250
v 0.144950 8.938350 -3.323375
v 1.000425 8.938350 -3.172525
v -0.724650 8.831250 -3.269075
v -1.546300 8.831250 -2.970000
v -1.536200 8.938350 -2.950600
v -0.719900 8.938350 -3.247725
v -2.262100 8.831250 -2.468775
v -2.824100 8.831250 -1.798975
v -2.805650 8.938350 -1.787250
v -2.247325 8.938350 -2.452650
v -3.193425 8.831250 -1.007000
v -3.345275 8.831250 -0.145900
v -3.323425 8.938350 -0.144950
v -3.172550 8.938350 -1.000450
v -3.269100 8.831250 0.724625
v -2.970050 8.831250 1.546275
v -2.950650 8.938350 1.536175
v -3.247775 8.938350 0.719900
v -2.468825 8.831250 2.262100
v -1.799025 8.831250 2.824150
v -1.787275 8.938350 2.805700
v -2.452700 8.938350 2.247325
v -1.007050 8.831250 3.193450
v -0.145950 8.831250 3.345275
v -0.145000 8.938350 3.323425
v -1.000475 8.938350 3.172600
v 0.724575 8.831250 3.269125
v 1.546225 8.831250 2.970050
v 1.536125 8.938350 2.950650
v 0.719850 8.938350 3.247750
v 2.262050 8.831250 2.468825
v 2.824100 8.831250 1.799025
v 2.805650 8.938350 1.787275
v 2.247275 8.938350 2.452700
v 3.193400 8.831250 1.007025
v 3.345225 8.831250 0.145925
v 3.323375 8.938350 0.144975
v 3.172550 8.938350 1.000450
v 3.183475 9.043750 -0.705625
v 2.892250 9.043750 -1.505750
v 2.861775 9.046249 -1.489875
v 3.149925 9.046249 -0.698175
v 2.404150 9.043750 -2.202825
v 1.751875 9.043750 -2.750150
v 1.733425 9.046249 -2.721175
v 2.378825 9.046249 -2.179600
v 0.980625 9.043750 -3.109800
v 0.142050 9.043750 -3.257650
v 0.140575 9.046249 -3.223300
v 0.970300 9.046249 -3.077025
v -0.705675 9.043750 -3.183500
v -1.505800 9.043750 -2.892275
v -1.489925 9.046249 -2.861775
v -0.698225 9.046249 -3.149925
v -2.202875 9.043750 -2.404150
v -2.750200 9.043750 -1.751875
v -2.721200 9.046249 -1.733425
v -2.179650 9.046249 -2.378825
v -3.109850 9.043750 -0.980650
v -3.257700 9.043750 -0.142100
v -3.223350 9.046249 -0.140600
v -3.077050 9.046249 -0.970325
v -3.183525 9.043750 0.705650
v -2.892300 9.043750 1.505775
v -2.861800 9.046249 1.489900
v -3.149975 9.046249 0.698225
v -2.404200 9.043750 2.202850
v -1.751925 9.043750 2.750175
v -1.733450 9.046249 2.721200
v -2.378825 9.046249 2.179625
v -0.980700 9.043750 3.109800
v -0.142150 9.043750 3.257650
v -0.140625 9.046249 3.223300
v -0.970350 9.046249 3.077025
v 0.705600 9.043750 3.183500
v 1.505725 9.043750 2.892300
v 1.489850 9.046249 2.861800
v 0.698175 9.046249 3.149925
v 2.202800 9.043750 2.404175
v 2.750125 9.043750 1.751900
v 2.721150 9.046249 1.733425
v 2.179575 9.046249 2.378850
v 3.109775 9.043750 0.980675
v 3.257650 9.043750 0.142100
v 3.223300 9.046249 0.140625
v 3.077000 9.046249 0.970325
v 3.062975 9.279300 -0.678925
v 2.782750 9.279300 -1.448750
v 2.733925 9.541550 -1.423350
v 3.009225 9.541550 -0.667025
v 2.313125 9.279300 -2.119450
v 1.685550 9.279300 -2.646050
v 1.655975 9.541550 -2.599600
v 2.272525 9.541550 -2.082250
v 0.943500 9.279300 -2.992050
v 0.136675 9.279300 -3.134325
v 0.134275 9.541550 -3.079325
v 0.926950 9.541550 -2.939550
v -0.678975 9.279300 -3.062975
v -1.448800 9.279300 -2.782775
v -1.423400 9.541550 -2.733950
v -0.667075 9.541550 -3.009225
v -2.119500 9.279300 -2.313150
v -2.646100 9.279300 -1.685575
v -2.599650 9.541550 -1.656025
v -2.082300 9.541550 -2.272575
v -2.992100 9.279300 -0.943550
v -3.134375 9.279300 -0.136725
v -3.079375 9.541550 -0.134325
v -2.939600 9.541550 -0.927000
v -3.063025 9.279300 0.678950
v -2.782825 9.279300 1.448775
v -2.734000 9.541550 1.423350
v -3.009275 9.541550 0.667025
v -2.313200 9.279300 2.119450
v -1.685625 9.279300 2.646075
v -1.656050 9.541550 2.599675
v -2.272625 9.541550 2.082275
v -0.943600 9.279300 2.992125
v -0.136775 9.279300 3.134400
v -0.134375 9.541550 3.079375
v -0.927025 9.541550 2.939625
v 0.678900 9.279300 3.063025
v 1.448725 9.279300 2.782800
v 1.423300 9.541550 2.733975
v 0.666975 9.541550 3.009275
v 2.119400 9.279300 2.313175
v 2.646050 9.279300 1.685600
v 2.599625 9.541550 1.656025
v 2.082225 9.541550 2.272575
v 2.992100 9.279300 0.943550
v 3.134350 9.279300 0.136725
v 3.079325 9.541550 0.134325
v 2.939575 9.541550 0.927000
v 2.862575 9.792200 -0.634475
v 2.600700 9.792200 -1.353975
v 2.524350 9.797150 -1.314200
v 2.778550 9.797150 -0.615850
v 2.161825 9.792200 -1.980800
v 1.575300 9.792200 -2.472950
v 1.529050 9.797150 -2.400350
v 2.098350 9.797150 -1.922625
v 0.881775 9.792200 -2.796350
v 0.127750 9.792200 -2.929300
v 0.123975 9.797150 -2.843275
v 0.855875 9.797150 -2.714250
v -0.634525 9.792200 -2.862600
v -1.354025 9.792200 -2.600750
v -1.314250 9.797150 -2.524400
v -0.615900 9.797150 -2.778550
v -1.980850 9.792200 -2.161850
v -2.473000 9.792200 -1.575325
v -2.400375 9.797150 -1.529050
v -1.922675 9.797150 -2.098375
v -2.796375 9.792200 -0.881800
v -2.929325 9.792200 -0.127750
v -2.843325 9.797150 -0.124025
v -2.714275 9.797150 -0.855900
v -2.862650 9.792200 0.634500
v -2.600800 9.792200 1.353975
v -2.524450 9.797150 1.314250
v -2.778600 9.797150 0.615875
v -2.161900 9.792200 1.980800
v -1.575375 9.792200 2.472950
v -1.529100 9.797150 2.400350
v -2.098425 9.797150 1.922650
v -0.881850 9.792200 2.796350
v -0.127800 9.792200 2.929325
v -0.124075 9.797150 2.843325
v -0.855950 9.797150 2.714250
v 0.634500 9.792200 2.862625
v 1.353975 9.792200 2.600750
v 1.314225 9.797150 2.524400
v 0.615850 9.797150 2.778600
v 1.980750 9.792200 2.161875
v 2.472925 9.792200 1.575350
v 2.400325 9.797150 1.529100
v 1.922600 9.797150 2.098400
v 2.796350 9.792200 0.881825
v 2.929300 9.792200 0.127800
v 2.843300 9.797150 0.124025
v 2.714250 9.797150 0.855925
v 2.596375 10.070000 -0.575500
v 2.358825 10.070000 -1.228075
v 2.273475 10.361199 -1.183625
v 2.502425 10.361199 -0.554675
v 1.960725 10.070000 -1.796600
v 1.428750 10.070000 -2.242975
v 1.377075 10.361199 -2.161800
v 1.889800 10.361199 -1.731575
v 0.799750 10.070000 -2.536275
v 0.115850 10.070000 -2.656850
v 0.111650 10.361199 -2.560725
v 0.770825 10.361199 -2.444500
v -0.575550 10.070000 -2.596350
v -1.228125 10.070000 -2.358850
v -1.183675 10.361199 -2.273525
v -0.554725 10.361199 -2.502425
v -1.796625 10.070000 -1.960775
v -2.243000 10.070000 -1.428800
v -2.161825 10.361199 -1.377125
v -1.731600 10.361199 -1.889850
v -2.536325 10.070000 -0.799800
v -2.656900 10.070000 -0.115900
v -2.560775 10.361199 -0.111700
v -2.444550 10.361199 -0.770875
v -2.596400 10.070000 0.575500
v -2.358900 10.070000 1.228075
v -2.273575 10.361199 1.183625
v -2.502475 10.361199 0.554675
v -1.960825 10.070000 1.796600
v -1.428850 10.070000 2.242975
v -1.377125 10.361199 2.161825
v -1.889875 10.361199 1.731600
v -0.799850 10.070000 2.536275
v -0.115950 10.070000 2.656850
v -0.111750 10.361199 2.560725
v -0.770900 10.361199 2.444500
v 0.575450 10.070000 2.596375
v 1.228025 10.070000 2.358875
v 1.183575 10.361199 2.273525
v 0.554625 10.361199 2.502425
v 1.796550 10.070000 1.960775
v 2.242925 10.070000 1.428800
v 2.161800 10.361199 1.377125
v 1.731550 10.361199 1.889850
v 2.536225 10.070000 0.799800
v 2.656850 10.070000 0.115900
v 2.560750 10.361199 0.111700
v 2.444500 10.361199 0.770875
v -0.739775 10.636100 1.589650
v -0.258075 10.636100 1.552800
v -0.490950 10.636100 1.065175
v -1.018625 10.636100 1.197575
v 0.257500 10.636100 1.463525
v 0.743425 10.636100 1.286650
v 0.554475 10.636100 0.734600
v 0.047350 10.636100 0.919175
v 1.195800 10.636100 1.023625
v 1.588450 10.636100 0.742250
v 1.550025 10.636100 0.262650
v 1.060725 10.636100 0.500400
v -1.280775 10.636100 0.743325
v -0.723775 10.636100 0.554950
v -0.911125 10.636100 0.040100
v -1.458900 10.636100 0.253875
v -0.165850 10.636100 0.364925
v 0.361550 10.636100 0.173000
v 0.165775 10.636100 -0.364900
v -0.361600 10.636100 -0.172975
v 0.911075 10.636100 -0.040075
v 1.458850 10.636100 -0.253825
v 1.280700 10.636100 -0.743250
v 0.723675 10.636100 -0.554900
v -1.550075 10.636100 -0.262650
v -1.060750 10.636100 -0.500400
v -1.195825 10.636100 -1.023600
v -1.588500 10.636100 -0.742225
v -0.554550 10.636100 -0.734600
v -0.047425 10.636100 -0.919175
v -0.257525 10.636100 -1.463525
v -0.743475 10.636100 -1.286650
v 0.490900 10.636100 -1.065150
v 1.018550 10.636100 -1.197525
v 0.739725 10.636100 -1.589600
v 0.258075 10.636100 -1.552775
v 2.202075 10.633850 -0.488100
v 2.000625 10.633850 -1.041550
v 1.721225 10.636150 -0.911400
v 1.904375 10.636150 -0.408200
v 1.662975 10.633850 -1.523725
v 1.211800 10.633850 -1.902325
v 1.053125 10.636150 -1.704275
v 1.421525 10.636150 -1.355350
v 0.678325 10.633850 -2.151100
v 0.098250 10.633850 -2.253400
v 0.123575 10.636150 -1.960750
v 0.628050 10.636150 -1.902500
v -0.488150 10.633850 -2.202100
v -1.041600 10.633850 -2.000650
v -0.911475 10.636150 -1.722450
v -0.408975 10.636150 -1.905350
v -1.523775 10.633850 -1.663025
v -1.902375 10.633850 -1.211825
v -1.704075 10.636150 -1.053700
v -1.355050 10.636150 -1.422575
v -2.151150 10.633850 -0.678325
v -2.253450 10.633850 -0.098275
v -1.960250 10.636150 -0.124525
v -1.902300 10.636150 -0.628625
v -2.202150 10.633850 0.488125
v -2.000700 10.633850 1.041600
v -1.721300 10.636150 0.911425
v -1.904450 10.636150 0.408225
v -1.663075 10.633850 1.523775
v -1.211875 10.633850 1.902375
v -1.053200 10.636150 1.704350
v -1.421625 10.636150 1.355400
v -0.678375 10.633850 2.151150
v -0.098325 10.633850 2.253425
v -0.123625 10.636150 1.960800
v -0.628100 10.636150 1.902575
v 0.488075 10.633850 2.202125
v 1.041575 10.633850 2.000675
v 0.911450 10.636150 1.722450
v 0.408925 10.636150 1.905350
v 1.523750 10.633850 1.663025
v 1.902325 10.633850 1.211825
v 1.704050 10.636150 1.053725
v 1.355050 10.636150 1.422600
v 2.151100 10.633850 0.678350
v 2.253375 10.633850 0.098300
v 1.960175 10.636150 0.124525
v 1.902250 10.636150 0.628625
v 2.693500 9.723900 -1.402300
v 2.658450 9.782100 -1.384050
v 2.926125 9.782100 -0.648550
v 2.964700 9.723900 -0.657125
v 1.631500 9.723900 -2.561175
v 1.610275 9.782100 -2.527875
v 2.209825 9.782100 -2.024800
v 2.238950 9.723900 -2.051475
v 0.132300 9.723900 -3.033800
v 0.130600 9.782100 -2.994350
v 0.901350 9.782100 -2.858450
v 0.913225 9.723900 -2.896100
v -1.402350 9.723900 -2.693550
v -1.384100 9.782100 -2.658500
v -0.648600 9.782100 -2.926175
v -0.657175 9.723900 -2.964750
v -2.561225 9.723900 -1.631525
v -2.527925 9.782100 -1.610300
v -2.024850 9.782100 -2.209850
v -2.051525 9.723900 -2.238975
v -3.033850 9.723900 -0.132325
v -2.994375 9.782100 -0.130575
v -2.858475 9.782100 -0.901375
v -2.896150 9.723900 -0.913275
v -2.693600 9.723900 1.402325
v -2.658550 9.782100 1.384075
v -2.926225 9.782100 0.648625
v -2.964800 9.723900 0.657175
v -1.631550 9.723900 2.561225
v -1.610350 9.782100 2.527875
v -2.209900 9.782100 2.024800
v -2.239025 9.723900 2.051500
v -0.132375 9.723900 3.033800
v -0.130625 9.782100 2.994350
v -0.901425 9.782100 2.858450
v -0.913300 9.723900 2.896125
v 1.402275 9.723900 2.693550
v 1.384050 9.782100 2.658500
v 0.648600 9.782100 2.926175
v 0.657125 9.723900 2.964750
v 2.561175 9.723900 1.631550
v 2.527825 9.782100 1.610325
v 2.024750 9.782100 2.209875
v 2.051450 9.723900 2.239000
v 3.033775 9.723900 0.132350
v 2.994325 9.782100 0.130650
v 2.858425 9.782100 0.901400
v 2.896100 9.723900 0.913275
v 2.465650 9.806950 -1.283650
v 2.423375 9.869350 -1.261675
v 2.667400 9.869350 -0.591250
v 2.713925 9.806950 -0.601550
v 1.493500 9.806950 -2.344550
v 1.467875 9.869350 -2.304350
v 2.014400 9.869350 -1.845750
v 2.049550 9.806950 -1.877925
v 0.121125 9.806950 -2.777175
v 0.119050 9.869350 -2.729550
v 0.821650 9.869350 -2.605675
v 0.836000 9.806950 -2.651150
v -1.283700 9.806950 -2.465700
v -1.261725 9.869350 -2.423400
v -0.591275 9.869350 -2.667400
v -0.601575 9.806950 -2.713950
v -2.344550 9.806950 -1.493475
v -2.304375 9.869350 -1.467875
v -1.845775 9.869350 -2.014425
v -1.877950 9.806950 -2.049575
v -2.777225 9.806950 -0.121125
v -2.729600 9.869350 -0.119050
v -2.605725 9.869350 -0.821650
v -2.651175 9.806950 -0.835975
v -2.465700 9.806950 1.283700
v -2.423400 9.869350 1.261675
v -2.667425 9.869350 0.591250
v -2.713975 9.806950 0.601575
v -1.493525 9.806950 2.344550
v -1.467925 9.869350 2.304350
v -2.014450 9.869350 1.845750
v -2.049600 9.806950 1.877950
v -0.121175 9.806950 2.777200
v -0.119100 9.869350 2.729550
v -0.821700 9.869350 2.605675
v -0.836025 9.806950 2.651150
v 1.283650 9.806950 2.465700
v 1.261625 9.869350 2.423425
v 0.591200 9.869350 2.667425
v 0.601525 9.806950 2.713975
v 2.344500 9.806950 1.493525
v 2.304300 9.869350 1.467900
v 1.845700 9.869350 2.014450
v 1.877900 9.806950 2.049600
v 2.777150 9.806950 0.121150
v 2.729525 9.869350 0.119075
v 2.605625 9.869350 0.821675
v 2.651100 9.806950 0.836025
v 2.208950 10.561850 -1.150025
v 2.145225 10.624200 -1.116825
v 2.361225 10.624200 -0.523375
v 2.431375 10.561850 -0.538925
v 1.338000 10.561850 -2.100425
v 1.299375 10.624200 -2.039825
v 1.783175 10.624200 -1.633875
v 1.836175 10.561850 -1.682425
v 0.108475 10.561850 -2.488050
v 0.105350 10.624200 -2.416275
v 0.727350 10.624200 -2.306575
v 0.748950 10.561850 -2.375100
v -1.150075 10.561850 -2.208975
v -1.116875 10.624200 -2.145225
v -0.523425 10.624200 -2.361250
v -0.538975 10.561850 -2.431400
v -2.100450 10.561850 -1.338025
v -2.039850 10.624200 -1.299400
v -1.633900 10.624200 -1.783200
v -1.682450 10.561850 -1.836200
v -2.488100 10.561850 -0.108525
v -2.416325 10.624200 -0.105375
v -2.306625 10.624200 -0.727350
v -2.375150 10.561850 -0.748975
v -2.209025 10.561850 1.150025
v -2.145275 10.624200 1.116875
v -2.361300 10.624200 0.523400
v -2.431450 10.561850 0.538925
v -1.338025 10.561850 2.100475
v -1.299450 10.624200 2.039850
v -1.783250 10.624200 1.633900
v -1.836225 10.561850 1.682450
v -0.108575 10.561850 2.488050
v -0.105425 10.624200 2.416275
v -0.727400 10.624200 2.306600
v -0.749000 10.561850 2.375125
v 1.149975 10.561850 2.208975
v 1.116825 10.624200 2.145250
v 0.523350 10.624200 2.361275
v 0.538875 10.561850 2.431400
v 2.100450 10.561850 1.338025
v 2.039800 10.624200 1.299400
v 1.633850 10.624200 1.783200
v 1.682400 10.561850 1.836200
v 2.488050 10.561850 0.108525
v 2.416225 10.624200 0.105400
v 2.306550 10.624200 0.727375
v 2.375125 10.561850 0.748975
v 2.932050 9.013599 -1.526500
v 2.916125 9.038700 -1.518200
v 3.209750 9.038700 -0.711450
v 3.227275 9.013599 -0.715325
v 1.776000 9.013599 -2.787975
v 1.766350 9.038700 -2.772850
v 2.424000 9.038700 -2.221025
v 2.437250 9.013599 -2.233150
v 0.144025 9.013599 -3.302475
v 0.143225 9.038700 -3.284550
v 0.988725 9.038700 -3.135475
v 0.994125 9.013599 -3.152575
v -1.526525 9.013599 -2.932050
v -1.518225 9.038700 -2.916150
v -0.711500 9.038700 -3.209775
v -0.715375 9.013599 -3.227300
v -2.788025 9.013599 -1.776000
v -2.772900 9.038700 -1.766325
v -2.221050 9.038700 -2.424000
v -2.233175 9.013599 -2.437225
v -3.302525 9.013599 -0.144050
v -3.284600 9.038700 -0.143275
v -3.135525 9.038700 -0.988725
v -3.152625 9.013599 -0.994150
v -2.932100 9.013599 1.526500
v -2.916175 9.038700 1.518200
v -3.209800 9.038700 0.711450
v -3.227350 9.013599 0.715350
v -1.776025 9.013599 2.788050
v -1.766375 9.038700 2.772875
v -2.424050 9.038700 2.221050
v -2.437275 9.013599 2.233200
v -0.144100 9.013599 3.302525
v -0.143325 9.038700 3.284575
v -0.988775 9.038700 3.135475
v -0.994175 9.013599 3.152625
v 1.526450 9.013599 2.932100
v 1.518150 9.038700 2.916175
v 0.711400 9.038700 3.209800
v 0.715300 9.013599 3.227325
v 2.788000 9.013599 1.776025
v 2.772825 9.038700 1.766375
v 2.221000 9.038700 2.424025
v 2.233150 9.013599 2.437275
v 3.302475 9.013599 0.144075
v 3.284525 9.038700 0.143275
v 3.135425 9.038700 0.988775
v 3.152575 9.013599 0.994175
v 2.837950 9.051300 -1.477475
v 2.817925 9.101950 -1.467050
v 3.101675 9.101950 -0.687475
v 3.123700 9.051300 -0.692350
v 1.719000 9.051300 -2.698550
v 1.706875 9.101950 -2.679525
v 2.342400 9.101950 -2.146250
v 2.359025 9.051300 -2.161475
v 0.139425 9.051300 -3.196500
v 0.138425 9.101950 -3.173975
v 0.955425 9.101950 -3.029900
v 0.962225 9.051300 -3.051425
v -1.477525 9.051300 -2.837975
v -1.467100 9.101950 -2.817975
v -0.687525 9.101950 -3.101725
v -0.692400 9.051300 -3.123725
v -2.698575 9.051300 -1.719000
v -2.679575 9.101950 -1.706875
v -2.146300 9.101950 -2.342400
v -2.161525 9.051300 -2.359050
v -3.196550 9.051300 -0.139425
v -3.174025 9.101950 -0.138450
v -3.029950 9.101950 -0.955475
v -3.051450 9.051300 -0.962250
v -2.838000 9.051300 1.477475
v -2.818025 9.101950 1.467075
v -3.101775 9.101950 0.687525
v -3.123775 9.051300 0.692400
v -1.719025 9.051300 2.698550
v -1.706925 9.101950 2.679525
v -2.342450 9.101950 2.146250
v -2.359050 9.051300 2.161475
v -0.139450 9.051300 3.196500
v -0.138500 9.101950 3.174000
v -0.955525 9.101950 3.029925
v -0.962275 9.051300 3.051425
v 1.477450 9.051300 2.837975
v 1.467050 9.101950 2.817975
v 0.687500 9.101950 3.101725
v 0.692375 9.051300 3.123725
v 2.698500 9.051300 1.719000
v 2.679500 9.101950 1.706900
v 2.146200 9.101950 2.342425
v 2.161425 9.051300 2.359050
v 3.196450 9.051300 0.139475
v 3.173950 9.101950 0.138475
v 3.029900 9.101950 0.955475
v 3.051375 9.051300 0.962250
v 2.874675 8.892950 -1.496625
v 2.891300 8.800600 -1.505250
v 3.182425 8.800600 -0.705400
v 3.164150 8.892950 -0.701350
v 1.741200 8.892950 -2.733475
v 1.751275 8.800600 -2.749275
v 2.403350 8.800600 -2.202100
v 2.389525 8.892950 -2.189475
v 0.141200 8.892950 -3.237900
v 0.142050 8.800600 -3.256600
v 0.980300 8.800600 -3.108800
v 0.974650 8.892950 -3.090925
v -1.496675 8.892950 -2.874700
v -1.505300 8.800600 -2.891300
v -0.705425 8.800600 -3.182450
v -0.701400 8.892950 -3.164175
v -2.733475 8.892950 -1.741250
v -2.749300 8.800600 -1.751325
v -2.202150 8.800600 -2.403375
v -2.189500 8.892950 -2.389575
v -3.237925 8.892950 -0.141225
v -3.256650 8.800600 -0.142025
v -3.108825 8.800600 -0.980300
v -3.090950 8.892950 -0.974675
v -2.874750 8.892950 1.496625
v -2.891350 8.800600 1.505300
v -3.182500 8.800600 0.705425
v -3.164200 8.892950 0.701350
v -1.741300 8.892950 2.733475
v -1.751375 8.800600 2.749275
v -2.403425 8.800600 2.202125
v -2.389625 8.892950 2.189475
v -0.141275 8.892950 3.237900
v -0.142075 8.800600 3.256600
v -0.980350 8.800600 3.108800
v -0.974725 8.892950 3.090925
v 1.496575 8.892950 2.874700
v 1.505250 8.800600 2.891325
v 0.705375 8.800600 3.182450
v 0.701300 8.892950 3.164175
v 2.733450 8.892950 1.741250
v 2.749225 8.800600 1.751325
v 2.202075 8.800600 2.403400
v 2.189425 8.892950 2.389575
v 3.237850 8.892950 0.141250
v 3.256550 8.800600 0.142075
v 3.108750 8.800600 0.980350
v 3.090900 8.892950 0.974700
v 2.831275 8.951350 -1.474050
v 2.859025 8.950150 -1.488500
v 3.146900 8.950150 -0.697550
v 3.116350 8.951350 -0.690775
v 1.714950 8.951350 -2.692200
v 1.731775 8.950150 -2.718600
v 2.376550 8.950150 -2.177550
v 2.353475 8.951350 -2.156425
v 0.139075 8.951350 -3.189000
v 0.140425 8.950150 -3.220275
v 0.969375 8.950150 -3.074125
v 0.959975 8.951350 -3.044250
v -1.474100 8.951350 -2.831300
v -1.488550 8.950150 -2.859050
v -0.697600 8.950150 -3.146950
v -0.690825 8.951350 -3.116400
v -2.692250 8.951350 -1.714950
v -2.718625 8.950150 -1.731775
v -2.177600 8.950150 -2.376550
v -2.156475 8.951350 -2.353475
v -3.189025 8.951350 -0.139075
v -3.220300 8.950150 -0.140450
v -3.074125 8.950150 -0.969375
v -3.044275 8.951350 -0.959950
v -2.831350 8.951350 1.474050
v -2.859100 8.950150 1.488500
v -3.147000 8.950150 0.697550
v -3.116450 8.951350 0.690775
v -1.715000 8.951350 2.692200
v -1.731825 8.950150 2.718625
v -2.376600 8.950150 2.177575
v -2.353525 8.951350 2.156425
v -0.139125 8.951350 3.189025
v -0.140500 8.950150 3.220275
v -0.969425 8.950150 3.074125
v -0.960000 8.951350 3.044275
v 1.474000 8.951350 2.831300
v 1.488450 8.950150 2.859050
v 0.697500 8.950150 3.146950
v 0.690725 8.951350 3.116400
v 2.692150 8.951350 1.715000
v 2.718575 8.950150 1.731825
v 2.177525 8.950150 2.376575
v 2.156375 8.951350 2.353500
v 3.188975 8.951350 0.139125
v 3.220225 8.950150 0.140475
v 3.074075 8.950150 0.969425
v 3.044225 8.951350 0.960025
v 2.661400 9.486300 -1.385575
v 2.711600 9.222250 -1.411700
v 2.984650 9.222250 -0.661550
v 2.929375 9.486300 -0.649300
v 1.612075 9.486300 -2.530675
v 1.642450 9.222250 -2.578400
v 2.253975 9.222250 -2.065275
v 2.212275 9.486300 -2.027050
v 0.130725 9.486300 -2.997650
v 0.133175 9.222250 -3.054175
v 0.919375 9.222250 -2.915550
v 0.902375 9.486300 -2.861575
v -1.385625 9.486300 -2.661425
v -1.411750 9.222250 -2.711625
v -0.661600 9.222250 -2.984650
v -0.649350 9.486300 -2.929425
v -2.530675 9.486300 -1.612075
v -2.578425 9.222250 -1.642475
v -2.065300 9.222250 -2.254000
v -2.027050 9.486300 -2.212275
v -2.997700 9.486300 -0.130750
v -3.054225 9.222250 -0.133200
v -2.915600 9.222250 -0.919400
v -2.861625 9.486300 -0.902375
v -2.661450 9.486300 1.385575
v -2.711650 9.222250 1.411725
v -2.984675 9.222250 0.661575
v -2.929450 9.486300 0.649300
v -1.612075 9.486300 2.530700
v -1.642500 9.222250 2.578425
v -2.254050 9.222250 2.065275
v -2.212300 9.486300 2.027050
v -0.130800 9.486300 2.997650
v -0.133250 9.222250 3.054175
v -0.919425 9.222250 2.915575
v -0.902400 9.486300 2.861600
v 1.385550 9.486300 2.661425
v 1.411700 9.222250 2.711650
v 0.661550 9.222250 2.984675
v 0.649275 9.486300 2.929425
v 2.530650 9.486300 1.612100
v 2.578375 9.222250 1.642500
v 2.065225 9.222250 2.254025
v 2.027000 9.486300 2.212300
v 2.997625 9.486300 0.130775
v 3.054150 9.222250 0.133225
v 2.915525 9.222250 0.919425
v 2.861575 9.486300 0.902400
v 2.495350 9.701401 -1.299100
v 2.567925 9.698550 -1.336900
v 2.826500 9.698550 -0.626500
v 2.746600 9.701401 -0.608775
v 1.511450 9.701401 -2.372750
v 1.555425 9.698550 -2.441775
v 2.134550 9.698550 -1.955800
v 2.074225 9.701401 -1.900525
v 0.122575 9.701401 -2.810600
v 0.126150 9.698550 -2.892325
v 0.870675 9.698550 -2.761075
v 0.846050 9.701401 -2.683025
v -1.299150 9.701401 -2.495325
v -1.336925 9.698550 -2.567925
v -0.626525 9.698550 -2.826475
v -0.608825 9.701401 -2.746600
v -2.372800 9.701401 -1.511475
v -2.441825 9.698550 -1.555425
v -1.955850 9.698550 -2.134575
v -1.900575 9.701401 -2.074225
v -2.810625 9.701401 -0.122600
v -2.892375 9.698550 -0.126175
v -2.761125 9.698550 -0.870650
v -2.683075 9.701401 -0.846075
v -2.495375 9.701401 1.299125
v -2.567975 9.698550 1.336925
v -2.826525 9.698550 0.626500
v -2.746625 9.701401 0.608800
v -1.511525 9.701401 2.372750
v -1.555475 9.698550 2.441775
v -2.134625 9.698550 1.955825
v -2.074275 9.701401 1.900550
v -0.122650 9.701401 2.810625
v -0.126200 9.698550 2.892375
v -0.870700 9.698550 2.761075
v -0.846125 9.701401 2.683025
v 1.299100 9.701401 2.495350
v 1.336900 9.698550 2.567950
v 0.626475 9.698550 2.826525
v 0.608750 9.701401 2.746625
v 2.372725 9.701401 1.511500
v 2.441725 9.698550 1.555475
v 1.955800 9.698550 2.134600
v 1.900525 9.701401 2.074250
v 2.810575 9.701401 0.122625
v 2.892325 9.698550 0.126200
v 2.761025 9.698550 0.870725
v 2.683000 9.701401 0.846100
v 2.204975 10.298950 -1.147950
v 2.291775 10.006001 -1.193150
v 2.522525 10.006001 -0.559125
v 2.426975 10.298950 -0.537950
v 1.335575 10.298950 -2.096625
v 1.388150 10.006001 -2.179175
v 1.905000 10.006001 -1.745500
v 1.832850 10.298950 -1.679375
v 0.108300 10.298950 -2.483525
v 0.112575 10.006001 -2.581325
v 0.777050 10.006001 -2.464150
v 0.747600 10.298950 -2.370800
v -1.148000 10.298950 -2.204975
v -1.193200 10.006001 -2.291800
v -0.559175 10.006001 -2.522550
v -0.538000 10.298950 -2.426975
v -2.096675 10.298950 -1.335600
v -2.179225 10.006001 -1.388175
v -1.745550 10.006001 -1.905050
v -1.679425 10.298950 -1.832875
v -2.483575 10.298950 -0.108325
v -2.581375 10.006001 -0.112600
v -2.464200 10.006001 -0.777050
v -2.370850 10.298950 -0.747625
v -2.205025 10.298950 1.147975
v -2.291825 10.006001 1.193175
v -2.522600 10.006001 0.559150
v -2.427025 10.298950 0.537975
v -1.335650 10.298950 2.096650
v -1.388225 10.006001 2.179225
v -1.905075 10.006001 1.745525
v -1.832925 10.298950 1.679400
v -0.108375 10.298950 2.483525
v -0.112625 10.006001 2.581325
v -0.777075 10.006001 2.464175
v -0.747675 10.298950 2.370800
v 1.147925 10.298950 2.205000
v 1.193125 10.006001 2.291825
v 0.559100 10.006001 2.522575
v 0.537925 10.298950 2.427000
v 2.096625 10.298950 1.335625
v 2.179175 10.006001 1.388200
v 1.745475 10.006001 1.905050
v 1.679350 10.298950 1.832900
v 2.483500 10.298950 0.108350
v 2.581275 10.006001 0.112625
v 2.464125 10.006001 0.777100
v 2.370800 10.298950 0.747650
v -0.490950 10.533200 1.065175
v -0.258000 10.533600 1.550625
v -0.738075 10.533976 1.585975
v -1.017025 10.533600 1.196100
v 0.554475 10.533200 0.734600
v 0.742425 10.533600 1.284725
v 0.257025 10.533600 1.461400
v 0.047350 10.533200 0.919175
v 1.547900 10.533600 0.262550
v 1.584800 10.533976 0.740525
v 1.194325 10.533600 1.022025
v 1.060725 10.533200 0.500400
v -0.911150 10.533200 0.040125
v -0.723775 10.533200 0.554975
v -1.278850 10.533600 0.742325
v -1.456800 10.533600 0.253425
v 0.165775 10.533200 -0.364900
v 0.361550 10.533200 0.173000
v -0.165850 10.533200 0.364950
v -0.361600 10.533200 -0.172950
v 1.278825 10.533600 -0.742250
v 1.456775 10.533600 -0.253350
v 0.911100 10.533200 -0.040075
v 0.723700 10.533200 -0.554900
v -1.194375 10.533600 -1.022000
v -1.060775 10.533200 -0.500400
v -1.547925 10.533600 -0.262525
v -1.584825 10.533976 -0.740500
v -0.257075 10.533600 -1.461400
v -0.047425 10.533200 -0.919175
v -0.554550 10.533200 -0.734600
v -0.742500 10.533600 -1.284725
v 0.738000 10.533976 -1.585950
v 1.016975 10.533600 -1.196075
v 0.490900 10.533200 -1.065150
v 0.257975 10.533600 -1.550600
v 1.711650 10.535300 -0.906400
v 1.976850 10.537849 -1.029200
v 2.175900 10.537849 -0.482300
v 1.893825 10.535300 -0.405850
v 1.046925 10.535475 -1.694375
v 1.197375 10.537849 -1.879700
v 1.643225 10.537849 -1.505650
v 1.413575 10.535300 -1.348050
v 0.123100 10.535300 -1.949900
v 0.097075 10.537849 -2.226600
v 0.670225 10.537849 -2.125525
v 0.624400 10.535475 -1.891400
v -0.906500 10.535300 -1.712800
v -1.029225 10.537849 -1.976850
v -0.482350 10.537849 -2.175900
v -0.406650 10.535300 -1.894725
v -1.694150 10.535475 -1.047500
v -1.879750 10.537849 -1.197400
v -1.505675 10.537849 -1.643225
v -1.347750 10.535300 -1.414550
v -1.949400 10.535300 -0.124025
v -2.226650 10.537849 -0.097125
v -2.125575 10.537849 -0.670275
v -1.891175 10.535475 -0.625000
v -1.711650 10.535300 0.906425
v -1.976900 10.537849 1.029225
v -2.175950 10.537849 0.482325
v -1.893825 10.535300 0.405900
v -1.047000 10.535475 1.694400
v -1.197450 10.537849 1.879750
v -1.643275 10.537849 1.505650
v -1.413600 10.535300 1.348050
v -0.123150 10.535300 1.949950
v -0.097150 10.537849 2.226625
v -0.670300 10.537849 2.125575
v -0.624475 10.535475 1.891450
v 0.906425 10.535300 1.712825
v 1.029175 10.537849 1.976875
v 0.482275 10.537849 2.175950
v 0.406575 10.535300 1.894775
v 1.694100 10.535475 1.047550
v 1.879700 10.537849 1.197425
v 1.505600 10.537849 1.643250
v 1.347675 10.535300 1.414600
v 1.949375 10.535300 0.124050
v 2.226575 10.537849 0.097125
v 2.125525 10.537849 0.670275
v 1.891150 10.535475 0.625000
v 2.875400 9.700600 -0.637325
v 2.612350 9.700600 -1.360025
v 2.630950 9.658899 -1.369700
v 2.895850 9.658899 -0.641850
v 2.171475 9.700600 -1.989650
v 1.582325 9.700600 -2.484025
v 1.593600 9.658899 -2.501700
v 2.186950 9.658899 -2.003825
v 0.885725 9.700600 -2.808850
v 0.128325 9.700600 -2.942400
v 0.129225 9.658899 -2.963350
v 0.892025 9.658899 -2.828825
v -0.637350 9.700600 -2.875425
v -1.360050 9.700600 -2.612400
v -1.369750 9.658899 -2.630975
v -0.641900 9.658899 -2.895900
v -1.989700 9.700600 -2.171525
v -2.484075 9.700600 -1.582350
v -2.501725 9.658899 -1.593625
v -2.003850 9.658899 -2.186975
v -2.808900 9.700600 -0.885725
v -2.942450 9.700600 -0.128350
v -2.963400 9.658899 -0.129275
v -2.828875 9.658899 -0.892050
v -2.875475 9.700600 0.637350
v -2.612425 9.700600 1.360075
v -2.631000 9.658899 1.369750
v -2.895950 9.658899 0.641875
v -2.171550 9.700600 1.989675
v -1.582400 9.700600 2.484050
v -1.593650 9.658899 2.501725
v -2.186975 9.658899 2.003850
v -0.885775 9.700600 2.808875
v -0.128375 9.700600 2.942425
v -0.129325 9.658899 2.963350
v -0.892100 9.658899 2.828850
v 0.637325 9.700600 2.875450
v 1.360050 9.700600 2.612400
v 1.369700 9.658899 2.630975
v 0.641825 9.658899 2.895900
v 1.989650 9.700600 2.171525
v 2.484000 9.700600 1.582375
v 2.501675 9.658899 1.593625
v 2.003800 9.658899 2.186975
v 2.808850 9.700600 0.885775
v 2.942400 9.700600 0.128375
v 2.963350 9.658899 0.129275
v 2.828850 9.658899 0.892050
v 2.607125 9.795099 -0.577850
v 2.368625 9.795099 -1.233150
v 2.427750 9.719151 -1.263925
v 2.672200 9.719151 -0.592275
v 1.968875 9.795099 -1.804050
v 1.434700 9.795099 -2.252275
v 1.470500 9.719151 -2.308500
v 2.018025 9.719151 -1.849075
v 0.803100 9.795099 -2.546800
v 0.116350 9.795099 -2.667900
v 0.119250 9.719151 -2.734500
v 0.823125 9.719151 -2.610375
v -0.577900 9.795099 -2.607150
v -1.233200 9.795099 -2.368650
v -1.263975 9.719151 -2.427750
v -0.592325 9.719151 -2.672225
v -1.804100 9.795099 -1.968925
v -2.252325 9.795099 -1.434725
v -2.308550 9.719151 -1.470550
v -1.849125 9.719151 -2.018050
v -2.546850 9.795099 -0.803125
v -2.667950 9.795099 -0.116400
v -2.734525 9.719151 -0.119275
v -2.610425 9.719151 -0.823175
v -2.607200 9.795099 0.577900
v -2.368675 9.795099 1.233200
v -2.427800 9.719151 1.263950
v -2.672250 9.719151 0.592325
v -1.968950 9.795099 1.804050
v -1.434775 9.795099 2.252300
v -1.470600 9.719151 2.308500
v -2.018100 9.719151 1.849075
v -0.803150 9.795099 2.546825
v -0.116425 9.795099 2.667900
v -0.119325 9.719151 2.734500
v -0.823225 9.719151 2.610375
v 0.577850 9.795099 2.607175
v 1.233150 9.795099 2.368675
v 1.263925 9.719151 2.427775
v 0.592275 9.719151 2.672250
v 1.804000 9.795099 1.968925
v 2.252250 9.795099 1.434750
v 2.308475 9.719151 1.470550
v 1.849050 9.719151 2.018050
v 2.546775 9.795099 0.803150
v 2.667850 9.795099 0.116400
v 2.734450 9.719151 0.119300
v 2.610350 9.719151 0.823175
v 2.315175 10.539351 -0.513175
v 2.103375 10.539351 -1.095075
v 2.149950 10.491350 -1.119300
v 2.366425 10.491350 -0.524525
v 1.748400 10.539351 -1.602025
v 1.274025 10.539351 -2.000050
v 1.302250 10.491350 -2.044325
v 1.787125 10.491350 -1.637475
v 0.713125 10.539351 -2.261600
v 0.103275 10.539351 -2.369125
v 0.105575 10.491350 -2.421550
v 0.728925 10.491350 -2.311650
v -0.513225 10.539351 -2.315200
v -1.095100 10.539351 -2.103425
v -1.119350 10.491350 -2.149975
v -0.524575 10.491350 -2.366425
v -1.602050 10.539351 -1.748450
v -2.000100 10.539351 -1.274075
v -2.044375 10.491350 -1.302275
v -1.637525 10.491350 -1.787150
v -2.261650 10.539351 -0.713175
v -2.369175 10.539351 -0.103325
v -2.421600 10.491350 -0.105625
v -2.311700 10.491350 -0.728975
v -2.315250 10.539351 0.513200
v -2.103450 10.539351 1.095100
v -2.150000 10.491350 1.119325
v -2.366475 10.491350 0.524550
v -1.748475 10.539351 1.602025
v -1.274125 10.539351 2.000075
v -1.302325 10.491350 2.044325
v -1.787175 10.491350 1.637475
v -0.713225 10.539351 2.261650
v -0.103375 10.539351 2.369175
v -0.105675 10.491350 2.421600
v -0.729025 10.491350 2.311675
v 0.513150 10.539351 2.315225
v 1.095050 10.539351 2.103425
v 1.119275 10.491350 2.149975
v 0.524500 10.491350 2.366450
v 1.602000 10.539351 1.748450
v 2.000050 10.539351 1.274075
v 2.044325 10.491350 1.302300
v 1.637450 10.491350 1.787175
v 2.261600 10.539351 0.713175
v 2.369125 10.539351 0.103325
v 2.421575 10.491350 0.105625
v 2.311675 10.491350 0.728975
v 3.159250 8.956800 -0.700275
v 2.870250 8.956800 -1.494325
v 2.869175 8.950000 -1.493750
v 3.158075 8.950000 -0.700000
v 2.385875 8.956800 -2.186075
v 1.738575 8.956800 -2.729250
v 1.737900 8.950000 -2.728225
v 2.384975 8.950000 -2.185275
v 0.973175 8.956800 -3.086175
v 0.140975 8.956800 -3.232900
v 0.140925 8.950000 -3.231700
v 0.972800 8.950000 -3.085000
v -0.700325 8.956800 -3.159300
v -1.494375 8.956800 -2.870275
v -1.493800 8.950000 -2.869200
v -0.700050 8.950000 -3.158125
v -2.186125 8.956800 -2.385875
v -2.729275 8.956800 -1.738575
v -2.728250 8.950000 -1.737900
v -2.185300 8.950000 -2.384975
v -3.086200 8.956800 -0.973200
v -3.232950 8.956800 -0.141025
v -3.231725 8.950000 -0.140975
v -3.085050 8.950000 -0.972825
v -3.159350 8.956800 0.700275
v -2.870325 8.956800 1.494325
v -2.869250 8.950000 1.493750
v -3.158150 8.950000 0.700000
v -2.385925 8.956800 2.186125
v -1.738625 8.956800 2.729300
v -1.737950 8.950000 2.728250
v -2.385025 8.950000 2.185300
v -0.973250 8.956800 3.086175
v -0.141075 8.956800 3.232900
v -0.141025 8.950000 3.231700
v -0.972875 8.950000 3.085000
v 0.700225 8.956800 3.159300
v 1.494275 8.956800 2.870300
v 1.493700 8.950000 2.869225
v 0.699950 8.950000 3.158125
v 2.186075 8.956800 2.385925
v 2.729250 8.956800 1.738600
v 2.728225 8.950000 1.737925
v 2.185250 8.950000 2.385025
v 3.086125 8.956800 0.973200
v 3.232850 8.956800 0.141025
v 3.231650 8.950000 0.140975
v 3.084975 8.950000 0.972825
v 3.037450 9.032949 -0.673250
v 2.759575 9.032949 -1.436675
v 2.797400 8.966200 -1.456400
v 3.079075 8.966200 -0.682500
v 2.293850 9.032949 -2.101800
v 1.671500 9.032949 -2.624000
v 1.694425 8.966200 -2.659975
v 2.325300 8.966200 -2.130625
v 0.935625 9.032949 -2.967125
v 0.135525 9.032949 -3.108200
v 0.137400 8.966200 -3.150825
v 0.948475 8.966200 -3.007800
v -0.673300 9.032949 -3.037425
v -1.436725 9.032949 -2.759575
v -1.456450 8.966200 -2.797425
v -0.682550 8.966200 -3.079100
v -2.101850 9.032949 -2.293875
v -2.624050 9.032949 -1.671525
v -2.660025 8.966200 -1.694450
v -2.130675 8.966200 -2.325325
v -2.967175 9.032949 -0.935675
v -3.108250 9.032949 -0.135575
v -3.150875 8.966200 -0.137425
v -3.007850 8.966200 -0.948500
v -3.037475 9.032949 0.673275
v -2.759625 9.032949 1.436700
v -2.797475 8.966200 1.456400
v -3.079150 8.966200 0.682500
v -2.293925 9.032949 2.101800
v -1.671575 9.032949 2.624025
v -1.694500 8.966200 2.660000
v -2.325375 8.966200 2.130625
v -0.935725 9.032949 2.967150
v -0.135625 9.032949 3.108200
v -0.137475 8.966200 3.150850
v -0.948550 8.966200 3.007850
v 0.673250 9.032949 3.037450
v 1.436675 9.032949 2.759600
v 1.456375 8.966200 2.797425
v 0.682475 8.966200 3.079100
v 2.101750 9.032949 2.293900
v 2.623975 9.032949 1.671550
v 2.659950 8.966200 1.694475
v 2.130575 8.966200 2.325350
v 2.967100 9.032949 0.935675
v 3.108175 9.032949 0.135575
v 3.150800 8.966200 0.137450
v 3.007800 8.966200 0.948525
v 2.976125 8.759100 -1.549425
v 3.275800 8.759100 -0.726100
v 3.265725 8.738250 -0.723875
v 2.966975 8.738250 -1.544675
v 2.952725 8.734550 -1.537275
v 3.250075 8.734550 -0.720400
v 3.234400 8.730850 -0.716925
v 2.938500 8.730850 -1.529850
v 2.924275 8.727150 -1.522450
v 3.218725 8.727150 -0.713450
v 3.202075 8.739599 -0.709750
v 2.909150 8.739599 -1.514550
v 1.802675 8.759100 -2.829925
v 2.473875 8.759100 -2.266700
v 2.466275 8.738250 -2.259750
v 1.797125 8.738250 -2.821225
v 1.788500 8.734550 -2.807675
v 2.454425 8.734550 -2.248925
v 2.442600 8.730850 -2.238075
v 1.779900 8.730850 -2.794150
v 1.771275 8.727150 -2.780650
v 2.430775 8.727150 -2.227250
v 2.418200 8.739599 -2.215725
v 1.762100 8.739599 -2.766275
v 0.146200 8.759100 -3.352150
v 1.009075 8.759100 -3.200000
v 1.005975 8.738250 -3.190150
v 0.145750 8.738250 -3.341825
v 0.145050 8.734550 -3.325800
v 1.001150 8.734550 -3.174850
v 0.996325 8.730850 -3.159575
v 0.144350 8.730850 -3.309800
v 0.143650 8.727150 -3.293775
v 0.991475 8.727150 -3.144275
v 0.986350 8.739599 -3.128000
v 0.142925 8.739599 -3.276725
v -1.549475 8.759100 -2.976125
v -0.726150 8.759100 -3.275825
v -0.723925 8.738250 -3.265750
v -1.544725 8.738250 -2.967000
v -1.537325 8.734550 -2.952775
v -0.720450 8.734550 -3.250075
v -0.716950 8.730850 -3.234425
v -1.529900 8.730850 -2.938550
v -1.522500 8.727150 -2.924325
v -0.713475 8.727150 -3.218775
v -0.709775 8.739599 -3.202125
v -1.514600 8.739599 -2.909175
v -2.829950 8.759100 -1.802700
v -2.266750 8.759100 -2.473875
v -2.259800 8.738250 -2.466300
v -2.821275 8.738250 -1.797175
v -2.807725 8.734550 -1.788550
v -2.248975 8.734550 -2.454475
v -2.238125 8.730850 -2.442650
v -2.794200 8.730850 -1.779925
v -2.780675 8.727150 -1.771300
v -2.227275 8.727150 -2.430825
v -2.215750 8.739599 -2.418225
v -2.766300 8.739599 -1.762150
v -3.352175 8.759100 -0.146200
v -3.200025 8.759100 -1.009075
v -3.190200 8.738250 -1.005975
v -3.341875 8.738250 -0.145750
v -3.325850 8.734550 -0.145050
v -3.174900 8.734550 -1.001150
v -3.159625 8.730850 -0.996325
v -3.309850 8.730850 -0.144350
v -3.293825 8.727150 -0.143650
v -3.144325 8.727150 -0.991500
v -3.128050 8.739599 -0.986375
v -3.276775 8.739599 -0.142900
v -2.976175 8.759100 1.549450
v -3.275850 8.759100 0.726100
v -3.265800 8.738250 0.723875
v -2.967050 8.738250 1.544700
v -2.952825 8.734550 1.537300
v -3.250125 8.734550 0.720425
v -3.234475 8.730850 0.716950
v -2.938600 8.730850 1.529875
v -2.924375 8.727150 1.522450
v -3.218825 8.727150 0.713475
v -3.202175 8.739599 0.709800
v -2.909225 8.739599 1.514600
v -1.802725 8.759100 2.829950
v -2.473925 8.759100 2.266750
v -2.466350 8.738250 2.259775
v -1.797200 8.738250 2.821225
v -1.788600 8.734550 2.807725
v -2.454525 8.734550 2.248950
v -2.442700 8.730850 2.238125
v -1.779975 8.730850 2.794225
v -1.771350 8.727150 2.780675
v -2.430875 8.727150 2.227275
v -2.418275 8.739599 2.215750
v -1.762200 8.739599 2.766275
v -0.146250 8.759100 3.352175
v -1.009100 8.759100 3.200025
v -1.006000 8.738250 3.190175
v -0.145800 8.738250 3.341875
v -0.145100 8.734550 3.325825
v -1.001200 8.734550 3.174875
v -0.996375 8.730850 3.159600
v -0.144400 8.730850 3.309800
v -0.143700 8.727150 3.293800
v -0.991550 8.727150 3.144300
v -0.986425 8.739599 3.128025
v -0.142950 8.739599 3.276750
v 1.549400 8.759100 2.976175
v 0.726050 8.759100 3.275850
v 0.723825 8.738250 3.265775
v 1.544650 8.738250 2.967025
v 1.537250 8.734550 2.952775
v 0.720375 8.734550 3.250100
v 0.716900 8.730850 3.234425
v 1.529825 8.730850 2.938550
v 1.522400 8.727150 2.924325
v 0.713425 8.727150 3.218775
v 0.709750 8.739599 3.202125
v 1.514550 8.739599 2.909200
v 2.829900 8.759100 1.802725
v 2.266700 8.759100 2.473925
v 2.259725 8.738250 2.466325
v 2.821175 8.738250 1.797175
v 2.807675 8.734550 1.788550
v 2.248900 8.734550 2.454475
v 2.238075 8.730850 2.442650
v 2.794175 8.730850 1.779950
v 2.780625 8.727150 1.771325
v 2.227225 8.727150 2.430825
v 2.215700 8.739599 2.418250
v 2.766225 8.739599 1.762150
v 3.352125 8.759100 0.146250
v 3.199975 8.759100 1.009125
v 3.190125 8.738250 1.006025
v 3.341825 8.738250 0.145800
v 3.325800 8.734550 0.145075
v 3.174825 8.734550 1.001175
v 3.159550 8.730850 0.996350
v 3.309775 8.730850 0.144350
v 3.293750 8.727150 0.143675
v 3.144250 8.727150 0.991525
v 3.127975 8.739599 0.986400
v 3.276700 8.739599 0.142950
vt 0.994066 0.608787
vt 0.988441 0.651128
vt 0.983786 0.649870
vt 0.989227 0.608787
vt 0.972039 0.690597
vt 0.967902 0.688194
vt 0.963686 0.685755
vt 0.979098 0.648642
vt 0.984370 0.608788
vt 0.946016 0.724484
vt 0.942627 0.721056
vt 0.912100 0.750436
vt 0.909712 0.746292
vt 0.907313 0.742084
vt 0.939169 0.717637
vt 0.872628 0.766744
vt 0.871372 0.762097
vt 0.830300 0.772298
vt 0.830300 0.767516
vt 0.830300 0.762659
vt 0.870152 0.757409
vt 0.787975 0.766722
vt 0.789239 0.762084
vt 0.748531 0.750337
vt 0.750966 0.746203
vt 0.753375 0.742006
vt 0.790461 0.757398
vt 0.714677 0.724328
vt 0.718081 0.720948
vt 0.688683 0.690500
vt 0.692867 0.688112
vt 0.697036 0.685714
vt 0.721533 0.717548
vt 0.672358 0.651116
vt 0.677013 0.649850
vt 0.666791 0.608798
vt 0.671581 0.608789
vt 0.676420 0.608789
vt 0.681691 0.648583
vt 0.672291 0.566463
vt 0.676983 0.567672
vt 0.688595 0.526998
vt 0.692786 0.529377
vt 0.696994 0.531777
vt 0.681622 0.568939
vt 0.714578 0.493075
vt 0.717983 0.496463
vt 0.748442 0.467005
vt 0.750869 0.471188
vt 0.753284 0.475395
vt 0.721442 0.499873
vt 0.787953 0.450650
vt 0.789170 0.455311
vt 0.830311 0.445033
vt 0.830302 0.449853
vt 0.830300 0.454663
vt 0.790430 0.459991
vt 0.872716 0.450572
vt 0.871448 0.455223
vt 0.912200 0.466906
vt 0.909802 0.471088
vt 0.907338 0.475295
vt 0.870172 0.459903
vt 0.946114 0.492975
vt 0.942716 0.496363
vt 0.972127 0.526900
vt 0.967934 0.529286
vt 0.963766 0.531678
vt 0.939256 0.499773
vt 0.988508 0.566384
vt 0.983798 0.567641
vt 0.979119 0.568861
vt 0.980825 0.608787
vt 0.975666 0.647730
vt 0.974184 0.647297
vt 0.979313 0.608787
vt 0.960602 0.684009
vt 0.959289 0.683241
vt 0.957984 0.682487
vt 0.972752 0.646911
vt 0.977811 0.608788
vt 0.936648 0.715127
vt 0.935600 0.714022
vt 0.905513 0.739000
vt 0.904761 0.737678
vt 0.904002 0.736372
vt 0.934552 0.712964
vt 0.869239 0.753977
vt 0.868853 0.752497
vt 0.830302 0.759103
vt 0.830309 0.757602
vt 0.830302 0.756100
vt 0.868420 0.751063
vt 0.791383 0.753909
vt 0.791816 0.752475
vt 0.755177 0.738913
vt 0.755936 0.737589
vt 0.756678 0.736286
vt 0.792200 0.751050
vt 0.724061 0.715028
vt 0.725102 0.713922
vt 0.700167 0.683913
vt 0.701433 0.683152
vt 0.702728 0.682400
vt 0.726147 0.712873
vt 0.685131 0.647661
vt 0.686605 0.647275
vt 0.679975 0.608789
vt 0.681487 0.608787
vt 0.682989 0.608788
vt 0.688036 0.646889
vt 0.685102 0.569861
vt 0.686545 0.570238
vt 0.700086 0.533587
vt 0.701392 0.534338
vt 0.702658 0.535089
vt 0.688017 0.570623
vt 0.723963 0.502450
vt 0.725011 0.503498
vt 0.755086 0.478489
vt 0.755838 0.479802
vt 0.756589 0.481059
vt 0.726052 0.504539
vt 0.791352 0.463433
vt 0.791737 0.464914
vt 0.830300 0.458275
vt 0.830300 0.459787
vt 0.830300 0.461289
vt 0.792123 0.466339
vt 0.869259 0.463402
vt 0.868875 0.464847
vt 0.905592 0.478398
vt 0.904848 0.479714
vt 0.904089 0.481027
vt 0.868489 0.466327
vt 0.936747 0.502350
vt 0.935691 0.503400
vt 0.960692 0.533489
vt 0.959384 0.534248
vt 0.958064 0.535000
vt 0.934595 0.504448
vt 0.975697 0.569783
vt 0.974253 0.570216
vt 0.972773 0.570602
vt 0.971559 0.608767
vt 0.966678 0.645273
vt 0.956480 0.642527
vt 0.960958 0.608709
vt 0.952559 0.679330
vt 0.943408 0.674052
vt 0.934622 0.668919
vt 0.946639 0.639861
vt 0.950784 0.608700
vt 0.930105 0.708517
vt 0.922652 0.701061
vt 0.900853 0.730956
vt 0.895587 0.721787
vt 0.890519 0.712955
vt 0.915469 0.693861
vt 0.866841 0.745036
vt 0.864125 0.734798
vt 0.830311 0.749794
vt 0.830323 0.739248
vt 0.830378 0.729095
vt 0.861525 0.724953
vt 0.793827 0.744969
vt 0.796573 0.734788
vt 0.759781 0.730880
vt 0.765116 0.721767
vt 0.770202 0.712952
vt 0.799237 0.724944
vt 0.730594 0.708484
vt 0.738114 0.700992
vt 0.708155 0.679252
vt 0.717325 0.673978
vt 0.726156 0.668919
vt 0.745306 0.693850
vt 0.694109 0.645253
vt 0.704309 0.642536
vt 0.689241 0.608787
vt 0.699841 0.608789
vt 0.709994 0.608798
vt 0.714147 0.639938
vt 0.694052 0.572259
vt 0.704280 0.574986
vt 0.708122 0.538247
vt 0.717233 0.543514
vt 0.726050 0.548591
vt 0.714078 0.577641
vt 0.730497 0.508995
vt 0.737950 0.516448
vt 0.759691 0.486531
vt 0.765005 0.495691
vt 0.770092 0.504478
vt 0.745150 0.523631
vt 0.793750 0.472366
vt 0.796484 0.482611
vt 0.830300 0.467531
vt 0.830300 0.478139
vt 0.830300 0.488295
vt 0.799141 0.492459
vt 0.866852 0.472353
vt 0.864116 0.482589
vt 0.900930 0.486444
vt 0.895597 0.495602
vt 0.890509 0.504380
vt 0.861459 0.492381
vt 0.930194 0.508895
vt 0.922673 0.516348
vt 0.952655 0.538147
vt 0.943477 0.543414
vt 0.934631 0.548491
vt 0.915470 0.523531
vt 0.966747 0.572170
vt 0.956500 0.574888
vt 0.946641 0.577541
vt 0.943738 0.608709
vt 0.939867 0.638078
vt 0.936877 0.637252
vt 0.940648 0.608702
vt 0.928511 0.665413
vt 0.925862 0.663836
vt 0.923152 0.662314
vt 0.933830 0.636433
vt 0.937541 0.608702
vt 0.910488 0.688877
vt 0.908316 0.686650
vt 0.887014 0.706889
vt 0.885447 0.704186
vt 0.883925 0.701537
vt 0.906097 0.684486
vt 0.859678 0.718189
vt 0.858861 0.715189
vt 0.830312 0.722048
vt 0.830312 0.718950
vt 0.830312 0.715859
vt 0.858089 0.712198
vt 0.801009 0.718180
vt 0.801827 0.715187
vt 0.773688 0.706887
vt 0.775262 0.704177
vt 0.776777 0.701472
vt 0.802598 0.712188
vt 0.750223 0.688877
vt 0.752452 0.686648
vt 0.732211 0.665414
vt 0.734923 0.663838
vt 0.737619 0.662323
vt 0.754623 0.684475
vt 0.720902 0.638100
vt 0.723911 0.637273
vt 0.716994 0.608789
vt 0.720141 0.608789
vt 0.723239 0.608797
vt 0.726911 0.636502
vt 0.720889 0.579422
vt 0.723898 0.580248
vt 0.732125 0.552086
vt 0.734836 0.553655
vt 0.737539 0.555184
vt 0.726891 0.581067
vt 0.750133 0.528612
vt 0.752352 0.530784
vt 0.773598 0.510589
vt 0.775166 0.513236
vt 0.776697 0.515939
vt 0.754527 0.533003
vt 0.800978 0.499231
vt 0.801758 0.502214
vt 0.830300 0.495352
vt 0.830300 0.498450
vt 0.830302 0.501541
vt 0.802578 0.505212
vt 0.859622 0.499209
vt 0.858842 0.502202
vt 0.887005 0.510502
vt 0.885444 0.513158
vt 0.883916 0.515853
vt 0.858033 0.505200
vt 0.910497 0.528522
vt 0.908317 0.530741
vt 0.928567 0.551997
vt 0.925873 0.553566
vt 0.923161 0.555097
vt 0.906097 0.532914
vt 0.939877 0.579378
vt 0.936888 0.580158
vt 0.933886 0.580978
vt 0.930219 0.608702
vt 0.926794 0.634564
vt 0.917084 0.631927
vt 0.920203 0.608698
vt 0.916833 0.658655
vt 0.908123 0.653583
vt 0.899981 0.648850
vt 0.908006 0.629456
vt 0.910781 0.608691
vt 0.900930 0.679319
vt 0.893838 0.672214
vt 0.880266 0.695166
vt 0.875262 0.686500
vt 0.870558 0.678294
vt 0.887183 0.665494
vt 0.856186 0.705108
vt 0.853625 0.695450
vt 0.830380 0.708531
vt 0.830398 0.698522
vt 0.830400 0.689094
vt 0.851213 0.686319
vt 0.804533 0.705106
vt 0.807155 0.695452
vt 0.780436 0.695156
vt 0.785459 0.686511
vt 0.790231 0.678361
vt 0.809586 0.686328
vt 0.759780 0.679319
vt 0.766877 0.672236
vt 0.743934 0.658666
vt 0.752600 0.653662
vt 0.760806 0.648958
vt 0.773605 0.665581
vt 0.733983 0.634587
vt 0.743648 0.632025
vt 0.730502 0.608789
vt 0.740566 0.608798
vt 0.749995 0.608800
vt 0.752781 0.629613
vt 0.733908 0.582934
vt 0.743626 0.585555
vt 0.743855 0.558836
vt 0.752564 0.563858
vt 0.760708 0.568620
vt 0.752705 0.587986
vt 0.759684 0.538170
vt 0.766775 0.545264
vt 0.780347 0.522266
vt 0.785348 0.530967
vt 0.790066 0.539117
vt 0.773441 0.551928
vt 0.804445 0.512295
vt 0.807053 0.521959
vt 0.830302 0.508859
vt 0.830298 0.518877
vt 0.830291 0.528316
vt 0.809477 0.531084
vt 0.856166 0.512227
vt 0.853536 0.521937
vt 0.880264 0.522169
vt 0.875241 0.530878
vt 0.870470 0.539039
vt 0.851058 0.531073
vt 0.900930 0.538072
vt 0.893836 0.545163
vt 0.916833 0.558747
vt 0.908123 0.563748
vt 0.899981 0.568455
vt 0.887172 0.551819
vt 0.926794 0.582845
vt 0.917084 0.585453
vt 0.908006 0.587875
vt 0.800908 0.557769
vt 0.812627 0.555736
vt 0.807392 0.568859
vt 0.793314 0.566930
vt 0.828300 0.554911
vt 0.823830 0.570342
vt 0.818231 0.587447
vt 0.800580 0.583827
vt 0.784803 0.580116
vt 0.844105 0.557347
vt 0.839772 0.573495
vt 0.858973 0.563091
vt 0.855177 0.578705
vt 0.851420 0.596303
vt 0.834925 0.591502
vt 0.872156 0.571603
vt 0.870141 0.585595
vt 0.881292 0.579208
vt 0.883273 0.590934
vt 0.884078 0.606647
vt 0.868561 0.601986
vt 0.795362 0.599338
vt 0.779059 0.594997
vt 0.813373 0.604167
vt 0.809278 0.621117
vt 0.792139 0.615425
vt 0.776622 0.610819
vt 0.830320 0.608709
vt 0.847308 0.613236
vt 0.842411 0.629975
vt 0.825756 0.625967
vt 0.865336 0.618066
vt 0.881641 0.622423
vt 0.875897 0.637352
vt 0.860111 0.633595
vt 0.790559 0.631816
vt 0.777427 0.626477
vt 0.805523 0.638764
vt 0.801727 0.654330
vt 0.788544 0.645798
vt 0.779408 0.638192
vt 0.820925 0.643998
vt 0.836852 0.647136
vt 0.832342 0.662511
vt 0.816586 0.660122
vt 0.853305 0.648617
vt 0.867386 0.650545
vt 0.859789 0.659650
vt 0.848055 0.661677
vt 0.902655 0.608698
vt 0.900203 0.627402
vt 0.893261 0.625514
vt 0.895505 0.608486
vt 0.893003 0.644827
vt 0.886730 0.641431
vt 0.881492 0.659792
vt 0.876356 0.655119
vt 0.866527 0.671303
vt 0.863183 0.665537
vt 0.849102 0.678516
vt 0.847592 0.671756
vt 0.830398 0.681031
vt 0.830583 0.673894
vt 0.811687 0.678516
vt 0.813509 0.671594
vt 0.794261 0.671316
vt 0.797592 0.665055
vt 0.779297 0.659880
vt 0.783914 0.654745
vt 0.767786 0.644927
vt 0.773542 0.641583
vt 0.760528 0.627502
vt 0.767333 0.625994
vt 0.758047 0.608798
vt 0.765195 0.608992
vt 0.760497 0.590078
vt 0.767439 0.591909
vt 0.767697 0.572594
vt 0.773970 0.575981
vt 0.779208 0.557609
vt 0.784344 0.562292
vt 0.794172 0.546097
vt 0.797508 0.551864
vt 0.811589 0.538886
vt 0.813050 0.545644
vt 0.830300 0.536378
vt 0.830098 0.543508
vt 0.849012 0.538886
vt 0.847189 0.545816
vt 0.866441 0.546094
vt 0.863108 0.552348
vt 0.881423 0.557577
vt 0.876788 0.562664
vt 0.892983 0.572494
vt 0.887167 0.575820
vt 0.900192 0.589977
vt 0.893369 0.591428
vt 0.930498 0.666550
vt 0.942047 0.638634
vt 0.946009 0.608702
vt 0.888152 0.708886
vt 0.912111 0.690509
vt 0.830323 0.724375
vt 0.860245 0.720423
vt 0.772552 0.708877
vt 0.800455 0.720367
vt 0.730216 0.666561
vt 0.748600 0.690509
vt 0.714705 0.608798
vt 0.718675 0.638713
vt 0.730134 0.550950
vt 0.718653 0.578866
vt 0.772461 0.508602
vt 0.748547 0.526989
vt 0.830300 0.493023
vt 0.800375 0.497044
vt 0.888148 0.508503
vt 0.860225 0.496966
vt 0.930508 0.550852
vt 0.912112 0.526889
vt 0.942048 0.578775
vt 0.921125 0.661164
vt 0.931595 0.635866
vt 0.935173 0.608709
vt 0.882766 0.699505
vt 0.904439 0.682837
vt 0.830322 0.713531
vt 0.857477 0.709925
vt 0.777934 0.699439
vt 0.803214 0.709914
vt 0.739605 0.661166
vt 0.756264 0.682827
vt 0.725548 0.608789
vt 0.729175 0.635888
vt 0.739563 0.556336
vt 0.729106 0.581634
vt 0.777902 0.517973
vt 0.756183 0.534661
vt 0.830309 0.503867
vt 0.803200 0.507486
vt 0.882764 0.517884
vt 0.857466 0.507464
vt 0.921127 0.556302
vt 0.904439 0.534570
vt 0.931605 0.581600
vt 0.896113 0.646623
vt 0.903675 0.628341
vt 0.906259 0.608698
vt 0.868325 0.674412
vt 0.884023 0.662323
vt 0.830400 0.684625
vt 0.850050 0.681986
vt 0.792475 0.674434
vt 0.810750 0.681987
vt 0.764686 0.646725
vt 0.776777 0.662413
vt 0.754461 0.608800
vt 0.757105 0.628450
vt 0.764586 0.570853
vt 0.757027 0.589148
vt 0.792364 0.542988
vt 0.776666 0.555088
vt 0.830298 0.532831
vt 0.810648 0.535423
vt 0.868234 0.542967
vt 0.849941 0.535422
vt 0.896111 0.570689
vt 0.884002 0.554997
vt 0.903675 0.589038
vt 0.961609 0.684603
vt 0.976797 0.648020
vt 0.982025 0.608787
vt 0.906113 0.740009
vt 0.937489 0.715975
vt 0.830300 0.760258
vt 0.869522 0.755100
vt 0.754575 0.739977
vt 0.791091 0.755087
vt 0.699112 0.684522
vt 0.723212 0.715886
vt 0.678773 0.608797
vt 0.683992 0.647991
vt 0.699023 0.532986
vt 0.683916 0.569578
vt 0.754478 0.477433
vt 0.723114 0.501592
vt 0.830300 0.457064
vt 0.791022 0.462292
vt 0.906144 0.477334
vt 0.869580 0.462214
vt 0.961706 0.532886
vt 0.937578 0.501492
vt 0.976866 0.569491
vt 0.956741 0.681750
vt 0.971367 0.646555
vt 0.976392 0.608786
vt 0.903264 0.735130
vt 0.933514 0.711927
vt 0.830302 0.754627
vt 0.868064 0.749678
vt 0.757359 0.735052
vt 0.792547 0.749656
vt 0.703972 0.681664
vt 0.727175 0.711892
vt 0.684408 0.608787
vt 0.689420 0.646486
vt 0.703948 0.535834
vt 0.689409 0.571027
vt 0.757325 0.482348
vt 0.727095 0.505584
vt 0.830300 0.462706
vt 0.792525 0.467722
vt 0.903352 0.482270
vt 0.868086 0.467711
vt 0.956828 0.535736
vt 0.933605 0.505486
vt 0.971389 0.570948
vt 0.962109 0.089641
vt 0.965552 0.087661
vt 0.981059 0.125227
vt 0.977236 0.126236
vt 0.969178 0.085562
vt 0.985117 0.124137
vt 0.990561 0.165500
vt 0.986377 0.165500
vt 0.982397 0.165500
vt 0.906558 0.034077
vt 0.908539 0.030637
vt 0.940786 0.055414
vt 0.937973 0.058216
vt 0.910637 0.027002
vt 0.943766 0.052433
vt 0.830700 0.013712
vt 0.830700 0.009725
vt 0.870973 0.015062
vt 0.869964 0.018931
vt 0.830700 0.005539
vt 0.872063 0.011003
vt 0.754842 0.034077
vt 0.752852 0.030628
vt 0.790425 0.015061
vt 0.791436 0.018931
vt 0.750706 0.026944
vt 0.789328 0.010984
vt 0.699281 0.089641
vt 0.695848 0.087652
vt 0.720613 0.055411
vt 0.723425 0.058216
vt 0.692212 0.085506
vt 0.717623 0.052414
vt 0.679003 0.165500
vt 0.675025 0.165500
vt 0.680341 0.125225
vt 0.684162 0.126236
vt 0.670848 0.165498
vt 0.676281 0.124128
vt 0.699377 0.241270
vt 0.695939 0.243261
vt 0.680372 0.205763
vt 0.684231 0.204752
vt 0.692311 0.245403
vt 0.676359 0.206850
vt 0.754852 0.296734
vt 0.752863 0.300184
vt 0.720702 0.275477
vt 0.723503 0.272662
vt 0.750764 0.303867
vt 0.717720 0.278464
vt 0.830611 0.317097
vt 0.830602 0.321077
vt 0.790348 0.315739
vt 0.791414 0.311869
vt 0.830602 0.325262
vt 0.789259 0.319816
vt 0.906458 0.296822
vt 0.908439 0.300261
vt 0.870873 0.315759
vt 0.869864 0.311938
vt 0.910537 0.303889
vt 0.871963 0.319819
vt 0.962022 0.241348
vt 0.965462 0.243336
vt 0.940686 0.275555
vt 0.937875 0.272706
vt 0.969098 0.245427
vt 0.943667 0.278489
vt 0.981037 0.205773
vt 0.977169 0.204764
vt 0.985097 0.206863
vt 0.957586 0.092183
vt 0.959114 0.091366
vt 0.973900 0.127138
vt 0.972241 0.127548
vt 0.960127 0.090773
vt 0.975024 0.126837
vt 0.980139 0.165500
vt 0.978939 0.165500
vt 0.977209 0.165500
vt 0.903950 0.038547
vt 0.904823 0.037066
vt 0.935539 0.060656
vt 0.934289 0.061881
vt 0.905425 0.035995
vt 0.936363 0.059817
vt 0.830691 0.018912
vt 0.830698 0.017172
vt 0.869052 0.022275
vt 0.868586 0.023938
vt 0.830700 0.015963
vt 0.869362 0.021087
vt 0.757383 0.038547
vt 0.756566 0.037064
vt 0.792337 0.022275
vt 0.792748 0.023938
vt 0.755975 0.035986
vt 0.792037 0.021087
vt 0.703747 0.092239
vt 0.702275 0.091373
vt 0.725858 0.060648
vt 0.727081 0.061891
vt 0.701255 0.090764
vt 0.725036 0.059761
vt 0.684191 0.165491
vt 0.682459 0.165498
vt 0.687489 0.127139
vt 0.689148 0.127558
vt 0.681252 0.165500
vt 0.686319 0.126837
vt 0.703838 0.238719
vt 0.702363 0.239545
vt 0.687575 0.203841
vt 0.689236 0.203383
vt 0.701286 0.240138
vt 0.686388 0.204150
vt 0.757442 0.292275
vt 0.756583 0.293813
vt 0.725927 0.270241
vt 0.727122 0.268998
vt 0.755967 0.294827
vt 0.725048 0.271062
vt 0.830613 0.311911
vt 0.830611 0.313650
vt 0.792317 0.308591
vt 0.792745 0.306875
vt 0.830603 0.314850
vt 0.791969 0.309723
vt 0.903917 0.292363
vt 0.904734 0.293837
vt 0.868962 0.308612
vt 0.868552 0.306952
vt 0.905325 0.294913
vt 0.869262 0.309791
vt 0.957553 0.238758
vt 0.959034 0.239616
vt 0.935444 0.270273
vt 0.934219 0.269078
vt 0.960103 0.240223
vt 0.936273 0.271152
vt 0.973825 0.203861
vt 0.972164 0.203442
vt 0.975012 0.204163
vt 0.932320 0.106831
vt 0.940973 0.101798
vt 0.953686 0.132539
vt 0.944030 0.135125
vt 0.950456 0.096320
vt 0.964269 0.129711
vt 0.968991 0.165500
vt 0.958028 0.165500
vt 0.948025 0.165500
vt 0.889359 0.063805
vt 0.894345 0.055205
vt 0.920727 0.075461
vt 0.913655 0.082533
vt 0.899869 0.045667
vt 0.928480 0.067698
vt 0.830700 0.048088
vt 0.830700 0.038137
vt 0.863652 0.042489
vt 0.861073 0.052092
vt 0.830700 0.027131
vt 0.866488 0.031855
vt 0.772031 0.063786
vt 0.766998 0.055147
vt 0.797739 0.042480
vt 0.800325 0.052091
vt 0.761520 0.045658
vt 0.794911 0.031853
vt 0.729080 0.106766
vt 0.720417 0.101788
vt 0.740663 0.075441
vt 0.747744 0.082466
vt 0.710877 0.096320
vt 0.732898 0.067697
vt 0.713372 0.165431
vt 0.703363 0.165480
vt 0.707713 0.132536
vt 0.717370 0.135106
vt 0.692408 0.165498
vt 0.697120 0.129711
vt 0.729080 0.224069
vt 0.720427 0.229103
vt 0.707714 0.198381
vt 0.717370 0.195778
vt 0.710945 0.234589
vt 0.697141 0.201267
vt 0.771975 0.267020
vt 0.766989 0.275673
vt 0.740663 0.255436
vt 0.747734 0.248356
vt 0.761522 0.285155
vt 0.732919 0.263181
vt 0.830613 0.282784
vt 0.830613 0.292747
vt 0.797725 0.288387
vt 0.800303 0.278739
vt 0.830613 0.303692
vt 0.794898 0.298959
vt 0.889278 0.267098
vt 0.894303 0.275705
vt 0.863561 0.288391
vt 0.860975 0.278750
vt 0.899780 0.285234
vt 0.866389 0.298980
vt 0.932305 0.224159
vt 0.940897 0.229136
vt 0.920648 0.255516
vt 0.913623 0.248453
vt 0.950433 0.234612
vt 0.928402 0.263269
vt 0.953620 0.198450
vt 0.944009 0.195873
vt 0.964248 0.201278
vt 0.922387 0.112523
vt 0.925203 0.110911
vt 0.936050 0.137252
vt 0.932934 0.138102
vt 0.927541 0.109589
vt 0.938663 0.136533
vt 0.942489 0.165491
vt 0.939788 0.165498
vt 0.936564 0.165500
vt 0.883666 0.073725
vt 0.885277 0.070964
vt 0.907822 0.088311
vt 0.905547 0.090577
vt 0.886600 0.068637
vt 0.909753 0.086436
vt 0.830700 0.059538
vt 0.830700 0.056313
vt 0.858939 0.060061
vt 0.858098 0.063177
vt 0.830700 0.053613
vt 0.859611 0.057458
vt 0.777733 0.073725
vt 0.776114 0.070964
vt 0.802461 0.060061
vt 0.803302 0.063177
vt 0.774799 0.068637
vt 0.801789 0.057458
vt 0.739011 0.112512
vt 0.736188 0.110902
vt 0.753522 0.088309
vt 0.755844 0.090575
vt 0.733858 0.109533
vt 0.751638 0.086427
vt 0.724825 0.165497
vt 0.721613 0.165489
vt 0.725350 0.137250
vt 0.728464 0.138091
vt 0.718909 0.165487
vt 0.722738 0.136523
vt 0.739012 0.218387
vt 0.736197 0.219989
vt 0.725350 0.193670
vt 0.728464 0.192878
vt 0.733859 0.221311
vt 0.722738 0.194380
vt 0.777733 0.257098
vt 0.776122 0.259914
vt 0.753578 0.242578
vt 0.755853 0.240258
vt 0.774791 0.262242
vt 0.751647 0.244463
vt 0.830678 0.271295
vt 0.830623 0.274502
vt 0.802441 0.270759
vt 0.803289 0.267692
vt 0.830613 0.277202
vt 0.801720 0.273363
vt 0.883597 0.257175
vt 0.885200 0.259938
vt 0.858861 0.270827
vt 0.858075 0.267713
vt 0.886567 0.262273
vt 0.859577 0.273430
vt 0.922375 0.218398
vt 0.925136 0.220011
vt 0.907791 0.242600
vt 0.905525 0.240325
vt 0.927463 0.221391
vt 0.909673 0.244541
vt 0.936039 0.193728
vt 0.932923 0.192887
vt 0.938642 0.194409
vt 0.897923 0.126714
vt 0.905895 0.122089
vt 0.914539 0.143039
vt 0.905603 0.145441
vt 0.914820 0.116908
vt 0.924491 0.140333
vt 0.927808 0.165491
vt 0.917509 0.165498
vt 0.908269 0.165500
vt 0.869495 0.098266
vt 0.874111 0.090302
vt 0.892089 0.104111
vt 0.885553 0.110647
vt 0.879283 0.081361
vt 0.899389 0.096809
vt 0.830709 0.087842
vt 0.830702 0.078600
vt 0.853161 0.081630
vt 0.850816 0.090520
vt 0.830700 0.068295
vt 0.855811 0.071639
vt 0.791916 0.098244
vt 0.787291 0.090225
vt 0.808248 0.081564
vt 0.810641 0.090509
vt 0.782117 0.081348
vt 0.805589 0.071628
vt 0.763544 0.126616
vt 0.755514 0.122002
vt 0.769313 0.104025
vt 0.775867 0.110567
vt 0.746580 0.116884
vt 0.762011 0.096795
vt 0.753122 0.165400
vt 0.743889 0.165402
vt 0.746863 0.142950
vt 0.755808 0.145341
vt 0.733581 0.165420
vt 0.736908 0.140300
vt 0.763458 0.204184
vt 0.755502 0.208811
vt 0.746852 0.187861
vt 0.755741 0.185459
vt 0.746580 0.214003
vt 0.736908 0.190580
vt 0.791836 0.232577
vt 0.787267 0.240588
vt 0.769300 0.226788
vt 0.775781 0.220234
vt 0.782105 0.249520
vt 0.762011 0.234091
vt 0.830600 0.242992
vt 0.830602 0.252223
vt 0.808159 0.249247
vt 0.810544 0.240359
vt 0.830611 0.262530
vt 0.805502 0.259192
vt 0.869386 0.232656
vt 0.874011 0.240675
vt 0.853061 0.249323
vt 0.850659 0.240380
vt 0.879203 0.249552
vt 0.855778 0.259261
vt 0.897836 0.204284
vt 0.905808 0.208898
vt 0.891989 0.226875
vt 0.885453 0.220333
vt 0.914741 0.214016
vt 0.899292 0.234105
vt 0.914527 0.187950
vt 0.905591 0.185559
vt 0.924470 0.190602
vt 0.818698 0.186577
vt 0.824238 0.203623
vt 0.807906 0.205094
vt 0.801113 0.190183
vt 0.828678 0.218775
vt 0.813139 0.217939
vt 0.801550 0.215886
vt 0.794027 0.206919
vt 0.785595 0.193839
vt 0.851612 0.177797
vt 0.855308 0.195273
vt 0.840053 0.200487
vt 0.835244 0.182588
vt 0.859039 0.210628
vt 0.844302 0.216397
vt 0.883952 0.167530
vt 0.883139 0.183053
vt 0.870206 0.188392
vt 0.868647 0.172125
vt 0.881103 0.194608
vt 0.872109 0.202177
vt 0.809702 0.153105
vt 0.813848 0.169945
vt 0.795889 0.174753
vt 0.792673 0.158775
vt 0.779825 0.179023
vt 0.777419 0.163370
vt 0.842691 0.144325
vt 0.847528 0.160964
vt 0.830689 0.165478
vt 0.826089 0.148322
vt 0.875794 0.137061
vt 0.881508 0.151877
vt 0.865434 0.156147
vt 0.860277 0.140717
vt 0.802339 0.120272
vt 0.806023 0.135627
vt 0.791164 0.142508
vt 0.789277 0.128723
vt 0.778203 0.147847
vt 0.780278 0.136292
vt 0.832709 0.112125
vt 0.837161 0.127277
vt 0.821327 0.130412
vt 0.817084 0.114503
vt 0.859806 0.115014
vt 0.867364 0.123981
vt 0.853492 0.125806
vt 0.848241 0.112961
vt 0.886228 0.133181
vt 0.892670 0.148897
vt 0.891994 0.130084
vt 0.899017 0.147188
vt 0.901453 0.165500
vt 0.894958 0.165703
vt 0.863059 0.109461
vt 0.876033 0.119694
vt 0.866106 0.104186
vt 0.880723 0.115420
vt 0.830903 0.101206
vt 0.847681 0.103334
vt 0.830700 0.094667
vt 0.849012 0.097108
vt 0.798403 0.109880
vt 0.814100 0.103431
vt 0.795352 0.104173
vt 0.812397 0.097097
vt 0.774675 0.133050
vt 0.784917 0.120070
vt 0.769417 0.130052
vt 0.780697 0.115406
vt 0.766438 0.165197
vt 0.768548 0.148420
vt 0.759938 0.165400
vt 0.762384 0.147097
vt 0.775167 0.197717
vt 0.768711 0.182003
vt 0.769387 0.200805
vt 0.762327 0.183713
vt 0.798319 0.221438
vt 0.785356 0.211197
vt 0.795272 0.226703
vt 0.780620 0.215414
vt 0.830409 0.229694
vt 0.813641 0.227566
vt 0.830600 0.236233
vt 0.812300 0.233792
vt 0.862920 0.221030
vt 0.847214 0.227470
vt 0.866016 0.226783
vt 0.848913 0.233812
vt 0.886705 0.197859
vt 0.876416 0.210833
vt 0.891925 0.200905
vt 0.880681 0.215512
vt 0.892841 0.182481
vt 0.899006 0.183812
vt 0.940150 0.136166
vt 0.944013 0.165498
vt 0.928831 0.108838
vt 0.910825 0.085364
vt 0.887361 0.067300
vt 0.860025 0.056008
vt 0.830700 0.052097
vt 0.801375 0.056008
vt 0.774039 0.067298
vt 0.750575 0.085352
vt 0.732569 0.108817
vt 0.721250 0.136161
vt 0.717378 0.165478
vt 0.721250 0.194745
vt 0.732569 0.222062
vt 0.750573 0.245525
vt 0.774028 0.263531
vt 0.801352 0.274852
vt 0.830612 0.278733
vt 0.859936 0.274872
vt 0.887273 0.263611
vt 0.910747 0.245623
vt 0.928802 0.222161
vt 0.940092 0.194825
vt 0.930008 0.138900
vt 0.933488 0.165498
vt 0.919748 0.114089
vt 0.903420 0.092759
vt 0.882108 0.076381
vt 0.857291 0.066150
vt 0.830700 0.062622
vt 0.804109 0.066150
vt 0.779292 0.076381
vt 0.757980 0.092750
vt 0.741652 0.114023
vt 0.731383 0.138833
vt 0.727847 0.165480
vt 0.731383 0.192086
vt 0.741652 0.216877
vt 0.757980 0.238130
vt 0.779281 0.254450
vt 0.804033 0.264727
vt 0.830623 0.268258
vt 0.857277 0.264747
vt 0.882078 0.254519
vt 0.903350 0.238150
vt 0.919719 0.216878
vt 0.929950 0.192088
vt 0.901823 0.146436
vt 0.904362 0.165500
vt 0.894534 0.128653
vt 0.882817 0.113373
vt 0.867547 0.101652
vt 0.849773 0.094298
vt 0.830702 0.091794
vt 0.811638 0.094298
vt 0.793873 0.101650
vt 0.778652 0.113353
vt 0.766941 0.128573
vt 0.759588 0.146338
vt 0.757034 0.165400
vt 0.759558 0.184464
vt 0.766859 0.202236
vt 0.778562 0.217459
vt 0.793830 0.229228
vt 0.811547 0.236598
vt 0.830600 0.239097
vt 0.849664 0.236602
vt 0.867447 0.229259
vt 0.882727 0.217550
vt 0.894448 0.202336
vt 0.901811 0.184564
vt 0.975812 0.126614
vt 0.980949 0.165500
vt 0.960823 0.090337
vt 0.936936 0.059197
vt 0.905853 0.035291
vt 0.869586 0.020298
vt 0.830700 0.015153
vt 0.791814 0.020298
vt 0.755547 0.035289
vt 0.724455 0.059188
vt 0.700519 0.090336
vt 0.685569 0.126614
vt 0.680450 0.165500
vt 0.685598 0.204373
vt 0.700589 0.240566
vt 0.724475 0.271634
vt 0.755547 0.295512
vt 0.791792 0.310502
vt 0.830611 0.315650
vt 0.869486 0.310533
vt 0.905753 0.295602
vt 0.936847 0.271725
vt 0.960800 0.240652
vt 0.975802 0.204386
vt 0.969891 0.128213
vt 0.974808 0.165500
vt 0.955466 0.093427
vt 0.932550 0.063580
vt 0.902753 0.040648
vt 0.867977 0.026284
vt 0.830698 0.021359
vt 0.793412 0.026284
vt 0.758627 0.040648
vt 0.728780 0.063581
vt 0.705850 0.093436
vt 0.691497 0.128214
vt 0.686592 0.165498
vt 0.691575 0.202766
vt 0.705945 0.237475
vt 0.728850 0.267252
vt 0.758645 0.290155
vt 0.793401 0.304525
vt 0.830613 0.309508
vt 0.867887 0.304603
vt 0.902673 0.290253
vt 0.932520 0.267348
vt 0.955452 0.237545
vt 0.969825 0.202784
vt 0.990578 0.651700
vt 0.973952 0.691703
vt 0.996248 0.608788
vt 0.997241 0.608789
vt 0.991511 0.651947
vt 0.974773 0.692177
vt 0.993700 0.652600
vt 0.990000 0.122800
vt 0.976700 0.693300
vt 0.973600 0.083000
vt 0.999500 0.608800
vt 0.995600 0.165500
vt 0.993387 0.165500
vt 0.987852 0.123362
vt 0.971598 0.084111
vt 0.986962 0.123598
vt 0.970811 0.084563
vt 0.992480 0.165500
vt 0.947587 0.726009
vt 0.913214 0.752341
vt 0.948266 0.726689
vt 0.913686 0.753172
vt 0.949800 0.728300
vt 0.947300 0.048900
vt 0.914800 0.755200
vt 0.913200 0.022600
vt 0.945736 0.050453
vt 0.912089 0.024536
vt 0.945128 0.051061
vt 0.911637 0.025322
vt 0.873200 0.768888
vt 0.830300 0.774517
vt 0.873438 0.769814
vt 0.830300 0.775464
vt 0.874000 0.772000
vt 0.873400 0.006200
vt 0.830300 0.777700
vt 0.830700 0.000500
vt 0.872837 0.008325
vt 0.830700 0.002723
vt 0.872602 0.009205
vt 0.830700 0.003622
vt 0.787409 0.768809
vt 0.747455 0.752241
vt 0.787164 0.769736
vt 0.746934 0.753073
vt 0.786600 0.772000
vt 0.788000 0.006200
vt 0.745800 0.755100
vt 0.748200 0.022600
vt 0.788563 0.008316
vt 0.749311 0.024525
vt 0.788797 0.009147
vt 0.749753 0.025302
vt 0.713109 0.725900
vt 0.686761 0.691614
vt 0.712414 0.726589
vt 0.685938 0.692087
vt 0.710800 0.728200
vt 0.714100 0.048900
vt 0.684000 0.693200
vt 0.687800 0.083000
vt 0.715653 0.050397
vt 0.689736 0.084102
vt 0.716259 0.051048
vt 0.690523 0.084552
vt 0.670213 0.651688
vt 0.664570 0.608800
vt 0.669286 0.651925
vt 0.663616 0.608798
vt 0.667100 0.652500
vt 0.671400 0.122800
vt 0.661300 0.608800
vt 0.665800 0.165500
vt 0.673537 0.123363
vt 0.668012 0.165487
vt 0.674427 0.123597
vt 0.668922 0.165489
vt 0.670200 0.565900
vt 0.686728 0.525886
vt 0.669275 0.565653
vt 0.685859 0.525411
vt 0.667100 0.565000
vt 0.671500 0.208100
vt 0.683900 0.524300
vt 0.687900 0.247900
vt 0.673625 0.207550
vt 0.689825 0.246787
vt 0.674514 0.207325
vt 0.690622 0.246339
vt 0.713019 0.491509
vt 0.747366 0.465130
vt 0.712316 0.490814
vt 0.746836 0.464259
vt 0.710700 0.489200
vt 0.714100 0.282000
vt 0.745700 0.462300
vt 0.748200 0.308200
vt 0.715675 0.280425
vt 0.749313 0.306277
vt 0.716339 0.279773
vt 0.749772 0.305500
vt 0.787387 0.448519
vt 0.830311 0.442850
vt 0.787086 0.447578
vt 0.830302 0.441848
vt 0.786500 0.445400
vt 0.788000 0.324600
vt 0.830300 0.439600
vt 0.830600 0.330300
vt 0.788550 0.322484
vt 0.830613 0.328089
vt 0.788777 0.321653
vt 0.830611 0.327189
vt 0.873287 0.448488
vt 0.913314 0.465039
vt 0.873525 0.447500
vt 0.913787 0.464161
vt 0.874100 0.445300
vt 0.873300 0.324700
vt 0.914900 0.462200
vt 0.913100 0.308300
vt 0.872738 0.322563
vt 0.911989 0.306375
vt 0.872501 0.321673
vt 0.911537 0.305578
vt 0.947688 0.491409
vt 0.974041 0.525786
vt 0.948377 0.490714
vt 0.974872 0.525313
vt 0.950000 0.489100
vt 0.947200 0.282100
vt 0.976900 0.524200
vt 0.973500 0.248000
vt 0.945647 0.280525
vt 0.971564 0.246888
vt 0.945039 0.279861
vt 0.970778 0.246427
vt 0.990600 0.565812
vt 0.991525 0.565575
vt 0.993700 0.565000
vt 0.989900 0.208200
vt 0.987775 0.207638
vt 0.986895 0.207402
vt 0.990450 0.629850
vt 0.979500 0.670550
vt 0.974675 0.668550
vt 0.985250 0.629175
vt 0.958400 0.707050
vt 0.928575 0.736825
vt 0.925400 0.732675
vt 0.954250 0.703850
vt 0.892050 0.757850
vt 0.851350 0.768725
vt 0.850675 0.763550
vt 0.890075 0.753025
vt 0.809250 0.768725
vt 0.768575 0.757800
vt 0.770575 0.752975
vt 0.809925 0.763550
vt 0.732100 0.736700
vt 0.702325 0.706925
vt 0.706475 0.703775
vt 0.735300 0.732575
vt 0.681275 0.670500
vt 0.670375 0.629850
vt 0.675550 0.629150
vt 0.686100 0.668500
vt 0.670350 0.587725
vt 0.681200 0.547025
vt 0.686050 0.549000
vt 0.675525 0.588400
vt 0.702225 0.510525
vt 0.732000 0.480675
vt 0.735200 0.484825
vt 0.706400 0.513675
vt 0.768500 0.459575
vt 0.809225 0.448650
vt 0.809900 0.453825
vt 0.770500 0.464425
vt 0.851400 0.448600
vt 0.892150 0.459475
vt 0.890125 0.464325
vt 0.850700 0.453775
vt 0.928675 0.480575
vt 0.958475 0.510425
vt 0.954325 0.513575
vt 0.925475 0.484725
vt 0.979550 0.546950
vt 0.990475 0.587700
vt 0.985250 0.588375
vt 0.974700 0.548925
vt 0.978800 0.628325
vt 0.968650 0.666075
vt 0.967175 0.665450
vt 0.977225 0.628100
vt 0.949075 0.699900
vt 0.921425 0.727500
vt 0.920475 0.726225
vt 0.947825 0.698925
vt 0.887600 0.747000
vt 0.849850 0.757100
vt 0.849625 0.755525
vt 0.886975 0.745525
vt 0.810775 0.757075
vt 0.773075 0.746925
vt 0.773700 0.745475
vt 0.811000 0.755525
vt 0.739275 0.727400
vt 0.711650 0.699800
vt 0.712875 0.698825
vt 0.740225 0.726125
vt 0.692125 0.666000
vt 0.682000 0.628300
vt 0.683575 0.628100
vt 0.693575 0.665400
vt 0.681975 0.589250
vt 0.692075 0.551500
vt 0.693525 0.552100
vt 0.683550 0.589450
vt 0.711575 0.517675
vt 0.739175 0.490025
vt 0.740125 0.491250
vt 0.712800 0.518625
vt 0.773000 0.470450
vt 0.810750 0.460300
vt 0.810950 0.461875
vt 0.773600 0.471900
vt 0.849850 0.460275
vt 0.887650 0.470375
vt 0.887050 0.471850
vt 0.849650 0.461850
vt 0.921525 0.489925
vt 0.949175 0.517575
vt 0.947900 0.518525
vt 0.920550 0.491175
vt 0.968725 0.551425
vt 0.978825 0.589225
vt 0.977250 0.589450
vt 0.967250 0.552050
vt 0.965475 0.626525
vt 0.956225 0.660900
vt 0.945850 0.656575
vt 0.954325 0.625025
vt 0.938425 0.691700
vt 0.913250 0.716825
vt 0.906425 0.707900
vt 0.929525 0.684850
vt 0.882450 0.734600
vt 0.848100 0.743775
vt 0.846675 0.732625
vt 0.878175 0.724175
vt 0.812550 0.743750
vt 0.778225 0.734550
vt 0.782550 0.724175
vt 0.814050 0.732625
vt 0.747450 0.716775
vt 0.722300 0.691625
vt 0.731250 0.684800
vt 0.754325 0.707875
vt 0.704525 0.660850
vt 0.695325 0.626550
vt 0.706475 0.625100
vt 0.714925 0.656575
vt 0.695300 0.591000
vt 0.704475 0.556650
vt 0.714850 0.560950
vt 0.706450 0.592475
vt 0.722200 0.525850
vt 0.747325 0.500675
vt 0.754175 0.509575
vt 0.731100 0.532675
vt 0.778125 0.482850
vt 0.812500 0.473600
vt 0.813975 0.484775
vt 0.782450 0.493250
vt 0.848100 0.473600
vt 0.882475 0.482800
vt 0.878150 0.493175
vt 0.846625 0.484750
vt 0.913300 0.500575
vt 0.938500 0.525750
vt 0.929550 0.532575
vt 0.906425 0.509475
vt 0.956300 0.556550
vt 0.965500 0.590925
vt 0.954325 0.592375
vt 0.945875 0.560850
vt 0.941325 0.623325
vt 0.933750 0.651550
vt 0.930700 0.650275
vt 0.938050 0.622875
vt 0.919125 0.676825
vt 0.898450 0.697475
vt 0.896450 0.694875
vt 0.916525 0.674825
vt 0.873150 0.712075
vt 0.844925 0.719625
vt 0.844500 0.716375
vt 0.871900 0.709050
vt 0.815725 0.719625
vt 0.787550 0.712075
vt 0.788800 0.709025
vt 0.816150 0.716375
vt 0.762275 0.697475
vt 0.741625 0.676825
vt 0.744250 0.674825
vt 0.764275 0.694850
vt 0.727025 0.651550
vt 0.719450 0.623375
vt 0.722725 0.622950
vt 0.730075 0.650300
vt 0.719450 0.594175
vt 0.726975 0.565950
vt 0.730025 0.567225
vt 0.722725 0.594625
vt 0.741525 0.540650
vt 0.762175 0.519975
vt 0.764175 0.522575
vt 0.744150 0.542650
vt 0.787475 0.505350
vt 0.815700 0.497775
vt 0.816125 0.501025
vt 0.788725 0.508375
vt 0.844900 0.497775
vt 0.873125 0.505300
vt 0.871875 0.508325
vt 0.844475 0.501025
vt 0.898450 0.519900
vt 0.919150 0.540575
vt 0.916525 0.542575
vt 0.896450 0.522500
vt 0.933775 0.565875
vt 0.941325 0.594100
vt 0.938075 0.594525
vt 0.930725 0.567125
vt 0.924725 0.621125
vt 0.918275 0.645125
vt 0.908550 0.641050
vt 0.914300 0.619725
vt 0.905850 0.666650
vt 0.888275 0.684225
vt 0.881875 0.675850
vt 0.897500 0.660200
vt 0.866775 0.696625
vt 0.842800 0.703050
vt 0.841450 0.692625
vt 0.862775 0.686900
vt 0.817975 0.703050
vt 0.793950 0.696625
vt 0.798000 0.686925
vt 0.819350 0.692625
vt 0.772425 0.684225
vt 0.754875 0.666675
vt 0.763250 0.660275
vt 0.778875 0.675900
vt 0.742475 0.645175
vt 0.736025 0.621200
vt 0.746475 0.619850
vt 0.752200 0.641175
vt 0.736000 0.596375
vt 0.742425 0.572350
vt 0.752150 0.576400
vt 0.746450 0.597750
vt 0.754800 0.550825
vt 0.772325 0.533250
vt 0.778725 0.541600
vt 0.763150 0.557250
vt 0.793850 0.520800
vt 0.817875 0.514350
vt 0.819250 0.524775
vt 0.797875 0.530525
vt 0.842725 0.514325
vt 0.866750 0.520725
vt 0.862675 0.530475
vt 0.841325 0.524775
vt 0.888275 0.533150
vt 0.905850 0.550725
vt 0.897500 0.557125
vt 0.881850 0.541500
vt 0.918275 0.572250
vt 0.924725 0.596275
vt 0.914300 0.597650
vt 0.908550 0.576275
vt 0.803425 0.562100
vt 0.818250 0.561925
vt 0.812450 0.577475
vt 0.795950 0.574850
vt 0.834275 0.563275
vt 0.849650 0.567375
vt 0.845325 0.584775
vt 0.829300 0.580500
vt 0.864200 0.574175
vt 0.876950 0.581700
vt 0.877050 0.596500
vt 0.861450 0.590550
vt 0.789175 0.589425
vt 0.806700 0.593675
vt 0.802375 0.609925
vt 0.785050 0.604875
vt 0.824250 0.598000
vt 0.840925 0.602450
vt 0.836400 0.619425
vt 0.819750 0.614975
vt 0.858325 0.607475
vt 0.875650 0.612550
vt 0.871525 0.628000
vt 0.853975 0.623725
vt 0.783650 0.620925
vt 0.799250 0.626875
vt 0.796500 0.643250
vt 0.783750 0.635700
vt 0.815375 0.632700
vt 0.831375 0.636975
vt 0.826400 0.654200
vt 0.811050 0.650100
vt 0.848225 0.639975
vt 0.864750 0.642625
vt 0.857275 0.655350
vt 0.842425 0.655525
vt 0.899025 0.617725
vt 0.894375 0.635175
vt 0.885475 0.631950
vt 0.889700 0.616075
vt 0.885325 0.650825
vt 0.872525 0.663625
vt 0.867150 0.658000
vt 0.877500 0.646350
vt 0.856875 0.672675
vt 0.839425 0.677375
vt 0.839400 0.668350
vt 0.854675 0.665200
vt 0.821350 0.677375
vt 0.803875 0.672675
vt 0.807075 0.663850
vt 0.822950 0.668100
vt 0.788225 0.663675
vt 0.775450 0.650925
vt 0.781050 0.645550
vt 0.792700 0.655875
vt 0.766400 0.635275
vt 0.761700 0.617825
vt 0.770750 0.617825
vt 0.773875 0.633075
vt 0.761675 0.599750
vt 0.766325 0.582250
vt 0.775225 0.585475
vt 0.771000 0.601375
vt 0.775375 0.566575
vt 0.788175 0.553775
vt 0.793550 0.559425
vt 0.783200 0.571100
vt 0.803800 0.544725
vt 0.821250 0.540025
vt 0.821250 0.549050
vt 0.806000 0.552200
vt 0.839350 0.540025
vt 0.856825 0.544725
vt 0.853625 0.553575
vt 0.837725 0.549325
vt 0.872475 0.553750
vt 0.885275 0.566500
vt 0.879650 0.571850
vt 0.868000 0.561525
vt 0.894325 0.582150
vt 0.899000 0.599650
vt 0.889950 0.599625
vt 0.886825 0.584325
vt 0.938850 0.653650
vt 0.936075 0.652525
vt 0.943825 0.623650
vt 0.946800 0.624025
vt 0.901825 0.701900
vt 0.900000 0.699525
vt 0.921125 0.678400
vt 0.923525 0.680225
vt 0.845675 0.725150
vt 0.845250 0.722175
vt 0.874125 0.714450
vt 0.875275 0.717200
vt 0.785450 0.717175
vt 0.786575 0.714425
vt 0.815400 0.722150
vt 0.815050 0.725125
vt 0.737225 0.680225
vt 0.739575 0.678400
vt 0.760700 0.699525
vt 0.758900 0.701900
vt 0.713950 0.624125
vt 0.716900 0.623725
vt 0.724650 0.652550
vt 0.721900 0.653700
vt 0.721825 0.563850
vt 0.724600 0.564975
vt 0.716900 0.593850
vt 0.713925 0.593475
vt 0.758800 0.515575
vt 0.760625 0.517975
vt 0.739500 0.539100
vt 0.737125 0.537275
vt 0.814975 0.492275
vt 0.815375 0.495250
vt 0.786500 0.503025
vt 0.785350 0.500250
vt 0.875250 0.500150
vt 0.874100 0.502950
vt 0.845225 0.495225
vt 0.845625 0.492225
vt 0.923525 0.537175
vt 0.921150 0.539000
vt 0.900000 0.517875
vt 0.901825 0.515475
vt 0.946800 0.593375
vt 0.943825 0.593775
vt 0.936100 0.564900
vt 0.938850 0.563750
vt 0.928325 0.649325
vt 0.925425 0.648125
vt 0.932375 0.622150
vt 0.935500 0.622550
vt 0.894900 0.692875
vt 0.892975 0.690350
vt 0.911975 0.671375
vt 0.914475 0.673300
vt 0.844175 0.713850
vt 0.843775 0.710700
vt 0.869725 0.703750
vt 0.870950 0.706700
vt 0.789750 0.706650
vt 0.790975 0.703725
vt 0.816925 0.710700
vt 0.816475 0.713850
vt 0.746250 0.673300
vt 0.748750 0.671375
vt 0.767725 0.690325
vt 0.765800 0.692825
vt 0.725250 0.622625
vt 0.728375 0.622200
vt 0.735350 0.648125
vt 0.732425 0.649350
vt 0.732375 0.568175
vt 0.735275 0.569375
vt 0.728325 0.595350
vt 0.725225 0.594950
vt 0.765725 0.524625
vt 0.767650 0.527125
vt 0.748675 0.546125
vt 0.746175 0.544200
vt 0.816475 0.503550
vt 0.816875 0.506700
vt 0.790925 0.513675
vt 0.789725 0.510750
vt 0.870925 0.510700
vt 0.869725 0.513600
vt 0.843750 0.506675
vt 0.844150 0.503550
vt 0.914475 0.544125
vt 0.911975 0.546050
vt 0.892975 0.527025
vt 0.894900 0.524525
vt 0.935525 0.594875
vt 0.932375 0.595275
vt 0.925425 0.569325
vt 0.928350 0.568125
vt 0.902150 0.638400
vt 0.899025 0.637125
vt 0.904025 0.618400
vt 0.907400 0.618825
vt 0.877650 0.670300
vt 0.875600 0.667625
vt 0.889325 0.653900
vt 0.892000 0.655950
vt 0.840550 0.685725
vt 0.840100 0.682375
vt 0.858825 0.677325
vt 0.860125 0.680450
vt 0.800675 0.680475
vt 0.801975 0.677325
vt 0.820700 0.682375
vt 0.820250 0.685725
vt 0.768800 0.656050
vt 0.771475 0.654000
vt 0.785200 0.667675
vt 0.783150 0.670375
vt 0.753375 0.618950
vt 0.756700 0.618500
vt 0.761750 0.637225
vt 0.758650 0.638525
vt 0.758550 0.579075
vt 0.761675 0.580350
vt 0.756675 0.599100
vt 0.753325 0.598650
vt 0.783000 0.547100
vt 0.785100 0.549775
vt 0.771375 0.563525
vt 0.768675 0.561500
vt 0.820150 0.531700
vt 0.820600 0.535050
vt 0.801875 0.540075
vt 0.800550 0.536950
vt 0.860000 0.536925
vt 0.858725 0.540075
vt 0.840000 0.535050
vt 0.840425 0.531700
vt 0.892000 0.561350
vt 0.889300 0.563425
vt 0.875525 0.549750
vt 0.877600 0.547025
vt 0.907400 0.598550
vt 0.904025 0.599000
vt 0.899025 0.580225
vt 0.902150 0.578925
vt 0.971250 0.667150
vt 0.969825 0.666575
vt 0.980075 0.628500
vt 0.981600 0.628700
vt 0.923150 0.729750
vt 0.922200 0.728525
vt 0.950075 0.700700
vt 0.951300 0.701625
vt 0.850200 0.759875
vt 0.850000 0.758350
vt 0.888075 0.748175
vt 0.888675 0.749600
vt 0.771975 0.749575
vt 0.772575 0.748125
vt 0.810600 0.758325
vt 0.810400 0.759875
vt 0.709400 0.701550
vt 0.710650 0.700600
vt 0.738500 0.728450
vt 0.737550 0.729675
vt 0.679200 0.628675
vt 0.680725 0.628475
vt 0.690950 0.666500
vt 0.689500 0.667100
vt 0.689425 0.550425
vt 0.690875 0.551025
vt 0.680700 0.589100
vt 0.679150 0.588900
vt 0.737450 0.487750
vt 0.738400 0.489000
vt 0.710550 0.516900
vt 0.709325 0.515925
vt 0.810375 0.457475
vt 0.810575 0.459025
vt 0.772500 0.469250
vt 0.771900 0.467825
vt 0.888700 0.467725
vt 0.888125 0.469175
vt 0.850025 0.459000
vt 0.850225 0.457425
vt 0.951400 0.515825
vt 0.950175 0.516800
vt 0.922275 0.488900
vt 0.923200 0.487650
vt 0.981625 0.588850
vt 0.980100 0.589050
vt 0.969900 0.550925
vt 0.971325 0.550325
vt 0.966025 0.664975
vt 0.963575 0.663950
vt 0.973375 0.627600
vt 0.976000 0.627950
vt 0.919700 0.725225
vt 0.918075 0.723125
vt 0.944725 0.696525
vt 0.946825 0.698150
vt 0.849450 0.754275
vt 0.849125 0.751650
vt 0.885475 0.741950
vt 0.886475 0.744375
vt 0.774150 0.744325
vt 0.775150 0.741875
vt 0.811500 0.751625
vt 0.811150 0.754275
vt 0.713875 0.698075
vt 0.715975 0.696475
vt 0.742575 0.723075
vt 0.740975 0.725150
vt 0.684800 0.627925
vt 0.687425 0.627575
vt 0.697175 0.663875
vt 0.694725 0.664900
vt 0.694700 0.552600
vt 0.697150 0.553625
vt 0.687400 0.589975
vt 0.684800 0.589625
vt 0.740900 0.492250
vt 0.742500 0.494375
vt 0.715925 0.521025
vt 0.713800 0.519400
vt 0.811125 0.463100
vt 0.811475 0.465700
vt 0.775100 0.475500
vt 0.774100 0.473050
vt 0.886550 0.473025
vt 0.885525 0.475450
vt 0.849125 0.465700
vt 0.849475 0.463100
vt 0.946900 0.519300
vt 0.944825 0.520925
vt 0.918175 0.494275
vt 0.919775 0.492175
vt 0.976000 0.589600
vt 0.973400 0.589925
vt 0.963650 0.553525
vt 0.966075 0.552525
vt 0.972500 0.106775
vt 0.976625 0.105075
vt 0.987275 0.144900
vt 0.982850 0.145475
vt 0.924125 0.043725
vt 0.926850 0.040175
vt 0.956025 0.069350
vt 0.952475 0.072075
vt 0.850725 0.013275
vt 0.851300 0.008825
vt 0.891125 0.019525
vt 0.889425 0.023675
vt 0.771975 0.023675
vt 0.770250 0.019500
vt 0.810100 0.008825
vt 0.810675 0.013275
vt 0.708925 0.072075
vt 0.705375 0.069325
vt 0.734525 0.040150
vt 0.737275 0.043725
vt 0.678550 0.145475
vt 0.674125 0.144900
vt 0.684775 0.105050
vt 0.688900 0.106775
vt 0.688975 0.224175
vt 0.684850 0.225900
vt 0.674150 0.186100
vt 0.678575 0.185525
vt 0.737325 0.287125
vt 0.734600 0.290700
vt 0.705475 0.261575
vt 0.709025 0.258825
vt 0.810600 0.317525
vt 0.810000 0.321975
vt 0.770225 0.311300
vt 0.771950 0.307125
vt 0.889325 0.307200
vt 0.891025 0.311325
vt 0.851200 0.321975
vt 0.850625 0.317550
vt 0.952375 0.258900
vt 0.955925 0.261625
vt 0.926750 0.290750
vt 0.924025 0.287200
vt 0.982825 0.185525
vt 0.987275 0.186100
vt 0.976575 0.225925
vt 0.972425 0.224225
vt 0.966925 0.109050
vt 0.968275 0.108525
vt 0.978325 0.146075
vt 0.976875 0.146250
vt 0.920450 0.048500
vt 0.921350 0.047325
vt 0.948850 0.074850
vt 0.947675 0.075725
vt 0.849925 0.019275
vt 0.850125 0.017800
vt 0.887675 0.027875
vt 0.887100 0.029250
vt 0.774250 0.029250
vt 0.773725 0.027875
vt 0.811275 0.017800
vt 0.811450 0.019275
vt 0.713700 0.075750
vt 0.712550 0.074825
vt 0.740050 0.047300
vt 0.740925 0.048500
vt 0.684525 0.146250
vt 0.683050 0.146075
vt 0.693100 0.108525
vt 0.694450 0.109075
vt 0.694550 0.221875
vt 0.693175 0.222425
vt 0.683100 0.184925
vt 0.684575 0.184725
vt 0.740975 0.282375
vt 0.740075 0.283550
vt 0.712600 0.256050
vt 0.713775 0.255175
vt 0.811400 0.311550
vt 0.811200 0.313025
vt 0.773700 0.302975
vt 0.774275 0.301600
vt 0.887050 0.301650
vt 0.887575 0.303025
vt 0.850025 0.313050
vt 0.849850 0.311575
vt 0.947600 0.255225
vt 0.948775 0.256125
vt 0.921250 0.283600
vt 0.920375 0.282425
vt 0.976825 0.184750
vt 0.978300 0.184925
vt 0.968225 0.222475
vt 0.966850 0.221925
vt 0.943225 0.118875
vt 0.953700 0.114525
vt 0.962700 0.148125
vt 0.951450 0.149600
vt 0.904825 0.068850
vt 0.911750 0.059850
vt 0.936325 0.084425
vt 0.927325 0.091350
vt 0.846600 0.044700
vt 0.848075 0.033450
vt 0.881650 0.042450
vt 0.877300 0.052925
vt 0.784075 0.052900
vt 0.779725 0.042425
vt 0.813325 0.033450
vt 0.814800 0.044700
vt 0.734075 0.091300
vt 0.725050 0.084425
vt 0.749625 0.059825
vt 0.756550 0.068800
vt 0.709950 0.149575
vt 0.698700 0.148125
vt 0.707675 0.114525
vt 0.718175 0.118850
vt 0.718175 0.212025
vt 0.707700 0.216400
vt 0.698700 0.182850
vt 0.709950 0.181325
vt 0.756525 0.262025
vt 0.749625 0.271025
vt 0.725075 0.246475
vt 0.734075 0.239550
vt 0.814750 0.286175
vt 0.813275 0.297400
vt 0.779725 0.288400
vt 0.784050 0.277925
vt 0.877225 0.277950
vt 0.881575 0.288425
vt 0.847975 0.297400
vt 0.846500 0.286175
vt 0.927275 0.239625
vt 0.936250 0.246525
vt 0.911675 0.271100
vt 0.904775 0.262100
vt 0.951425 0.181400
vt 0.962675 0.182875
vt 0.953650 0.216425
vt 0.943175 0.212100
vt 0.929975 0.124350
vt 0.932875 0.123150
vt 0.940325 0.151050
vt 0.937225 0.151475
vt 0.896125 0.080175
vt 0.898025 0.077725
vt 0.918450 0.098150
vt 0.915950 0.100025
vt 0.844725 0.058875
vt 0.845125 0.055775
vt 0.873025 0.063275
vt 0.871850 0.066150
vt 0.789550 0.066150
vt 0.788375 0.063275
vt 0.816275 0.055775
vt 0.816675 0.058875
vt 0.745425 0.100025
vt 0.742925 0.098125
vt 0.763350 0.077725
vt 0.765250 0.080175
vt 0.724175 0.151475
vt 0.721075 0.151050
vt 0.728525 0.123125
vt 0.731425 0.124350
vt 0.731425 0.206575
vt 0.728525 0.207750
vt 0.721075 0.179900
vt 0.724175 0.179500
vt 0.765275 0.250675
vt 0.763375 0.253175
vt 0.742950 0.232750
vt 0.745450 0.230850
vt 0.816650 0.271950
vt 0.816200 0.275025
vt 0.788350 0.267575
vt 0.789550 0.264700
vt 0.871775 0.264750
vt 0.872975 0.267625
vt 0.845050 0.275075
vt 0.844675 0.271975
vt 0.915925 0.230875
vt 0.918375 0.232800
vt 0.897975 0.253200
vt 0.896075 0.250725
vt 0.937225 0.179525
vt 0.940325 0.179925
vt 0.932825 0.207800
vt 0.929950 0.206600
vt 0.906175 0.134250
vt 0.915925 0.130175
vt 0.922150 0.153450
vt 0.911675 0.154850
vt 0.880425 0.100675
vt 0.886875 0.092300
vt 0.903900 0.109325
vt 0.895525 0.115775
vt 0.841375 0.084450
vt 0.842725 0.073975
vt 0.866000 0.080250
vt 0.861975 0.090000
vt 0.799450 0.089950
vt 0.795400 0.080200
vt 0.818675 0.073950
vt 0.820050 0.084425
vt 0.765900 0.115675
vt 0.757500 0.109275
vt 0.774525 0.092250
vt 0.780975 0.100600
vt 0.749725 0.154750
vt 0.739250 0.153375
vt 0.745475 0.130125
vt 0.755250 0.134150
vt 0.755200 0.196650
vt 0.745475 0.200725
vt 0.739250 0.177450
vt 0.749700 0.176050
vt 0.780925 0.230200
vt 0.774525 0.238600
vt 0.757500 0.221575
vt 0.765850 0.215125
vt 0.819950 0.246400
vt 0.818575 0.256850
vt 0.795350 0.250625
vt 0.799375 0.240875
vt 0.861850 0.240950
vt 0.865925 0.250700
vt 0.842650 0.256900
vt 0.841250 0.246425
vt 0.895425 0.215225
vt 0.903800 0.221625
vt 0.886775 0.238650
vt 0.880325 0.230300
vt 0.911675 0.176150
vt 0.922150 0.177525
vt 0.915875 0.200775
vt 0.906125 0.196750
vt 0.812925 0.196525
vt 0.818700 0.211925
vt 0.804000 0.211725
vt 0.796575 0.199125
vt 0.845550 0.189275
vt 0.849825 0.206500
vt 0.834600 0.210600
vt 0.829675 0.193525
vt 0.877050 0.177575
vt 0.876900 0.192200
vt 0.864275 0.199700
vt 0.861575 0.183500
vt 0.802850 0.164225
vt 0.807200 0.180375
vt 0.789800 0.184600
vt 0.785675 0.169250
vt 0.836700 0.154825
vt 0.841200 0.171700
vt 0.824675 0.176100
vt 0.820150 0.159225
vt 0.871550 0.146300
vt 0.875650 0.161650
vt 0.858475 0.166675
vt 0.854175 0.150525
vt 0.797100 0.131200
vt 0.799750 0.147400
vt 0.784300 0.153325
vt 0.784475 0.138700
vt 0.826800 0.120300
vt 0.831700 0.137375
vt 0.815775 0.141625
vt 0.811550 0.124400
vt 0.857375 0.119175
vt 0.864825 0.131775
vt 0.848475 0.134375
vt 0.842700 0.118975
vt 0.885150 0.142475
vt 0.893550 0.139450
vt 0.898150 0.156625
vt 0.889375 0.158200
vt 0.867050 0.116725
vt 0.872125 0.111500
vt 0.884675 0.124050
vt 0.877275 0.128225
vt 0.839650 0.106500
vt 0.839575 0.098000
vt 0.856750 0.102625
vt 0.854725 0.109625
vt 0.807700 0.110925
vt 0.804675 0.102575
vt 0.821825 0.097975
vt 0.823400 0.106725
vt 0.781975 0.129050
vt 0.776725 0.124000
vt 0.789300 0.111450
vt 0.793475 0.118825
vt 0.771725 0.156450
vt 0.763250 0.156525
vt 0.767850 0.139375
vt 0.774850 0.141375
vt 0.776225 0.188425
vt 0.767825 0.191450
vt 0.763225 0.174275
vt 0.772000 0.172700
vt 0.794325 0.214175
vt 0.789250 0.219375
vt 0.776700 0.206825
vt 0.784125 0.202675
vt 0.821700 0.224400
vt 0.821725 0.232900
vt 0.804600 0.228275
vt 0.806625 0.221275
vt 0.853650 0.219975
vt 0.856650 0.228350
vt 0.839475 0.232925
vt 0.837950 0.224175
vt 0.879400 0.201850
vt 0.884625 0.206925
vt 0.872050 0.219475
vt 0.867875 0.212075
vt 0.889650 0.174450
vt 0.898150 0.174375
vt 0.893525 0.191550
vt 0.886525 0.189525
vt 0.942250 0.150800
vt 0.934650 0.122425
vt 0.936675 0.121600
vt 0.944425 0.150525
vt 0.919975 0.097000
vt 0.899200 0.076200
vt 0.900525 0.074450
vt 0.921700 0.095675
vt 0.873750 0.061500
vt 0.845375 0.053875
vt 0.845675 0.051700
vt 0.874600 0.059450
vt 0.816025 0.053875
vt 0.787650 0.061500
vt 0.786800 0.059450
vt 0.815725 0.051700
vt 0.762200 0.076200
vt 0.741425 0.096975
vt 0.739700 0.095625
vt 0.760875 0.074425
vt 0.726750 0.122400
vt 0.719150 0.150800
vt 0.716975 0.150500
vt 0.724725 0.121575
vt 0.719150 0.180150
vt 0.726750 0.208475
vt 0.724725 0.209300
vt 0.716975 0.180400
vt 0.741425 0.233900
vt 0.762200 0.254675
vt 0.760850 0.256400
vt 0.739700 0.235225
vt 0.787625 0.269350
vt 0.815950 0.276950
vt 0.815675 0.279150
vt 0.786775 0.271375
vt 0.845300 0.276975
vt 0.873700 0.269400
vt 0.874500 0.271425
vt 0.845575 0.279150
vt 0.899125 0.254750
vt 0.919900 0.234000
vt 0.921675 0.235325
vt 0.900450 0.256500
vt 0.934600 0.208550
vt 0.942225 0.180175
vt 0.944400 0.180475
vt 0.936650 0.209400
vt 0.930325 0.152375
vt 0.923550 0.127025
vt 0.927200 0.125525
vt 0.934250 0.151875
vt 0.910450 0.104300
vt 0.891900 0.085725
vt 0.894300 0.082550
vt 0.913575 0.101875
vt 0.869150 0.072600
vt 0.843800 0.065800
vt 0.844325 0.061875
vt 0.870675 0.068925
vt 0.817600 0.065800
vt 0.792250 0.072600
vt 0.790725 0.068925
vt 0.817075 0.061875
vt 0.769500 0.085725
vt 0.750950 0.104275
vt 0.747825 0.101850
vt 0.767100 0.082550
vt 0.737850 0.126975
vt 0.731050 0.152325
vt 0.727125 0.151850
vt 0.734200 0.125475
vt 0.731050 0.178575
vt 0.737850 0.203925
vt 0.734200 0.205450
vt 0.727125 0.179125
vt 0.750950 0.226625
vt 0.769500 0.245150
vt 0.767100 0.248275
vt 0.747825 0.229025
vt 0.792200 0.258250
vt 0.817500 0.265050
vt 0.817025 0.269000
vt 0.790700 0.261925
vt 0.843750 0.265075
vt 0.869125 0.258300
vt 0.870650 0.261975
vt 0.844300 0.269000
vt 0.891825 0.245175
vt 0.910375 0.226625
vt 0.913550 0.229050
vt 0.894250 0.248350
vt 0.923500 0.203925
vt 0.930300 0.178600
vt 0.934225 0.179125
vt 0.927175 0.205450
vt 0.902475 0.156050
vt 0.897600 0.137775
vt 0.900125 0.136750
vt 0.905175 0.155700
vt 0.888175 0.121375
vt 0.874800 0.108000
vt 0.876450 0.105850
vt 0.890350 0.119750
vt 0.858425 0.098550
vt 0.840150 0.093650
vt 0.840525 0.090950
vt 0.859475 0.096025
vt 0.821250 0.093650
vt 0.803000 0.098550
vt 0.801950 0.096025
vt 0.820900 0.090950
vt 0.786650 0.108000
vt 0.773275 0.121350
vt 0.771125 0.119675
vt 0.784975 0.105825
vt 0.763825 0.137700
vt 0.758925 0.155950
vt 0.756225 0.155600
vt 0.761325 0.136650
vt 0.758900 0.174850
vt 0.763775 0.193125
vt 0.761250 0.194150
vt 0.756200 0.175200
vt 0.773200 0.209475
vt 0.786575 0.222850
vt 0.784900 0.225000
vt 0.771025 0.211125
vt 0.802925 0.232350
vt 0.821150 0.237250
vt 0.820800 0.239925
vt 0.801875 0.234850
vt 0.840050 0.237250
vt 0.858325 0.232375
vt 0.859350 0.234875
vt 0.840400 0.239925
vt 0.874725 0.222925
vt 0.888100 0.209575
vt 0.890250 0.211225
vt 0.876350 0.225075
vt 0.897550 0.193225
vt 0.902475 0.174950
vt 0.905175 0.175300
vt 0.900075 0.194250
vt 0.979250 0.145950
vt 0.969125 0.108150
vt 0.969975 0.107800
vt 0.980150 0.145825
vt 0.949575 0.074250
vt 0.921925 0.046550
vt 0.922475 0.045850
vt 0.950300 0.073700
vt 0.888050 0.026975
vt 0.850250 0.016850
vt 0.850375 0.015975
vt 0.888400 0.026175
vt 0.811150 0.016850
vt 0.773350 0.026975
vt 0.773000 0.026175
vt 0.811025 0.015975
vt 0.739475 0.046525
vt 0.711800 0.074225
vt 0.711075 0.073700
vt 0.738925 0.045850
vt 0.692225 0.108150
vt 0.682125 0.145950
vt 0.681250 0.145825
vt 0.691400 0.107800
vt 0.682150 0.185050
vt 0.692275 0.222800
vt 0.691475 0.223150
vt 0.681275 0.185175
vt 0.711825 0.256625
vt 0.739475 0.284275
vt 0.738950 0.284975
vt 0.711150 0.257175
vt 0.773325 0.303825
vt 0.811075 0.313950
vt 0.810975 0.314825
vt 0.773000 0.304625
vt 0.850150 0.313975
vt 0.887950 0.303900
vt 0.888300 0.304700
vt 0.850275 0.314850
vt 0.921825 0.284375
vt 0.949525 0.256725
vt 0.950225 0.257250
vt 0.922375 0.285050
vt 0.969125 0.222850
vt 0.979250 0.185050
vt 0.980125 0.185175
vt 0.969925 0.223200
vt 0.971300 0.147000
vt 0.961700 0.111225
vt 0.965150 0.109775
vt 0.975000 0.146500
vt 0.943175 0.079150
vt 0.917025 0.052950
vt 0.919275 0.050000
vt 0.946125 0.076875
vt 0.884975 0.034425
vt 0.849200 0.024850
vt 0.849675 0.021175
vt 0.886375 0.031000
vt 0.812200 0.024850
vt 0.776425 0.034425
vt 0.774975 0.031000
vt 0.811700 0.021175
vt 0.744350 0.052950
vt 0.718150 0.079150
vt 0.715200 0.076900
vt 0.742075 0.050000
vt 0.699650 0.111225
vt 0.690100 0.147000
vt 0.686400 0.146500
vt 0.696200 0.109800
vt 0.690125 0.184000
vt 0.699725 0.219725
vt 0.696300 0.221150
vt 0.686450 0.184475
vt 0.718225 0.251725
vt 0.744375 0.277875
vt 0.742125 0.280825
vt 0.715275 0.254000
vt 0.776425 0.296375
vt 0.812150 0.305975
vt 0.811650 0.309650
vt 0.775000 0.299800
vt 0.849100 0.306000
vt 0.884875 0.296450
vt 0.886325 0.299900
vt 0.849600 0.309700
vt 0.916950 0.277975
vt 0.943150 0.251800
vt 0.946100 0.254075
vt 0.919225 0.280925
vt 0.961675 0.219750
vt 0.971275 0.184000
vt 0.974950 0.184500
vt 0.965100 0.221200
vt 0.982800 0.671925
vt 0.994000 0.630325
vt 0.995375 0.630500
vt 0.984075 0.672450
vt 0.984825 0.672775
vt 0.996200 0.630625
vt 0.992400 0.144200
vt 0.981400 0.103050
vt 0.980625 0.103350
vt 0.991600 0.144300
vt 0.990375 0.144475
vt 0.979500 0.103850
vt 0.930750 0.739650
vt 0.961225 0.709225
vt 0.962325 0.710050
vt 0.931600 0.740725
vt 0.932075 0.741400
vt 0.962950 0.710550
vt 0.960100 0.066200
vt 0.930000 0.036075
vt 0.929525 0.036700
vt 0.959450 0.066675
vt 0.958500 0.067425
vt 0.928775 0.037675
vt 0.851825 0.772275
vt 0.893425 0.761150
vt 0.893950 0.762425
vt 0.852000 0.773650
vt 0.852100 0.774450
vt 0.894250 0.763200
vt 0.893150 0.014775
vt 0.852000 0.003750
vt 0.851900 0.004550
vt 0.892850 0.015525
vt 0.892350 0.016650
vt 0.851725 0.005750
vt 0.767200 0.761075
vt 0.808775 0.772250
vt 0.808600 0.773600
vt 0.766675 0.762325
vt 0.766350 0.763125
vt 0.808500 0.774425
vt 0.809400 0.003750
vt 0.768250 0.014775
vt 0.768550 0.015500
vt 0.809500 0.004525
vt 0.809675 0.005725
vt 0.769025 0.016600
vt 0.699475 0.709100
vt 0.729925 0.739525
vt 0.729075 0.740625
vt 0.698375 0.709950
vt 0.697725 0.710450
vt 0.728550 0.741300
vt 0.731400 0.036050
vt 0.701275 0.066175
vt 0.701900 0.066650
vt 0.731875 0.036675
vt 0.732600 0.037650
vt 0.702875 0.067400
vt 0.666825 0.630325
vt 0.677950 0.671875
vt 0.676675 0.672400
vt 0.665450 0.630500
vt 0.664625 0.630600
vt 0.675925 0.672700
vt 0.679975 0.103050
vt 0.669000 0.144200
vt 0.669800 0.144300
vt 0.680725 0.103350
vt 0.681875 0.103825
vt 0.671025 0.144475
vt 0.677900 0.545675
vt 0.666800 0.587275
vt 0.665450 0.587100
vt 0.676650 0.545150
vt 0.675875 0.544825
vt 0.664625 0.586975
vt 0.669050 0.186750
vt 0.680075 0.227850
vt 0.680825 0.227550
vt 0.669850 0.186650
vt 0.671075 0.186500
vt 0.681975 0.227100
vt 0.729825 0.477850
vt 0.699400 0.508350
vt 0.698300 0.507500
vt 0.728975 0.476750
vt 0.728450 0.476075
vt 0.697625 0.507000
vt 0.701325 0.264700
vt 0.731400 0.294775
vt 0.731900 0.294125
vt 0.701975 0.264200
vt 0.702975 0.263475
vt 0.732675 0.293175
vt 0.808775 0.445100
vt 0.767150 0.456275
vt 0.766600 0.455000
vt 0.808575 0.443725
vt 0.808450 0.442900
vt 0.766250 0.454225
vt 0.768250 0.316025
vt 0.809350 0.327050
vt 0.809450 0.326275
vt 0.768550 0.315300
vt 0.769025 0.314200
vt 0.809600 0.325075
vt 0.893525 0.456200
vt 0.851875 0.445075
vt 0.852050 0.443700
vt 0.894050 0.454925
vt 0.894350 0.454125
vt 0.852150 0.442850
vt 0.851900 0.327100
vt 0.893050 0.316125
vt 0.892750 0.315375
vt 0.851800 0.326300
vt 0.851625 0.325075
vt 0.892250 0.314225
vt 0.961325 0.508250
vt 0.930850 0.477750
vt 0.931700 0.476650
vt 0.962425 0.507400
vt 0.963100 0.506900
vt 0.932200 0.475975
vt 0.929900 0.294875
vt 0.960025 0.264800
vt 0.959400 0.264300
vt 0.929425 0.294225
vt 0.928675 0.293225
vt 0.958425 0.263525
vt 0.994025 0.587225
vt 0.982875 0.545575
vt 0.984125 0.545050
vt 0.995375 0.587050
vt 0.996200 0.586950
vt 0.984900 0.544750
vt 0.981325 0.227950
vt 0.992350 0.186800
vt 0.991550 0.186700
vt 0.980575 0.227650
vt 0.979450 0.227150
vt 0.990350 0.186525
vt 0.992638 0.630144
vt 0.986313 0.650550
vt 0.987850 0.629506
vt 0.991856 0.608788
vt 0.981525 0.671394
vt 0.970150 0.689500
vt 0.977094 0.669550
vt 0.972606 0.667700
vt 0.981256 0.649206
vt 0.965631 0.686875
vt 0.983038 0.628894
vt 0.986600 0.608787
vt 0.960131 0.708394
vt 0.944469 0.722919
vt 0.956337 0.705450
vt 0.929906 0.738569
vt 0.911006 0.748544
vt 0.926994 0.734750
vt 0.924038 0.730906
vt 0.940763 0.719206
vt 0.908419 0.744025
vt 0.952463 0.702494
vt 0.892894 0.759875
vt 0.872050 0.764619
vt 0.891056 0.755444
vt 0.851644 0.770900
vt 0.830300 0.770112
vt 0.851006 0.766144
vt 0.850394 0.761331
vt 0.870712 0.759569
vt 0.830300 0.764900
vt 0.889238 0.750956
vt 0.808956 0.770894
vt 0.788556 0.764606
vt 0.809594 0.766144
vt 0.767719 0.759819
vt 0.749644 0.748450
vt 0.769588 0.755394
vt 0.771412 0.750913
vt 0.789900 0.759556
vt 0.752269 0.743937
vt 0.810206 0.761331
vt 0.730756 0.738431
vt 0.716231 0.722781
vt 0.733700 0.734644
vt 0.700575 0.708256
vt 0.690600 0.689406
vt 0.704400 0.705350
vt 0.708244 0.702431
vt 0.719944 0.719113
vt 0.695119 0.686819
vt 0.736662 0.730812
vt 0.679231 0.671344
vt 0.674487 0.650537
vt 0.683694 0.669500
vt 0.668200 0.630144
vt 0.668981 0.608794
vt 0.672956 0.629500
vt 0.677762 0.628856
vt 0.679538 0.649163
vt 0.674194 0.608788
vt 0.688150 0.667650
vt 0.668162 0.587450
vt 0.674438 0.567012
vt 0.672944 0.588056
vt 0.679150 0.546200
vt 0.690506 0.528087
vt 0.683637 0.548006
vt 0.688094 0.549856
vt 0.679494 0.568350
vt 0.695063 0.530669
vt 0.677719 0.588700
vt 0.700481 0.509194
vt 0.716131 0.494625
vt 0.704306 0.512100
vt 0.730656 0.478931
vt 0.749550 0.468912
vt 0.733600 0.482750
vt 0.736562 0.486594
vt 0.719850 0.498300
vt 0.752175 0.473462
vt 0.708181 0.515025
vt 0.767663 0.457538
vt 0.788506 0.452781
vt 0.769500 0.462000
vt 0.808950 0.446463
vt 0.830306 0.447237
vt 0.809556 0.451244
vt 0.810194 0.456025
vt 0.789850 0.457837
vt 0.830300 0.452450
vt 0.771350 0.466487
vt 0.851694 0.446419
vt 0.872137 0.452694
vt 0.851050 0.451194
vt 0.892994 0.457444
vt 0.911106 0.468812
vt 0.891144 0.461900
vt 0.889256 0.466388
vt 0.870756 0.457750
vt 0.908475 0.473363
vt 0.850406 0.455975
vt 0.930006 0.478831
vt 0.944562 0.494525
vt 0.927088 0.482650
vt 0.960225 0.509094
vt 0.970206 0.527994
vt 0.956400 0.512000
vt 0.952556 0.514925
vt 0.940850 0.498200
vt 0.965681 0.530575
vt 0.924094 0.486494
vt 0.981606 0.546106
vt 0.986356 0.566962
vt 0.977113 0.547944
vt 0.992675 0.587406
vt 0.987856 0.588044
vt 0.983044 0.588656
vt 0.981263 0.568300
vt 0.972656 0.549762
vt 0.979519 0.628431
vt 0.974962 0.647525
vt 0.978006 0.628206
vt 0.980106 0.608787
vt 0.969319 0.666363
vt 0.959981 0.683644
vt 0.967906 0.665756
vt 0.966525 0.665181
vt 0.973425 0.647088
vt 0.958600 0.682844
vt 0.976531 0.628012
vt 0.978519 0.608788
vt 0.949638 0.700350
vt 0.936150 0.714600
vt 0.948450 0.699406
vt 0.921856 0.728081
vt 0.905156 0.738375
vt 0.920950 0.726856
vt 0.920044 0.725662
vt 0.935050 0.713462
vt 0.904362 0.736987
vt 0.947263 0.698494
vt 0.887869 0.747669
vt 0.869062 0.753275
vt 0.887294 0.746256
vt 0.849937 0.757813
vt 0.830306 0.758394
vt 0.849744 0.756306
vt 0.849519 0.754825
vt 0.868625 0.751737
vt 0.830306 0.756813
vt 0.886688 0.744875
vt 0.810669 0.757775
vt 0.791587 0.753225
vt 0.810894 0.756300
vt 0.772787 0.747588
vt 0.755538 0.738281
vt 0.773394 0.746200
vt 0.773962 0.744825
vt 0.792025 0.751725
vt 0.756331 0.736900
vt 0.811087 0.754825
vt 0.738844 0.727987
vt 0.724556 0.714500
vt 0.739750 0.726756
vt 0.711100 0.700250
vt 0.700769 0.683550
vt 0.712256 0.699306
vt 0.713437 0.698400
vt 0.725650 0.713363
vt 0.702112 0.682756
vt 0.740650 0.725569
vt 0.691469 0.666275
vt 0.685831 0.647475
vt 0.692850 0.665700
vt 0.681281 0.628394
vt 0.680694 0.608787
vt 0.682794 0.628200
vt 0.684269 0.628006
vt 0.687363 0.647075
vt 0.682281 0.608788
vt 0.694225 0.665125
vt 0.681269 0.589162
vt 0.685787 0.570037
vt 0.682756 0.589350
vt 0.691413 0.551231
vt 0.700713 0.533944
vt 0.692800 0.551800
vt 0.694181 0.552375
vt 0.687319 0.570437
vt 0.702056 0.534731
vt 0.684263 0.589544
vt 0.711006 0.517244
vt 0.724463 0.502950
vt 0.712194 0.518150
vt 0.738744 0.489456
vt 0.755444 0.479119
vt 0.739650 0.490644
vt 0.740556 0.491800
vt 0.725556 0.504044
vt 0.756231 0.480462
vt 0.713350 0.519056
vt 0.772725 0.469775
vt 0.791538 0.464137
vt 0.773300 0.471188
vt 0.810656 0.459581
vt 0.830300 0.458994
vt 0.810850 0.461094
vt 0.811044 0.462569
vt 0.791937 0.465669
vt 0.830300 0.460581
vt 0.773875 0.472537
vt 0.849944 0.459569
vt 0.869075 0.464087
vt 0.849750 0.461056
vt 0.887919 0.469712
vt 0.905244 0.479025
vt 0.887350 0.471106
vt 0.886775 0.472519
vt 0.868675 0.465625
vt 0.904450 0.480406
vt 0.849556 0.462563
vt 0.921950 0.489356
vt 0.936250 0.502850
vt 0.921044 0.490550
vt 0.949737 0.517144
vt 0.960075 0.533850
vt 0.948544 0.518050
vt 0.947325 0.518956
vt 0.935112 0.503950
vt 0.958688 0.534644
vt 0.920106 0.491738
vt 0.969381 0.551138
vt 0.975013 0.569987
vt 0.967994 0.551744
vt 0.979531 0.589119
vt 0.978044 0.589344
vt 0.976538 0.589538
vt 0.973475 0.570425
vt 0.966581 0.552319
vt 0.970312 0.627181
vt 0.961975 0.644006
vt 0.959825 0.625762
vt 0.966669 0.608737
vt 0.960725 0.662763
vt 0.948337 0.676900
vt 0.950969 0.658719
vt 0.941575 0.654781
vt 0.951119 0.641075
vt 0.938619 0.671256
vt 0.949731 0.624413
vt 0.955412 0.608700
vt 0.942287 0.694656
vt 0.926669 0.705081
vt 0.933912 0.688237
vt 0.916206 0.720688
vt 0.898425 0.726731
vt 0.909794 0.712306
vt 0.903612 0.704225
vt 0.918737 0.697138
vt 0.892825 0.716969
vt 0.925862 0.682019
vt 0.884306 0.739112
vt 0.865588 0.740319
vt 0.880281 0.729319
vt 0.848731 0.748606
vt 0.830312 0.744931
vt 0.847369 0.738125
vt 0.846087 0.728044
vt 0.862713 0.729425
vt 0.830356 0.733712
vt 0.876412 0.719894
vt 0.811913 0.748569
vt 0.795094 0.740275
vt 0.813300 0.738119
vt 0.776344 0.739031
vt 0.762244 0.726681
vt 0.780419 0.729306
vt 0.784325 0.719887
vt 0.798025 0.729425
vt 0.767894 0.716963
vt 0.814675 0.728038
vt 0.744456 0.720637
vt 0.734063 0.705025
vt 0.750944 0.712262
vt 0.718419 0.694600
vt 0.712381 0.676819
vt 0.726838 0.688156
vt 0.734919 0.682006
vt 0.742044 0.697094
vt 0.722144 0.671219
vt 0.757131 0.704219
vt 0.700025 0.662706
vt 0.698812 0.644000
vt 0.709788 0.658681
vt 0.690487 0.627181
vt 0.694131 0.608787
vt 0.700975 0.625813
vt 0.711056 0.624506
vt 0.709675 0.641119
vt 0.705381 0.608794
vt 0.719206 0.654819
vt 0.690450 0.590369
vt 0.698769 0.573512
vt 0.700963 0.591744
vt 0.699981 0.554794
vt 0.712319 0.540675
vt 0.709731 0.558825
vt 0.719119 0.562725
vt 0.709625 0.576431
vt 0.722037 0.546281
vt 0.711019 0.593087
vt 0.718356 0.522894
vt 0.733931 0.512431
vt 0.726700 0.529306
vt 0.744356 0.496812
vt 0.762138 0.490756
vt 0.750800 0.505188
vt 0.756994 0.513238
vt 0.741869 0.520362
vt 0.767781 0.500481
vt 0.734781 0.535488
vt 0.776256 0.478337
vt 0.795006 0.477087
vt 0.780319 0.488125
vt 0.811869 0.468750
vt 0.830300 0.472425
vt 0.813244 0.479269
vt 0.814588 0.489362
vt 0.797931 0.487981
vt 0.830300 0.483681
vt 0.784225 0.497525
vt 0.848731 0.468750
vt 0.865594 0.477075
vt 0.847356 0.479262
vt 0.884350 0.478288
vt 0.898469 0.490669
vt 0.880281 0.488069
vt 0.876375 0.497431
vt 0.862669 0.487931
vt 0.892819 0.500387
vt 0.846012 0.489319
vt 0.916294 0.496712
vt 0.926725 0.512331
vt 0.909806 0.505087
vt 0.942381 0.522794
vt 0.948425 0.540575
vt 0.933962 0.529206
vt 0.925869 0.535388
vt 0.918744 0.520262
vt 0.938656 0.546181
vt 0.903612 0.513138
vt 0.960813 0.554694
vt 0.962025 0.573419
vt 0.951019 0.558725
vt 0.970350 0.590312
vt 0.959831 0.591650
vt 0.949731 0.592987
vt 0.951125 0.576331
vt 0.941581 0.562625
vt 0.942762 0.623519
vt 0.938469 0.637694
vt 0.939694 0.623100
vt 0.942288 0.608706
vt 0.935081 0.652119
vt 0.927269 0.664669
vt 0.932238 0.650906
vt 0.929331 0.649725
vt 0.935263 0.636813
vt 0.924431 0.663025
vt 0.936587 0.622681
vt 0.939006 0.608700
vt 0.920262 0.677731
vt 0.909469 0.687825
vt 0.917838 0.675812
vt 0.899338 0.698650
vt 0.886275 0.705612
vt 0.897450 0.696163
vt 0.895563 0.693738
vt 0.907144 0.685500
vt 0.884637 0.702781
vt 0.915350 0.673956
vt 0.873719 0.713431
vt 0.859294 0.716775
vt 0.872512 0.710556
vt 0.845119 0.721075
vt 0.830312 0.720587
vt 0.844706 0.718000
vt 0.844319 0.714931
vt 0.858450 0.713606
vt 0.830312 0.717312
vt 0.871363 0.707713
vt 0.815531 0.721069
vt 0.801394 0.716775
vt 0.815944 0.718000
vt 0.786981 0.713425
vt 0.774431 0.705612
vt 0.788188 0.710550
vt 0.789338 0.707669
vt 0.802237 0.713600
vt 0.776069 0.702744
vt 0.816331 0.714931
vt 0.761369 0.698650
vt 0.751275 0.687825
vt 0.763288 0.696156
vt 0.740450 0.677731
vt 0.733487 0.664669
vt 0.742944 0.675812
vt 0.745400 0.673956
vt 0.753606 0.685494
vt 0.736356 0.663031
vt 0.765144 0.693694
vt 0.725669 0.652125
vt 0.722319 0.637706
vt 0.728550 0.650913
vt 0.717988 0.623575
vt 0.718475 0.608788
vt 0.721094 0.623156
vt 0.724169 0.622769
vt 0.725500 0.636863
vt 0.721787 0.608794
vt 0.731425 0.649763
vt 0.717988 0.593981
vt 0.722306 0.579806
vt 0.721094 0.594400
vt 0.725619 0.565381
vt 0.733400 0.552825
vt 0.728500 0.566594
vt 0.731375 0.567775
vt 0.725487 0.580688
vt 0.736269 0.554469
vt 0.724162 0.594819
vt 0.740356 0.539762
vt 0.751175 0.529631
vt 0.742844 0.541650
vt 0.761275 0.518838
vt 0.774338 0.511831
vt 0.763187 0.521263
vt 0.765050 0.523750
vt 0.753506 0.531956
vt 0.775975 0.514663
vt 0.745306 0.543537
vt 0.786919 0.504019
vt 0.801344 0.500631
vt 0.788100 0.506856
vt 0.815519 0.496331
vt 0.830300 0.496813
vt 0.815906 0.499400
vt 0.816325 0.502469
vt 0.802187 0.503800
vt 0.830300 0.500087
vt 0.789288 0.509731
vt 0.845081 0.496325
vt 0.859256 0.500619
vt 0.844694 0.499400
vt 0.873681 0.503963
vt 0.886269 0.511750
vt 0.872500 0.506806
vt 0.871325 0.509681
vt 0.858413 0.503788
vt 0.884631 0.514581
vt 0.844281 0.502469
vt 0.899338 0.518744
vt 0.909475 0.529569
vt 0.897450 0.521200
vt 0.920300 0.539669
vt 0.927306 0.552738
vt 0.917844 0.541587
vt 0.915350 0.543450
vt 0.907144 0.531894
vt 0.924438 0.554375
vt 0.895563 0.523656
vt 0.935119 0.565319
vt 0.938475 0.579744
vt 0.932250 0.566500
vt 0.942762 0.593919
vt 0.939700 0.594306
vt 0.936625 0.594725
vt 0.935300 0.580588
vt 0.929369 0.567688
vt 0.929350 0.621744
vt 0.922275 0.633337
vt 0.919406 0.620412
vt 0.925563 0.608700
vt 0.922600 0.646937
vt 0.912781 0.656294
vt 0.913306 0.643044
vt 0.904625 0.639413
vt 0.912112 0.630569
vt 0.903663 0.650988
vt 0.910075 0.619162
vt 0.915050 0.608694
vt 0.909556 0.669506
vt 0.897631 0.676019
vt 0.901587 0.663363
vt 0.891112 0.687919
vt 0.877938 0.691137
vt 0.885013 0.679969
vt 0.879281 0.672437
vt 0.890194 0.668537
vt 0.872688 0.682012
vt 0.894125 0.657588
vt 0.868550 0.700919
vt 0.854994 0.700619
vt 0.864738 0.691681
vt 0.843394 0.707663
vt 0.830394 0.703875
vt 0.842112 0.697744
vt 0.840900 0.688388
vt 0.852306 0.690456
vt 0.830400 0.693363
vt 0.861150 0.682938
vt 0.817350 0.707663
vt 0.805756 0.700619
vt 0.818681 0.697744
vt 0.792156 0.700912
vt 0.782769 0.691138
vt 0.796012 0.691687
vt 0.799644 0.682975
vt 0.808487 0.690463
vt 0.788069 0.682056
vt 0.819900 0.688388
vt 0.769588 0.687913
vt 0.763075 0.676025
vt 0.775700 0.679981
vt 0.751181 0.669512
vt 0.747962 0.656337
vt 0.759131 0.663412
vt 0.766663 0.657681
vt 0.770556 0.668594
vt 0.757087 0.651087
vt 0.781506 0.672519
vt 0.738181 0.646950
vt 0.738475 0.633394
vt 0.747419 0.643138
vt 0.731400 0.621800
vt 0.735181 0.608794
vt 0.741350 0.620512
vt 0.750713 0.619300
vt 0.748644 0.630706
vt 0.745731 0.608800
vt 0.756163 0.639550
vt 0.731356 0.595756
vt 0.738431 0.584156
vt 0.741337 0.597081
vt 0.738100 0.570556
vt 0.747906 0.561169
vt 0.747394 0.574413
vt 0.756075 0.578044
vt 0.748600 0.586887
vt 0.757025 0.566463
vt 0.750669 0.598300
vt 0.751094 0.547988
vt 0.762981 0.541469
vt 0.759062 0.554094
vt 0.769494 0.529544
vt 0.782669 0.526312
vt 0.775588 0.537512
vt 0.781331 0.544975
vt 0.770419 0.548913
vt 0.787925 0.535431
vt 0.766531 0.559862
vt 0.792069 0.516494
vt 0.805656 0.516788
vt 0.795906 0.525756
vt 0.817263 0.509737
vt 0.830300 0.513519
vt 0.818581 0.519656
vt 0.819800 0.529019
vt 0.808381 0.526950
vt 0.830294 0.524037
vt 0.799506 0.534469
vt 0.843344 0.509700
vt 0.854944 0.516737
vt 0.842012 0.519650
vt 0.868544 0.516406
vt 0.877931 0.526219
vt 0.864681 0.525700
vt 0.861019 0.534425
vt 0.852175 0.526937
vt 0.872631 0.535344
vt 0.840762 0.529019
vt 0.891113 0.529444
vt 0.897631 0.541369
vt 0.885006 0.537413
vt 0.909556 0.547894
vt 0.912781 0.561069
vt 0.901587 0.553988
vt 0.894125 0.559719
vt 0.890188 0.548806
vt 0.903663 0.566325
vt 0.879237 0.544881
vt 0.922600 0.570469
vt 0.922275 0.584056
vt 0.913306 0.574306
vt 0.929350 0.595662
vt 0.919406 0.596981
vt 0.910075 0.598200
vt 0.912112 0.586781
vt 0.904625 0.577900
vt 0.805781 0.556775
vt 0.810469 0.561981
vt 0.799844 0.568138
vt 0.797619 0.561506
vt 0.820275 0.555019
vt 0.826331 0.562250
vt 0.815525 0.569500
vt 0.809388 0.585613
vt 0.803950 0.576206
vt 0.821038 0.578844
vt 0.792231 0.582019
vt 0.788888 0.573213
vt 0.836275 0.555700
vt 0.842056 0.564987
vt 0.831894 0.571669
vt 0.851694 0.559812
vt 0.857038 0.570437
vt 0.847519 0.575837
vt 0.843113 0.593781
vt 0.837356 0.582469
vt 0.853319 0.587456
vt 0.826688 0.589400
vt 0.865875 0.567175
vt 0.870912 0.578094
vt 0.862787 0.582106
vt 0.877575 0.575912
vt 0.882269 0.584081
vt 0.877025 0.588725
vt 0.876700 0.604588
vt 0.869450 0.593688
vt 0.883975 0.598606
vt 0.860019 0.599131
vt 0.797719 0.591525
vt 0.786781 0.597050
vt 0.781525 0.587400
vt 0.815687 0.595844
vt 0.804369 0.601750
vt 0.800681 0.618275
vt 0.793506 0.607300
vt 0.811256 0.612550
vt 0.784000 0.612850
vt 0.777413 0.602838
vt 0.832594 0.600188
vt 0.821950 0.606469
vt 0.849437 0.604856
vt 0.838706 0.610944
vt 0.833969 0.628050
vt 0.828063 0.617250
vt 0.844969 0.621562
vt 0.817581 0.623669
vt 0.867194 0.610106
vt 0.856325 0.615650
vt 0.883288 0.614606
vt 0.873919 0.620363
vt 0.868469 0.635431
vt 0.862975 0.625881
vt 0.879175 0.630038
vt 0.851275 0.631800
vt 0.791250 0.623725
vt 0.783675 0.628681
vt 0.776725 0.618838
vt 0.807381 0.629994
vt 0.797913 0.635331
vt 0.794825 0.650231
vt 0.789788 0.639313
vt 0.803662 0.647012
vt 0.783125 0.641487
vt 0.778431 0.633319
vt 0.823338 0.635019
vt 0.813181 0.641650
vt 0.839625 0.638613
vt 0.828794 0.645819
vt 0.824388 0.661750
vt 0.818637 0.652500
vt 0.834331 0.655206
vt 0.809006 0.657637
vt 0.856744 0.641250
vt 0.845163 0.647975
vt 0.871812 0.644269
vt 0.860856 0.649344
vt 0.854913 0.660637
vt 0.850225 0.655469
vt 0.863081 0.655937
vt 0.840381 0.662394
vt 0.902038 0.618131
vt 0.897275 0.626600
vt 0.894931 0.617075
vt 0.899606 0.608694
vt 0.897175 0.636350
vt 0.890375 0.643300
vt 0.890512 0.633681
vt 0.888069 0.624131
vt 0.881944 0.639400
vt 0.890338 0.607875
vt 0.887738 0.652681
vt 0.879337 0.657637
vt 0.881956 0.648619
vt 0.874381 0.666037
vt 0.865000 0.668675
vt 0.870094 0.660806
vt 0.872463 0.652613
vt 0.861306 0.662275
vt 0.858050 0.675475
vt 0.848300 0.675587
vt 0.855637 0.669169
vt 0.839831 0.680387
vt 0.830394 0.677987
vt 0.839181 0.673356
vt 0.847344 0.667112
vt 0.831162 0.668738
vt 0.820962 0.680387
vt 0.812456 0.675588
vt 0.821975 0.673294
vt 0.802737 0.675475
vt 0.795750 0.668688
vt 0.805337 0.668831
vt 0.814881 0.666463
vt 0.799644 0.660306
vt 0.786406 0.666088
vt 0.781419 0.657725
vt 0.790406 0.660313
vt 0.773056 0.652781
vt 0.770413 0.643400
vt 0.778250 0.648494
vt 0.786438 0.650856
vt 0.776781 0.639706
vt 0.763588 0.636450
vt 0.763475 0.626700
vt 0.769919 0.634037
vt 0.758675 0.618231
vt 0.761094 0.608794
vt 0.765738 0.617588
vt 0.771981 0.625750
vt 0.770362 0.609600
vt 0.758663 0.599362
vt 0.763425 0.590850
vt 0.765769 0.600381
vt 0.763525 0.581100
vt 0.770325 0.574106
vt 0.770187 0.583731
vt 0.772631 0.593287
vt 0.778756 0.578044
vt 0.772963 0.564725
vt 0.781363 0.559762
vt 0.778744 0.568794
vt 0.786319 0.551363
vt 0.795694 0.548725
vt 0.790606 0.556600
vt 0.788238 0.564831
vt 0.799388 0.555131
vt 0.802644 0.541925
vt 0.812362 0.541812
vt 0.805025 0.548231
vt 0.820862 0.537019
vt 0.830300 0.539412
vt 0.821475 0.544044
vt 0.813312 0.550287
vt 0.829494 0.548669
vt 0.839738 0.537019
vt 0.848244 0.541813
vt 0.838719 0.544113
vt 0.857963 0.541925
vt 0.864950 0.548719
vt 0.855363 0.548575
vt 0.845812 0.550975
vt 0.861056 0.557100
vt 0.874300 0.551350
vt 0.879287 0.559712
vt 0.870294 0.557094
vt 0.887694 0.564656
vt 0.890325 0.574013
vt 0.882456 0.568913
vt 0.874263 0.566544
vt 0.883919 0.577694
vt 0.897162 0.580994
vt 0.897231 0.590750
vt 0.890788 0.583369
vt 0.902031 0.599262
vt 0.894962 0.599869
vt 0.888719 0.591662
vt 0.932069 0.667444
vt 0.937181 0.652969
vt 0.943788 0.639094
vt 0.929450 0.665956
vt 0.940900 0.638344
vt 0.944812 0.608706
vt 0.945006 0.623794
vt 0.947825 0.608700
vt 0.889050 0.710425
vt 0.900731 0.700481
vt 0.913388 0.691781
vt 0.887556 0.707844
vt 0.911256 0.689656
vt 0.922087 0.679131
vt 0.830356 0.726169
vt 0.845406 0.723381
vt 0.860738 0.722138
vt 0.830312 0.723156
vt 0.859944 0.719256
vt 0.874575 0.715563
vt 0.771662 0.710419
vt 0.786131 0.715525
vt 0.800000 0.722100
vt 0.773144 0.707837
vt 0.800744 0.719219
vt 0.815262 0.723344
vt 0.728681 0.667456
vt 0.738625 0.679131
vt 0.747356 0.691781
vt 0.731256 0.665963
vt 0.749444 0.689656
vt 0.759975 0.700481
vt 0.712919 0.608800
vt 0.715712 0.623887
vt 0.716962 0.639181
vt 0.715900 0.608794
vt 0.719837 0.638394
vt 0.723538 0.653013
vt 0.728588 0.550056
vt 0.723481 0.564531
vt 0.716913 0.578406
vt 0.731175 0.551544
vt 0.719825 0.579156
vt 0.715706 0.593706
vt 0.771562 0.507031
vt 0.759906 0.517013
vt 0.747256 0.525712
vt 0.773056 0.509650
vt 0.749381 0.527844
vt 0.738556 0.538369
vt 0.830300 0.491225
vt 0.815212 0.494056
vt 0.799906 0.495306
vt 0.830300 0.494244
vt 0.800694 0.498194
vt 0.786037 0.501919
vt 0.889044 0.506931
vt 0.874562 0.501825
vt 0.860694 0.495219
vt 0.887550 0.509556
vt 0.859906 0.498144
vt 0.845387 0.494012
vt 0.932069 0.549956
vt 0.922094 0.538269
vt 0.913387 0.525613
vt 0.929488 0.551450
vt 0.911263 0.527744
vt 0.900731 0.516913
vt 0.945006 0.593612
vt 0.943787 0.578306
vt 0.940906 0.579094
vt 0.937188 0.564438
vt 0.922200 0.661781
vt 0.927188 0.648863
vt 0.932781 0.636169
vt 0.919475 0.660200
vt 0.929750 0.635369
vt 0.933262 0.608706
vt 0.934269 0.622400
vt 0.936431 0.608706
vt 0.883388 0.700594
vt 0.894144 0.691881
vt 0.905319 0.683719
vt 0.881800 0.697825
vt 0.903087 0.681481
vt 0.913488 0.672544
vt 0.830312 0.714775
vt 0.844012 0.712613
vt 0.857806 0.711138
vt 0.830350 0.711600
vt 0.856975 0.708063
vt 0.870469 0.705538
vt 0.777313 0.700519
vt 0.790231 0.705494
vt 0.802881 0.711125
vt 0.778900 0.697787
vt 0.803725 0.708056
vt 0.816650 0.712613
vt 0.738544 0.661788
vt 0.747225 0.672544
vt 0.755388 0.683706
vt 0.741275 0.660200
vt 0.757619 0.681475
vt 0.766556 0.691838
vt 0.724319 0.608794
vt 0.726481 0.622456
vt 0.727969 0.636219
vt 0.727450 0.608788
vt 0.731031 0.635381
vt 0.733569 0.648869
vt 0.738488 0.555719
vt 0.733513 0.568638
vt 0.727925 0.581331
vt 0.741212 0.557300
vt 0.730950 0.582131
vt 0.726438 0.595100
vt 0.777263 0.516894
vt 0.766494 0.525612
vt 0.755300 0.533781
vt 0.778844 0.519625
vt 0.757531 0.536013
vt 0.747163 0.544956
vt 0.830306 0.502625
vt 0.816638 0.504788
vt 0.802875 0.506275
vt 0.830306 0.505794
vt 0.803675 0.509344
vt 0.790213 0.511906
vt 0.883381 0.516806
vt 0.870462 0.511850
vt 0.857769 0.506262
vt 0.881800 0.519531
vt 0.856969 0.509294
vt 0.844000 0.504781
vt 0.922206 0.555663
vt 0.913488 0.544894
vt 0.905319 0.533687
vt 0.919475 0.557244
vt 0.903088 0.535919
vt 0.894144 0.525512
vt 0.934275 0.595038
vt 0.932819 0.581275
vt 0.929750 0.582075
vt 0.927194 0.568613
vt 0.897662 0.647513
vt 0.900494 0.637731
vt 0.905413 0.628781
vt 0.894737 0.645831
vt 0.902138 0.627931
vt 0.904663 0.608700
vt 0.905606 0.618606
vt 0.908075 0.608694
vt 0.869219 0.675963
vt 0.876562 0.668881
vt 0.885287 0.663588
vt 0.867531 0.673037
vt 0.882906 0.661206
vt 0.890581 0.654863
vt 0.830400 0.686413
vt 0.840312 0.683950
vt 0.850519 0.683719
vt 0.830400 0.683037
vt 0.849631 0.680450
vt 0.859438 0.678794
vt 0.791581 0.676013
vt 0.801363 0.678800
vt 0.810281 0.683725
vt 0.793269 0.673050
vt 0.811169 0.680450
vt 0.820487 0.683950
vt 0.763137 0.647619
vt 0.770219 0.654963
vt 0.775513 0.663681
vt 0.766056 0.645931
vt 0.777894 0.661294
vt 0.784238 0.668937
vt 0.752675 0.608800
vt 0.755144 0.618713
vt 0.755381 0.628919
vt 0.756044 0.608800
vt 0.758613 0.628031
vt 0.760300 0.637838
vt 0.763031 0.569969
vt 0.760206 0.579756
vt 0.755294 0.588681
vt 0.765963 0.571619
vt 0.758563 0.589563
vt 0.755100 0.598887
vt 0.791438 0.541438
vt 0.784125 0.548519
vt 0.775369 0.553825
vt 0.793169 0.544362
vt 0.777794 0.556200
vt 0.770113 0.562581
vt 0.830294 0.531025
vt 0.820387 0.533487
vt 0.810175 0.533687
vt 0.830300 0.534400
vt 0.811069 0.536956
vt 0.801256 0.538606
vt 0.869125 0.541387
vt 0.859331 0.538600
vt 0.850381 0.533681
vt 0.867437 0.544356
vt 0.849531 0.536956
vt 0.840206 0.533487
vt 0.897663 0.569794
vt 0.890575 0.562444
vt 0.885275 0.553719
vt 0.894731 0.571487
vt 0.882856 0.556144
vt 0.876506 0.548469
vt 0.905606 0.598787
vt 0.905413 0.588569
vt 0.902138 0.589456
vt 0.900494 0.579612
vt 0.962412 0.685044
vt 0.970394 0.666806
vt 0.977688 0.648263
vt 0.961075 0.684294
vt 0.976200 0.647869
vt 0.981394 0.608787
vt 0.980694 0.628575
vt 0.982931 0.608787
vt 0.906581 0.740813
vt 0.922588 0.729019
vt 0.938138 0.716619
vt 0.905794 0.739475
vt 0.937044 0.715531
vt 0.950569 0.701081
vt 0.830300 0.761187
vt 0.850075 0.758956
vt 0.869769 0.755994
vt 0.830300 0.759644
vt 0.869369 0.754506
vt 0.888313 0.748744
vt 0.754106 0.740763
vt 0.772338 0.748725
vt 0.790844 0.755988
vt 0.754894 0.739419
vt 0.791244 0.754462
vt 0.810525 0.758950
vt 0.698300 0.684987
vt 0.710137 0.700988
vt 0.722562 0.716531
vt 0.699675 0.684200
vt 0.723662 0.715438
vt 0.738113 0.728956
vt 0.677863 0.608794
vt 0.680106 0.628563
vt 0.683100 0.648219
vt 0.679406 0.608794
vt 0.684594 0.647819
vt 0.690362 0.666750
vt 0.698238 0.532512
vt 0.690275 0.550788
vt 0.683019 0.569331
vt 0.699581 0.533306
vt 0.684544 0.569731
vt 0.680063 0.589025
vt 0.754013 0.476644
vt 0.738012 0.488488
vt 0.722469 0.500919
vt 0.754800 0.477987
vt 0.723563 0.502050
vt 0.710044 0.516506
vt 0.830300 0.456125
vt 0.810488 0.458400
vt 0.790794 0.461400
vt 0.830300 0.457706
vt 0.791194 0.462894
vt 0.772250 0.468669
vt 0.906600 0.476544
vt 0.888356 0.468575
vt 0.869806 0.461313
vt 0.905850 0.477894
vt 0.869412 0.462844
vt 0.850112 0.458356
vt 0.962506 0.532412
vt 0.950669 0.516406
vt 0.938225 0.500819
vt 0.961169 0.533206
vt 0.937137 0.501950
vt 0.922644 0.488387
vt 0.980731 0.588975
vt 0.977737 0.569244
vt 0.976250 0.569644
vt 0.970481 0.550687
vt 0.957512 0.682206
vt 0.965200 0.664631
vt 0.972231 0.646781
vt 0.955225 0.680869
vt 0.969662 0.646087
vt 0.974644 0.608781
vt 0.975119 0.627837
vt 0.977275 0.608788
vt 0.903719 0.735900
vt 0.919144 0.724512
vt 0.934156 0.712569
vt 0.902387 0.733619
vt 0.932275 0.710688
vt 0.946113 0.697594
vt 0.830300 0.755538
vt 0.849344 0.753381
vt 0.868281 0.750537
vt 0.830306 0.752869
vt 0.867625 0.748000
vt 0.886137 0.743556
vt 0.756931 0.735819
vt 0.774475 0.743500
vt 0.792325 0.750525
vt 0.758231 0.733537
vt 0.793012 0.747950
vt 0.811262 0.753375
vt 0.703200 0.682119
vt 0.714588 0.697538
vt 0.726537 0.712506
vt 0.705487 0.680787
vt 0.728413 0.710662
vt 0.741513 0.724456
vt 0.683525 0.608788
vt 0.685681 0.627800
vt 0.688556 0.646731
vt 0.686156 0.608788
vt 0.691125 0.646037
vt 0.695550 0.664544
vt 0.703150 0.535375
vt 0.695538 0.552956
vt 0.688550 0.570781
vt 0.705469 0.536713
vt 0.691087 0.571475
vt 0.685675 0.589750
vt 0.756875 0.481550
vt 0.741450 0.492981
vt 0.726450 0.504938
vt 0.758175 0.483869
vt 0.728331 0.506825
vt 0.714531 0.519956
vt 0.830300 0.461825
vt 0.811250 0.463975
vt 0.792281 0.466863
vt 0.830300 0.464450
vt 0.792969 0.469400
vt 0.774450 0.473888
vt 0.903806 0.481500
vt 0.886194 0.473844
vt 0.868331 0.466856
vt 0.902475 0.483781
vt 0.867637 0.469388
vt 0.849350 0.463975
vt 0.957594 0.535281
vt 0.946206 0.519856
vt 0.934219 0.504844
vt 0.955319 0.536613
vt 0.932375 0.506725
vt 0.919237 0.492887
vt 0.975125 0.589706
vt 0.972244 0.570731
vt 0.969712 0.571388
vt 0.965256 0.552863
vt 0.963644 0.088763
vt 0.974531 0.105937
vt 0.978938 0.125787
vt 0.970869 0.107444
vt 0.967512 0.086531
vt 0.978406 0.104331
vt 0.983250 0.124644
vt 0.988638 0.165500
vt 0.985031 0.145194
vt 0.989187 0.144644
vt 0.984169 0.165500
vt 0.981100 0.145700
vt 0.907438 0.032550
vt 0.925469 0.041975
vt 0.939225 0.056975
vt 0.923050 0.045119
vt 0.909669 0.028675
vt 0.928031 0.038638
vt 0.942394 0.053806
vt 0.954225 0.070731
vt 0.957556 0.068169
vt 0.951069 0.073144
vt 0.830700 0.011937
vt 0.851006 0.011075
vt 0.870412 0.017213
vt 0.850500 0.015038
vt 0.830700 0.007462
vt 0.851556 0.006919
vt 0.871556 0.012862
vt 0.890262 0.021625
vt 0.891869 0.017744
vt 0.888756 0.025313
vt 0.753963 0.032550
vt 0.771131 0.021619
vt 0.790987 0.017213
vt 0.772644 0.025313
vt 0.751694 0.028637
vt 0.769494 0.017700
vt 0.789837 0.012856
vt 0.810394 0.011075
vt 0.809844 0.006913
vt 0.810900 0.015038
vt 0.697756 0.088763
vt 0.707175 0.070725
vt 0.722175 0.056975
vt 0.710325 0.073144
vt 0.693887 0.086494
vt 0.703837 0.068131
vt 0.719000 0.053794
vt 0.735925 0.041969
vt 0.733331 0.038600
vt 0.738350 0.045119
vt 0.677231 0.165500
vt 0.676369 0.145194
vt 0.682463 0.125787
vt 0.680300 0.145700
vt 0.672769 0.165500
vt 0.672212 0.144644
vt 0.678150 0.124637
vt 0.686869 0.105931
vt 0.682988 0.104294
vt 0.690525 0.107444
vt 0.697850 0.242150
vt 0.686931 0.225019
vt 0.682513 0.205200
vt 0.690612 0.223506
vt 0.693981 0.244419
vt 0.683081 0.226650
vt 0.678200 0.206350
vt 0.676381 0.185806
vt 0.672256 0.186350
vt 0.680338 0.185300
vt 0.753969 0.298263
vt 0.735981 0.288881
vt 0.722262 0.273912
vt 0.738394 0.285725
vt 0.751731 0.302175
vt 0.733419 0.292244
vt 0.719094 0.277094
vt 0.707275 0.260175
vt 0.703938 0.262762
vt 0.710419 0.257750
vt 0.830606 0.318869
vt 0.810300 0.319725
vt 0.790937 0.313587
vt 0.810844 0.315763
vt 0.830600 0.323337
vt 0.809750 0.323887
vt 0.789756 0.317944
vt 0.771094 0.309181
vt 0.769488 0.313100
vt 0.772637 0.305488
vt 0.907338 0.298350
vt 0.890163 0.309231
vt 0.870313 0.313637
vt 0.888656 0.305575
vt 0.909569 0.302219
vt 0.891769 0.313112
vt 0.871456 0.317950
vt 0.850906 0.319731
vt 0.851456 0.323887
vt 0.850400 0.315800
vt 0.963550 0.242231
vt 0.954125 0.260256
vt 0.939125 0.273975
vt 0.950975 0.257813
vt 0.967425 0.244462
vt 0.957462 0.262788
vt 0.942294 0.277144
vt 0.925369 0.288962
vt 0.927931 0.292269
vt 0.922950 0.285787
vt 0.985025 0.185806
vt 0.978887 0.205212
vt 0.981062 0.185300
vt 0.989181 0.186356
vt 0.983238 0.206356
vt 0.974475 0.225063
vt 0.978356 0.226669
vt 0.970787 0.223556
vt 0.958400 0.091744
vt 0.967675 0.108769
vt 0.973125 0.127325
vt 0.966069 0.109381
vt 0.959681 0.091044
vt 0.968750 0.108319
vt 0.974525 0.126975
vt 0.979606 0.165500
vt 0.977675 0.146156
vt 0.978844 0.146006
vt 0.978125 0.165500
vt 0.975969 0.146362
vt 0.904413 0.037763
vt 0.920950 0.047856
vt 0.934956 0.061231
vt 0.919881 0.049225
vt 0.905156 0.036475
vt 0.921669 0.046894
vt 0.936000 0.060194
vt 0.948331 0.075244
vt 0.949256 0.074525
vt 0.946925 0.076275
vt 0.830694 0.017987
vt 0.850038 0.018469
vt 0.868831 0.023056
vt 0.849800 0.020187
vt 0.830700 0.016500
vt 0.850194 0.017262
vt 0.869225 0.021619
vt 0.887419 0.028506
vt 0.887881 0.027362
vt 0.886744 0.030088
vt 0.756944 0.037763
vt 0.773969 0.028506
vt 0.792525 0.023056
vt 0.774581 0.030088
vt 0.756244 0.036469
vt 0.773519 0.027362
vt 0.792175 0.021619
vt 0.811356 0.018469
vt 0.811206 0.017262
vt 0.811563 0.020188
vt 0.702963 0.091781
vt 0.713062 0.075244
vt 0.726431 0.061237
vt 0.714425 0.076313
vt 0.701712 0.091037
vt 0.712137 0.074487
vt 0.725400 0.060156
vt 0.740444 0.047850
vt 0.739731 0.046856
vt 0.741475 0.049225
vt 0.683275 0.165494
vt 0.683719 0.146156
vt 0.688269 0.127331
vt 0.685431 0.146362
vt 0.681788 0.165500
vt 0.682519 0.146006
vt 0.686838 0.126975
vt 0.693712 0.108775
vt 0.692606 0.108319
vt 0.695287 0.109419
vt 0.703056 0.239163
vt 0.693806 0.222175
vt 0.688356 0.203625
vt 0.695388 0.221531
vt 0.701769 0.239869
vt 0.692663 0.222631
vt 0.686919 0.204012
vt 0.683769 0.184838
vt 0.682562 0.184994
vt 0.685481 0.184600
vt 0.756988 0.293094
vt 0.740488 0.283031
vt 0.726488 0.269662
vt 0.741525 0.281625
vt 0.756244 0.294381
vt 0.739737 0.283956
vt 0.725444 0.270700
vt 0.713144 0.255656
vt 0.712156 0.256369
vt 0.714487 0.254619
vt 0.830613 0.312831
vt 0.811300 0.312369
vt 0.792519 0.307787
vt 0.811513 0.310625
vt 0.830606 0.314319
vt 0.811119 0.313544
vt 0.792125 0.309225
vt 0.773969 0.302369
vt 0.773481 0.303450
vt 0.774619 0.300725
vt 0.904356 0.293144
vt 0.887331 0.302394
vt 0.868775 0.307831
vt 0.886719 0.300812
vt 0.905056 0.294431
vt 0.887781 0.303531
vt 0.869125 0.309269
vt 0.849944 0.312381
vt 0.850094 0.313581
vt 0.849738 0.310669
vt 0.958337 0.239213
vt 0.948244 0.255713
vt 0.934869 0.269713
vt 0.946875 0.254675
vt 0.959625 0.239950
vt 0.949200 0.256463
vt 0.935906 0.270756
vt 0.920856 0.283056
vt 0.921569 0.284044
vt 0.919825 0.281713
vt 0.977631 0.184844
vt 0.973044 0.203669
vt 0.975919 0.184637
vt 0.978837 0.184994
vt 0.974481 0.204025
vt 0.967594 0.222225
vt 0.968738 0.222681
vt 0.966013 0.221581
vt 0.936188 0.104581
vt 0.948331 0.116750
vt 0.948344 0.133969
vt 0.939100 0.120594
vt 0.946006 0.098887
vt 0.958450 0.112563
vt 0.959300 0.131038
vt 0.963844 0.165500
vt 0.956937 0.148881
vt 0.967800 0.147456
vt 0.952494 0.165500
vt 0.947019 0.150181
vt 0.891581 0.059969
vt 0.908194 0.064475
vt 0.916812 0.079375
vt 0.902112 0.072375
vt 0.897275 0.050150
vt 0.914894 0.055750
vt 0.924844 0.071344
vt 0.931713 0.087969
vt 0.940400 0.081294
vt 0.923781 0.094081
vt 0.830700 0.043650
vt 0.847319 0.039237
vt 0.862225 0.047806
vt 0.846019 0.049100
vt 0.830700 0.032300
vt 0.848744 0.028325
vt 0.865156 0.036850
vt 0.879412 0.047844
vt 0.883631 0.037669
vt 0.875600 0.057019
vt 0.769781 0.059925
vt 0.781950 0.047806
vt 0.799169 0.047800
vt 0.785794 0.057012
vt 0.764087 0.050113
vt 0.777762 0.037662
vt 0.796237 0.036844
vt 0.814081 0.039237
vt 0.812656 0.028325
vt 0.815381 0.049100
vt 0.725213 0.104538
vt 0.729681 0.087956
vt 0.744581 0.079325
vt 0.737619 0.094006
vt 0.715356 0.098887
vt 0.720950 0.081294
vt 0.736544 0.071337
vt 0.753169 0.064431
vt 0.746494 0.055744
vt 0.759281 0.072331
vt 0.708900 0.165450
vt 0.704462 0.148875
vt 0.713056 0.133956
vt 0.714381 0.150144
vt 0.697550 0.165494
vt 0.693600 0.147456
vt 0.702094 0.131038
vt 0.713062 0.116744
vt 0.702906 0.112562
vt 0.722300 0.120556
vt 0.725213 0.226319
vt 0.713069 0.214156
vt 0.713056 0.196938
vt 0.722300 0.210306
vt 0.715394 0.232019
vt 0.702956 0.218381
vt 0.702100 0.199912
vt 0.704462 0.182069
vt 0.693606 0.183538
vt 0.714381 0.180731
vt 0.769744 0.270887
vt 0.753163 0.266412
vt 0.744575 0.251519
vt 0.759244 0.258481
vt 0.764087 0.280706
vt 0.746500 0.275100
vt 0.736550 0.259550
vt 0.729688 0.242931
vt 0.721000 0.249600
vt 0.737619 0.236819
vt 0.830613 0.287238
vt 0.814031 0.291644
vt 0.799150 0.283050
vt 0.815331 0.281756
vt 0.830612 0.298550
vt 0.812606 0.302494
vt 0.796225 0.294000
vt 0.781944 0.283031
vt 0.777763 0.293144
vt 0.785756 0.273800
vt 0.891525 0.270938
vt 0.879350 0.283044
vt 0.862131 0.283056
vt 0.875506 0.273844
vt 0.897213 0.280756
vt 0.883537 0.293194
vt 0.865063 0.294006
vt 0.847219 0.291644
vt 0.848644 0.302500
vt 0.845919 0.281756
vt 0.936137 0.226381
vt 0.931631 0.242987
vt 0.916762 0.251606
vt 0.923763 0.236912
vt 0.945950 0.232037
vt 0.940350 0.249656
vt 0.924756 0.259631
vt 0.908138 0.266475
vt 0.914806 0.275194
vt 0.902056 0.258575
vt 0.956900 0.182119
vt 0.948300 0.197025
vt 0.947006 0.180819
vt 0.967788 0.183544
vt 0.959256 0.199950
vt 0.948256 0.214206
vt 0.958431 0.218394
vt 0.939081 0.210400
vt 0.923781 0.111719
vt 0.931488 0.123725
vt 0.934475 0.137681
vt 0.928494 0.124969
vt 0.926506 0.110175
vt 0.933981 0.122694
vt 0.937500 0.136850
vt 0.941288 0.165494
vt 0.938838 0.151256
vt 0.941519 0.150888
vt 0.938163 0.165500
vt 0.935644 0.151688
vt 0.884469 0.072356
vt 0.897113 0.078900
vt 0.906669 0.089450
vt 0.895156 0.081431
vt 0.886012 0.069675
vt 0.898756 0.076781
vt 0.908894 0.087269
vt 0.917250 0.099044
vt 0.919406 0.097438
vt 0.914681 0.101000
vt 0.830700 0.057938
vt 0.844937 0.057262
vt 0.858519 0.061631
vt 0.844512 0.060462
vt 0.830700 0.054813
vt 0.845275 0.054587
vt 0.859312 0.058612
vt 0.872469 0.064656
vt 0.873469 0.062169
vt 0.871231 0.067619
vt 0.776925 0.072356
vt 0.788931 0.064656
vt 0.802881 0.061631
vt 0.790169 0.067619
vt 0.775381 0.069675
vt 0.787931 0.062169
vt 0.802088 0.058612
vt 0.816462 0.057263
vt 0.816125 0.054587
vt 0.816887 0.060463
vt 0.737613 0.111719
vt 0.744112 0.099037
vt 0.754694 0.089450
vt 0.746713 0.100994
vt 0.734888 0.110138
vt 0.741988 0.097400
vt 0.752469 0.087262
vt 0.764250 0.078900
vt 0.762638 0.076781
vt 0.766237 0.081431
vt 0.723238 0.165494
vt 0.722562 0.151256
vt 0.726925 0.137681
vt 0.725750 0.151681
vt 0.720113 0.165487
vt 0.719881 0.150887
vt 0.723900 0.136844
vt 0.729913 0.123719
vt 0.727419 0.122656
vt 0.732906 0.124956
vt 0.737619 0.219181
vt 0.729913 0.207181
vt 0.726925 0.193269
vt 0.732906 0.205981
vt 0.734894 0.220725
vt 0.727419 0.208206
vt 0.723900 0.194062
vt 0.722562 0.179700
vt 0.719881 0.180062
vt 0.725750 0.179306
vt 0.776931 0.258494
vt 0.764288 0.251988
vt 0.754731 0.241406
vt 0.766244 0.249387
vt 0.775381 0.261212
vt 0.762644 0.254113
vt 0.752506 0.243631
vt 0.744150 0.231850
vt 0.741994 0.233462
vt 0.746719 0.229869
vt 0.830656 0.272881
vt 0.816413 0.273544
vt 0.802875 0.269212
vt 0.816869 0.270388
vt 0.830613 0.276000
vt 0.816037 0.276219
vt 0.802037 0.272200
vt 0.788925 0.266194
vt 0.787894 0.268681
vt 0.790163 0.263231
vt 0.884387 0.258544
vt 0.872388 0.266244
vt 0.858462 0.269256
vt 0.871181 0.263281
vt 0.885962 0.261231
vt 0.873444 0.268731
vt 0.859256 0.272275
vt 0.844856 0.273587
vt 0.845213 0.276262
vt 0.844494 0.270394
vt 0.923744 0.219194
vt 0.917200 0.231869
vt 0.906650 0.241450
vt 0.914669 0.229906
vt 0.926425 0.220775
vt 0.919319 0.233550
vt 0.908837 0.243675
vt 0.897062 0.252006
vt 0.898700 0.254162
vt 0.895106 0.249469
vt 0.938838 0.179737
vt 0.934469 0.193306
vt 0.935637 0.179313
vt 0.941513 0.180075
vt 0.937488 0.194106
vt 0.931444 0.207225
vt 0.933931 0.208263
vt 0.928481 0.205987
vt 0.901475 0.124656
vt 0.910900 0.132281
vt 0.909588 0.144375
vt 0.902375 0.135825
vt 0.910606 0.119350
vt 0.920419 0.128300
vt 0.919794 0.141606
vt 0.922950 0.165494
vt 0.916756 0.154175
vt 0.926969 0.152806
vt 0.912387 0.165500
vt 0.907587 0.155387
vt 0.871550 0.094719
vt 0.883550 0.096619
vt 0.888462 0.107737
vt 0.877919 0.103931
vt 0.876844 0.085587
vt 0.889844 0.088431
vt 0.895944 0.100256
vt 0.899581 0.112650
vt 0.907763 0.106356
vt 0.892269 0.118281
vt 0.830706 0.083719
vt 0.842025 0.079381
vt 0.851862 0.086563
vt 0.840850 0.088525
vt 0.830700 0.073156
vt 0.843356 0.069144
vt 0.854556 0.076356
vt 0.863919 0.085288
vt 0.867862 0.075737
vt 0.860412 0.093781
vt 0.789856 0.094663
vt 0.797487 0.085212
vt 0.809575 0.086519
vt 0.801025 0.093769
vt 0.784556 0.085538
vt 0.793537 0.075725
vt 0.806844 0.076313
vt 0.819381 0.079344
vt 0.818044 0.069137
vt 0.820588 0.088519
vt 0.759962 0.124556
vt 0.761825 0.112562
vt 0.772944 0.107644
vt 0.769181 0.118188
vt 0.750794 0.119300
vt 0.753637 0.106338
vt 0.765456 0.100206
vt 0.777850 0.096538
vt 0.771556 0.088419
vt 0.783488 0.103881
vt 0.749006 0.165400
vt 0.744644 0.154081
vt 0.751819 0.144275
vt 0.753813 0.155288
vt 0.738450 0.165406
vt 0.734425 0.152750
vt 0.741606 0.141550
vt 0.750506 0.132194
vt 0.740981 0.128275
vt 0.759069 0.135725
vt 0.759912 0.206244
vt 0.750494 0.198619
vt 0.751775 0.186525
vt 0.758988 0.195075
vt 0.750794 0.211550
vt 0.740981 0.202612
vt 0.741606 0.189294
vt 0.744637 0.176725
vt 0.734425 0.178106
vt 0.753775 0.175512
vt 0.789800 0.236144
vt 0.777837 0.234275
vt 0.772894 0.223156
vt 0.783406 0.226925
vt 0.784544 0.245306
vt 0.771556 0.242462
vt 0.765456 0.230644
vt 0.761812 0.218250
vt 0.753637 0.224550
vt 0.769094 0.212613
vt 0.830600 0.247106
vt 0.819281 0.251462
vt 0.809481 0.244319
vt 0.820488 0.242331
vt 0.830606 0.257662
vt 0.817944 0.261675
vt 0.806756 0.254494
vt 0.797431 0.245600
vt 0.793488 0.255119
vt 0.800938 0.237081
vt 0.871444 0.236237
vt 0.863819 0.245687
vt 0.851725 0.244369
vt 0.860275 0.237131
vt 0.876750 0.245362
vt 0.867813 0.255175
vt 0.854494 0.254575
vt 0.841925 0.251506
vt 0.843300 0.261719
vt 0.840712 0.242337
vt 0.901387 0.206344
vt 0.899481 0.218338
vt 0.888363 0.223256
vt 0.892169 0.212712
vt 0.910519 0.211600
vt 0.907669 0.224562
vt 0.895844 0.230694
vt 0.883450 0.234362
vt 0.889750 0.242481
vt 0.877819 0.227019
vt 0.916756 0.176819
vt 0.909575 0.186625
vt 0.907587 0.175613
vt 0.926963 0.178156
vt 0.919781 0.189350
vt 0.910850 0.198706
vt 0.920369 0.202625
vt 0.902325 0.195175
vt 0.821475 0.195163
vt 0.815981 0.204462
vt 0.804475 0.197788
vt 0.809881 0.188400
vt 0.826725 0.211606
vt 0.820725 0.218656
vt 0.810975 0.211863
vt 0.798281 0.212250
vt 0.800444 0.205787
vt 0.806356 0.216900
vt 0.789650 0.200700
vt 0.792869 0.191981
vt 0.853481 0.186594
vt 0.847719 0.198144
vt 0.837656 0.191575
vt 0.843362 0.180319
vt 0.857150 0.203425
vt 0.851819 0.213919
vt 0.842306 0.208900
vt 0.832244 0.202306
vt 0.836563 0.218019
vt 0.827088 0.184656
vt 0.883850 0.175481
vt 0.877013 0.185269
vt 0.869531 0.180369
vt 0.876700 0.169556
vt 0.882106 0.189806
vt 0.877450 0.197887
vt 0.870944 0.195800
vt 0.862888 0.191875
vt 0.865888 0.206569
vt 0.860162 0.174969
vt 0.811700 0.161612
vt 0.804862 0.172350
vt 0.794031 0.166844
vt 0.801150 0.155931
vt 0.816169 0.178219
vt 0.798250 0.182519
vt 0.782306 0.186581
vt 0.787394 0.177013
vt 0.778194 0.171263
vt 0.784644 0.161344
vt 0.845219 0.152688
vt 0.839000 0.163256
vt 0.828413 0.156988
vt 0.834275 0.146250
vt 0.849644 0.169294
vt 0.832944 0.173950
vt 0.822381 0.167681
vt 0.817956 0.150587
vt 0.879050 0.144319
vt 0.873925 0.153888
vt 0.863106 0.148381
vt 0.868519 0.138919
vt 0.883156 0.159638
vt 0.867281 0.164056
vt 0.856488 0.158550
vt 0.851512 0.142500
vt 0.804213 0.127475
vt 0.798463 0.139025
vt 0.790444 0.135100
vt 0.795494 0.124331
vt 0.807831 0.144306
vt 0.791812 0.150531
vt 0.777506 0.155419
vt 0.784344 0.145631
vt 0.779256 0.141094
vt 0.783938 0.133013
vt 0.834675 0.119294
vt 0.829150 0.128594
vt 0.819088 0.122000
vt 0.824825 0.112881
vt 0.839919 0.135737
vt 0.823694 0.139325
vt 0.813631 0.132756
vt 0.809563 0.116981
vt 0.863081 0.118650
vt 0.860950 0.125113
vt 0.850419 0.119037
vt 0.855000 0.114000
vt 0.871750 0.130200
vt 0.856925 0.133112
vt 0.845419 0.126437
vt 0.840662 0.112244
vt 0.881656 0.135100
vt 0.889950 0.140831
vt 0.887731 0.150219
vt 0.889631 0.131450
vt 0.896062 0.138406
vt 0.896400 0.147894
vt 0.898750 0.165500
vt 0.894356 0.157231
vt 0.900831 0.156269
vt 0.890031 0.166313
vt 0.861269 0.112513
vt 0.869869 0.114106
vt 0.872306 0.122038
vt 0.864744 0.106556
vt 0.873781 0.109325
vt 0.878800 0.117362
vt 0.881537 0.126094
vt 0.886837 0.122381
vt 0.831513 0.106106
vt 0.839381 0.101750
vt 0.847494 0.107731
vt 0.830700 0.097394
vt 0.839931 0.095288
vt 0.848306 0.099756
vt 0.855619 0.105888
vt 0.857794 0.100094
vt 0.800344 0.114437
vt 0.806044 0.106150
vt 0.815425 0.108337
vt 0.796694 0.106506
vt 0.803644 0.100081
vt 0.813100 0.099713
vt 0.822431 0.101775
vt 0.821469 0.095281
vt 0.777756 0.134831
vt 0.779325 0.126237
vt 0.787287 0.123794
vt 0.771769 0.131394
vt 0.774575 0.122362
vt 0.782606 0.117313
vt 0.791319 0.114569
vt 0.787662 0.109313
vt 0.771356 0.164587
vt 0.766969 0.156719
vt 0.772944 0.148606
vt 0.762644 0.165400
vt 0.760569 0.156169
vt 0.765000 0.147800
vt 0.771100 0.140487
vt 0.765344 0.138344
vt 0.779737 0.195800
vt 0.771438 0.190069
vt 0.773631 0.180681
vt 0.771756 0.199444
vt 0.765300 0.192494
vt 0.764963 0.183006
vt 0.767031 0.173669
vt 0.760531 0.174631
vt 0.800088 0.218388
vt 0.791519 0.216788
vt 0.789088 0.208863
vt 0.796637 0.224338
vt 0.787581 0.221531
vt 0.782562 0.213500
vt 0.779856 0.204800
vt 0.774525 0.208475
vt 0.829838 0.224794
vt 0.821931 0.229150
vt 0.813856 0.223169
vt 0.830600 0.233506
vt 0.821369 0.235612
vt 0.813006 0.231144
vt 0.805731 0.225013
vt 0.803556 0.230806
vt 0.861006 0.216462
vt 0.855275 0.224756
vt 0.845925 0.222562
vt 0.864650 0.224431
vt 0.857694 0.230856
vt 0.848206 0.231194
vt 0.838881 0.229125
vt 0.839831 0.235619
vt 0.883631 0.196069
vt 0.882031 0.204669
vt 0.874069 0.207106
vt 0.889588 0.199544
vt 0.886781 0.208575
vt 0.878744 0.213600
vt 0.870006 0.216338
vt 0.873719 0.221625
vt 0.894425 0.174181
vt 0.888419 0.182294
vt 0.900831 0.174731
vt 0.896394 0.183106
vt 0.890287 0.190419
vt 0.896019 0.192594
vt 0.939375 0.136356
vt 0.943044 0.150706
vt 0.943219 0.165494
vt 0.928156 0.109231
vt 0.935381 0.122131
vt 0.941500 0.135806
vt 0.930044 0.108144
vt 0.945406 0.165500
vt 0.910269 0.085925
vt 0.920594 0.096519
vt 0.886962 0.068000
vt 0.899681 0.075563
vt 0.911806 0.084381
vt 0.888056 0.066075
vt 0.859806 0.056769
vt 0.874062 0.060762
vt 0.830700 0.052887
vt 0.845487 0.053094
vt 0.860394 0.054637
vt 0.830700 0.050700
vt 0.801594 0.056769
vt 0.815912 0.053094
vt 0.774437 0.068000
vt 0.787337 0.060762
vt 0.801006 0.054637
vt 0.773344 0.066069
vt 0.751131 0.085919
vt 0.761719 0.075556
vt 0.733244 0.109194
vt 0.740806 0.096500
vt 0.749594 0.084338
vt 0.731356 0.108100
vt 0.722025 0.136350
vt 0.726019 0.122119
vt 0.718175 0.165487
vt 0.718356 0.150700
vt 0.719900 0.135794
vt 0.715988 0.165450
vt 0.722025 0.194556
vt 0.718356 0.180238
vt 0.733244 0.221669
vt 0.726019 0.208769
vt 0.719900 0.195100
vt 0.731356 0.222756
vt 0.751131 0.244969
vt 0.740806 0.234381
vt 0.774431 0.262856
vt 0.761712 0.255294
vt 0.749588 0.246506
vt 0.773306 0.264744
vt 0.801544 0.274075
vt 0.787325 0.270081
vt 0.830612 0.277931
vt 0.815856 0.277750
vt 0.800987 0.276206
vt 0.830613 0.280150
vt 0.859750 0.274119
vt 0.845394 0.277756
vt 0.886906 0.262913
vt 0.873975 0.270131
vt 0.860294 0.276219
vt 0.887963 0.264831
vt 0.910181 0.245063
vt 0.899594 0.255387
vt 0.928100 0.221763
vt 0.920544 0.234481
vt 0.911756 0.246606
vt 0.930031 0.222856
vt 0.939331 0.194606
vt 0.935337 0.208862
vt 0.943006 0.180287
vt 0.941463 0.195194
vt 0.927769 0.139475
vt 0.932619 0.152088
vt 0.931181 0.165494
vt 0.917750 0.115231
vt 0.925687 0.126162
vt 0.931588 0.138475
vt 0.921169 0.113250
vt 0.935144 0.165500
vt 0.901788 0.094406
vt 0.912281 0.102894
vt 0.880962 0.078406
vt 0.893300 0.083869
vt 0.904569 0.091581
vt 0.882944 0.074944
vt 0.856687 0.068375
vt 0.870031 0.070456
vt 0.830700 0.064925
vt 0.844106 0.063519
vt 0.857725 0.064550
vt 0.830700 0.060962
vt 0.804713 0.068375
vt 0.817294 0.063519
vt 0.780438 0.078406
vt 0.791369 0.070456
vt 0.803675 0.064550
vt 0.778456 0.074944
vt 0.759612 0.094400
vt 0.768100 0.083869
vt 0.743650 0.115187
vt 0.749119 0.102856
vt 0.756831 0.091575
vt 0.740231 0.113206
vt 0.733625 0.139425
vt 0.735712 0.126088
vt 0.730175 0.165450
vt 0.728744 0.152044
vt 0.729806 0.138431
vt 0.726212 0.165494
vt 0.733625 0.191475
vt 0.728744 0.178900
vt 0.743650 0.215712
vt 0.735712 0.204819
vt 0.729806 0.192519
vt 0.740231 0.217694
vt 0.759613 0.236494
vt 0.749119 0.228038
vt 0.780425 0.252450
vt 0.768100 0.246981
vt 0.756831 0.239275
vt 0.778450 0.255875
vt 0.804625 0.262475
vt 0.791325 0.260394
vt 0.830613 0.265931
vt 0.817206 0.267362
vt 0.803631 0.266331
vt 0.830656 0.269900
vt 0.856669 0.262519
vt 0.844063 0.267369
vt 0.880912 0.252494
vt 0.870019 0.260444
vt 0.857713 0.266344
vt 0.882900 0.255956
vt 0.901700 0.236500
vt 0.893244 0.247031
vt 0.917694 0.215712
vt 0.912231 0.228044
vt 0.904525 0.239325
vt 0.921156 0.217700
vt 0.927725 0.191481
vt 0.925644 0.204819
vt 0.932581 0.178906
vt 0.931550 0.192519
vt 0.900619 0.146756
vt 0.903712 0.155887
vt 0.903113 0.165500
vt 0.893444 0.129263
vt 0.898756 0.137306
vt 0.903250 0.146063
vt 0.895819 0.127925
vt 0.905837 0.165500
vt 0.881919 0.114244
vt 0.889181 0.120631
vt 0.866931 0.102738
vt 0.875562 0.107012
vt 0.883850 0.112350
vt 0.868281 0.100369
vt 0.849444 0.095500
vt 0.858900 0.097394
vt 0.830700 0.093025
vt 0.840319 0.092425
vt 0.850175 0.092869
vt 0.830706 0.090300
vt 0.811962 0.095500
vt 0.821087 0.092425
vt 0.794513 0.102738
vt 0.802513 0.097394
vt 0.811262 0.092869
vt 0.793131 0.100363
vt 0.779531 0.114238
vt 0.785881 0.107006
vt 0.768000 0.129212
vt 0.772300 0.120581
vt 0.777600 0.112300
vt 0.765663 0.127831
vt 0.760787 0.146663
vt 0.762687 0.137213
vt 0.758281 0.165400
vt 0.757687 0.155787
vt 0.758162 0.145963
vt 0.755556 0.165400
vt 0.760744 0.184144
vt 0.757675 0.175012
vt 0.767944 0.201625
vt 0.762631 0.193594
vt 0.758113 0.184837
vt 0.765569 0.202969
vt 0.779444 0.216581
vt 0.772206 0.210225
vt 0.794450 0.228150
vt 0.785819 0.223837
vt 0.777506 0.218506
vt 0.793069 0.230487
vt 0.811869 0.235400
vt 0.802450 0.233500
vt 0.830600 0.237875
vt 0.820988 0.238469
vt 0.811169 0.238019
vt 0.830600 0.240562
vt 0.849344 0.235406
vt 0.840213 0.238469
vt 0.866838 0.228200
vt 0.858794 0.233512
vt 0.850038 0.238025
vt 0.868175 0.230538
vt 0.881856 0.216675
vt 0.875469 0.223900
vt 0.893363 0.201725
vt 0.889087 0.210325
vt 0.883750 0.218600
vt 0.895731 0.203069
vt 0.900606 0.184244
vt 0.898706 0.193694
vt 0.903712 0.175113
vt 0.903237 0.184937
vt 0.975419 0.126725
vt 0.979650 0.145894
vt 0.980550 0.165500
vt 0.960475 0.090550
vt 0.969500 0.107988
vt 0.976306 0.126481
vt 0.961269 0.090100
vt 0.981444 0.165500
vt 0.936650 0.059500
vt 0.949894 0.073987
vt 0.905644 0.035631
vt 0.922175 0.046225
vt 0.937294 0.058862
vt 0.906094 0.034881
vt 0.869475 0.020681
vt 0.888213 0.026612
vt 0.830700 0.015550
vt 0.850306 0.016456
vt 0.869719 0.019838
vt 0.830700 0.014663
vt 0.791925 0.020681
vt 0.811094 0.016456
vt 0.755756 0.035625
vt 0.773187 0.026612
vt 0.791681 0.019837
vt 0.755306 0.034881
vt 0.724744 0.059463
vt 0.739225 0.046219
vt 0.700881 0.090544
vt 0.711469 0.073981
vt 0.724100 0.058862
vt 0.700094 0.090100
vt 0.685938 0.126725
vt 0.691856 0.107988
vt 0.680844 0.165500
vt 0.681744 0.145894
vt 0.685088 0.126481
vt 0.679956 0.165500
vt 0.685981 0.204262
vt 0.681756 0.185106
vt 0.700925 0.240356
vt 0.691913 0.222962
vt 0.685138 0.204506
vt 0.700181 0.240806
vt 0.724750 0.271350
vt 0.711519 0.256875
vt 0.755750 0.295175
vt 0.739231 0.284588
vt 0.724150 0.271987
vt 0.755313 0.295925
vt 0.791875 0.310119
vt 0.773181 0.304188
vt 0.830606 0.315256
vt 0.811038 0.314344
vt 0.791669 0.310962
vt 0.830613 0.316144
vt 0.869375 0.310169
vt 0.850206 0.314356
vt 0.905544 0.295269
vt 0.888112 0.304250
vt 0.869619 0.311012
vt 0.905994 0.296013
vt 0.936563 0.271450
vt 0.922075 0.284681
vt 0.960463 0.240444
vt 0.949837 0.256969
vt 0.937200 0.272050
vt 0.961213 0.240887
vt 0.975419 0.204275
vt 0.969487 0.223012
vt 0.979644 0.185106
vt 0.976262 0.204519
vt 0.967675 0.128806
vt 0.973575 0.146700
vt 0.972519 0.165500
vt 0.953494 0.094569
vt 0.963812 0.110350
vt 0.971287 0.127819
vt 0.956719 0.092688
vt 0.976237 0.165500
vt 0.930950 0.065200
vt 0.944975 0.077756
vt 0.901625 0.042619
vt 0.918400 0.051137
vt 0.933575 0.062569
vt 0.903462 0.039400
vt 0.867394 0.028469
vt 0.885837 0.032331
vt 0.830700 0.023625
vt 0.849494 0.022606
vt 0.868337 0.024894
vt 0.830694 0.019912
vt 0.794006 0.028469
vt 0.811900 0.022606
vt 0.759769 0.042619
vt 0.775550 0.032331
vt 0.793019 0.024894
vt 0.757887 0.039400
vt 0.730400 0.065200
vt 0.742956 0.051137
vt 0.707825 0.094569
vt 0.716337 0.077762
vt 0.727769 0.062575
vt 0.704600 0.092725
vt 0.693712 0.128806
vt 0.697538 0.110356
vt 0.688881 0.165500
vt 0.687825 0.146700
vt 0.690100 0.127825
vt 0.685162 0.165494
vt 0.693763 0.202181
vt 0.687869 0.184294
vt 0.707913 0.236337
vt 0.697631 0.220594
vt 0.690188 0.203131
vt 0.704694 0.238213
vt 0.730450 0.265650
vt 0.716425 0.253106
vt 0.759775 0.288188
vt 0.743000 0.279675
vt 0.727825 0.268281
vt 0.757931 0.291406
vt 0.793994 0.302338
vt 0.775556 0.298469
vt 0.830613 0.307219
vt 0.811850 0.308231
vt 0.793012 0.305912
vt 0.830613 0.310938
vt 0.867294 0.302388
vt 0.849400 0.308275
vt 0.901531 0.288281
vt 0.885750 0.298563
vt 0.868281 0.306000
vt 0.903413 0.291506
vt 0.930900 0.265744
vt 0.918344 0.279775
vt 0.953481 0.236387
vt 0.944963 0.253194
vt 0.933531 0.268375
vt 0.956700 0.238269
vt 0.967638 0.202188
vt 0.963769 0.220638
vt 0.973531 0.184300
vt 0.971213 0.203175
vt 0.989775 0.651488
vt 0.983569 0.672244
vt 0.973231 0.691288
vt 0.995431 0.608787
vt 0.994819 0.630431
vt 0.995794 0.630556
vt 0.991113 0.651838
vt 0.996813 0.608787
vt 0.984450 0.672606
vt 0.974425 0.691975
vt 0.991906 0.652075
vt 0.985200 0.672950
vt 0.981800 0.102900
vt 0.975119 0.692381
vt 0.997650 0.608794
vt 0.996600 0.630700
vt 0.992800 0.144150
vt 0.992000 0.144250
vt 0.988250 0.123262
vt 0.993788 0.165500
vt 0.981006 0.103200
vt 0.971975 0.083913
vt 0.987456 0.123462
vt 0.980156 0.103550
vt 0.971244 0.084306
vt 0.992988 0.165500
vt 0.991094 0.144369
vt 0.986269 0.123806
vt 0.991756 0.165500
vt 0.970200 0.084944
vt 0.946994 0.725444
vt 0.931262 0.740294
vt 0.912794 0.751625
vt 0.961888 0.709719
vt 0.962644 0.710300
vt 0.947981 0.726394
vt 0.931844 0.741056
vt 0.913487 0.752813
vt 0.948531 0.726987
vt 0.932300 0.741750
vt 0.930250 0.035750
vt 0.913881 0.753550
vt 0.963250 0.710800
vt 0.960450 0.065950
vt 0.959763 0.066444
vt 0.946025 0.050169
vt 0.929756 0.036394
vt 0.912287 0.024187
vt 0.945469 0.050719
vt 0.929225 0.037094
vt 0.911894 0.024881
vt 0.959062 0.066975
vt 0.944619 0.051575
vt 0.911256 0.025956
vt 0.872988 0.768081
vt 0.851931 0.773106
vt 0.830300 0.773681
vt 0.893744 0.761919
vt 0.894100 0.762806
vt 0.873338 0.769419
vt 0.852050 0.774050
vt 0.830300 0.775062
vt 0.873537 0.770213
vt 0.852150 0.774850
vt 0.852050 0.003350
vt 0.830300 0.775869
vt 0.894400 0.763600
vt 0.893300 0.014400
vt 0.893000 0.015150
vt 0.872938 0.007931
vt 0.851950 0.004150
vt 0.830700 0.002325
vt 0.872738 0.008719
vt 0.851831 0.005050
vt 0.830700 0.003119
vt 0.892650 0.015994
vt 0.872394 0.009875
vt 0.830700 0.004344
vt 0.787619 0.768031
vt 0.766894 0.761825
vt 0.747856 0.751525
vt 0.808669 0.773062
vt 0.808550 0.774006
vt 0.787269 0.769331
vt 0.766506 0.762712
vt 0.747162 0.752712
vt 0.787063 0.770163
vt 0.766200 0.763550
vt 0.768100 0.014400
vt 0.746725 0.753456
vt 0.808450 0.774850
vt 0.809350 0.003350
vt 0.809450 0.004144
vt 0.788463 0.007931
vt 0.768400 0.015144
vt 0.749112 0.024181
vt 0.788662 0.008681
vt 0.768744 0.015950
vt 0.749506 0.024869
vt 0.809569 0.005013
vt 0.789000 0.009831
vt 0.750106 0.025913
vt 0.713700 0.725306
vt 0.698813 0.709612
vt 0.687481 0.691194
vt 0.729425 0.740188
vt 0.728806 0.740956
vt 0.712712 0.726294
vt 0.698050 0.710200
vt 0.686288 0.691887
vt 0.712119 0.726887
vt 0.697400 0.710700
vt 0.700950 0.065950
vt 0.685588 0.692287
vt 0.728300 0.741650
vt 0.731150 0.035750
vt 0.731644 0.036356
vt 0.715369 0.050131
vt 0.701594 0.066406
vt 0.689388 0.083906
vt 0.715919 0.050681
vt 0.702294 0.066963
vt 0.690081 0.084300
vt 0.732169 0.037081
vt 0.716769 0.051563
vt 0.691162 0.084906
vt 0.671019 0.651475
vt 0.665994 0.630431
vt 0.665406 0.608800
vt 0.677181 0.672194
vt 0.676300 0.672550
vt 0.669681 0.651825
vt 0.665044 0.630550
vt 0.664025 0.608800
vt 0.668887 0.652025
vt 0.664200 0.630650
vt 0.668600 0.144150
vt 0.663187 0.608794
vt 0.675550 0.672850
vt 0.679600 0.102900
vt 0.680350 0.103200
vt 0.673144 0.123263
vt 0.669400 0.144250
vt 0.667612 0.165487
vt 0.673931 0.123462
vt 0.670306 0.144369
vt 0.668412 0.165487
vt 0.681200 0.103544
vt 0.675125 0.123800
vt 0.669650 0.165494
vt 0.670975 0.566113
vt 0.677163 0.545356
vt 0.687425 0.526306
vt 0.665987 0.587169
vt 0.665044 0.587044
vt 0.669675 0.565763
vt 0.676256 0.544994
vt 0.686237 0.525612
vt 0.668875 0.565525
vt 0.675500 0.544650
vt 0.679700 0.228000
vt 0.685500 0.525206
vt 0.664200 0.586900
vt 0.668650 0.186800
vt 0.669450 0.186700
vt 0.673231 0.207650
vt 0.680450 0.227700
vt 0.689475 0.246988
vt 0.674019 0.207450
vt 0.681300 0.227363
vt 0.690175 0.246587
vt 0.670356 0.186587
vt 0.675213 0.207150
vt 0.691263 0.245994
vt 0.713606 0.492100
vt 0.729325 0.477200
vt 0.747769 0.465831
vt 0.698750 0.507837
vt 0.697956 0.507250
vt 0.712619 0.491113
vt 0.728706 0.476406
vt 0.747069 0.464638
vt 0.712019 0.490519
vt 0.728200 0.475750
vt 0.731150 0.295100
vt 0.746625 0.463900
vt 0.697300 0.506750
vt 0.701000 0.264950
vt 0.701650 0.264450
vt 0.715381 0.280719
vt 0.731650 0.294450
vt 0.749112 0.306625
vt 0.715969 0.280131
vt 0.732219 0.293725
vt 0.749512 0.305931
vt 0.702388 0.263894
vt 0.716863 0.279288
vt 0.750150 0.304894
vt 0.787606 0.449319
vt 0.808662 0.444281
vt 0.830312 0.443669
vt 0.766837 0.455519
vt 0.766412 0.454606
vt 0.787219 0.447981
vt 0.808506 0.443306
vt 0.830306 0.442281
vt 0.786975 0.447181
vt 0.808400 0.442500
vt 0.809300 0.327450
vt 0.830300 0.441438
vt 0.766100 0.453850
vt 0.768100 0.316400
vt 0.768400 0.315656
vt 0.788450 0.322869
vt 0.809400 0.326656
vt 0.830613 0.328488
vt 0.788650 0.322119
vt 0.809512 0.325788
vt 0.830613 0.327694
vt 0.768744 0.314850
vt 0.788956 0.320969
vt 0.830606 0.326463
vt 0.873075 0.449269
vt 0.893844 0.455456
vt 0.912894 0.465738
vt 0.851981 0.444269
vt 0.852100 0.443262
vt 0.873425 0.447931
vt 0.894200 0.454512
vt 0.913588 0.464544
vt 0.873625 0.447094
vt 0.894500 0.453750
vt 0.893200 0.316500
vt 0.913988 0.463800
vt 0.852200 0.442450
vt 0.851950 0.327500
vt 0.851850 0.326700
vt 0.872837 0.322956
vt 0.892900 0.315750
vt 0.912187 0.306725
vt 0.872638 0.322169
vt 0.892550 0.314900
vt 0.911794 0.306025
vt 0.851731 0.325794
vt 0.872294 0.320975
vt 0.911156 0.304938
vt 0.947094 0.492000
vt 0.961987 0.507738
vt 0.973325 0.526206
vt 0.931363 0.477100
vt 0.931950 0.476306
vt 0.948081 0.491013
vt 0.962756 0.507150
vt 0.974512 0.525512
vt 0.948675 0.490419
vt 0.963450 0.506650
vt 0.960350 0.265050
vt 0.975250 0.525113
vt 0.932450 0.475650
vt 0.930150 0.295200
vt 0.929656 0.294550
vt 0.945931 0.280819
vt 0.959706 0.264550
vt 0.971913 0.247087
vt 0.945381 0.280231
vt 0.959006 0.263981
vt 0.971219 0.246688
vt 0.929125 0.293813
vt 0.944525 0.279338
vt 0.970144 0.246044
vt 0.989825 0.566025
vt 0.994825 0.587119
vt 0.983625 0.545256
vt 0.984506 0.544900
vt 0.991125 0.565675
vt 0.995794 0.587000
vt 0.991925 0.565475
vt 0.996600 0.586900
vt 0.992750 0.186850
vt 0.985300 0.544600
vt 0.981700 0.228100
vt 0.980950 0.227800
vt 0.988169 0.207738
vt 0.991950 0.186750
vt 0.987381 0.207538
vt 0.991050 0.186631
vt 0.980106 0.227450
vt 0.986225 0.207194
vn 0.991689 0.095016 -0.086749
vn 0.971644 0.094851 -0.216589
vn 0.962698 0.164825 -0.214581
vn 0.982566 0.164852 -0.085955
vn 0.935463 0.094709 -0.340497
vn 0.926866 0.164688 -0.337337
vn 0.920706 0.200062 -0.335076
vn 0.956302 0.200130 -0.213153
vn 0.976048 0.200094 -0.085400
vn 0.883549 0.094672 -0.458671
vn 0.875454 0.164523 -0.454437
vn 0.815455 0.094696 -0.571022
vn 0.807992 0.164445 -0.565781
vn 0.802610 0.199914 -0.562007
vn 0.869634 0.199955 -0.451391
vn 0.789276 0.267578 -0.552671
vn 0.855191 0.267620 -0.443879
vn 0.864037 0.228709 -0.448478
vn 0.797430 0.228717 -0.558385
vn 0.905431 0.267596 -0.329525
vn 0.914793 0.228726 -0.332923
vn 0.940471 0.267513 -0.209645
vn 0.950175 0.228713 -0.211796
vn 0.959900 0.267468 -0.083987
vn 0.969803 0.228649 -0.084859
vn 0.733163 0.094766 -0.673418
vn 0.726441 0.164501 -0.667251
vn 0.639896 0.094891 -0.762580
vn 0.634018 0.164642 -0.755589
vn 0.629786 0.200031 -0.750571
vn 0.721591 0.199939 -0.662820
vn 0.535877 0.094970 -0.838938
vn 0.530958 0.164745 -0.831230
vn 0.420721 0.094960 -0.902207
vn 0.416855 0.164831 -0.893903
vn 0.414069 0.200251 -0.887945
vn 0.527416 0.200141 -0.825697
vn 0.407220 0.267573 -0.873256
vn 0.518683 0.267471 -0.812051
vn 0.524020 0.228821 -0.820393
vn 0.411403 0.228933 -0.882234
vn 0.619360 0.267396 -0.738169
vn 0.625730 0.228715 -0.745756
vn 0.709621 0.267454 -0.651848
vn 0.716933 0.228695 -0.658564
vn 0.298223 0.094925 -0.949764
vn 0.295475 0.164903 -0.941011
vn 0.172854 0.094965 -0.980359
vn 0.171261 0.164977 -0.971315
vn 0.170129 0.200202 -0.964871
vn 0.293505 0.200257 -0.934747
vn 0.044594 0.095064 -0.994472
vn 0.044185 0.165007 -0.985302
vn -0.086775 0.095150 -0.991674
vn -0.085974 0.164972 -0.982544
vn -0.085395 0.200094 -0.976048
vn 0.043901 0.200150 -0.978781
vn -0.083949 0.267607 -0.959864
vn 0.043190 0.267509 -0.962587
vn 0.043633 0.228605 -0.972541
vn -0.084832 0.228583 -0.969821
vn 0.167337 0.267434 -0.948935
vn 0.169053 0.228688 -0.958709
vn 0.288671 0.267511 -0.919297
vn 0.291627 0.228853 -0.928752
vn -0.216641 0.095167 -0.971602
vn -0.214646 0.164865 -0.962677
vn -0.340502 0.095114 -0.935420
vn -0.337364 0.164799 -0.926837
vn -0.335128 0.199882 -0.920726
vn -0.213214 0.199957 -0.956325
vn -0.458638 0.094986 -0.883532
vn -0.454410 0.164778 -0.875420
vn -0.571004 0.094912 -0.815443
vn -0.565754 0.164758 -0.807947
vn -0.561995 0.200003 -0.802596
vn -0.451399 0.199939 -0.869634
vn -0.552666 0.267696 -0.789240
vn -0.443947 0.267522 -0.855186
vn -0.448530 0.228481 -0.864070
vn -0.558397 0.228623 -0.797448
vn -0.329588 0.267395 -0.905468
vn -0.332995 0.228367 -0.914857
vn -0.209650 0.267494 -0.940475
vn -0.211837 0.228449 -0.950229
vn -0.673415 0.095032 -0.733131
vn -0.667246 0.164716 -0.726396
vn -0.762571 0.095269 -0.639851
vn -0.755597 0.164720 -0.633988
vn -0.750604 0.199846 -0.629806
vn -0.662823 0.199927 -0.721592
vn -0.838915 0.095422 -0.535833
vn -0.831244 0.164756 -0.530933
vn -0.902169 0.095407 -0.420700
vn -0.893906 0.164821 -0.416852
vn -0.888001 0.199934 -0.414102
vn -0.825754 0.199853 -0.527436
vn -0.873309 0.267348 -0.407255
vn -0.812064 0.267383 -0.518708
vn -0.820473 0.228414 -0.524072
vn -0.882329 0.228470 -0.411457
vn -0.738133 0.267451 -0.619378
vn -0.745797 0.228421 -0.625788
vn -0.651791 0.267617 -0.709612
vn -0.658569 0.228543 -0.716976
vn -0.949726 0.095241 -0.298244
vn -0.941006 0.164866 -0.295511
vn -0.980344 0.095094 -0.172865
vn -0.971332 0.164849 -0.171286
vn -0.964905 0.200005 -0.170164
vn -0.934788 0.199991 -0.293558
vn -0.994470 0.095093 -0.044566
vn -0.985351 0.164717 -0.044171
vn -0.991674 0.095138 0.086779
vn -0.982611 0.164571 0.085979
vn -0.976108 0.199801 0.085398
vn -0.978827 0.199923 -0.043903
vn -0.959857 0.267627 0.083964
vn -0.962598 0.267470 -0.043186
vn -0.972561 0.228519 -0.043636
vn -0.969840 0.228503 0.084839
vn -0.948976 0.267277 -0.167358
vn -0.958751 0.228487 -0.169085
vn -0.919361 0.267249 -0.288711
vn -0.928829 0.228468 -0.291684
vn -0.971619 0.095095 0.216596
vn -0.962743 0.164505 0.214624
vn -0.935445 0.095013 0.340464
vn -0.926882 0.164560 0.337357
vn -0.920743 0.199779 0.335144
vn -0.956375 0.199717 0.213214
vn -0.883543 0.094985 0.458617
vn -0.875438 0.164657 0.454418
vn -0.815453 0.095011 0.570972
vn -0.807965 0.164724 0.565737
vn -0.802597 0.200004 0.561993
vn -0.869626 0.199921 0.451424
vn -0.789296 0.267545 0.552658
vn -0.855195 0.267512 0.443936
vn -0.864045 0.228565 0.448536
vn -0.797453 0.228641 0.558384
vn -0.905447 0.267479 0.329578
vn -0.914838 0.228429 0.333003
vn -0.940455 0.267560 0.209655
vn -0.950237 0.228412 0.211846
vn -0.733161 0.094979 0.673389
vn -0.726434 0.164699 0.667209
vn -0.639889 0.094856 0.762591
vn -0.634025 0.164661 0.755579
vn -0.629827 0.199896 0.750573
vn -0.721622 0.199936 0.662788
vn -0.535861 0.094731 0.838975
vn -0.530951 0.164646 0.831254
vn -0.420713 0.094725 0.902235
vn -0.416855 0.164626 0.893941
vn -0.414089 0.199975 0.887998
vn -0.527426 0.199950 0.825737
vn -0.407181 0.267784 0.873210
vn -0.518644 0.267616 0.812029
vn -0.524032 0.228597 0.820447
vn -0.411424 0.228688 0.882288
vn -0.619383 0.267457 0.738127
vn -0.625793 0.228490 0.745772
vn -0.709677 0.267460 0.651785
vn -0.717010 0.228537 0.658534
vn -0.298236 0.094814 0.949771
vn -0.295503 0.164556 0.941063
vn -0.172861 0.094941 0.980360
vn -0.171270 0.164571 0.971382
vn -0.170127 0.199831 0.964948
vn -0.293546 0.199870 0.934817
vn -0.044583 0.095042 0.994474
vn -0.044165 0.164715 0.985352
vn 0.086752 0.095006 0.991689
vn 0.085954 0.164834 0.982569
vn 0.085392 0.200071 0.976053
vn -0.043856 0.199935 0.978827
vn 0.084004 0.267481 0.959895
vn -0.043129 0.267510 0.962589
vn -0.043568 0.228543 0.972559
vn 0.084860 0.228633 0.969807
vn -0.167306 0.267644 0.948881
vn -0.169035 0.228524 0.958751
vn -0.288659 0.267765 0.919227
vn -0.291662 0.228602 0.928803
vn 0.216585 0.094805 0.971650
vn 0.214589 0.164766 0.962707
vn 0.340492 0.094732 0.935463
vn 0.337370 0.164670 0.926858
vn 0.335121 0.200037 0.920695
vn 0.213162 0.200091 0.956308
vn 0.458654 0.094958 0.883527
vn 0.454463 0.164675 0.875412
vn 0.570969 0.095148 0.815439
vn 0.565744 0.164723 0.807960
vn 0.562002 0.199913 0.802614
vn 0.451445 0.199948 0.869608
vn 0.552676 0.267424 0.789324
vn 0.443906 0.267520 0.855208
vn 0.448526 0.228590 0.864043
vn 0.558400 0.228501 0.797481
vn 0.329539 0.267622 0.905418
vn 0.332957 0.228716 0.914783
vn 0.209657 0.267559 0.940455
vn 0.211805 0.228707 0.950175
vn 0.673369 0.094989 0.733179
vn 0.667185 0.164696 0.726457
vn 0.762595 0.094750 0.639900
vn 0.755579 0.164658 0.634025
vn 0.750559 0.199964 0.629822
vn 0.662766 0.199929 0.721644
vn 0.838985 0.094744 0.535843
vn 0.831271 0.164656 0.530921
vn 0.902224 0.094893 0.420698
vn 0.893941 0.164680 0.416833
vn 0.888014 0.199928 0.414078
vn 0.825747 0.199953 0.527410
vn 0.873237 0.267678 0.407193
vn 0.812022 0.267619 0.518653
vn 0.820446 0.228599 0.524034
vn 0.882316 0.228573 0.411429
vn 0.738113 0.267555 0.619358
vn 0.745749 0.228601 0.625780
vn 0.651806 0.267455 0.709660
vn 0.658535 0.228530 0.717012
vn 0.949751 0.094997 0.298241
vn 0.941048 0.164655 0.295495
vn 0.980349 0.095043 0.172867
vn 0.971370 0.164650 0.171264
vn 0.964945 0.199849 0.170119
vn 0.934821 0.199865 0.293537
vn 0.994472 0.095065 0.044588
vn 0.985348 0.164737 0.044161
vn 0.978826 0.199943 0.043848
vn 0.962589 0.267510 0.043143
vn 0.972559 0.228540 0.043570
vn 0.948887 0.267621 0.167310
vn 0.958758 0.228497 0.169035
vn 0.919253 0.267679 0.288657
vn 0.928825 0.228515 0.291660
vn 0.186760 0.982270 -0.016335
vn 0.182910 0.982284 -0.040766
vn 0.094849 0.995267 -0.021140
vn 0.096857 0.995262 -0.008474
vn 0.176059 0.982293 -0.064066
vn 0.091280 0.995271 -0.033222
vn 0.068196 0.997363 -0.024823
vn 0.070815 0.997365 -0.015789
vn 0.072249 0.997367 -0.006324
vn 0.166256 0.982301 -0.086274
vn 0.086209 0.995272 -0.044747
vn 0.153448 0.982301 -0.107423
vn 0.079587 0.995270 -0.055715
vn 0.059427 0.997365 -0.041609
vn 0.064404 0.997364 -0.033438
vn 0.148873 0.983346 -0.104249
vn 0.161378 0.983330 -0.083778
vn 0.084390 0.995470 -0.043804
vn 0.077834 0.995475 -0.054503
vn 0.170889 0.983325 -0.062204
vn 0.089360 0.995469 -0.032513
vn 0.177428 0.983339 -0.039547
vn 0.092734 0.995476 -0.020668
vn 0.180949 0.983365 -0.015824
vn 0.094530 0.995488 -0.008270
vn 0.137923 0.982309 -0.126672
vn 0.071561 0.995269 -0.065715
vn 0.120385 0.982307 -0.143459
vn 0.062462 0.995268 -0.074430
vn 0.046659 0.997362 -0.055606
vn 0.053445 0.997364 -0.049083
vn 0.100839 0.982300 -0.157858
vn 0.052306 0.995269 -0.081877
vn 0.079198 0.982290 -0.169804
vn 0.041065 0.995270 -0.088043
vn 0.030668 0.997362 -0.065786
vn 0.039074 0.997362 -0.061176
vn 0.076848 0.983326 -0.164814
vn 0.097963 0.983297 -0.153400
vn 0.051199 0.995467 -0.080156
vn 0.040179 0.995470 -0.086176
vn 0.117012 0.983289 -0.139466
vn 0.061131 0.995468 -0.072839
vn 0.133983 0.983313 -0.123061
vn 0.070009 0.995473 -0.064289
vn 0.056123 0.982304 -0.178690
vn 0.029095 0.995273 -0.092654
vn 0.032524 0.982308 -0.184425
vn 0.016856 0.995276 -0.095609
vn 0.012595 0.997364 -0.071454
vn 0.021736 0.997363 -0.069247
vn 0.008390 0.982304 -0.187104
vn 0.004347 0.995279 -0.096960
vn -0.016333 0.982289 -0.186660
vn -0.008460 0.995277 -0.096710
vn -0.006319 0.997367 -0.072243
vn 0.003247 0.997366 -0.072463
vn -0.015853 0.983313 -0.181229
vn 0.008154 0.983290 -0.181863
vn 0.004257 0.995470 -0.094977
vn -0.008283 0.995476 -0.094655
vn 0.031607 0.983291 -0.179274
vn 0.016512 0.995468 -0.093650
vn 0.054505 0.983309 -0.173588
vn 0.028488 0.995468 -0.090732
vn -0.040773 0.982292 -0.182865
vn -0.021121 0.995276 -0.094759
vn -0.064091 0.982293 -0.176048
vn -0.033199 0.995278 -0.091208
vn -0.024799 0.997367 -0.068151
vn -0.015775 0.997367 -0.070785
vn -0.086340 0.982290 -0.166290
vn -0.044715 0.995280 -0.086133
vn -0.107526 0.982279 -0.153510
vn -0.055679 0.995278 -0.079503
vn -0.041602 0.997365 -0.059426
vn -0.033411 0.997366 -0.064381
vn -0.104336 0.983314 -0.149022
vn -0.083833 0.983304 -0.161508
vn -0.043809 0.995470 -0.084382
vn -0.054549 0.995468 -0.077898
vn -0.062238 0.983301 -0.171011
vn -0.032508 0.995474 -0.089299
vn -0.039590 0.983305 -0.177605
vn -0.020677 0.995475 -0.092747
vn -0.126776 0.982288 -0.137981
vn -0.065672 0.995277 -0.071490
vn -0.143551 0.982288 -0.120432
vn -0.074394 0.995272 -0.062440
vn -0.055591 0.997363 -0.046659
vn -0.049084 0.997364 -0.053449
vn -0.157955 0.982280 -0.100879
vn -0.081879 0.995268 -0.052313
vn -0.169915 0.982269 -0.079225
vn -0.088077 0.995267 -0.041073
vn -0.065717 0.997367 -0.030654
vn -0.061137 0.997365 -0.039056
vn -0.164787 0.983331 -0.076849
vn -0.153369 0.983301 -0.097970
vn -0.080100 0.995473 -0.051155
vn -0.086049 0.995483 -0.040127
vn -0.139475 0.983283 -0.117054
vn -0.072880 0.995465 -0.061135
vn -0.123135 0.983288 -0.134096
vn -0.064370 0.995463 -0.070071
vn -0.178778 0.982287 -0.056129
vn -0.092673 0.995271 -0.029099
vn -0.184474 0.982299 -0.032522
vn -0.095606 0.995277 -0.016858
vn -0.071421 0.997367 -0.012596
vn -0.069184 0.997367 -0.021733
vn -0.187143 0.982297 -0.008388
vn -0.096969 0.995278 -0.004347
vn -0.186712 0.982279 0.016336
vn -0.096751 0.995273 0.008466
vn -0.072252 0.997366 0.006322
vn -0.072449 0.997367 -0.003249
vn -0.181223 0.983314 0.015859
vn -0.181838 0.983295 -0.008153
vn -0.094988 0.995469 -0.004257
vn -0.094683 0.995473 0.008282
vn -0.179247 0.983296 -0.031612
vn -0.093617 0.995472 -0.016504
vn -0.173567 0.983312 -0.054511
vn -0.090632 0.995478 -0.028459
vn -0.182935 0.982279 0.040779
vn -0.094853 0.995267 0.021148
vn -0.176122 0.982280 0.064092
vn -0.091345 0.995264 0.033250
vn -0.068185 0.997364 0.024827
vn -0.070821 0.997364 0.015791
vn -0.166320 0.982287 0.086315
vn -0.086225 0.995270 0.044753
vn -0.153487 0.982291 0.107453
vn -0.079536 0.995276 0.055684
vn -0.059369 0.997370 0.041576
vn -0.064364 0.997367 0.033419
vn -0.148942 0.983329 0.104309
vn -0.161429 0.983319 0.083818
vn -0.084303 0.995479 0.043766
vn -0.077776 0.995482 0.054457
vn -0.170936 0.983315 0.062234
vn -0.089283 0.995476 0.032500
vn -0.177581 0.983309 0.039598
vn -0.092768 0.995473 0.020677
vn -0.137949 0.982305 0.126679
vn -0.071511 0.995275 0.065680
vn -0.120420 0.982298 0.143491
vn -0.062458 0.995268 0.074435
vn -0.046623 0.997365 0.055577
vn -0.053391 0.997369 0.049047
vn -0.100884 0.982285 0.157919
vn -0.052333 0.995263 0.081928
vn -0.079234 0.982276 0.169870
vn -0.041089 0.995263 0.088107
vn -0.030663 0.997363 0.065775
vn -0.039057 0.997363 0.061164
vn -0.076813 0.983340 0.164749
vn -0.097891 0.983324 0.153272
vn -0.051134 0.995479 0.080049
vn -0.040143 0.995479 0.086086
vn -0.116935 0.983314 0.139358
vn -0.061055 0.995480 0.072744
vn -0.133979 0.983313 0.123069
vn -0.069949 0.995480 0.064234
vn -0.056137 0.982292 0.178747
vn -0.029105 0.995270 0.092689
vn -0.032519 0.982315 0.184388
vn -0.016858 0.995277 0.095600
vn -0.012595 0.997366 0.071428
vn -0.021734 0.997364 0.069224
vn -0.008386 0.982336 0.186937
vn -0.004348 0.995281 0.096934
vn 0.016316 0.982327 0.186459
vn 0.008458 0.995279 0.096689
vn 0.006318 0.997367 0.072246
vn -0.003249 0.997367 0.072451
vn 0.015856 0.983310 0.181246
vn -0.008146 0.983289 0.181872
vn -0.004258 0.995469 0.094989
vn 0.008282 0.995474 0.094674
vn -0.031593 0.983289 0.179290
vn -0.016507 0.995471 0.093623
vn -0.054487 0.983311 0.173579
vn -0.028473 0.995474 0.090671
vn 0.040748 0.982315 0.182746
vn 0.021124 0.995276 0.094761
vn 0.064081 0.982294 0.176043
vn 0.033218 0.995273 0.091258
vn 0.024802 0.997366 0.068157
vn 0.015777 0.997366 0.070802
vn 0.086322 0.982292 0.166287
vn 0.044756 0.995271 0.086215
vn 0.107466 0.982298 0.153433
vn 0.055734 0.995269 0.079587
vn 0.041603 0.997365 0.059427
vn 0.033412 0.997367 0.064369
vn 0.104215 0.983352 0.148859
vn 0.083763 0.983326 0.161413
vn 0.043760 0.995479 0.084299
vn 0.054476 0.995480 0.077798
vn 0.062216 0.983308 0.170983
vn 0.032491 0.995477 0.089276
vn 0.039589 0.983302 0.177621
vn 0.020676 0.995474 0.092754
vn 0.126693 0.982309 0.137909
vn 0.065731 0.995268 0.071557
vn 0.143473 0.982305 0.120383
vn 0.074444 0.995267 0.062460
vn 0.055597 0.997363 0.046656
vn 0.049087 0.997363 0.053457
vn 0.157879 0.982297 0.100828
vn 0.081902 0.995267 0.052303
vn 0.169887 0.982275 0.079216
vn 0.088095 0.995265 0.041080
vn 0.065746 0.997365 0.030667
vn 0.061152 0.997364 0.039064
vn 0.164694 0.983350 0.076803
vn 0.153251 0.983326 0.097903
vn 0.080088 0.995475 0.051146
vn 0.086078 0.995479 0.040141
vn 0.139321 0.983321 0.116915
vn 0.072815 0.995473 0.061092
vn 0.122983 0.983335 0.133895
vn 0.064288 0.995474 0.069995
vn 0.178875 0.982267 0.056172
vn 0.092746 0.995264 0.029127
vn 0.184661 0.982263 0.032564
vn 0.095745 0.995263 0.016883
vn 0.071441 0.997365 0.012600
vn 0.069216 0.997365 0.021741
vn 0.187292 0.982268 0.008399
vn 0.097128 0.995262 0.004354
vn 0.072458 0.997366 0.003249
vn 0.181532 0.983351 0.008140
vn 0.094817 0.995486 0.004250
vn 0.178998 0.983343 0.031563
vn 0.093511 0.995482 0.016485
vn 0.173416 0.983342 0.054458
vn 0.090618 0.995479 0.028454
vn 0.972162 0.218319 -0.085077
vn 0.952506 0.218255 -0.212362
vn 0.955240 0.205333 -0.212968
vn 0.974949 0.205419 -0.085313
vn 0.917034 0.218244 -0.333794
vn 0.919665 0.205302 -0.334766
vn 0.919654 0.205352 -0.334765
vn 0.955225 0.205416 -0.212954
vn 0.974932 0.205503 -0.085299
vn 0.866135 0.218348 -0.449593
vn 0.868615 0.205390 -0.450914
vn 0.799378 0.218497 -0.559691
vn 0.801664 0.205534 -0.561329
vn 0.801665 0.205445 -0.561360
vn 0.868609 0.205371 -0.450933
vn 0.794775 0.242098 -0.556527
vn 0.861124 0.242158 -0.447019
vn 0.866832 0.214699 -0.450007
vn 0.800034 0.214693 -0.560226
vn 0.911706 0.242234 -0.331835
vn 0.917761 0.214749 -0.334062
vn 0.946957 0.242317 -0.211080
vn 0.953251 0.214843 -0.212497
vn 0.966499 0.242344 -0.084552
vn 0.972917 0.214916 -0.085113
vn 0.718714 0.218532 -0.660071
vn 0.720771 0.205579 -0.661987
vn 0.627252 0.218532 -0.747529
vn 0.629059 0.205574 -0.749683
vn 0.629076 0.205459 -0.749700
vn 0.720779 0.205458 -0.662016
vn 0.525240 0.218548 -0.822411
vn 0.526767 0.205558 -0.824780
vn 0.412369 0.218574 -0.884408
vn 0.413571 0.205553 -0.886965
vn 0.413591 0.205466 -0.886976
vn 0.526791 0.205463 -0.824788
vn 0.410045 0.242121 -0.879341
vn 0.522277 0.242059 -0.817701
vn 0.525731 0.214701 -0.823110
vn 0.412759 0.214726 -0.885168
vn 0.623681 0.242003 -0.743274
vn 0.627805 0.214663 -0.748185
vn 0.714591 0.242015 -0.656345
vn 0.719316 0.214659 -0.660686
vn 0.292342 0.218520 -0.931013
vn 0.293189 0.205502 -0.933707
vn 0.169470 0.218497 -0.961009
vn 0.169953 0.205494 -0.963788
vn 0.169952 0.205374 -0.963814
vn 0.293199 0.205403 -0.933726
vn 0.043739 0.218538 -0.974848
vn 0.043855 0.205554 -0.977663
vn -0.085034 0.218580 -0.972107
vn -0.085283 0.205617 -0.974910
vn -0.085289 0.205472 -0.974940
vn 0.043844 0.205417 -0.977692
vn -0.084546 0.242139 -0.966551
vn 0.043463 0.242107 -0.969276
vn 0.043750 0.214638 -0.975713
vn -0.085114 0.214677 -0.972969
vn 0.168492 0.242082 -0.955514
vn 0.169609 0.214615 -0.961859
vn 0.290685 0.242100 -0.925683
vn 0.292611 0.214661 -0.931826
vn -0.212336 0.218504 -0.952455
vn -0.212945 0.205558 -0.955197
vn -0.333765 0.218443 -0.916997
vn -0.334727 0.205491 -0.919636
vn -0.334736 0.205352 -0.919664
vn -0.212944 0.205412 -0.955228
vn -0.449574 0.218458 -0.866118
vn -0.450875 0.205492 -0.868611
vn -0.559712 0.218499 -0.799363
vn -0.561328 0.205529 -0.801666
vn -0.561347 0.205419 -0.801681
vn -0.450894 0.205367 -0.868630
vn -0.556522 0.242095 -0.794778
vn -0.447016 0.242053 -0.861155
vn -0.449984 0.214593 -0.866870
vn -0.560212 0.214656 -0.800054
vn -0.331840 0.242043 -0.911755
vn -0.334051 0.214566 -0.917808
vn -0.211086 0.242087 -0.947014
vn -0.212500 0.214615 -0.953302
vn -0.660113 0.218450 -0.718701
vn -0.662014 0.205487 -0.720772
vn -0.747546 0.218428 -0.627268
vn -0.749700 0.205458 -0.629076
vn -0.749711 0.205386 -0.629086
vn -0.662028 0.205397 -0.720785
vn -0.822407 0.218480 -0.525275
vn -0.824782 0.205483 -0.526793
vn -0.884404 0.218552 -0.412390
vn -0.886963 0.205530 -0.413586
vn -0.886977 0.205449 -0.413596
vn -0.824793 0.205416 -0.526803
vn -0.879334 0.242141 -0.410048
vn -0.817681 0.242124 -0.522277
vn -0.823108 0.214699 -0.525735
vn -0.885168 0.214724 -0.412761
vn -0.743254 0.242101 -0.623667
vn -0.748184 0.214662 -0.627807
vn -0.656335 0.242092 -0.714574
vn -0.660684 0.214652 -0.719320
vn -0.931012 0.218517 -0.292346
vn -0.933706 0.205501 -0.293192
vn -0.961011 0.218491 -0.169470
vn -0.963788 0.205496 -0.169954
vn -0.963814 0.205375 -0.169952
vn -0.933726 0.205400 -0.293200
vn -0.974849 0.218534 -0.043741
vn -0.977662 0.205556 -0.043856
vn -0.972104 0.218595 0.085028
vn -0.974908 0.205628 0.085280
vn -0.974939 0.205476 0.085287
vn -0.977692 0.205419 -0.043844
vn -0.966556 0.242119 0.084541
vn -0.969276 0.242107 -0.043465
vn -0.975714 0.214637 -0.043751
vn -0.972971 0.214673 0.085111
vn -0.955513 0.242088 -0.168490
vn -0.961859 0.214615 -0.169608
vn -0.925683 0.242104 -0.290684
vn -0.931827 0.214659 -0.292610
vn -0.952450 0.218529 0.212332
vn -0.955191 0.205591 0.212937
vn -0.916989 0.218459 0.333776
vn -0.919625 0.205547 0.334726
vn -0.919658 0.205390 0.334729
vn -0.955225 0.205432 0.212938
vn -0.866104 0.218461 0.449599
vn -0.868594 0.205542 0.450886
vn -0.799349 0.218498 0.559732
vn -0.801654 0.205548 0.561338
vn -0.801683 0.205417 0.561345
vn -0.868623 0.205402 0.450892
vn -0.794791 0.242070 0.556515
vn -0.861166 0.242000 0.447023
vn -0.866873 0.214588 0.449982
vn -0.800066 0.214628 0.560205
vn -0.911771 0.241977 0.331844
vn -0.917809 0.214562 0.334050
vn -0.947028 0.242038 0.211083
vn -0.953304 0.214610 0.212497
vn -0.718698 0.218444 0.660118
vn -0.720776 0.205470 0.662016
vn -0.627279 0.218389 0.747548
vn -0.629101 0.205396 0.749696
vn -0.629124 0.205295 0.749705
vn -0.720804 0.205343 0.662024
vn -0.525307 0.218368 0.822416
vn -0.526841 0.205358 0.824783
vn -0.412449 0.218357 0.884424
vn -0.413644 0.205366 0.886974
vn -0.413635 0.205397 0.886972
vn -0.526852 0.205323 0.824785
vn -0.409998 0.242327 0.879306
vn -0.522247 0.242229 0.817669
vn -0.525752 0.214672 0.823105
vn -0.412755 0.214799 0.885152
vn -0.623668 0.242137 0.743242
vn -0.627837 0.214573 0.748184
vn -0.714592 0.242091 0.656316
vn -0.719348 0.214578 0.660677
vn -0.292406 0.218272 0.931051
vn -0.293235 0.205366 0.933723
vn -0.169479 0.218232 0.961068
vn -0.169955 0.205396 0.963809
vn -0.169940 0.205458 0.963799
vn -0.293210 0.205423 0.933718
vn -0.043698 0.218273 0.974909
vn -0.043823 0.205422 0.977692
vn 0.085069 0.218339 0.972158
vn 0.085309 0.205430 0.974947
vn 0.085297 0.205509 0.974931
vn -0.043827 0.205496 0.977676
vn 0.084536 0.242369 0.966494
vn -0.043453 0.242359 0.969213
vn -0.043739 0.214893 0.975658
vn 0.085108 0.214920 0.972916
vn -0.168449 0.242335 0.955457
vn -0.169577 0.214847 0.961813
vn -0.290627 0.242335 0.925640
vn -0.292580 0.214827 0.931798
vn 0.212349 0.218309 0.952496
vn 0.212958 0.205371 0.955234
vn 0.333794 0.218314 0.917017
vn 0.334760 0.205368 0.919652
vn 0.334762 0.205389 0.919647
vn 0.212949 0.205436 0.955222
vn 0.449616 0.218398 0.866111
vn 0.450921 0.205449 0.868597
vn 0.559720 0.218483 0.799362
vn 0.561338 0.205550 0.801654
vn 0.561360 0.205443 0.801666
vn 0.450934 0.205405 0.868601
vn 0.556518 0.242073 0.794788
vn 0.447025 0.242105 0.861135
vn 0.450005 0.214696 0.866834
vn 0.560217 0.214667 0.800047
vn 0.331841 0.242169 0.911721
vn 0.334061 0.214746 0.917762
vn 0.211075 0.242275 0.946969
vn 0.212493 0.214838 0.953253
vn 0.660087 0.218440 0.718727
vn 0.661984 0.205552 0.720781
vn 0.747524 0.218387 0.627308
vn 0.749659 0.205525 0.629103
vn 0.749684 0.205373 0.629123
vn 0.662011 0.205404 0.720798
vn 0.822407 0.218364 0.525323
vn 0.824749 0.205507 0.526835
vn 0.884431 0.218354 0.412435
vn 0.886951 0.205515 0.413620
vn 0.886962 0.205467 0.413620
vn 0.824767 0.205399 0.526850
vn 0.879315 0.242263 0.410017
vn 0.817671 0.242158 0.522277
vn 0.823102 0.214632 0.525772
vn 0.885161 0.214753 0.412760
vn 0.743246 0.242037 0.623701
vn 0.748175 0.214554 0.627854
vn 0.656320 0.242014 0.714614
vn 0.660674 0.214581 0.719350
vn 0.931065 0.218273 0.292362
vn 0.933712 0.205473 0.293195
vn 0.961073 0.218239 0.169444
vn 0.963804 0.205441 0.169927
vn 0.963796 0.205483 0.169925
vn 0.933713 0.205478 0.293187
vn 0.974908 0.218278 0.043686
vn 0.977691 0.205430 0.043815
vn 0.977676 0.205499 0.043824
vn 0.969243 0.242242 0.043440
vn 0.975662 0.214873 0.043736
vn 0.955497 0.242177 0.168452
vn 0.961821 0.214817 0.169572
vn 0.925667 0.242220 0.290639
vn 0.931808 0.214789 0.292574
vn 0.155666 0.987716 -0.013625
vn 0.152462 0.987725 -0.033992
vn 0.076522 0.996922 -0.017060
vn 0.078113 0.996921 -0.006838
vn 0.146752 0.987730 -0.053413
vn 0.073665 0.996923 -0.026811
vn 0.053976 0.998349 -0.019646
vn 0.056062 0.998349 -0.012496
vn 0.057207 0.998350 -0.005007
vn 0.138599 0.987733 -0.071935
vn 0.069571 0.996923 -0.036112
vn 0.127942 0.987728 -0.089579
vn 0.064214 0.996923 -0.044961
vn 0.047027 0.998351 -0.032924
vn 0.050968 0.998350 -0.026458
vn 0.117733 0.989618 -0.082432
vn 0.127642 0.989604 -0.066262
vn 0.066007 0.997230 -0.034271
vn 0.060883 0.997234 -0.042633
vn 0.135171 0.989600 -0.049203
vn 0.069911 0.997228 -0.025452
vn 0.140338 0.989609 -0.031287
vn 0.072604 0.997230 -0.016189
vn 0.143117 0.989627 -0.012521
vn 0.074062 0.997233 -0.006482
vn 0.114999 0.987734 -0.105630
vn 0.057723 0.996924 -0.053015
vn 0.100366 0.987733 -0.119624
vn 0.050378 0.996924 -0.060032
vn 0.036915 0.998350 -0.043988
vn 0.042288 0.998351 -0.038832
vn 0.084052 0.987733 -0.131601
vn 0.042186 0.996924 -0.066046
vn 0.066008 0.987729 -0.141544
vn 0.033122 0.996924 -0.071034
vn 0.024266 0.998350 -0.052038
vn 0.030913 0.998350 -0.048397
vn 0.060757 0.989613 -0.130284
vn 0.077429 0.989601 -0.121218
vn 0.040044 0.997229 -0.062701
vn 0.031428 0.997231 -0.067395
vn 0.092477 0.989598 -0.110201
vn 0.047820 0.997228 -0.056998
vn 0.105921 0.989605 -0.097271
vn 0.054769 0.997231 -0.050302
vn 0.046785 0.987733 -0.148978
vn 0.023473 0.996926 -0.074749
vn 0.027118 0.987731 -0.153793
vn 0.013603 0.996928 -0.077136
vn 0.009970 0.998351 -0.056538
vn 0.017203 0.998350 -0.054781
vn 0.006993 0.987732 -0.156003
vn 0.003507 0.996927 -0.078256
vn -0.013614 0.987727 -0.155596
vn -0.006832 0.996925 -0.078070
vn -0.005004 0.998351 -0.057182
vn 0.002570 0.998351 -0.057347
vn -0.012530 0.989615 -0.143198
vn 0.006432 0.989601 -0.143699
vn 0.003328 0.997229 -0.074316
vn -0.006479 0.997233 -0.074062
vn 0.024978 0.989593 -0.141709
vn 0.012919 0.997227 -0.073293
vn 0.043095 0.989599 -0.137246
vn 0.022290 0.997228 -0.070990
vn -0.033975 0.987733 -0.152414
vn -0.017052 0.996925 -0.076490
vn -0.053403 0.987733 -0.146735
vn -0.026805 0.996924 -0.073645
vn -0.019642 0.998350 -0.053965
vn -0.012493 0.998350 -0.056041
vn -0.071935 0.987733 -0.138596
vn -0.036108 0.996924 -0.069563
vn -0.089582 0.987728 -0.127943
vn -0.044957 0.996923 -0.064208
vn -0.032927 0.998351 -0.047024
vn -0.026454 0.998350 -0.050965
vn -0.082430 0.989620 -0.117718
vn -0.066257 0.989604 -0.127645
vn -0.034263 0.997230 -0.066011
vn -0.042633 0.997234 -0.060885
vn -0.049197 0.989599 -0.135183
vn -0.025443 0.997228 -0.069917
vn -0.031286 0.989603 -0.140380
vn -0.016180 0.997230 -0.072604
vn -0.105627 0.987732 -0.115011
vn -0.053007 0.996925 -0.057709
vn -0.119613 0.987734 -0.100376
vn -0.060021 0.996926 -0.050359
vn -0.043987 0.998350 -0.036904
vn -0.038840 0.998351 -0.042282
vn -0.131592 0.987734 -0.084054
vn -0.066034 0.996926 -0.042178
vn -0.141551 0.987728 -0.066001
vn -0.071032 0.996924 -0.033123
vn -0.052022 0.998351 -0.024256
vn -0.048382 0.998351 -0.030898
vn -0.130248 0.989620 -0.060734
vn -0.121171 0.989611 -0.077385
vn -0.062669 0.997232 -0.040022
vn -0.067357 0.997234 -0.031409
vn -0.110159 0.989607 -0.092431
vn -0.056987 0.997229 -0.047819
vn -0.097257 0.989610 -0.105888
vn -0.050308 0.997230 -0.054778
vn -0.148983 0.987733 -0.046771
vn -0.074777 0.996924 -0.023477
vn -0.153784 0.987732 -0.027115
vn -0.077191 0.996924 -0.013609
vn -0.056568 0.998349 -0.009973
vn -0.054786 0.998350 -0.017202
vn -0.155996 0.987733 -0.007000
vn -0.078296 0.996924 -0.003512
vn -0.155580 0.987730 0.013608
vn -0.078077 0.996924 0.006829
vn -0.057192 0.998351 0.005002
vn -0.057371 0.998350 -0.002571
vn -0.143191 0.989616 0.012527
vn -0.143692 0.989601 -0.006438
vn -0.074315 0.997229 -0.003330
vn -0.074061 0.997233 0.006479
vn -0.141682 0.989597 -0.024987
vn -0.073280 0.997228 -0.012923
vn -0.137212 0.989604 -0.043094
vn -0.070959 0.997230 -0.022285
vn -0.152385 0.987737 0.033971
vn -0.076490 0.996925 0.017048
vn -0.146703 0.987739 0.053391
vn -0.073650 0.996924 0.026800
vn -0.053978 0.998349 0.019642
vn -0.056050 0.998350 0.012492
vn -0.138572 0.987737 0.071922
vn -0.069569 0.996924 0.036106
vn -0.127930 0.987730 0.089576
vn -0.064211 0.996923 0.044958
vn -0.047038 0.998350 0.032932
vn -0.050979 0.998349 0.026457
vn -0.117675 0.989629 0.082387
vn -0.127570 0.989617 0.066214
vn -0.066022 0.997230 0.034269
vn -0.060902 0.997232 0.042642
vn -0.135117 0.989609 0.049176
vn -0.069919 0.997228 0.025448
vn -0.140346 0.989608 0.031279
vn -0.072601 0.997230 0.016182
vn -0.114997 0.987734 0.105628
vn -0.057712 0.996925 0.053003
vn -0.100370 0.987734 0.119617
vn -0.050365 0.996926 0.060014
vn -0.036914 0.998350 0.043987
vn -0.042293 0.998350 0.038841
vn -0.084056 0.987734 0.131590
vn -0.042180 0.996925 0.066034
vn -0.066007 0.987729 0.141546
vn -0.033121 0.996924 0.071028
vn -0.024264 0.998351 0.052028
vn -0.030910 0.998350 0.048389
vn -0.060744 0.989617 0.130264
vn -0.077413 0.989606 0.121195
vn -0.040042 0.997229 0.062691
vn -0.031424 0.997232 0.067385
vn -0.092458 0.989601 0.110185
vn -0.047829 0.997228 0.057005
vn -0.105888 0.989611 0.097252
vn -0.054786 0.997229 0.050324
vn -0.046781 0.987732 0.148989
vn -0.023475 0.996926 0.074754
vn -0.027119 0.987728 0.153810
vn -0.013608 0.996926 0.077158
vn -0.009975 0.998350 0.056558
vn -0.017204 0.998350 0.054779
vn -0.006995 0.987723 0.156058
vn -0.003512 0.996924 0.078297
vn 0.013621 0.987717 0.155657
vn 0.006834 0.996921 0.078116
vn 0.005004 0.998351 0.057194
vn -0.002575 0.998350 0.057363
vn 0.012520 0.989622 0.143147
vn -0.006443 0.989608 0.143645
vn -0.003334 0.997229 0.074320
vn 0.006478 0.997233 0.074058
vn -0.024983 0.989599 0.141668
vn -0.012924 0.997227 0.073292
vn -0.043091 0.989603 0.137221
vn -0.022290 0.997229 0.070978
vn 0.033987 0.987727 0.152449
vn 0.017059 0.996922 0.076522
vn 0.053412 0.987731 0.146749
vn 0.026811 0.996923 0.073658
vn 0.019646 0.998349 0.053972
vn 0.012498 0.998349 0.056057
vn 0.071942 0.987733 0.138595
vn 0.036113 0.996923 0.069569
vn 0.089584 0.987728 0.127937
vn 0.044964 0.996923 0.064217
vn 0.032934 0.998350 0.047031
vn 0.026459 0.998350 0.050968
vn 0.082435 0.989619 0.117722
vn 0.066253 0.989607 0.127623
vn 0.034270 0.997230 0.066014
vn 0.042642 0.997233 0.060896
vn 0.049193 0.989604 0.135145
vn 0.025447 0.997229 0.069913
vn 0.031282 0.989610 0.140333
vn 0.016184 0.997230 0.072596
vn 0.105628 0.987734 0.115001
vn 0.053020 0.996924 0.057725
vn 0.119625 0.987731 0.100385
vn 0.060045 0.996923 0.050383
vn 0.043996 0.998349 0.036916
vn 0.038846 0.998350 0.042291
vn 0.131629 0.987726 0.084085
vn 0.066069 0.996922 0.042201
vn 0.141605 0.987718 0.066040
vn 0.071068 0.996921 0.033144
vn 0.052040 0.998350 0.024265
vn 0.048398 0.998350 0.030913
vn 0.130197 0.989628 0.060713
vn 0.121163 0.989611 0.077391
vn 0.062671 0.997231 0.040035
vn 0.067358 0.997234 0.031409
vn 0.110183 0.989602 0.092456
vn 0.056985 0.997229 0.047824
vn 0.097278 0.989606 0.105909
vn 0.050312 0.997230 0.054781
vn 0.149030 0.987724 0.046806
vn 0.074798 0.996922 0.023490
vn 0.153823 0.987726 0.027128
vn 0.077203 0.996923 0.013611
vn 0.056557 0.998350 0.009970
vn 0.054788 0.998350 0.017201
vn 0.156056 0.987723 0.006993
vn 0.078318 0.996922 0.003508
vn 0.057371 0.998350 0.002568
vn 0.143594 0.989616 0.006437
vn 0.074291 0.997231 0.003328
vn 0.141592 0.989610 0.024965
vn 0.073242 0.997231 0.012915
vn 0.137137 0.989616 0.043063
vn 0.070939 0.997232 0.022275
vn 0.936379 0.341304 -0.081891
vn 0.917444 0.341274 -0.204521
vn 0.925043 0.319001 -0.206239
vn 0.944145 0.319013 -0.082585
vn 0.883262 0.341287 -0.321513
vn 0.890585 0.318999 -0.324188
vn 0.892227 0.313756 -0.324790
vn 0.926742 0.313765 -0.206644
vn 0.945886 0.313767 -0.082763
vn 0.834221 0.341353 -0.433075
vn 0.841156 0.319030 -0.436666
vn 0.769917 0.341434 -0.539121
vn 0.776326 0.319073 -0.543609
vn 0.777771 0.313803 -0.544610
vn 0.842719 0.313773 -0.437460
vn 0.770224 0.340458 -0.539299
vn 0.834544 0.340445 -0.433167
vn 0.841250 0.318770 -0.436674
vn 0.776414 0.318795 -0.543646
vn 0.883542 0.340469 -0.321611
vn 0.890659 0.318767 -0.324215
vn 0.917689 0.340537 -0.204648
vn 0.925103 0.318789 -0.206296
vn 0.936630 0.340591 -0.081987
vn 0.944213 0.318798 -0.082639
vn 0.692247 0.341388 -0.635805
vn 0.698005 0.319019 -0.641106
vn 0.604175 0.341367 -0.720028
vn 0.609203 0.318991 -0.726028
vn 0.610330 0.313729 -0.727373
vn 0.699297 0.313750 -0.642297
vn 0.505925 0.341411 -0.792135
vn 0.510143 0.319019 -0.798737
vn 0.397198 0.341463 -0.851843
vn 0.400521 0.319058 -0.858944
vn 0.401269 0.313813 -0.860526
vn 0.511092 0.313763 -0.800211
vn 0.397356 0.340550 -0.852135
vn 0.506127 0.340477 -0.792408
vn 0.510199 0.318783 -0.798796
vn 0.400560 0.318849 -0.859003
vn 0.604397 0.340415 -0.720293
vn 0.609261 0.318736 -0.726091
vn 0.692495 0.340416 -0.636056
vn 0.698070 0.318746 -0.641171
vn 0.281579 0.341370 -0.896761
vn 0.283939 0.318973 -0.904232
vn 0.163197 0.341314 -0.925674
vn 0.164561 0.318920 -0.933386
vn 0.164869 0.313716 -0.935094
vn 0.284471 0.313756 -0.905888
vn 0.042067 0.341354 -0.938993
vn 0.042413 0.318956 -0.946820
vn -0.081932 0.341421 -0.936333
vn -0.082616 0.319006 -0.944145
vn -0.082763 0.313767 -0.945886
vn 0.042494 0.313732 -0.948560
vn -0.081948 0.340465 -0.936680
vn 0.042111 0.340429 -0.939327
vn 0.042432 0.318777 -0.946880
vn -0.082610 0.318804 -0.944214
vn 0.163279 0.340442 -0.925980
vn 0.164583 0.318780 -0.933430
vn 0.281690 0.340503 -0.897055
vn 0.283963 0.318816 -0.904279
vn -0.204498 0.341351 -0.917421
vn -0.206203 0.318928 -0.925076
vn -0.321460 0.341316 -0.883271
vn -0.324143 0.318889 -0.890641
vn -0.324737 0.313669 -0.892277
vn -0.206577 0.313702 -0.926778
vn -0.433027 0.341354 -0.834245
vn -0.436639 0.318949 -0.841200
vn -0.539119 0.341403 -0.769932
vn -0.543608 0.319054 -0.776334
vn -0.544626 0.313780 -0.777770
vn -0.437446 0.313710 -0.842750
vn -0.539290 0.340563 -0.770184
vn -0.433156 0.340524 -0.834517
vn -0.436664 0.318768 -0.841256
vn -0.543663 0.318792 -0.776404
vn -0.321569 0.340468 -0.883558
vn -0.324159 0.318744 -0.890687
vn -0.204576 0.340451 -0.917737
vn -0.206212 0.318762 -0.925131
vn -0.635844 0.341311 -0.692250
vn -0.641117 0.319051 -0.697980
vn -0.720064 0.341257 -0.604195
vn -0.726014 0.319045 -0.609191
vn -0.727372 0.313729 -0.610331
vn -0.642323 0.313747 -0.699274
vn -0.792155 0.341300 -0.505969
vn -0.798704 0.319061 -0.510168
vn -0.851861 0.341375 -0.397236
vn -0.858927 0.319069 -0.400549
vn -0.860509 0.313813 -0.401305
vn -0.800185 0.313764 -0.511132
vn -0.852107 0.340603 -0.397371
vn -0.792381 0.340528 -0.506136
vn -0.798790 0.318731 -0.510240
vn -0.858994 0.318834 -0.400593
vn -0.720283 0.340461 -0.604384
vn -0.726110 0.318669 -0.609274
vn -0.636050 0.340490 -0.692464
vn -0.641202 0.318709 -0.698058
vn -0.896778 0.341308 -0.281598
vn -0.904231 0.318966 -0.283950
vn -0.925686 0.341278 -0.163205
vn -0.933388 0.318914 -0.164563
vn -0.935094 0.313715 -0.164869
vn -0.905885 0.313756 -0.284481
vn -0.938999 0.341339 -0.042068
vn -0.946821 0.318953 -0.042414
vn -0.936341 0.341397 0.081941
vn -0.944146 0.319002 0.082616
vn -0.945886 0.313767 0.082763
vn -0.948561 0.313731 -0.042494
vn -0.936679 0.340465 0.081948
vn -0.939326 0.340430 -0.042112
vn -0.946880 0.318776 -0.042433
vn -0.944214 0.318803 0.082610
vn -0.925977 0.340449 -0.163281
vn -0.933429 0.318783 -0.164582
vn -0.897042 0.340533 -0.281697
vn -0.904276 0.318819 -0.283972
vn -0.917446 0.341270 0.204521
vn -0.925080 0.318913 0.206206
vn -0.883317 0.341167 0.321489
vn -0.890650 0.318861 0.324147
vn -0.892277 0.313670 0.324737
vn -0.926778 0.313702 0.206577
vn -0.834302 0.341181 0.433053
vn -0.841213 0.318914 0.436641
vn -0.769988 0.341262 0.539127
vn -0.776359 0.319010 0.543599
vn -0.777781 0.313784 0.544607
vn -0.842750 0.313712 0.437443
vn -0.770188 0.340563 0.539284
vn -0.834517 0.340524 0.433157
vn -0.841256 0.318772 0.436661
vn -0.776406 0.318816 0.543645
vn -0.883558 0.340469 0.321569
vn -0.890688 0.318744 0.324157
vn -0.917737 0.340451 0.204576
vn -0.925132 0.318760 0.206211
vn -0.692295 0.341233 0.635836
vn -0.698018 0.318986 0.641108
vn -0.604209 0.341233 0.720064
vn -0.609209 0.318966 0.726034
vn -0.610325 0.313734 0.727376
vn -0.699296 0.313751 0.642297
vn -0.505950 0.341298 0.792168
vn -0.510147 0.319003 0.798741
vn -0.397216 0.341375 0.851870
vn -0.400524 0.319049 0.858946
vn -0.401262 0.313840 0.860519
vn -0.511080 0.313779 0.800212
vn -0.397343 0.340488 0.852166
vn -0.506092 0.340449 0.792443
vn -0.510168 0.318800 0.798809
vn -0.400544 0.318874 0.859002
vn -0.604369 0.340434 0.720308
vn -0.609241 0.318747 0.726103
vn -0.692473 0.340488 0.636042
vn -0.698060 0.318766 0.641172
vn -0.281591 0.341308 0.896781
vn -0.283943 0.318966 0.904233
vn -0.163204 0.341278 0.925686
vn -0.164564 0.318915 0.933387
vn -0.164871 0.313720 0.935092
vn -0.284473 0.313775 0.905881
vn -0.042082 0.341343 0.938996
vn -0.042423 0.318960 0.946818
vn 0.081887 0.341433 0.936332
vn 0.082582 0.319045 0.944135
vn 0.082749 0.313795 0.945878
vn -0.042497 0.313737 0.948559
vn 0.081948 0.340465 0.936679
vn -0.042109 0.340424 0.939329
vn -0.042433 0.318778 0.946879
vn 0.082607 0.318812 0.944211
vn -0.163279 0.340413 0.925991
vn -0.164586 0.318782 0.933429
vn -0.281695 0.340444 0.897076
vn -0.283967 0.318831 0.904273
vn 0.204447 0.341370 0.917425
vn 0.206159 0.319022 0.925053
vn 0.321460 0.341326 0.883267
vn 0.324129 0.319008 0.890603
vn 0.324728 0.313756 0.892249
vn 0.206558 0.313770 0.926759
vn 0.433062 0.341361 0.834225
vn 0.436653 0.319030 0.841163
vn 0.539119 0.341434 0.769918
vn 0.543607 0.319068 0.776329
vn 0.544607 0.313786 0.777780
vn 0.437445 0.313769 0.842728
vn 0.539256 0.340562 0.770208
vn 0.433149 0.340524 0.834521
vn 0.436658 0.318784 0.841253
vn 0.543632 0.318792 0.776425
vn 0.321569 0.340468 0.883558
vn 0.324156 0.318768 0.890679
vn 0.204576 0.340450 0.917738
vn 0.206208 0.318780 0.925126
vn 0.635808 0.341383 0.692247
vn 0.641107 0.319005 0.698010
vn 0.720039 0.341345 0.604175
vn 0.726035 0.318962 0.609209
vn 0.727389 0.313637 0.610358
vn 0.642299 0.313699 0.699318
vn 0.792154 0.341360 0.505931
vn 0.798748 0.318978 0.510152
vn 0.851859 0.341408 0.397210
vn 0.858957 0.319012 0.400529
vn 0.860565 0.313681 0.401288
vn 0.800242 0.313644 0.511117
vn 0.852158 0.340483 0.397365
vn 0.792411 0.340445 0.506145
vn 0.798839 0.318615 0.510236
vn 0.859061 0.318658 0.400588
vn 0.720264 0.340431 0.604423
vn 0.726107 0.318614 0.609306
vn 0.636000 0.340486 0.692512
vn 0.641159 0.318690 0.698106
vn 0.896768 0.341331 0.281603
vn 0.904240 0.318928 0.283961
vn 0.925683 0.341261 0.163257
vn 0.933389 0.318878 0.164627
vn 0.935122 0.313598 0.164931
vn 0.905926 0.313621 0.284498
vn 0.939026 0.341253 0.042149
vn 0.946827 0.318924 0.042501
vn 0.948580 0.313663 0.042566
vn 0.939295 0.340517 0.042116
vn 0.946905 0.318696 0.042472
vn 0.925978 0.340447 0.163284
vn 0.933476 0.318624 0.164625
vn 0.897077 0.340445 0.281691
vn 0.904339 0.318624 0.283989
vn 0.000095 1.000000 -0.000205
vn 0.000034 1.000000 -0.000164
vn 0.000022 1.000000 -0.000047
vn 0.000102 1.000000 -0.000134
vn 0.000007 1.000000 -0.000142
vn -0.000000 1.000000 -0.000031
vn 0.000000 1.000000 0.000001
vn 0.000023 1.000000 -0.000019
vn 0.000102 1.000000 -0.000095
vn -0.000003 1.000000 -0.000127
vn -0.000002 1.000000 -0.000030
vn -0.000015 1.000000 -0.000118
vn -0.000004 1.000000 -0.000027
vn 0.000000 1.000000 -0.000001
vn 0.000000 1.000000 -0.000000
vn 0.000000 1.000000 -0.000001
vn -0.000000 1.000000 -0.000000
vn 0.000000 1.000000 -0.000000
vn 0.000000 1.000000 -0.000001
vn -0.000000 1.000000 -0.000000
vn -0.000000 1.000000 0.000001
vn 0.000022 1.000000 -0.000015
vn 0.000022 1.000000 -0.000016
vn 0.000098 1.000000 -0.000064
vn 0.000098 1.000000 -0.000080
vn -0.000026 1.000000 -0.000111
vn -0.000006 1.000000 -0.000025
vn -0.000038 1.000000 -0.000105
vn -0.000008 1.000000 -0.000024
vn 0.000000 1.000000 -0.000000
vn 0.000000 1.000000 0.000000
vn -0.000050 1.000000 -0.000101
vn -0.000011 1.000000 -0.000024
vn -0.000064 1.000000 -0.000099
vn -0.000014 1.000000 -0.000023
vn 0.000000 1.000000 0.000000
vn -0.000000 1.000000 -0.000000
vn -0.000000 1.000000 0.000001
vn 0.000000 1.000000 0.000000
vn 0.000000 1.000000 -0.000000
vn 0.000000 1.000000 -0.000001
vn 0.000000 1.000000 0.000000
vn -0.000000 1.000000 0.000000
vn 0.000000 1.000000 -0.000000
vn -0.000000 1.000000 0.000000
vn -0.000079 1.000000 -0.000100
vn -0.000016 1.000000 -0.000021
vn -0.000096 1.000000 -0.000104
vn -0.000019 1.000000 -0.000023
vn 0.000000 1.000000 -0.000001
vn 0.000000 1.000000 -0.000001
vn -0.000130 1.000000 -0.000103
vn -0.000047 1.000000 -0.000022
vn -0.000203 1.000000 -0.000098
vn -0.000161 1.000000 -0.000035
vn -0.000139 1.000000 -0.000007
vn -0.000029 1.000000 0.000000
vn -0.000116 1.000000 0.000015
vn -0.000025 1.000000 0.000004
vn -0.000027 1.000000 0.000002
vn -0.000125 1.000000 0.000003
vn -0.000000 1.000000 -0.000001
vn 0.000000 1.000000 -0.000001
vn -0.000000 1.000000 0.000000
vn 0.000000 1.000000 -0.000001
vn 0.000022 1.000000 -0.000011
vn 0.000100 1.000000 -0.000050
vn 0.000000 1.000000 -0.000000
vn -0.000000 1.000000 0.000000
vn 0.000023 1.000000 -0.000009
vn 0.000104 1.000000 -0.000039
vn 0.000000 1.000000 0.000000
vn -0.000000 1.000000 0.000000
vn -0.000000 1.000000 0.000001
vn 0.000000 1.000000 0.000001
vn -0.000000 1.000000 -0.000000
vn -0.000000 1.000000 -0.000001
vn 0.000000 1.000000 -0.000001
vn 0.000000 1.000000 0.000000
vn 0.000000 1.000000 -0.000001
vn 0.000000 1.000000 -0.000001
vn 0.000025 1.000000 -0.000004
vn 0.000024 1.000000 -0.000006
vn 0.000116 1.000000 -0.000016
vn 0.000109 1.000000 -0.000025
vn -0.000000 1.000000 -0.000001
vn 0.000000 1.000000 0.000000
vn 0.000000 1.000000 0.000000
vn -0.000000 1.000000 0.000001
vn 0.000000 1.000000 0.000001
vn -0.000000 1.000000 0.000000
vn 0.000000 1.000000 -0.000001
vn 0.000000 1.000000 -0.000001
vn -0.000000 1.000000 -0.000000
vn -0.000000 1.000000 0.000001
vn -0.000000 1.000000 -0.000000
vn 0.000000 1.000000 -0.000000
vn 0.000000 1.000000 0.000000
vn -0.000000 1.000000 0.000000
vn 0.000000 1.000000 -0.000001
vn 0.000000 1.000000 0.000001
vn -0.000000 1.000000 0.000001
vn 0.000000 1.000000 -0.000000
vn 0.000000 1.000000 -0.000000
vn 0.000000 1.000000 -0.000000
vn -0.000024 1.000000 0.000006
vn -0.000109 1.000000 0.000026
vn -0.000104 1.000000 0.000038
vn -0.000023 1.000000 0.000009
vn -0.000098 1.000000 0.000064
vn -0.000022 1.000000 0.000015
vn -0.000022 1.000000 0.000011
vn -0.000100 1.000000 0.000051
vn -0.000000 1.000000 -0.000000
vn -0.000000 1.000000 -0.000000
vn 0.000000 1.000000 -0.000000
vn 0.000000 1.000000 -0.000000
vn 0.000027 1.000000 -0.000003
vn 0.000125 1.000000 -0.000004
vn 0.000000 1.000000 0.000001
vn 0.000000 1.000000 0.000001
vn 0.000029 1.000000 0.000000
vn 0.000139 1.000000 0.000007
vn -0.000000 1.000000 0.000001
vn -0.000000 1.000000 -0.000000
vn 0.000000 1.000000 -0.000000
vn -0.000000 1.000000 -0.000000
vn 0.000064 1.000000 0.000100
vn 0.000079 1.000000 0.000098
vn 0.000016 1.000000 0.000022
vn 0.000014 1.000000 0.000022
vn 0.000096 1.000000 0.000102
vn 0.000019 1.000000 0.000023
vn 0.000130 1.000000 0.000102
vn 0.000047 1.000000 0.000023
vn 0.000203 1.000000 0.000095
vn 0.000161 1.000000 0.000034
vn 0.000000 1.000000 -0.000001
vn 0.000000 1.000000 0.000001
vn 0.000000 1.000000 -0.000000
vn 0.000000 1.000000 -0.000000
vn 0.000000 1.000000 0.000001
vn -0.000000 1.000000 -0.000001
vn -0.000000 1.000000 0.000000
vn 0.000000 1.000000 0.000000
vn 0.000014 1.000000 0.000120
vn 0.000026 1.000000 0.000112
vn 0.000006 1.000000 0.000023
vn 0.000004 1.000000 0.000026
vn 0.000038 1.000000 0.000106
vn 0.000008 1.000000 0.000023
vn 0.000050 1.000000 0.000103
vn 0.000011 1.000000 0.000022
vn -0.000000 1.000000 -0.000000
vn -0.000000 1.000000 0.000001
vn 0.000000 1.000000 0.000000
vn 0.000000 1.000000 0.000000
vn -0.000022 1.000000 0.000017
vn -0.000098 1.000000 0.000079
vn -0.000102 1.000000 0.000094
vn -0.000023 1.000000 0.000020
vn -0.000095 1.000000 0.000203
vn -0.000034 1.000000 0.000166
vn -0.000022 1.000000 0.000048
vn -0.000102 1.000000 0.000130
vn -0.000007 1.000000 0.000144
vn 0.000000 1.000000 0.000030
vn 0.000003 1.000000 0.000131
vn 0.000002 1.000000 0.000027
vn 0.060518 0.998153 -0.005292
vn 0.059275 0.998154 -0.013215
vn 0.023031 0.999722 -0.005149
vn 0.023658 0.999718 -0.002099
vn 0.057065 0.998154 -0.020772
vn 0.022132 0.999723 -0.008055
vn 0.007279 0.999970 -0.002649
vn 0.007604 0.999970 -0.001709
vn 0.007909 0.999968 -0.000719
vn 0.053898 0.998154 -0.027979
vn 0.020954 0.999722 -0.010861
vn 0.049756 0.998154 -0.034840
vn 0.019473 0.999718 -0.013599
vn 0.006521 0.999969 -0.004535
vn 0.006923 0.999970 -0.003580
vn 0.001267 0.999999 -0.000655
vn 0.001211 0.999999 -0.000841
vn 0.001326 0.999999 -0.000483
vn 0.001391 0.999999 -0.000314
vn 0.001467 0.999999 -0.000135
vn 0.044719 0.998155 -0.041074
vn 0.017720 0.999712 -0.016204
vn 0.039030 0.998155 -0.046511
vn 0.015780 0.999701 -0.018685
vn 0.005701 0.999962 -0.006626
vn 0.006093 0.999966 -0.005519
vn 0.032690 0.998155 -0.051175
vn 0.013509 0.999688 -0.021023
vn 0.025674 0.998153 -0.055056
vn 0.010674 0.999681 -0.022887
vn 0.004176 0.999951 -0.008956
vn 0.005195 0.999955 -0.007918
vn 0.001191 0.999998 -0.001764
vn 0.001079 0.999997 -0.002317
vn 0.001147 0.999999 -0.001299
vn 0.001159 0.999999 -0.001042
vn 0.018194 0.998155 -0.057937
vn 0.007426 0.999688 -0.023863
vn 0.010546 0.998155 -0.059791
vn 0.004177 0.999701 -0.024107
vn 0.001414 0.999962 -0.008639
vn 0.002728 0.999955 -0.009074
vn 0.002723 0.998155 -0.060659
vn 0.001028 0.999711 -0.024004
vn -0.005295 0.998153 -0.060515
vn -0.002101 0.999717 -0.023677
vn -0.000720 0.999968 -0.007936
vn 0.000314 0.999966 -0.008237
vn 0.000052 0.999999 -0.001561
vn -0.000135 0.999999 -0.001476
vn 0.000258 0.999999 -0.001714
vn 0.000587 0.999998 -0.002051
vn -0.013218 0.998154 -0.059275
vn -0.005156 0.999721 -0.023058
vn -0.020772 0.998154 -0.057066
vn -0.008067 0.999722 -0.022163
vn -0.002660 0.999970 -0.007310
vn -0.001714 0.999969 -0.007633
vn -0.027980 0.998154 -0.053906
vn -0.010874 0.999721 -0.020981
vn -0.034846 0.998153 -0.049767
vn -0.013613 0.999717 -0.019490
vn -0.004547 0.999968 -0.006541
vn -0.003592 0.999969 -0.006950
vn -0.000659 0.999999 -0.001276
vn -0.000845 0.999999 -0.001218
vn -0.000486 0.999999 -0.001337
vn -0.000315 0.999999 -0.001401
vn -0.041085 0.998154 -0.044729
vn -0.016218 0.999711 -0.017728
vn -0.046523 0.998154 -0.039038
vn -0.018695 0.999701 -0.015783
vn -0.006633 0.999962 -0.005706
vn -0.005531 0.999966 -0.006105
vn -0.051184 0.998154 -0.032694
vn -0.021028 0.999688 -0.013509
vn -0.055059 0.998153 -0.025677
vn -0.022889 0.999681 -0.010673
vn -0.008955 0.999951 -0.004176
vn -0.007921 0.999955 -0.005196
vn -0.001767 0.999998 -0.001192
vn -0.002314 0.999997 -0.001080
vn -0.001301 0.999999 -0.001152
vn -0.001044 0.999999 -0.001165
vn -0.057938 0.998155 -0.018194
vn -0.023862 0.999688 -0.007424
vn -0.059797 0.998155 -0.010545
vn -0.024099 0.999701 -0.004174
vn -0.008626 0.999962 -0.001411
vn -0.009069 0.999955 -0.002726
vn -0.060664 0.998155 -0.002722
vn -0.023991 0.999712 -0.001026
vn -0.060515 0.998153 0.005295
vn -0.023658 0.999718 0.002100
vn -0.007909 0.999969 0.000720
vn -0.008216 0.999966 -0.000311
vn -0.001556 0.999999 -0.000053
vn -0.001467 0.999999 0.000136
vn -0.001714 0.999999 -0.000256
vn -0.002047 0.999998 -0.000587
vn -0.059274 0.998154 0.013218
vn -0.023032 0.999722 0.005151
vn -0.057067 0.998154 0.020772
vn -0.022133 0.999723 0.008056
vn -0.007279 0.999970 0.002649
vn -0.007604 0.999970 0.001709
vn -0.053906 0.998154 0.027980
vn -0.020955 0.999721 0.010859
vn -0.049767 0.998153 0.034849
vn -0.019473 0.999718 0.013598
vn -0.006521 0.999969 0.004535
vn -0.006923 0.999970 0.003579
vn -0.001267 0.999999 0.000655
vn -0.001211 0.999999 0.000842
vn -0.001326 0.999999 0.000481
vn -0.001391 0.999999 0.000314
vn -0.044728 0.998154 0.041085
vn -0.017720 0.999712 0.016206
vn -0.039036 0.998154 0.046519
vn -0.015781 0.999701 0.018689
vn -0.005701 0.999962 0.006626
vn -0.006093 0.999966 0.005521
vn -0.032694 0.998154 0.051185
vn -0.013510 0.999688 0.021030
vn -0.025676 0.998153 0.055066
vn -0.010676 0.999681 0.022897
vn -0.004176 0.999951 0.008956
vn -0.005195 0.999955 0.007919
vn -0.001191 0.999998 0.001767
vn -0.001079 0.999997 0.002314
vn -0.001148 0.999999 0.001299
vn -0.001159 0.999999 0.001042
vn -0.018194 0.998154 0.057948
vn -0.007427 0.999687 0.023872
vn -0.010546 0.998154 0.059806
vn -0.004177 0.999700 0.024115
vn -0.001414 0.999962 0.008637
vn -0.002728 0.999955 0.009073
vn -0.002722 0.998154 0.060671
vn -0.001027 0.999711 0.024010
vn 0.005293 0.998153 0.060522
vn 0.002100 0.999717 0.023683
vn 0.000720 0.999968 0.007934
vn -0.000313 0.999966 0.008234
vn -0.000052 0.999999 0.001562
vn 0.000135 0.999999 0.001476
vn -0.000258 0.999999 0.001718
vn -0.000587 0.999998 0.002049
vn 0.013214 0.998154 0.059279
vn 0.005154 0.999721 0.023059
vn 0.020772 0.998154 0.057066
vn 0.008064 0.999722 0.022156
vn 0.002659 0.999970 0.007308
vn 0.001714 0.999969 0.007632
vn 0.027985 0.998154 0.053906
vn 0.010873 0.999721 0.020974
vn 0.034854 0.998152 0.049769
vn 0.013613 0.999717 0.019489
vn 0.004547 0.999968 0.006540
vn 0.003592 0.999969 0.006949
vn 0.000659 0.999999 0.001278
vn 0.000845 0.999999 0.001218
vn 0.000486 0.999999 0.001339
vn 0.000315 0.999999 0.001403
vn 0.041090 0.998154 0.044727
vn 0.016220 0.999711 0.017730
vn 0.046525 0.998154 0.039038
vn 0.018699 0.999701 0.015785
vn 0.006634 0.999962 0.005708
vn 0.005531 0.999966 0.006106
vn 0.051184 0.998154 0.032698
vn 0.021033 0.999687 0.013513
vn 0.055061 0.998153 0.025677
vn 0.022894 0.999681 0.010677
vn 0.008955 0.999951 0.004178
vn 0.007923 0.999955 0.005200
vn 0.001767 0.999998 0.001194
vn 0.002314 0.999997 0.001079
vn 0.001302 0.999999 0.001150
vn 0.001044 0.999999 0.001163
vn 0.057945 0.998154 0.018196
vn 0.023867 0.999688 0.007425
vn 0.059809 0.998154 0.010546
vn 0.024104 0.999701 0.004174
vn 0.008626 0.999962 0.001411
vn 0.009069 0.999955 0.002726
vn 0.060672 0.998154 0.002722
vn 0.023994 0.999712 0.001026
vn 0.008216 0.999966 0.000312
vn 0.001556 0.999999 0.000052
vn 0.001714 0.999999 0.000257
vn 0.002047 0.999998 0.000586
vn 0.773933 0.327665 -0.541908
vn 0.838521 0.327775 -0.435255
vn 0.680330 0.556985 -0.476359
vn 0.737055 0.557131 -0.382564
vn 0.780326 0.557178 -0.283979
vn 0.887763 0.327848 -0.323098
vn 0.379731 0.886067 -0.265875
vn 0.411298 0.886152 -0.213467
vn 0.435445 0.886157 -0.158475
vn 0.461925 0.885997 -0.040425
vn 0.452380 0.886105 -0.100846
vn 0.827373 0.556968 -0.072397
vn 0.810534 0.557134 -0.180657
vn 0.941149 0.327809 -0.082343
vn 0.922092 0.327879 -0.205527
vn 0.399284 0.327628 -0.856290
vn 0.508581 0.327543 -0.796279
vn 0.351026 0.556794 -0.752835
vn 0.447084 0.556871 -0.700007
vn 0.533882 0.556892 -0.636271
vn 0.607336 0.327491 -0.723804
vn 0.195981 0.885976 -0.420284
vn 0.249496 0.886093 -0.390629
vn 0.297881 0.886130 -0.355022
vn 0.341312 0.886128 -0.313502
vn 0.611693 0.556937 -0.561830
vn 0.695863 0.327538 -0.639135
vn -0.082317 0.327799 -0.941154
vn 0.042321 0.327751 -0.943816
vn -0.072365 0.556962 -0.827380
vn 0.037205 0.556870 -0.829766
vn 0.144233 0.556787 -0.818038
vn 0.164061 0.327704 -0.930427
vn -0.040409 0.885989 -0.461943
vn 0.020778 0.885989 -0.463240
vn 0.080532 0.885956 -0.456724
vn 0.138921 0.885976 -0.442433
vn 0.248835 0.556786 -0.792509
vn 0.283046 0.327671 -0.901397
vn -0.541912 0.327720 -0.773906
vn -0.435260 0.327742 -0.838531
vn -0.476376 0.556988 -0.680316
vn -0.382568 0.557132 -0.737052
vn -0.283978 0.557178 -0.780327
vn -0.323104 0.327774 -0.887788
vn -0.265920 0.886037 -0.379771
vn -0.213477 0.886150 -0.411297
vn -0.158464 0.886164 -0.435434
vn -0.100833 0.886114 -0.452365
vn -0.180650 0.557127 -0.810540
vn -0.205526 0.327802 -0.922120
vn -0.856265 0.327693 -0.399283
vn -0.796233 0.327673 -0.508570
vn -0.752762 0.556913 -0.350994
vn -0.699988 0.556894 -0.447086
vn -0.636274 0.556899 -0.533872
vn -0.723757 0.327682 -0.607289
vn -0.420222 0.886016 -0.195934
vn -0.390682 0.886055 -0.249548
vn -0.355120 0.886052 -0.297995
vn -0.313591 0.886059 -0.341410
vn -0.561853 0.556946 -0.611664
vn -0.639118 0.327697 -0.695804
vn -0.941162 0.327777 0.082317
vn -0.943797 0.327804 -0.042322
vn -0.827339 0.557022 0.072367
vn -0.829603 0.557113 -0.037200
vn -0.817803 0.557143 -0.144187
vn -0.930400 0.327783 -0.164054
vn -0.461851 0.886037 0.040396
vn -0.463004 0.886113 -0.020769
vn -0.456369 0.886146 -0.080460
vn -0.442174 0.886122 -0.138819
vn -0.792329 0.557070 -0.248772
vn -0.901376 0.327734 -0.283038
vn -0.773902 0.327727 0.541914
vn -0.838550 0.327646 0.435296
vn -0.680277 0.557040 0.476372
vn -0.737037 0.557127 0.382605
vn -0.780334 0.557147 0.284017
vn -0.887828 0.327639 0.323131
vn -0.379718 0.886070 0.265885
vn -0.411209 0.886201 0.213435
vn -0.435332 0.886219 0.158437
vn -0.452292 0.886153 0.100824
vn -0.810557 0.557094 0.180676
vn -0.922155 0.327698 0.205535
vn -0.399217 0.327965 0.856192
vn -0.508500 0.327968 0.796157
vn -0.350963 0.557059 0.752669
vn -0.446999 0.557150 0.699840
vn -0.533771 0.557150 0.636138
vn -0.607239 0.327938 0.723684
vn -0.195966 0.886000 0.420240
vn -0.249532 0.886076 0.390644
vn -0.297953 0.886078 0.355092
vn -0.341368 0.886084 0.313567
vn -0.611594 0.557102 0.561773
vn -0.695782 0.327842 0.639068
vn 0.082315 0.327852 0.941136
vn -0.042312 0.327871 0.943775
vn 0.072377 0.556916 0.827410
vn -0.037195 0.556900 0.829746
vn -0.144206 0.556922 0.817950
vn -0.164024 0.327891 0.930367
vn 0.040423 0.885960 0.461996
vn -0.020766 0.885977 0.463263
vn -0.080508 0.885986 0.456671
vn -0.138884 0.886023 0.442351
vn -0.248786 0.557014 0.792364
vn -0.282987 0.327932 0.901321
vn 0.541909 0.327660 0.773934
vn 0.435288 0.327656 0.838550
vn 0.476363 0.556989 0.680325
vn 0.382622 0.557029 0.737102
vn 0.284035 0.557046 0.780400
vn 0.323126 0.327695 0.887809
vn 0.265886 0.886067 0.379723
vn 0.213498 0.886140 0.411309
vn 0.158492 0.886142 0.435469
vn 0.100853 0.886089 0.452410
vn 0.180680 0.557024 0.810604
vn 0.205530 0.327777 0.922128
vn 0.856185 0.327964 0.399233
vn 0.796157 0.327947 0.508512
vn 0.752607 0.557151 0.350949
vn 0.699780 0.557259 0.446958
vn 0.636100 0.557201 0.533764
vn 0.723708 0.327801 0.607283
vn 0.420208 0.886017 0.195960
vn 0.390574 0.886121 0.249482
vn 0.354969 0.886156 0.297868
vn 0.313476 0.886143 0.341296
vn 0.561744 0.557097 0.611627
vn 0.639083 0.327691 0.695839
vn 0.943857 0.327636 0.042284
vn 0.829764 0.556877 0.037160
vn 0.817990 0.556863 0.144209
vn 0.930472 0.327588 0.164038
vn 0.463104 0.886061 0.020751
vn 0.456496 0.886077 0.080499
vn 0.442260 0.886068 0.138889
vn 0.792357 0.557013 0.248810
vn 0.901369 0.327768 0.283023
vn 0.355196 0.901103 -0.248695
vn 0.385075 0.900978 -0.199889
vn 0.648263 0.611329 -0.453908
vn 0.702511 0.611138 -0.364677
vn 0.743839 0.611064 -0.270749
vn 0.407746 0.900954 -0.148407
vn 0.745534 0.414317 -0.522036
vn 0.807833 0.414173 -0.419365
vn 0.855348 0.414061 -0.311341
vn 0.906750 0.414143 -0.079305
vn 0.888446 0.414055 -0.198047
vn 0.788291 0.611426 -0.068961
vn 0.772524 0.611187 -0.172212
vn 0.431669 0.901241 -0.037760
vn 0.423300 0.901064 -0.094348
vn 0.183186 0.901177 -0.392841
vn 0.233509 0.901015 -0.365577
vn 0.334364 0.611591 -0.717048
vn 0.425984 0.611342 -0.666933
vn 0.508782 0.611170 -0.606310
vn 0.278971 0.900928 -0.332421
vn 0.384596 0.414466 -0.824805
vn 0.489893 0.414356 -0.767017
vn 0.585043 0.414266 -0.697214
vn 0.670330 0.414268 -0.615662
vn 0.582938 0.611187 -0.535382
vn 0.319569 0.900969 -0.293480
vn -0.037787 0.901130 -0.431900
vn 0.019404 0.901008 -0.433369
vn -0.068953 0.611494 -0.788239
vn 0.035431 0.611341 -0.790574
vn 0.137416 0.611321 -0.779361
vn 0.075326 0.900978 -0.427276
vn -0.079322 0.414431 -0.906617
vn 0.040742 0.414335 -0.909212
vn 0.158028 0.414303 -0.896315
vn 0.272648 0.414367 -0.868310
vn 0.237065 0.611439 -0.754945
vn 0.129938 0.901052 -0.413788
vn -0.248647 0.901160 -0.355086
vn -0.199868 0.901000 -0.385035
vn -0.453901 0.611401 -0.648199
vn -0.364603 0.611309 -0.702400
vn -0.270651 0.611301 -0.743680
vn -0.148390 0.900957 -0.407747
vn -0.522052 0.414286 -0.745539
vn -0.419298 0.414331 -0.807787
vn -0.311256 0.414342 -0.855243
vn -0.198001 0.414373 -0.888308
vn -0.172149 0.611366 -0.772397
vn -0.094361 0.901008 -0.423416
vn -0.392944 0.901119 -0.183247
vn -0.365514 0.901053 -0.233459
vn -0.717271 0.611258 -0.334492
vn -0.667090 0.611089 -0.426100
vn -0.606390 0.611075 -0.508801
vn -0.332236 0.901060 -0.278764
vn -0.824911 0.414183 -0.384673
vn -0.767150 0.413978 -0.490003
vn -0.697359 0.413892 -0.585136
vn -0.615771 0.414033 -0.670375
vn -0.535425 0.611193 -0.582892
vn -0.293339 0.901093 -0.319350
vn -0.431834 0.901161 0.037794
vn -0.433354 0.901015 -0.019409
vn -0.788222 0.611510 0.069005
vn -0.790584 0.611329 -0.035405
vn -0.779430 0.611233 -0.137417
vn -0.427298 0.900966 -0.075346
vn -0.906634 0.414389 0.079357
vn -0.909227 0.414303 -0.040732
vn -0.896354 0.414216 -0.158033
vn -0.868383 0.414195 -0.272680
vn -0.755122 0.611198 -0.237124
vn -0.413903 0.900993 -0.129989
vn -0.354740 0.901367 0.248390
vn -0.384561 0.901255 0.199630
vn -0.648096 0.611591 0.453793
vn -0.702271 0.611493 0.364544
vn -0.743577 0.611423 0.270656
vn -0.407348 0.901158 0.148263
vn -0.745632 0.414094 0.522072
vn -0.807901 0.414047 0.419358
vn -0.855341 0.414087 0.311327
vn -0.888360 0.414233 0.198063
vn -0.772340 0.611421 0.172205
vn -0.423197 0.901113 0.094339
vn -0.183157 0.901203 0.392793
vn -0.233439 0.901069 0.365487
vn -0.334385 0.611487 0.717126
vn -0.426001 0.611260 0.666997
vn -0.508756 0.611189 0.606314
vn -0.278799 0.901048 0.332242
vn -0.384631 0.414280 0.824883
vn -0.489945 0.414127 0.767106
vn -0.585115 0.414017 0.697302
vn -0.670420 0.414015 0.615735
vn -0.582847 0.611335 0.535312
vn -0.319251 0.901172 0.293204
vn 0.037756 0.901273 0.431604
vn -0.019414 0.901138 0.433098
vn 0.068947 0.611689 0.788089
vn -0.035419 0.611523 0.790434
vn -0.137400 0.611385 0.779313
vn -0.075317 0.901055 0.427116
vn 0.079296 0.414434 0.906618
vn -0.040748 0.414341 0.909209
vn -0.158030 0.414245 0.896341
vn -0.272664 0.414240 0.868366
vn -0.237066 0.611390 0.754985
vn -0.129920 0.901084 0.413725
vn 0.248594 0.901198 0.355025
vn 0.199807 0.901077 0.384886
vn 0.453820 0.611518 0.648145
vn 0.364602 0.611327 0.702385
vn 0.270676 0.611253 0.743710
vn 0.148357 0.901036 0.407584
vn 0.522023 0.414353 0.745523
vn 0.419344 0.414221 0.807819
vn 0.311289 0.414168 0.855315
vn 0.197981 0.414277 0.888357
vn 0.172149 0.611423 0.772351
vn 0.094328 0.901118 0.423188
vn 0.392681 0.901260 0.183115
vn 0.365466 0.901083 0.233417
vn 0.717049 0.611595 0.334354
vn 0.666938 0.611357 0.425954
vn 0.606291 0.611232 0.508732
vn 0.332356 0.900983 0.278870
vn 0.824849 0.414364 0.384613
vn 0.767063 0.414265 0.489897
vn 0.697237 0.414236 0.585038
vn 0.615659 0.414287 0.670321
vn 0.535313 0.611326 0.582856
vn 0.293393 0.901041 0.319444
vn 0.433132 0.901122 0.019410
vn 0.790578 0.611335 0.035450
vn 0.779354 0.611326 0.137432
vn 0.427103 0.901061 0.075306
vn 0.909301 0.414135 0.040797
vn 0.896353 0.414203 0.158071
vn 0.868337 0.414295 0.272673
vn 0.754942 0.611441 0.237070
vn 0.413641 0.901126 0.129896
vn 0.732806 0.446906 -0.513099
vn 0.794001 0.446909 -0.412110
vn 0.543162 0.748551 -0.380323
vn 0.588502 0.748576 -0.305449
vn 0.623090 0.748550 -0.226788
vn 0.840607 0.446948 -0.305969
vn 0.197085 0.970625 -0.138001
vn 0.213476 0.970645 -0.110799
vn 0.226023 0.970643 -0.082261
vn 0.239751 0.970608 -0.020973
vn 0.234800 0.970633 -0.052348
vn 0.660513 0.748586 -0.057805
vn 0.647156 0.748577 -0.144298
vn 0.891038 0.447179 -0.077996
vn 0.873056 0.447069 -0.194685
vn 0.378049 0.446985 -0.810730
vn 0.481520 0.446958 -0.753901
vn 0.280258 0.748486 -0.601019
vn 0.356882 0.748605 -0.558772
vn 0.426128 0.748650 -0.507876
vn 0.575012 0.446906 -0.685300
vn 0.101710 0.970606 -0.218124
vn 0.129463 0.970646 -0.202695
vn 0.154546 0.970665 -0.184185
vn 0.177081 0.970662 -0.162656
vn 0.488240 0.748656 -0.448481
vn 0.658833 0.446905 -0.605157
vn -0.077977 0.446850 -0.891204
vn 0.040075 0.446826 -0.893723
vn -0.057815 0.748443 -0.660675
vn 0.029711 0.748521 -0.662445
vn 0.115167 0.748541 -0.653010
vn 0.155365 0.446841 -0.881019
vn -0.020980 0.970609 -0.239747
vn 0.010783 0.970644 -0.240277
vn 0.041771 0.970654 -0.236824
vn 0.072066 0.970641 -0.229485
vn 0.198672 0.748543 -0.632624
vn 0.268017 0.446927 -0.853477
vn -0.513044 0.447137 -0.732704
vn -0.412090 0.447081 -0.793914
vn -0.380306 0.748592 -0.543119
vn -0.305425 0.748665 -0.588401
vn -0.226767 0.748638 -0.622991
vn -0.305952 0.446973 -0.840600
vn -0.138034 0.970610 -0.197137
vn -0.110803 0.970644 -0.213477
vn -0.082255 0.970656 -0.225970
vn -0.052350 0.970643 -0.234758
vn -0.144298 0.748565 -0.647169
vn -0.194656 0.446897 -0.873151
vn -0.810650 0.447136 -0.378041
vn -0.753801 0.447171 -0.481479
vn -0.600980 0.748513 -0.280270
vn -0.558751 0.748617 -0.356889
vn -0.507868 0.748659 -0.426122
vn -0.685208 0.447136 -0.574943
vn -0.218149 0.970598 -0.101739
vn -0.202754 0.970628 -0.129509
vn -0.184258 0.970643 -0.154599
vn -0.162719 0.970640 -0.177143
vn -0.448472 0.748670 -0.488228
vn -0.605078 0.447138 -0.658747
vn -0.891205 0.446849 0.077977
vn -0.893721 0.446830 -0.040077
vn -0.660684 0.748434 0.057816
vn -0.662439 0.748526 -0.029712
vn -0.652982 0.748566 -0.115168
vn -0.881007 0.446862 -0.155372
vn -0.239748 0.970608 0.020982
vn -0.240280 0.970644 -0.010780
vn -0.236820 0.970656 -0.041765
vn -0.229482 0.970641 -0.072068
vn -0.632581 0.748579 -0.198674
vn -0.853437 0.447000 -0.268025
vn -0.732738 0.447057 0.513063
vn -0.793932 0.447041 0.412099
vn -0.543229 0.748478 0.380373
vn -0.588499 0.748567 0.305477
vn -0.623055 0.748578 0.226789
vn -0.840609 0.446954 0.305956
vn -0.197179 0.970596 0.138070
vn -0.213524 0.970630 0.110837
vn -0.226003 0.970646 0.082270
vn -0.234767 0.970641 0.052353
vn -0.647198 0.748540 0.144302
vn -0.873154 0.446889 0.194658
vn -0.378062 0.446813 0.810819
vn -0.481519 0.446867 0.753956
vn -0.280260 0.748461 0.601049
vn -0.356903 0.748575 0.558798
vn -0.426175 0.748608 0.507899
vn -0.575006 0.446917 0.685299
vn -0.101699 0.970615 0.218092
vn -0.129470 0.970646 0.202689
vn -0.154580 0.970654 0.184217
vn -0.177157 0.970637 0.162724
vn -0.488323 0.748577 0.448524
vn -0.658809 0.446996 0.605116
vn 0.077975 0.446834 0.891212
vn -0.040071 0.446815 0.893728
vn 0.057812 0.748392 0.660733
vn -0.029706 0.748518 0.662449
vn -0.115141 0.748558 0.652996
vn -0.155354 0.446780 0.881052
vn 0.020977 0.970602 0.239774
vn -0.010780 0.970641 0.240293
vn -0.041756 0.970658 0.236810
vn -0.072044 0.970651 0.229447
vn -0.198644 0.748544 0.632631
vn -0.268020 0.446780 0.853553
vn 0.513023 0.447104 0.732738
vn 0.412096 0.447022 0.793945
vn 0.380365 0.748480 0.543232
vn 0.305523 0.748479 0.588588
vn 0.226838 0.748443 0.623199
vn 0.305959 0.446910 0.840631
vn 0.138085 0.970591 0.197197
vn 0.110867 0.970615 0.213578
vn 0.082297 0.970626 0.226080
vn 0.052359 0.970627 0.234825
vn 0.144319 0.748436 0.647314
vn 0.194657 0.446855 0.873172
vn 0.810634 0.447202 0.377998
vn 0.753787 0.447204 0.481471
vn 0.600804 0.748697 0.280157
vn 0.558587 0.748788 0.356787
vn 0.507756 0.748762 0.426075
vn 0.685169 0.447159 0.574971
vn 0.218070 0.970620 0.101696
vn 0.202667 0.970652 0.129463
vn 0.184208 0.970657 0.154573
vn 0.162726 0.970637 0.177153
vn 0.448446 0.748663 0.488262
vn 0.605031 0.447137 0.658791
vn 0.893536 0.447201 0.040055
vn 0.662201 0.748738 0.029690
vn 0.652761 0.748770 0.115098
vn 0.880867 0.447158 0.155319
vn 0.240266 0.970647 0.010780
vn 0.236803 0.970660 0.041757
vn 0.229441 0.970653 0.072046
vn 0.632395 0.748763 0.198571
vn 0.853370 0.447166 0.267960
vn 0.764367 0.359553 -0.535224
vn 0.828170 0.359661 -0.429859
vn 0.668479 0.577961 -0.468078
vn 0.724354 0.577886 -0.375977
vn 0.767010 0.577730 -0.279148
vn 0.876841 0.359592 -0.319129
vn 0.395937 0.875429 -0.277234
vn 0.429112 0.875362 -0.222720
vn 0.454446 0.875283 -0.165403
vn 0.481711 0.875316 -0.042152
vn 0.471979 0.875307 -0.105232
vn 0.813037 0.577850 -0.071146
vn 0.796676 0.577723 -0.177605
vn 0.929595 0.359495 -0.081337
vn 0.910802 0.359463 -0.203042
vn 0.394426 0.359187 -0.845821
vn 0.502380 0.359140 -0.786532
vn 0.345057 0.577405 -0.739959
vn 0.439449 0.577542 -0.687989
vn 0.524667 0.577713 -0.625278
vn 0.599886 0.359151 -0.714946
vn 0.204425 0.875212 -0.438422
vn 0.260222 0.875374 -0.407438
vn 0.310586 0.875494 -0.370197
vn 0.355801 0.875542 -0.326853
vn 0.601033 0.577917 -0.552061
vn 0.687276 0.359317 -0.631303
vn -0.081298 0.359893 -0.929445
vn 0.041803 0.359634 -0.932157
vn -0.071147 0.577651 -0.813178
vn 0.036545 0.577560 -0.815530
vn 0.141761 0.577398 -0.804062
vn 0.162056 0.359307 -0.919041
vn -0.042197 0.874988 -0.482302
vn 0.021664 0.875115 -0.483430
vn 0.083996 0.875194 -0.476424
vn 0.144903 0.875224 -0.461505
vn 0.244600 0.577367 -0.778985
vn 0.279599 0.359190 -0.890397
vn -0.535152 0.359926 -0.764242
vn -0.429888 0.359772 -0.828107
vn -0.468284 0.577429 -0.668795
vn -0.376139 0.577450 -0.724617
vn -0.279208 0.577546 -0.767126
vn -0.319143 0.359698 -0.876793
vn -0.277862 0.874822 -0.396836
vn -0.223088 0.874943 -0.429774
vn -0.165554 0.875041 -0.454858
vn -0.105313 0.875046 -0.472445
vn -0.177595 0.577661 -0.796723
vn -0.202999 0.359830 -0.910667
vn -0.845722 0.359464 -0.394385
vn -0.786371 0.359615 -0.502293
vn -0.739784 0.577686 -0.344962
vn -0.687848 0.577798 -0.439335
vn -0.625271 0.577715 -0.524673
vn -0.714750 0.359736 -0.599769
vn -0.438457 0.875185 -0.204468
vn -0.407645 0.875235 -0.260363
vn -0.370661 0.875146 -0.311014
vn -0.327513 0.874974 -0.356589
vn -0.552202 0.577579 -0.601228
vn -0.631127 0.359891 -0.687138
vn -0.929403 0.360000 0.081298
vn -0.932162 0.359620 -0.041803
vn -0.812990 0.577919 0.071114
vn -0.815508 0.577589 -0.036560
vn -0.804043 0.577422 -0.141770
vn -0.919057 0.359263 -0.162065
vn -0.482066 0.875119 0.042181
vn -0.483382 0.875141 -0.021668
vn -0.476415 0.875198 -0.084005
vn -0.461487 0.875230 -0.144919
vn -0.778877 0.577523 -0.244578
vn -0.890370 0.359254 -0.279603
vn -0.764351 0.359617 0.535204
vn -0.828140 0.359686 0.429896
vn -0.668617 0.577706 0.468196
vn -0.724312 0.577929 0.375992
vn -0.766667 0.578235 0.279045
vn -0.876735 0.359858 0.319120
vn -0.396284 0.875189 0.277493
vn -0.429166 0.875325 0.222761
vn -0.454203 0.875427 0.165309
vn -0.471933 0.875334 0.105214
vn -0.796314 0.578255 0.177500
vn -0.910586 0.360045 0.202980
vn -0.394244 0.360174 0.845486
vn -0.502178 0.359966 0.786283
vn -0.344751 0.578374 0.739344
vn -0.439077 0.578405 0.687502
vn -0.524396 0.578258 0.625001
vn -0.599745 0.359759 0.714758
vn -0.204326 0.875348 0.438197
vn -0.260093 0.875507 0.407234
vn -0.310577 0.875522 0.370140
vn -0.356053 0.875370 0.327037
vn -0.601017 0.577939 0.552055
vn -0.687217 0.359633 0.631186
vn 0.081340 0.359559 0.929570
vn -0.041785 0.359751 0.932112
vn 0.071115 0.577900 0.813003
vn -0.036566 0.578075 0.815164
vn -0.141691 0.578230 0.803476
vn -0.162008 0.360064 0.918753
vn 0.042124 0.875394 0.481571
vn -0.021661 0.875469 0.482788
vn -0.083953 0.875398 0.476056
vn -0.144846 0.875349 0.461285
vn -0.244414 0.578354 0.778311
vn -0.279489 0.360234 0.890010
vn 0.535192 0.359638 0.764349
vn 0.429853 0.359655 0.828176
vn 0.468027 0.578074 0.668417
vn 0.375959 0.577914 0.724341
vn 0.279136 0.577792 0.766968
vn 0.319120 0.359664 0.876815
vn 0.277243 0.875410 0.395972
vn 0.222735 0.875339 0.429152
vn 0.165392 0.875279 0.454458
vn 0.105197 0.875343 0.471920
vn 0.177580 0.577818 0.796613
vn 0.203042 0.359586 0.910754
vn 0.845496 0.360139 0.394254
vn 0.786263 0.359970 0.502207
vn 0.739334 0.578383 0.344760
vn 0.687463 0.578418 0.439121
vn 0.624918 0.578383 0.524358
vn 0.714738 0.359823 0.599731
vn 0.438170 0.875357 0.204346
vn 0.407155 0.875542 0.260098
vn 0.369998 0.875614 0.310486
vn 0.326781 0.875576 0.355783
vn 0.551897 0.578284 0.600830
vn 0.631189 0.359703 0.687178
vn 0.932108 0.359761 0.041790
vn 0.815149 0.578098 0.036549
vn 0.803449 0.578269 0.141682
vn 0.918748 0.360077 0.162008
vn 0.482974 0.875367 0.021665
vn 0.476193 0.875321 0.083982
vn 0.461325 0.875324 0.144873
vn 0.778301 0.578376 0.244395
vn 0.890024 0.360209 0.279477
vn 0.505915 0.786503 -0.354209
vn 0.548146 0.786499 -0.284528
vn 0.747360 0.409460 -0.523255
vn 0.809718 0.409532 -0.420287
vn 0.857307 0.409464 -0.312032
vn 0.580433 0.786425 -0.211263
vn 0.789961 0.264710 -0.553073
vn 0.855920 0.264628 -0.444267
vn 0.906213 0.264545 -0.329840
vn 0.960711 0.264512 -0.084066
vn 0.941271 0.264522 -0.209851
vn 0.909008 0.409123 -0.079517
vn 0.890544 0.409291 -0.198523
vn 0.615514 0.786286 -0.053830
vn 0.603041 0.786304 -0.134415
vn 0.261015 0.786479 -0.559752
vn 0.332752 0.786039 -0.520978
vn 0.385503 0.409668 -0.826777
vn 0.491108 0.409337 -0.768932
vn 0.586563 0.409053 -0.699013
vn 0.397588 0.785769 -0.473804
vn 0.407493 0.264900 -0.873944
vn 0.519045 0.264779 -0.812702
vn 0.619871 0.264662 -0.738724
vn 0.710262 0.264658 -0.652291
vn 0.672060 0.409124 -0.617214
vn 0.455361 0.785976 -0.418196
vn -0.053869 0.786029 -0.615838
vn 0.027710 0.785864 -0.617778
vn -0.079512 0.409132 -0.909004
vn 0.040899 0.409148 -0.911551
vn 0.158444 0.409272 -0.898550
vn 0.107371 0.785941 -0.608907
vn -0.084033 0.264704 -0.960661
vn 0.043226 0.264711 -0.963358
vn 0.167470 0.264733 -0.949669
vn 0.288884 0.264824 -0.920008
vn 0.273298 0.409514 -0.870406
vn 0.185132 0.786220 -0.589562
vn -0.354298 0.786402 -0.506008
vn -0.284773 0.786081 -0.548617
vn -0.523287 0.409459 -0.747338
vn -0.420353 0.409234 -0.809834
vn -0.312102 0.409020 -0.857494
vn -0.211511 0.785852 -0.581119
vn -0.553113 0.264711 -0.789933
vn -0.444275 0.264631 -0.855915
vn -0.329837 0.264562 -0.906209
vn -0.209841 0.264591 -0.941254
vn -0.198562 0.408973 -0.890682
vn -0.134564 0.785837 -0.603616
vn -0.560487 0.785843 -0.261352
vn -0.521329 0.785717 -0.332965
vn -0.827005 0.409092 -0.385625
vn -0.769044 0.409045 -0.491176
vn -0.698996 0.409158 -0.586510
vn -0.473709 0.785868 -0.397508
vn -0.873960 0.264807 -0.407519
vn -0.812705 0.264710 -0.519076
vn -0.738734 0.264634 -0.619871
vn -0.652334 0.264654 -0.710224
vn -0.617190 0.409334 -0.671954
vn -0.418061 0.786137 -0.455206
vn -0.615840 0.786027 0.053881
vn -0.617807 0.785842 -0.027703
vn -0.908997 0.409147 0.079519
vn -0.911568 0.409112 -0.040889
vn -0.898634 0.409081 -0.158460
vn -0.609142 0.785753 -0.107419
vn -0.960657 0.264721 0.084029
vn -0.963363 0.264697 -0.043225
vn -0.949680 0.264694 -0.167467
vn -0.920026 0.264752 -0.288892
vn -0.870600 0.409052 -0.273373
vn -0.590169 0.785717 -0.185333
vn -0.506557 0.785856 0.354726
vn -0.549015 0.785717 0.285012
vn -0.747553 0.408874 0.523438
vn -0.810025 0.408748 0.420457
vn -0.857602 0.408762 0.312143
vn -0.581276 0.785714 0.211595
vn -0.789956 0.264582 0.553141
vn -0.855944 0.264479 0.444310
vn -0.906231 0.264463 0.329855
vn -0.941256 0.264584 0.209840
vn -0.890702 0.408926 0.198570
vn -0.603647 0.785809 0.134586
vn -0.261153 0.786200 0.560079
vn -0.332872 0.785867 0.521161
vn -0.385617 0.409278 0.826917
vn -0.491196 0.409100 0.769002
vn -0.586620 0.408864 0.699076
vn -0.397706 0.785622 0.473950
vn -0.407570 0.264681 0.873974
vn -0.519102 0.264659 0.812705
vn -0.619888 0.264578 0.738741
vn -0.710244 0.264567 0.652348
vn -0.672140 0.408804 0.617339
vn -0.455666 0.785622 0.418529
vn 0.053891 0.785985 0.615892
vn -0.027687 0.785765 0.617905
vn 0.079540 0.409011 0.909056
vn -0.040887 0.408762 0.911725
vn -0.158497 0.408680 0.898810
vn -0.107388 0.785709 0.609204
vn 0.084063 0.264528 0.960707
vn -0.043194 0.264338 0.963462
vn -0.167492 0.264261 0.949796
vn -0.288956 0.264444 0.920095
vn -0.273405 0.408954 0.870635
vn -0.185222 0.785912 0.589945
vn 0.354303 0.786399 0.506010
vn 0.284833 0.785977 0.548736
vn 0.523350 0.409266 0.747399
vn 0.420420 0.409064 0.809885
vn 0.312146 0.408899 0.857535
vn 0.211569 0.785712 0.581287
vn 0.553138 0.264612 0.789949
vn 0.444317 0.264576 0.855910
vn 0.329861 0.264518 0.906213
vn 0.209850 0.264532 0.941268
vn 0.198583 0.408932 0.890696
vn 0.134587 0.785745 0.603732
vn 0.560026 0.786243 0.261138
vn 0.520999 0.786012 0.332785
vn 0.827074 0.408905 0.385675
vn 0.769112 0.408832 0.491246
vn 0.699091 0.408859 0.586605
vn 0.473569 0.786012 0.397389
vn 0.874068 0.264341 0.407589
vn 0.812780 0.264333 0.519151
vn 0.738780 0.264335 0.619945
vn 0.652352 0.264455 0.710282
vn 0.617267 0.409065 0.672047
vn 0.418017 0.786211 0.455120
vn 0.617644 0.785969 0.027703
vn 0.911714 0.408787 0.040888
vn 0.898831 0.408639 0.158485
vn 0.608942 0.785914 0.107375
vn 0.963465 0.264331 0.043186
vn 0.949821 0.264186 0.167467
vn 0.920168 0.264213 0.288935
vn 0.870742 0.408719 0.273417
vn 0.589790 0.786034 0.185200
vn -0.814337 -0.108186 0.570220
vn -0.807943 -0.164807 0.565744
vn -0.875381 -0.164957 0.454419
vn -0.882322 -0.108342 0.458007
vn -0.802770 -0.198924 0.562130
vn -0.869800 -0.198912 0.451534
vn -0.920917 -0.198867 0.335206
vn -0.926805 -0.165011 0.337349
vn -0.934138 -0.108526 0.340012
vn -0.795585 -0.238137 0.557078
vn -0.862051 -0.237953 0.447490
vn -0.777592 -0.314515 0.544455
vn -0.842587 -0.314270 0.437358
vn -0.892124 -0.314145 0.324695
vn -0.912728 -0.237834 0.332208
vn -0.945607 -0.314614 0.082743
vn -0.967553 -0.238074 0.084631
vn -0.948026 -0.237890 0.211320
vn -0.926588 -0.314279 0.206553
vn -0.976311 -0.198812 0.085382
vn -0.956560 -0.198817 0.213226
vn -0.982582 -0.164763 0.085944
vn -0.962678 -0.164911 0.214604
vn -0.990311 -0.108527 0.086642
vn -0.970266 -0.108600 0.216309
vn -0.420117 -0.108365 0.900977
vn -0.416825 -0.165007 0.893885
vn -0.530916 -0.164818 0.831242
vn -0.535094 -0.108256 0.837827
vn -0.414161 -0.199138 0.888153
vn -0.527528 -0.199014 0.825898
vn -0.629952 -0.198886 0.750736
vn -0.634009 -0.164633 0.755598
vn -0.638993 -0.108157 0.761571
vn -0.410452 -0.238312 0.880191
vn -0.522794 -0.238296 0.818475
vn -0.401179 -0.314497 0.860318
vn -0.510958 -0.314604 0.799967
vn -0.610151 -0.314653 0.727124
vn -0.624290 -0.238260 0.743972
vn -0.715296 -0.238206 0.656970
vn -0.699104 -0.314607 0.642087
vn -0.721777 -0.198865 0.662941
vn -0.726433 -0.164642 0.667225
vn -0.732156 -0.108118 0.672501
vn 0.086659 -0.108368 0.990327
vn 0.085980 -0.164625 0.982602
vn -0.044193 -0.164637 0.985364
vn -0.044534 -0.108341 0.993116
vn 0.085427 -0.198788 0.976312
vn -0.043906 -0.198835 0.979049
vn -0.170181 -0.198949 0.965121
vn -0.171290 -0.164730 0.971352
vn -0.172643 -0.108302 0.979012
vn 0.084652 -0.238138 0.967535
vn -0.043505 -0.238172 0.970248
vn 0.082722 -0.314609 0.945610
vn -0.042522 -0.314475 0.948313
vn -0.164850 -0.314346 0.934885
vn -0.168650 -0.238234 0.956453
vn -0.290962 -0.238266 0.926591
vn -0.284410 -0.314335 0.905707
vn -0.293590 -0.199080 0.934972
vn -0.295493 -0.164924 0.941002
vn -0.297835 -0.108350 0.948449
vn 0.570198 -0.108620 0.814294
vn 0.565742 -0.164798 0.807947
vn 0.454424 -0.164671 0.875433
vn 0.458002 -0.108357 0.882323
vn 0.562133 -0.198721 0.802818
vn 0.451530 -0.198704 0.869849
vn 0.335223 -0.198751 0.920936
vn 0.337379 -0.164581 0.926870
vn 0.340030 -0.108168 0.934173
vn 0.557100 -0.237896 0.795642
vn 0.447490 -0.237949 0.862051
vn 0.544448 -0.314550 0.777583
vn 0.437333 -0.314561 0.842491
vn 0.324661 -0.314559 0.891991
vn 0.332204 -0.238075 0.912667
vn 0.211337 -0.238111 0.947966
vn 0.206525 -0.314576 0.926493
vn 0.213275 -0.198758 0.956561
vn 0.214654 -0.164571 0.962725
vn 0.216335 -0.108229 0.970302
vn 0.900982 -0.108114 0.420170
vn 0.893925 -0.164703 0.416858
vn 0.831237 -0.164868 0.530908
vn 0.837801 -0.108345 0.535119
vn 0.888146 -0.199190 0.414150
vn 0.825883 -0.199198 0.527482
vn 0.750720 -0.199065 0.629914
vn 0.755567 -0.164948 0.633965
vn 0.761529 -0.108583 0.638971
vn 0.880112 -0.238700 0.410396
vn 0.818439 -0.238558 0.522731
vn 0.860223 -0.314830 0.401121
vn 0.799966 -0.314620 0.510949
vn 0.727176 -0.314417 0.610210
vn 0.743977 -0.238276 0.624278
vn 0.656994 -0.237999 0.715343
vn 0.642114 -0.314412 0.699167
vn 0.662940 -0.198850 0.721782
vn 0.667208 -0.164894 0.726390
vn 0.672468 -0.108692 0.732102
vn 0.990326 -0.108377 -0.086658
vn 0.982525 -0.165091 -0.085969
vn 0.985316 -0.164929 0.044170
vn 0.993123 -0.108293 0.044502
vn 0.976240 -0.199148 -0.085414
vn 0.979006 -0.199049 0.043902
vn 0.965113 -0.198973 0.170198
vn 0.971365 -0.164647 0.171295
vn 0.979037 -0.108089 0.172638
vn 0.967501 -0.238279 -0.084652
vn 0.970231 -0.238244 0.043503
vn 0.945596 -0.314647 -0.082741
vn 0.948297 -0.314524 0.042509
vn 0.934822 -0.314544 0.164832
vn 0.956420 -0.238361 0.168655
vn 0.926518 -0.238566 0.290947
vn 0.905589 -0.314717 0.284362
vn 0.934972 -0.199041 0.293616
vn 0.941053 -0.164557 0.295534
vn 0.948477 -0.107997 0.297873
vn 0.814319 -0.108524 -0.570182
vn 0.807968 -0.164763 -0.565721
vn 0.875432 -0.164741 -0.454401
vn 0.882333 -0.108339 -0.457987
vn 0.802794 -0.198897 -0.562104
vn 0.869812 -0.198938 -0.451499
vn 0.920892 -0.199016 -0.335188
vn 0.926853 -0.164762 -0.337338
vn 0.934186 -0.108168 -0.339993
vn 0.795570 -0.238208 -0.557068
vn 0.861983 -0.238251 -0.447461
vn 0.777537 -0.314629 -0.544468
vn 0.842471 -0.314577 -0.437361
vn 0.891968 -0.314597 -0.324689
vn 0.912606 -0.238334 -0.332187
vn 0.947914 -0.238327 -0.211329
vn 0.926467 -0.314636 -0.206551
vn 0.956498 -0.199102 -0.213238
vn 0.962675 -0.164937 -0.214601
vn 0.970310 -0.108239 -0.216292
vn 0.420120 -0.108463 -0.900963
vn 0.416818 -0.164972 -0.893894
vn 0.530917 -0.164827 -0.831239
vn 0.535098 -0.108358 -0.837812
vn 0.414145 -0.199102 -0.888168
vn 0.527523 -0.199012 -0.825902
vn 0.629952 -0.198894 -0.750735
vn 0.634013 -0.164658 -0.755589
vn 0.639000 -0.108296 -0.761545
vn 0.410431 -0.238335 -0.880195
vn 0.522788 -0.238306 -0.818476
vn 0.401142 -0.314670 -0.860272
vn 0.510948 -0.314634 -0.799961
vn 0.610144 -0.314652 -0.727130
vn 0.624288 -0.238268 -0.743971
vn 0.715296 -0.238208 -0.656970
vn 0.699086 -0.314625 -0.642098
vn 0.721787 -0.198854 -0.662934
vn 0.726439 -0.164674 -0.667210
vn 0.732147 -0.108432 -0.672461
vn -0.086658 -0.108375 -0.990326
vn -0.085977 -0.164643 -0.982599
vn 0.044198 -0.164609 -0.985368
vn 0.044543 -0.108315 -0.993118
vn -0.085420 -0.198832 -0.976304
vn 0.043908 -0.198814 -0.979053
vn 0.170175 -0.198882 -0.965135
vn 0.171295 -0.164639 -0.971366
vn 0.172659 -0.108243 -0.979016
vn -0.084656 -0.238224 -0.967514
vn 0.043498 -0.238228 -0.970235
vn -0.082744 -0.314776 -0.945552
vn 0.042491 -0.314828 -0.948197
vn 0.164803 -0.314845 -0.934726
vn 0.168634 -0.238297 -0.956440
vn 0.290934 -0.238320 -0.926586
vn 0.284353 -0.314740 -0.905584
vn 0.293573 -0.199010 -0.934992
vn 0.295489 -0.164829 -0.941019
vn 0.297846 -0.108352 -0.948445
vn -0.570222 -0.107956 -0.814366
vn -0.565733 -0.164743 -0.807964
vn -0.454411 -0.164717 -0.875431
vn -0.458010 -0.107968 -0.882366
vn -0.562078 -0.199157 -0.802748
vn -0.451473 -0.199132 -0.869781
vn -0.335186 -0.199014 -0.920893
vn -0.337370 -0.164630 -0.926865
vn -0.340030 -0.108021 -0.934190
vn -0.557020 -0.238552 -0.795501
vn -0.447407 -0.238529 -0.861934
vn -0.544454 -0.314623 -0.777549
vn -0.437322 -0.314574 -0.842492
vn -0.324651 -0.314592 -0.891983
vn -0.332156 -0.238431 -0.912591
vn -0.211327 -0.238292 -0.947923
vn -0.206537 -0.314655 -0.926464
vn -0.213259 -0.198885 -0.956538
vn -0.214648 -0.164605 -0.962721
vn -0.216336 -0.108209 -0.970304
vn -0.900968 -0.108445 -0.420114
vn -0.893946 -0.164608 -0.416851
vn -0.831271 -0.164509 -0.530966
vn -0.837827 -0.108129 -0.535120
vn -0.888205 -0.198848 -0.414188
vn -0.825923 -0.198822 -0.527561
vn -0.750730 -0.198880 -0.629961
vn -0.755603 -0.164494 -0.634039
vn -0.761586 -0.107842 -0.639028
vn -0.880200 -0.238262 -0.410461
vn -0.818482 -0.238266 -0.522797
vn -0.860272 -0.314628 -0.401175
vn -0.799959 -0.314627 -0.510956
vn -0.727137 -0.314653 -0.610135
vn -0.743970 -0.238333 -0.624265
vn -0.656948 -0.238440 -0.715238
vn -0.642105 -0.314621 -0.699081
vn -0.662915 -0.199019 -0.721758
vn -0.667222 -0.164609 -0.726443
vn -0.672513 -0.107839 -0.732186
vn -0.985364 -0.164633 -0.044195
vn -0.993113 -0.108371 -0.044527
vn -0.979053 -0.198811 -0.043918
vn -0.965144 -0.198841 -0.170176
vn -0.971378 -0.164600 -0.171267
vn -0.979015 -0.108340 -0.172605
vn -0.970241 -0.238203 -0.043504
vn -0.948208 -0.314795 -0.042493
vn -0.934741 -0.314792 -0.164818
vn -0.956445 -0.238273 -0.168640
vn -0.926592 -0.238260 -0.290963
vn -0.905600 -0.314660 -0.284390
vn -0.935019 -0.198848 -0.293595
vn -0.941060 -0.164618 -0.295476
vn -0.948451 -0.108451 -0.297792
vn -0.293684 -0.933520 0.205644
vn -0.158055 -0.981209 0.110671
vn -0.171408 -0.981174 0.088979
vn -0.318408 -0.933433 0.165289
vn -0.028436 -0.999397 0.019913
vn -0.030888 -0.999394 0.016035
vn -0.032734 -0.999393 0.011921
vn -0.181553 -0.981158 0.066085
vn -0.337275 -0.933368 0.122762
vn 0.122087 -0.988832 -0.085480
vn 0.132159 -0.988853 -0.068587
vn 0.388503 -0.880351 -0.272117
vn 0.420650 -0.880542 -0.218402
vn 0.445236 -0.880619 -0.162093
vn 0.139820 -0.988869 -0.050884
vn 0.472460 -0.880381 -0.041361
vn 0.148388 -0.988844 -0.012978
vn 0.145233 -0.988868 -0.032373
vn 0.462586 -0.880554 -0.103142
vn -0.034577 -0.999398 0.003025
vn -0.033968 -0.999394 0.007571
vn -0.192273 -0.981197 0.016822
vn -0.188509 -0.981172 0.042022
vn -0.357227 -0.933494 0.031256
vn -0.350247 -0.933398 0.078075
vn -0.151478 -0.933551 0.324866
vn -0.081504 -0.981227 0.174786
vn -0.103902 -0.981193 0.162681
vn -0.193051 -0.933467 0.302276
vn -0.014655 -0.999399 0.031418
vn -0.018720 -0.999395 0.029318
vn -0.022391 -0.999393 0.026694
vn -0.124119 -0.981178 0.147935
vn -0.230611 -0.933421 0.274854
vn 0.062914 -0.988860 -0.134897
vn 0.080134 -0.988862 -0.125421
vn 0.200476 -0.880294 -0.429990
vn 0.255277 -0.880368 -0.399731
vn 0.304816 -0.880376 -0.363353
vn 0.095714 -0.988851 -0.114069
vn 0.109697 -0.988844 -0.100766
vn 0.349256 -0.880367 -0.320894
vn -0.025640 -0.999394 0.023559
vn -0.142175 -0.981189 0.130594
vn -0.264169 -0.933455 0.242647
vn 0.031241 -0.933522 0.357156
vn 0.016812 -0.981209 0.192216
vn -0.008645 -0.981200 0.192801
vn -0.016069 -0.933481 0.358267
vn 0.003023 -0.999398 0.034574
vn -0.001553 -0.999395 0.034757
vn -0.006042 -0.999394 0.034293
vn -0.033514 -0.981197 0.190077
vn -0.062284 -0.933471 0.353203
vn -0.012979 -0.988851 -0.148343
vn 0.006674 -0.988862 -0.148684
vn -0.041362 -0.880377 -0.472468
vn 0.021209 -0.880412 -0.473736
vn 0.082311 -0.880398 -0.467039
vn 0.025843 -0.988866 -0.146550
vn 0.044566 -0.988869 -0.141955
vn 0.142051 -0.880372 -0.452513
vn -0.010419 -0.999395 0.033174
vn -0.057803 -0.981208 0.184092
vn -0.107423 -0.933503 0.342101
vn 0.205731 -0.933462 0.293810
vn 0.110783 -0.981172 0.158207
vn 0.089032 -0.981152 0.171506
vn 0.165285 -0.933431 0.318413
vn 0.019910 -0.999398 0.028430
vn 0.016038 -0.999394 0.030890
vn 0.011916 -0.999393 0.032736
vn 0.066090 -0.981151 0.181590
vn 0.122707 -0.933432 0.337116
vn -0.085372 -0.988863 -0.121909
vn -0.068539 -0.988877 -0.132006
vn -0.272082 -0.880343 -0.388547
vn -0.218397 -0.880531 -0.420675
vn -0.162087 -0.880623 -0.445232
vn -0.050877 -0.988879 -0.139751
vn -0.032377 -0.988870 -0.145219
vn -0.103147 -0.880554 -0.462586
vn 0.007568 -0.999394 0.033964
vn 0.042015 -0.981174 0.188503
vn 0.078041 -0.933465 0.350075
vn 0.325054 -0.933471 0.151568
vn 0.174969 -0.981188 0.081585
vn 0.162841 -0.981157 0.103992
vn 0.302381 -0.933416 0.193135
vn 0.031452 -0.999398 0.014666
vn 0.029333 -0.999395 0.018715
vn 0.026689 -0.999393 0.022392
vn 0.148071 -0.981142 0.124241
vn 0.274928 -0.933380 0.230688
vn -0.134921 -0.988858 -0.062896
vn -0.125426 -0.988865 -0.080092
vn -0.429623 -0.880494 -0.200388
vn -0.399619 -0.880415 -0.255293
vn -0.363288 -0.880388 -0.304860
vn -0.113962 -0.988875 -0.095595
vn -0.100622 -0.988877 -0.109536
vn -0.320828 -0.880370 -0.349311
vn 0.023543 -0.999394 0.025648
vn 0.130724 -0.981147 0.142345
vn 0.242745 -0.933399 0.264276
vn 0.357221 -0.933497 -0.031248
vn 0.192272 -0.981198 -0.016816
vn 0.192970 -0.981166 0.008656
vn 0.358473 -0.933402 0.016076
vn 0.034564 -0.999398 -0.003021
vn 0.034748 -0.999395 0.001558
vn 0.034287 -0.999394 0.006047
vn 0.190287 -0.981155 0.033552
vn 0.353515 -0.933350 0.062331
vn -0.148283 -0.988860 0.012973
vn -0.148535 -0.988885 -0.006663
vn -0.472222 -0.880510 0.041338
vn -0.473022 -0.880796 -0.021190
vn -0.465981 -0.880971 -0.082163
vn -0.146327 -0.988900 -0.025796
vn -0.141828 -0.988890 -0.044519
vn -0.451678 -0.880831 -0.141858
vn 0.033190 -0.999395 0.010427
vn 0.184284 -0.981168 0.057867
vn 0.342385 -0.933389 0.107507
vn 0.293809 -0.933462 -0.205729
vn 0.158200 -0.981171 -0.110797
vn 0.171501 -0.981152 -0.089036
vn 0.318408 -0.933434 -0.165282
vn 0.028428 -0.999397 -0.019918
vn 0.030886 -0.999394 -0.016047
vn 0.032733 -0.999393 -0.011916
vn 0.181566 -0.981155 -0.066089
vn 0.337118 -0.933433 -0.122699
vn -0.121873 -0.988870 0.085342
vn -0.132031 -0.988874 0.068522
vn -0.388417 -0.880433 0.271974
vn -0.420642 -0.880549 0.218389
vn -0.445226 -0.880627 0.162078
vn -0.139772 -0.988876 0.050874
vn -0.145203 -0.988872 0.032378
vn -0.462549 -0.880574 0.103139
vn 0.033965 -0.999394 -0.007571
vn 0.188494 -0.981175 -0.042023
vn 0.350088 -0.933460 -0.078042
vn 0.151649 -0.933411 -0.325187
vn 0.081580 -0.981190 -0.174959
vn 0.103985 -0.981162 -0.162815
vn 0.193221 -0.933357 -0.302508
vn 0.014654 -0.999399 -0.031423
vn 0.018706 -0.999395 -0.029310
vn 0.022370 -0.999394 -0.026674
vn 0.124218 -0.981147 -0.148057
vn 0.230731 -0.933355 -0.274976
vn -0.062812 -0.988889 0.134736
vn -0.079936 -0.988917 0.125118
vn -0.200372 -0.880466 0.429687
vn -0.255009 -0.880675 0.399228
vn -0.304438 -0.880749 0.362766
vn -0.095443 -0.988918 0.113721
vn -0.109425 -0.988899 0.100522
vn -0.348988 -0.880628 0.320471
vn 0.025622 -0.999395 -0.023528
vn 0.142306 -0.981152 -0.130727
vn 0.264291 -0.933394 -0.242746
vn -0.031256 -0.933524 -0.357150
vn -0.016824 -0.981192 -0.192298
vn 0.008642 -0.981170 -0.192955
vn 0.016047 -0.933470 -0.358295
vn -0.003025 -0.999397 -0.034594
vn 0.001555 -0.999394 -0.034764
vn 0.006051 -0.999393 -0.034302
vn 0.033549 -0.981156 -0.190285
vn 0.062294 -0.933417 -0.353344
vn 0.012982 -0.988844 0.148387
vn -0.006668 -0.988857 0.148720
vn 0.041364 -0.880367 0.472485
vn -0.021209 -0.880435 0.473693
vn -0.082298 -0.880492 0.466864
vn -0.025829 -0.988873 0.146501
vn -0.044526 -0.988885 0.141859
vn -0.142016 -0.880493 0.452287
vn 0.010427 -0.999394 -0.033205
vn 0.057869 -0.981164 -0.184306
vn 0.107516 -0.933394 -0.342368
vn -0.205750 -0.933449 -0.293836
vn -0.110757 -0.981178 -0.158186
vn -0.089033 -0.981152 -0.171505
vn -0.165319 -0.933402 -0.318482
vn -0.019906 -0.999398 -0.028434
vn -0.016038 -0.999394 -0.030881
vn -0.011916 -0.999393 -0.032737
vn -0.066092 -0.981150 -0.181596
vn -0.122727 -0.933397 -0.337207
vn 0.085341 -0.988869 0.121880
vn 0.068524 -0.988880 0.131988
vn 0.271562 -0.880839 0.387784
vn 0.218108 -0.880873 0.420109
vn 0.161995 -0.880759 0.444996
vn 0.050872 -0.988882 0.139726
vn 0.032378 -0.988871 0.145209
vn 0.103138 -0.880568 0.462562
vn -0.007569 -0.999394 -0.033975
vn -0.042018 -0.981167 -0.188537
vn -0.078047 -0.933443 -0.350133
vn -0.325063 -0.933464 -0.151587
vn -0.174853 -0.981212 -0.081550
vn -0.162690 -0.981190 -0.103913
vn -0.302412 -0.933402 -0.193153
vn -0.031428 -0.999399 -0.014659
vn -0.029298 -0.999396 -0.018701
vn -0.026662 -0.999394 -0.022368
vn -0.147933 -0.981176 -0.124135
vn -0.274936 -0.933377 -0.230690
vn 0.134867 -0.988866 0.062896
vn 0.125298 -0.988885 0.080043
vn 0.430117 -0.880211 0.200570
vn 0.399509 -0.880503 0.255161
vn 0.362760 -0.880767 0.304392
vn 0.113859 -0.988892 0.095542
vn 0.100562 -0.988888 0.109486
vn 0.320189 -0.880885 0.348597
vn -0.023530 -0.999394 -0.025634
vn -0.130641 -0.981171 -0.142258
vn -0.242745 -0.933398 -0.264277
vn -0.192965 -0.981168 -0.008645
vn -0.358296 -0.933470 -0.016052
vn -0.034776 -0.999394 -0.001553
vn -0.034316 -0.999393 -0.006048
vn -0.190272 -0.981158 -0.033552
vn -0.353277 -0.933443 -0.062290
vn 0.148769 -0.988849 0.006676
vn 0.473736 -0.880412 0.021209
vn 0.467075 -0.880376 0.082335
vn 0.146608 -0.988857 0.025851
vn 0.141968 -0.988867 0.044580
vn 0.452672 -0.880274 0.142147
vn -0.033195 -0.999395 -0.010432
vn -0.184228 -0.981179 -0.057870
vn -0.342264 -0.933436 -0.107488
vn -0.803417 -0.195198 0.562512
vn -0.802779 -0.199072 0.562065
vn -0.869794 -0.199082 0.451469
vn -0.870507 -0.195139 0.451817
vn -0.800964 -0.209650 0.560806
vn -0.867824 -0.209657 0.450472
vn -0.918799 -0.209685 0.334426
vn -0.920875 -0.199133 0.335166
vn -0.921634 -0.195135 0.335431
vn -0.797193 -0.230031 0.558184
vn -0.863748 -0.230015 0.448367
vn -0.787493 -0.275336 0.551403
vn -0.853251 -0.275292 0.442918
vn -0.903388 -0.275253 0.328824
vn -0.914494 -0.230002 0.332868
vn -0.957700 -0.275313 0.083746
vn -0.969466 -0.230106 0.084779
vn -0.949864 -0.230054 0.211741
vn -0.938336 -0.275270 0.209171
vn -0.974040 -0.209736 0.085192
vn -0.954336 -0.209731 0.212736
vn -0.976248 -0.199110 0.085411
vn -0.956489 -0.199158 0.213224
vn -0.977052 -0.195086 0.085507
vn -0.957277 -0.195133 0.213412
vn -0.414451 -0.195234 0.888884
vn -0.414120 -0.199108 0.888178
vn -0.527477 -0.199082 0.825915
vn -0.527901 -0.195257 0.826556
vn -0.413195 -0.209659 0.886179
vn -0.526295 -0.209589 0.824067
vn -0.628515 -0.209551 0.749038
vn -0.629922 -0.199072 0.750713
vn -0.630411 -0.195272 0.751300
vn -0.411260 -0.230004 0.882022
vn -0.523836 -0.229910 0.820205
vn -0.406263 -0.275284 0.871303
vn -0.517473 -0.275208 0.810236
vn -0.617961 -0.275178 0.736479
vn -0.625571 -0.229857 0.745538
vn -0.716769 -0.229923 0.658314
vn -0.708043 -0.275242 0.650321
vn -0.720156 -0.209582 0.661401
vn -0.721772 -0.199062 0.662888
vn -0.722326 -0.195244 0.663419
vn 0.085457 -0.195139 0.977046
vn 0.085384 -0.199125 0.976247
vn -0.043927 -0.199082 0.978998
vn -0.043971 -0.195100 0.979797
vn 0.085195 -0.209624 0.974064
vn -0.043817 -0.209611 0.976803
vn -0.169802 -0.209616 0.962927
vn -0.170189 -0.199077 0.965093
vn -0.170328 -0.195113 0.965877
vn 0.084811 -0.229918 0.969508
vn -0.043594 -0.229925 0.972232
vn 0.083794 -0.275272 0.957708
vn -0.043051 -0.275241 0.960411
vn -0.166929 -0.275209 0.946781
vn -0.168993 -0.229933 0.958422
vn -0.291549 -0.229975 0.928499
vn -0.288001 -0.275236 0.917224
vn -0.292927 -0.209642 0.932869
vn -0.293579 -0.199090 0.934973
vn -0.293808 -0.195165 0.935728
vn 0.562556 -0.195128 0.803403
vn 0.562103 -0.199153 0.802732
vn 0.451500 -0.199153 0.869762
vn 0.451866 -0.195129 0.870484
vn 0.560839 -0.209732 0.800920
vn 0.450482 -0.209653 0.867820
vn 0.334433 -0.209580 0.918821
vn 0.335188 -0.199137 0.920865
vn 0.335465 -0.195134 0.921621
vn 0.558192 -0.230072 0.797176
vn 0.448353 -0.229921 0.863780
vn 0.551392 -0.275326 0.787504
vn 0.442882 -0.275196 0.853301
vn 0.328806 -0.275115 0.903437
vn 0.332860 -0.229806 0.914546
vn 0.211754 -0.229823 0.949917
vn 0.209190 -0.275164 0.938363
vn 0.212743 -0.209579 0.954368
vn 0.213224 -0.199129 0.956495
vn 0.213410 -0.195140 0.957276
vn 0.888883 -0.195146 0.414494
vn 0.888151 -0.199136 0.414165
vn 0.825880 -0.199080 0.527532
vn 0.826564 -0.195076 0.527957
vn 0.886145 -0.209736 0.413229
vn 0.824010 -0.209706 0.526338
vn 0.749018 -0.209679 0.628496
vn 0.750718 -0.199032 0.629928
vn 0.751332 -0.195032 0.630447
vn 0.881990 -0.230097 0.411278
vn 0.820144 -0.230084 0.523857
vn 0.871280 -0.275339 0.406274
vn 0.810195 -0.275302 0.517487
vn 0.736451 -0.275289 0.617945
vn 0.745497 -0.230077 0.625539
vn 0.658322 -0.230088 0.716709
vn 0.650322 -0.275312 0.708015
vn 0.661436 -0.209701 0.720089
vn 0.662930 -0.199069 0.721731
vn 0.663464 -0.195064 0.722334
vn 0.977055 -0.195084 -0.085471
vn 0.976254 -0.199080 -0.085417
vn 0.979001 -0.199067 0.043921
vn 0.979800 -0.195085 0.043972
vn 0.974059 -0.209628 -0.085236
vn 0.976803 -0.209611 0.043806
vn 0.962926 -0.209623 0.169798
vn 0.965096 -0.199060 0.170192
vn 0.965881 -0.195087 0.170339
vn 0.969494 -0.229965 -0.084840
vn 0.972228 -0.229940 0.043587
vn 0.957695 -0.275313 -0.083805
vn 0.960407 -0.275255 0.043050
vn 0.946773 -0.275234 0.166932
vn 0.958415 -0.229961 0.168991
vn 0.928488 -0.230024 0.291545
vn 0.917213 -0.275273 0.288001
vn 0.932862 -0.209675 0.292927
vn 0.934968 -0.199093 0.293591
vn 0.935731 -0.195121 0.293829
vn 0.803407 -0.195131 -0.562549
vn 0.802751 -0.199158 -0.562073
vn 0.869794 -0.199066 -0.451477
vn 0.870509 -0.195012 -0.451868
vn 0.800941 -0.209756 -0.560799
vn 0.867830 -0.209694 -0.450443
vn 0.918813 -0.209619 -0.334428
vn 0.920893 -0.198999 -0.335195
vn 0.921656 -0.194944 -0.335479
vn 0.797182 -0.230106 -0.558168
vn 0.863758 -0.230064 -0.448322
vn 0.787498 -0.275335 -0.551395
vn 0.853272 -0.275291 -0.442879
vn 0.903398 -0.275252 -0.328797
vn 0.914504 -0.229991 -0.332847
vn 0.949880 -0.229953 -0.211778
vn 0.938331 -0.275268 -0.209193
vn 0.954354 -0.209599 -0.212785
vn 0.956509 -0.199018 -0.213264
vn 0.957301 -0.194995 -0.213431
vn 0.414474 -0.195121 -0.888898
vn 0.414119 -0.199203 -0.888158
vn 0.527493 -0.199162 -0.825885
vn 0.527938 -0.195117 -0.826566
vn 0.413188 -0.209720 -0.886168
vn 0.526312 -0.209681 -0.824033
vn 0.628502 -0.209663 -0.749017
vn 0.629915 -0.199131 -0.750703
vn 0.630433 -0.195130 -0.751318
vn 0.411261 -0.230010 -0.882020
vn 0.523856 -0.229969 -0.820176
vn 0.406265 -0.275366 -0.871276
vn 0.517497 -0.275270 -0.810200
vn 0.617969 -0.275203 -0.736463
vn 0.625561 -0.229959 -0.745515
vn 0.716738 -0.230023 -0.658313
vn 0.708034 -0.275246 -0.650329
vn 0.720115 -0.209705 -0.661407
vn 0.721738 -0.199147 -0.662898
vn 0.722327 -0.195147 -0.663447
vn -0.085454 -0.195140 -0.977046
vn -0.085381 -0.199142 -0.976244
vn 0.043921 -0.199082 -0.978998
vn 0.043969 -0.195091 -0.979799
vn -0.085183 -0.209661 -0.974057
vn 0.043808 -0.209617 -0.976802
vn 0.169767 -0.209622 -0.962932
vn 0.170165 -0.199086 -0.965095
vn 0.170320 -0.195073 -0.965887
vn -0.084780 -0.229959 -0.969500
vn 0.043594 -0.229934 -0.972229
vn -0.083752 -0.275269 -0.957712
vn 0.043057 -0.275249 -0.960408
vn 0.166912 -0.275245 -0.946774
vn 0.168967 -0.229935 -0.958426
vn 0.291516 -0.229967 -0.928512
vn 0.287977 -0.275304 -0.917211
vn 0.292883 -0.209670 -0.932876
vn 0.293551 -0.199146 -0.934970
vn 0.293804 -0.195086 -0.935746
vn -0.562534 -0.195104 -0.803424
vn -0.562066 -0.199204 -0.802745
vn -0.451499 -0.199220 -0.869747
vn -0.451864 -0.195081 -0.870496
vn -0.560818 -0.209757 -0.800928
vn -0.450498 -0.209761 -0.867786
vn -0.334425 -0.209722 -0.918791
vn -0.335181 -0.199216 -0.920851
vn -0.335456 -0.195116 -0.921629
vn -0.558205 -0.230052 -0.797172
vn -0.448390 -0.230018 -0.863735
vn -0.551428 -0.275297 -0.787489
vn -0.442943 -0.275191 -0.853271
vn -0.328804 -0.275115 -0.903438
vn -0.332849 -0.229952 -0.914513
vn -0.211702 -0.229932 -0.949902
vn -0.209130 -0.275162 -0.938377
vn -0.212715 -0.209680 -0.954352
vn -0.213211 -0.199180 -0.956488
vn -0.213398 -0.195139 -0.957279
vn -0.888875 -0.195189 -0.414491
vn -0.888144 -0.199233 -0.414133
vn -0.825878 -0.199216 -0.527484
vn -0.826553 -0.195245 -0.527911
vn -0.886172 -0.209674 -0.413202
vn -0.824040 -0.209630 -0.526321
vn -0.749011 -0.209593 -0.628533
vn -0.750685 -0.199153 -0.629929
vn -0.751298 -0.195235 -0.630424
vn -0.882042 -0.229905 -0.411273
vn -0.820200 -0.229847 -0.523872
vn -0.871300 -0.275288 -0.406267
vn -0.810219 -0.275211 -0.517498
vn -0.736467 -0.275178 -0.617976
vn -0.745525 -0.229841 -0.625593
vn -0.658312 -0.229936 -0.716767
vn -0.650325 -0.275236 -0.708042
vn -0.661386 -0.209651 -0.720149
vn -0.662864 -0.199147 -0.721770
vn -0.663417 -0.195161 -0.722351
vn -0.979021 -0.198976 -0.043886
vn -0.979826 -0.194972 -0.043905
vn -0.976801 -0.209618 -0.043811
vn -0.962946 -0.209547 -0.169781
vn -0.965122 -0.198952 -0.170168
vn -0.965913 -0.194945 -0.170316
vn -0.972209 -0.230014 -0.043625
vn -0.960407 -0.275245 -0.043103
vn -0.946779 -0.275209 -0.166944
vn -0.958427 -0.229914 -0.168992
vn -0.928527 -0.229887 -0.291531
vn -0.917228 -0.275239 -0.287985
vn -0.932886 -0.209594 -0.292906
vn -0.934972 -0.199084 -0.293587
vn -0.935739 -0.195044 -0.293855
vn -0.182763 -0.974793 0.127966
vn -0.086210 -0.994447 0.060365
vn -0.093451 -0.994442 0.048510
vn -0.198118 -0.974769 0.102836
vn -0.027347 -0.999443 0.019152
vn -0.029659 -0.999442 0.015397
vn -0.031412 -0.999441 0.011435
vn -0.098953 -0.994440 0.036017
vn -0.209797 -0.974759 0.076359
vn 0.010603 -0.999916 -0.007427
vn 0.011477 -0.999916 -0.005957
vn 0.033875 -0.999145 -0.023724
vn 0.036705 -0.999144 -0.019057
vn 0.038866 -0.999144 -0.014146
vn 0.012148 -0.999917 -0.004417
vn 0.041187 -0.999145 -0.003603
vn 0.012893 -0.999916 -0.001128
vn 0.012619 -0.999916 -0.002813
vn 0.040364 -0.999145 -0.008999
vn -0.033250 -0.999443 0.002909
vn -0.032612 -0.999442 0.007271
vn -0.104826 -0.994448 0.009170
vn -0.102755 -0.994443 0.022907
vn -0.222242 -0.974798 0.019441
vn -0.217857 -0.974772 0.048565
vn -0.094306 -0.974785 0.202239
vn -0.044473 -0.994447 0.095380
vn -0.056684 -0.994440 0.088751
vn -0.120171 -0.974761 0.188150
vn -0.014104 -0.999443 0.030255
vn -0.017985 -0.999442 0.028161
vn -0.021490 -0.999441 0.025606
vn -0.067717 -0.994436 0.080695
vn -0.143531 -0.974751 0.171056
vn 0.005468 -0.999916 -0.011731
vn 0.006958 -0.999917 -0.010892
vn 0.017478 -0.999144 -0.037492
vn 0.022261 -0.999144 -0.034861
vn 0.026582 -0.999145 -0.031677
vn 0.008308 -0.999917 -0.009896
vn 0.009521 -0.999916 -0.008743
vn 0.030454 -0.999145 -0.027969
vn -0.024615 -0.999441 0.022607
vn -0.077570 -0.994438 0.071241
vn -0.164415 -0.974763 0.151011
vn 0.019455 -0.974777 0.222330
vn 0.009179 -0.994440 0.104907
vn -0.004718 -0.994433 0.105266
vn -0.010002 -0.974749 0.223079
vn 0.002911 -0.999442 0.033269
vn -0.001496 -0.999441 0.033395
vn -0.005806 -0.999441 0.032930
vn -0.018299 -0.994433 0.103774
vn -0.038787 -0.974740 0.219950
vn -0.001128 -0.999916 -0.012903
vn 0.000579 -0.999916 -0.012923
vn -0.003600 -0.999146 -0.041169
vn 0.001851 -0.999146 -0.041288
vn 0.007178 -0.999146 -0.040703
vn 0.002243 -0.999917 -0.012720
vn 0.003871 -0.999917 -0.012325
vn 0.012388 -0.999145 -0.039446
vn -0.010011 -0.999441 0.031888
vn -0.031554 -0.994438 0.100482
vn -0.066896 -0.974755 0.213022
vn 0.128006 -0.974776 0.182831
vn 0.060369 -0.994445 0.086225
vn 0.048526 -0.994438 0.093479
vn 0.102868 -0.974755 0.198170
vn 0.019143 -0.999443 0.027344
vn 0.015395 -0.999442 0.029659
vn 0.011435 -0.999441 0.031423
vn 0.036038 -0.994434 0.099005
vn 0.076382 -0.974747 0.209842
vn -0.007420 -0.999916 -0.010598
vn -0.005953 -0.999916 -0.011470
vn -0.023703 -0.999146 -0.033855
vn -0.019036 -0.999146 -0.036675
vn -0.014132 -0.999146 -0.038828
vn -0.004419 -0.999917 -0.012134
vn -0.002813 -0.999917 -0.012610
vn -0.008988 -0.999146 -0.040325
vn 0.007272 -0.999441 0.032631
vn 0.022924 -0.994435 0.102832
vn 0.048587 -0.974755 0.217929
vn 0.202275 -0.974776 0.094321
vn 0.095397 -0.994445 0.044483
vn 0.088769 -0.994438 0.056695
vn 0.188183 -0.974752 0.120190
vn 0.030253 -0.999443 0.014107
vn 0.028163 -0.999442 0.017987
vn 0.025608 -0.999441 0.021493
vn 0.080706 -0.994434 0.067727
vn 0.171077 -0.974743 0.143561
vn -0.011728 -0.999916 -0.005468
vn -0.010892 -0.999916 -0.006957
vn -0.037473 -0.999145 -0.017469
vn -0.034844 -0.999145 -0.022253
vn -0.031671 -0.999145 -0.026577
vn -0.009899 -0.999917 -0.008302
vn -0.008742 -0.999917 -0.009515
vn -0.027960 -0.999145 -0.030445
vn 0.022601 -0.999441 0.024617
vn 0.071242 -0.994438 0.077579
vn 0.151039 -0.974750 0.164466
vn 0.222332 -0.974777 -0.019460
vn 0.104852 -0.994446 -0.009175
vn 0.105221 -0.994438 0.004712
vn 0.223076 -0.974750 0.009986
vn 0.033252 -0.999443 -0.002910
vn 0.033384 -0.999442 0.001495
vn 0.032925 -0.999441 0.005806
vn 0.103759 -0.994434 0.018293
vn 0.219951 -0.974740 0.038776
vn -0.012889 -0.999916 0.001127
vn -0.012911 -0.999917 -0.000579
vn -0.041160 -0.999146 0.003599
vn -0.041284 -0.999146 -0.001849
vn -0.040712 -0.999145 -0.007175
vn -0.012727 -0.999917 -0.002242
vn -0.012332 -0.999916 -0.003871
vn -0.039446 -0.999145 -0.012383
vn 0.031883 -0.999442 0.010012
vn 0.100490 -0.994438 0.031558
vn 0.213042 -0.974750 0.066902
vn 0.182793 -0.974785 -0.127991
vn 0.086197 -0.994448 -0.060363
vn 0.093461 -0.994440 -0.048521
vn 0.198169 -0.974756 -0.102863
vn 0.027338 -0.999443 -0.019144
vn 0.029652 -0.999442 -0.015395
vn 0.031409 -0.999441 -0.011434
vn 0.098990 -0.994436 -0.036028
vn 0.209862 -0.974743 -0.076378
vn -0.010599 -0.999916 0.007427
vn -0.011469 -0.999916 0.005958
vn -0.033867 -0.999145 0.023707
vn -0.036682 -0.999146 0.019043
vn -0.038829 -0.999146 0.014136
vn -0.012140 -0.999917 0.004419
vn -0.012613 -0.999917 0.002808
vn -0.040324 -0.999146 0.008988
vn 0.032613 -0.999442 -0.007271
vn 0.102797 -0.994439 -0.022911
vn 0.217940 -0.974752 -0.048581
vn 0.094322 -0.974776 -0.202275
vn 0.044483 -0.994445 -0.095401
vn 0.056693 -0.994437 -0.088772
vn 0.120189 -0.974752 -0.188183
vn 0.014106 -0.999443 -0.030258
vn 0.017986 -0.999441 -0.028169
vn 0.021488 -0.999441 -0.025610
vn 0.067716 -0.994436 -0.080695
vn 0.143542 -0.974748 -0.171064
vn -0.005468 -0.999916 0.011725
vn -0.006957 -0.999917 0.010895
vn -0.017462 -0.999146 0.037442
vn -0.022245 -0.999146 0.034828
vn -0.026575 -0.999145 0.031680
vn -0.008307 -0.999916 0.009905
vn -0.009520 -0.999916 0.008752
vn -0.030452 -0.999145 0.027967
vn 0.024610 -0.999442 -0.022600
vn 0.077556 -0.994440 -0.071231
vn 0.164428 -0.974760 -0.151016
vn -0.019450 -0.974791 -0.222271
vn -0.009173 -0.994447 -0.104843
vn 0.004720 -0.994439 -0.105212
vn 0.010000 -0.974764 -0.223014
vn -0.002909 -0.999443 -0.033259
vn 0.001498 -0.999441 -0.033390
vn 0.005807 -0.999441 -0.032930
vn 0.018300 -0.994434 -0.103758
vn 0.038784 -0.974746 -0.219923
vn 0.001127 -0.999916 0.012886
vn -0.000581 -0.999917 0.012906
vn 0.003604 -0.999145 0.041184
vn -0.001852 -0.999145 0.041293
vn -0.007178 -0.999145 0.040714
vn -0.002245 -0.999917 0.012725
vn -0.003872 -0.999917 0.012325
vn -0.012379 -0.999145 0.039436
vn 0.010013 -0.999441 -0.031894
vn 0.031559 -0.994437 -0.100490
vn 0.066903 -0.974751 -0.213037
vn -0.127962 -0.974796 -0.182755
vn -0.060344 -0.994449 -0.086192
vn -0.048506 -0.994441 -0.093454
vn -0.102863 -0.974757 -0.198163
vn -0.019141 -0.999443 -0.027342
vn -0.015391 -0.999442 -0.029658
vn -0.011432 -0.999441 -0.031415
vn -0.036030 -0.994436 -0.098985
vn -0.076397 -0.974735 -0.209891
vn 0.007423 -0.999916 0.010599
vn 0.005953 -0.999917 0.011463
vn 0.023714 -0.999145 0.033865
vn 0.019041 -0.999146 0.036678
vn 0.014135 -0.999146 0.038828
vn 0.004418 -0.999917 0.012132
vn 0.002813 -0.999916 0.012612
vn 0.008995 -0.999146 0.040336
vn -0.007270 -0.999442 -0.032611
vn -0.022918 -0.994439 -0.102790
vn -0.048589 -0.974753 -0.217935
vn -0.202243 -0.974784 -0.094307
vn -0.095412 -0.994443 -0.044492
vn -0.088772 -0.994437 -0.056704
vn -0.188148 -0.974760 -0.120179
vn -0.030256 -0.999443 -0.014107
vn -0.028165 -0.999442 -0.017988
vn -0.025610 -0.999441 -0.021492
vn -0.080701 -0.994436 -0.067716
vn -0.171042 -0.974754 -0.143523
vn 0.011726 -0.999916 0.005467
vn 0.010892 -0.999916 0.006958
vn 0.037454 -0.999146 0.017464
vn 0.034836 -0.999146 0.022241
vn 0.031674 -0.999145 0.026574
vn 0.009899 -0.999916 0.008308
vn 0.008745 -0.999916 0.009523
vn 0.027971 -0.999145 0.030458
vn -0.022602 -0.999442 -0.024614
vn -0.071226 -0.994441 -0.077551
vn -0.150989 -0.974771 -0.164391
vn -0.105213 -0.994438 -0.004720
vn -0.223013 -0.974764 -0.010002
vn -0.033384 -0.999442 -0.001498
vn -0.032926 -0.999441 -0.005808
vn -0.103767 -0.994433 -0.018298
vn -0.219925 -0.974746 -0.038775
vn 0.012912 -0.999916 0.000579
vn 0.041284 -0.999146 0.001852
vn 0.040688 -0.999146 0.007175
vn 0.012724 -0.999917 0.002242
vn 0.012330 -0.999917 0.003871
vn 0.039416 -0.999146 0.012379
vn -0.031886 -0.999441 -0.010013
vn -0.100508 -0.994436 -0.031559
vn -0.213024 -0.974755 -0.066885
vn -0.779639 -0.306830 0.545911
vn -0.779389 -0.307740 0.545756
vn -0.844482 -0.307710 0.438366
vn -0.844744 -0.306818 0.438486
vn -0.776866 -0.317083 0.544002
vn -0.841771 -0.317003 0.436957
vn -0.891251 -0.316953 0.324366
vn -0.894119 -0.307678 0.325401
vn -0.894388 -0.306791 0.325498
vn -0.771297 -0.336753 0.540091
vn -0.835754 -0.336638 0.433809
vn -0.757395 -0.380912 0.530338
vn -0.820686 -0.380820 0.425970
vn -0.868906 -0.380785 0.316235
vn -0.884873 -0.336579 0.322047
vn -0.921076 -0.380958 0.080563
vn -0.938000 -0.336788 0.082036
vn -0.919071 -0.336664 0.204858
vn -0.902484 -0.380855 0.201176
vn -0.944788 -0.317096 0.082625
vn -0.925709 -0.317014 0.206313
vn -0.947860 -0.307715 0.082902
vn -0.928702 -0.307698 0.206967
vn -0.948184 -0.306703 0.082949
vn -0.928998 -0.306748 0.207046
vn -0.402220 -0.306802 0.862607
vn -0.402105 -0.307760 0.862320
vn -0.512177 -0.307649 0.801890
vn -0.512325 -0.306734 0.802146
vn -0.400819 -0.317109 0.859527
vn -0.510532 -0.317026 0.799282
vn -0.609632 -0.316973 0.726551
vn -0.611615 -0.307585 0.728916
vn -0.611797 -0.306707 0.729134
vn -0.397945 -0.336786 0.853355
vn -0.506865 -0.336732 0.793536
vn -0.390756 -0.380988 0.837949
vn -0.497719 -0.380908 0.779221
vn -0.594337 -0.380845 0.708323
vn -0.605247 -0.336693 0.721328
vn -0.693451 -0.336719 0.636981
vn -0.680956 -0.380861 0.625495
vn -0.698474 -0.317016 0.641588
vn -0.700756 -0.307641 0.643660
vn -0.700975 -0.306752 0.643845
vn 0.082950 -0.306841 0.948139
vn 0.082933 -0.307786 0.947834
vn -0.042619 -0.307739 0.950516
vn -0.042638 -0.306812 0.950814
vn 0.082668 -0.317152 0.944765
vn -0.042483 -0.317087 0.947444
vn -0.164693 -0.317040 0.934003
vn -0.165222 -0.307715 0.937023
vn -0.165271 -0.306782 0.937321
vn 0.082070 -0.336830 0.937982
vn -0.042189 -0.336755 0.940647
vn 0.080588 -0.380957 0.921074
vn -0.041435 -0.380890 0.923692
vn -0.160580 -0.380847 0.910588
vn -0.163522 -0.336691 0.927308
vn -0.282103 -0.336715 0.898354
vn -0.277013 -0.380898 0.882146
vn -0.284135 -0.317065 0.904841
vn -0.285047 -0.307742 0.907768
vn -0.285125 -0.306786 0.908067
vn 0.545906 -0.306796 0.779656
vn 0.545729 -0.307771 0.779395
vn 0.438305 -0.307717 0.844511
vn 0.438443 -0.306731 0.844798
vn 0.543965 -0.317128 0.776873
vn 0.436893 -0.317069 0.841779
vn 0.324357 -0.317039 0.891223
vn 0.325401 -0.307686 0.894116
vn 0.325498 -0.306699 0.894420
vn 0.540057 -0.336790 0.771305
vn 0.433757 -0.336718 0.835749
vn 0.530318 -0.380912 0.757409
vn 0.425941 -0.380818 0.820702
vn 0.316233 -0.380782 0.868908
vn 0.322031 -0.336688 0.884837
vn 0.204895 -0.336750 0.919031
vn 0.201205 -0.380853 0.902479
vn 0.206375 -0.317086 0.925670
vn 0.207038 -0.307725 0.928677
vn 0.207093 -0.306755 0.928985
vn 0.862606 -0.306788 0.402235
vn 0.862322 -0.307752 0.402105
vn 0.801871 -0.307688 0.512183
vn 0.802131 -0.306732 0.512350
vn 0.859540 -0.317082 0.400811
vn 0.799285 -0.317027 0.510527
vn 0.726547 -0.317013 0.609617
vn 0.728900 -0.307661 0.611596
vn 0.729135 -0.306708 0.611794
vn 0.853372 -0.336754 0.397937
vn 0.793558 -0.336700 0.506852
vn 0.837947 -0.381003 0.390744
vn 0.779235 -0.380914 0.497692
vn 0.708338 -0.380847 0.594317
vn 0.721342 -0.336687 0.605234
vn 0.636978 -0.336734 0.693448
vn 0.625496 -0.380861 0.680955
vn 0.641581 -0.317066 0.698458
vn 0.643662 -0.307708 0.700725
vn 0.643872 -0.306747 0.700953
vn 0.948139 -0.306844 -0.082948
vn 0.947836 -0.307783 -0.082933
vn 0.950518 -0.307732 0.042620
vn 0.950816 -0.306806 0.042641
vn 0.944765 -0.317152 -0.082670
vn 0.947445 -0.317087 0.042482
vn 0.934005 -0.317034 0.164692
vn 0.937032 -0.307690 0.165222
vn 0.937328 -0.306758 0.165276
vn 0.937981 -0.336834 -0.082070
vn 0.940644 -0.336762 0.042190
vn 0.921072 -0.380962 -0.080585
vn 0.923689 -0.380896 0.041438
vn 0.910578 -0.380867 0.160589
vn 0.927302 -0.336705 0.163527
vn 0.898356 -0.336712 0.282102
vn 0.882133 -0.380923 0.277019
vn 0.904851 -0.317044 0.284124
vn 0.907781 -0.307711 0.285039
vn 0.908076 -0.306758 0.285129
vn 0.779609 -0.306935 -0.545895
vn 0.779396 -0.307777 -0.545725
vn 0.844511 -0.307688 -0.438327
vn 0.844751 -0.306826 -0.438467
vn 0.776902 -0.317051 -0.543969
vn 0.841787 -0.317008 -0.436921
vn 0.891229 -0.317014 -0.324367
vn 0.894126 -0.307651 -0.325407
vn 0.894402 -0.306737 -0.325511
vn 0.771332 -0.336689 -0.540081
vn 0.835737 -0.336676 -0.433811
vn 0.757394 -0.380911 -0.530340
vn 0.820651 -0.380856 -0.426005
vn 0.868877 -0.380824 -0.316269
vn 0.884824 -0.336696 -0.322059
vn 0.919025 -0.336765 -0.204894
vn 0.902470 -0.380875 -0.201203
vn 0.925673 -0.317082 -0.206370
vn 0.928685 -0.307706 -0.207031
vn 0.928984 -0.306763 -0.207088
vn 0.402231 -0.306786 -0.862608
vn 0.402072 -0.307800 -0.862321
vn 0.512139 -0.307783 -0.801863
vn 0.512323 -0.306818 -0.802115
vn 0.400761 -0.317154 -0.859537
vn 0.510490 -0.317080 -0.799287
vn 0.609631 -0.317016 -0.726534
vn 0.611580 -0.307764 -0.728870
vn 0.611774 -0.306845 -0.729094
vn 0.397886 -0.336816 -0.853371
vn 0.506850 -0.336695 -0.793561
vn 0.390718 -0.380970 -0.837975
vn 0.497731 -0.380840 -0.779246
vn 0.594385 -0.380758 -0.708329
vn 0.605287 -0.336600 -0.721337
vn 0.693517 -0.336613 -0.636966
vn 0.681003 -0.380806 -0.625477
vn 0.698504 -0.317015 -0.641556
vn 0.700732 -0.307771 -0.643624
vn 0.700931 -0.306899 -0.643824
vn -0.082947 -0.306706 -0.948183
vn -0.082900 -0.307788 -0.947836
vn 0.042631 -0.307703 -0.950527
vn 0.042648 -0.306605 -0.950881
vn -0.082626 -0.317151 -0.944769
vn 0.042493 -0.317088 -0.947444
vn 0.164681 -0.317046 -0.934003
vn 0.165226 -0.307663 -0.937040
vn 0.165297 -0.306580 -0.937382
vn -0.082039 -0.336806 -0.937993
vn 0.042192 -0.336756 -0.940646
vn -0.080564 -0.380961 -0.921075
vn 0.041432 -0.380895 -0.923689
vn 0.160541 -0.380866 -0.910586
vn 0.163493 -0.336718 -0.927303
vn 0.282039 -0.336765 -0.898356
vn 0.276948 -0.380915 -0.882158
vn 0.284092 -0.317090 -0.904845
vn 0.285032 -0.307711 -0.907784
vn 0.285151 -0.306657 -0.908103
vn -0.545889 -0.306831 -0.779654
vn -0.545728 -0.307774 -0.779395
vn -0.438341 -0.307765 -0.844475
vn -0.438466 -0.306820 -0.844754
vn -0.543982 -0.317105 -0.776871
vn -0.436941 -0.317064 -0.841756
vn -0.324352 -0.317038 -0.891226
vn -0.325394 -0.307763 -0.894092
vn -0.325506 -0.306791 -0.894385
vn -0.540089 -0.336757 -0.771297
vn -0.433811 -0.336690 -0.835732
vn -0.530355 -0.380909 -0.757385
vn -0.425988 -0.380856 -0.820660
vn -0.316232 -0.380826 -0.868890
vn -0.322036 -0.336641 -0.884854
vn -0.204850 -0.336703 -0.919058
vn -0.201165 -0.380875 -0.902478
vn -0.206313 -0.317085 -0.925685
vn -0.206985 -0.307779 -0.928671
vn -0.207084 -0.306750 -0.928989
vn -0.862608 -0.306762 -0.402250
vn -0.862353 -0.307652 -0.402117
vn -0.801890 -0.307640 -0.512182
vn -0.802128 -0.306728 -0.512355
vn -0.859546 -0.317084 -0.400797
vn -0.799293 -0.317021 -0.510518
vn -0.726541 -0.316971 -0.609646
vn -0.728886 -0.307638 -0.611624
vn -0.729105 -0.306709 -0.611830
vn -0.853351 -0.336835 -0.397912
vn -0.793538 -0.336719 -0.506871
vn -0.837967 -0.380956 -0.390749
vn -0.779229 -0.380835 -0.497761
vn -0.708328 -0.380756 -0.594388
vn -0.721329 -0.336624 -0.605284
vn -0.636973 -0.336665 -0.693485
vn -0.625501 -0.380803 -0.680983
vn -0.641561 -0.317019 -0.698498
vn -0.643623 -0.307691 -0.700768
vn -0.643818 -0.306753 -0.701000
vn -0.950561 -0.307602 -0.042589
vn -0.950881 -0.306612 -0.042587
vn -0.947469 -0.317015 -0.042475
vn -0.934036 -0.316952 -0.164673
vn -0.937089 -0.307529 -0.165199
vn -0.937384 -0.306603 -0.165247
vn -0.940653 -0.336737 -0.042187
vn -0.923692 -0.380889 -0.041431
vn -0.910596 -0.380844 -0.160540
vn -0.927311 -0.336697 -0.163489
vn -0.898352 -0.336761 -0.282055
vn -0.882164 -0.380890 -0.276963
vn -0.904869 -0.317001 -0.284116
vn -0.907826 -0.307564 -0.285054
vn -0.908098 -0.306677 -0.285145
vn 0.000000 -1.000000 0.000001
vn 0.000041 -1.000000 0.000165
vn -0.000120 -1.000000 0.000256
vn -0.000153 -1.000000 0.000075
vn 0.000148 -1.000000 0.000708
vn -0.000040 -1.000000 0.000834
vn -0.000564 -0.999999 0.001203
vn -0.000614 -1.000000 0.000563
vn -0.000635 -1.000000 0.000337
vn 0.000300 -0.999998 0.001826
vn 0.000025 -0.999998 0.002035
vn 0.000503 -0.999992 0.003932
vn 0.000007 -0.999991 0.004264
vn -0.000749 -0.999988 0.004749
vn -0.000567 -0.999997 0.002471
vn -0.002815 -0.999978 0.006036
vn -0.002963 -0.999984 0.004731
vn -0.001493 -0.999994 0.003198
vn -0.001723 -0.999984 0.005317
vn -0.003145 -0.999989 0.003610
vn -0.001527 -0.999997 0.002016
vn -0.003252 -0.999991 0.002712
vn -0.001567 -0.999998 0.001275
vn -0.003308 -0.999992 0.002117
vn -0.001579 -0.999998 0.000929
vn -0.000000 -1.000000 -0.000000
vn 0.000076 -1.000000 0.000154
vn 0.000065 -1.000000 0.000152
vn -0.000000 -1.000000 0.000000
vn 0.000343 -1.000000 0.000637
vn 0.000286 -1.000000 0.000634
vn 0.000235 -1.000000 0.000645
vn 0.000056 -1.000000 0.000154
vn -0.000000 -1.000000 -0.000001
vn 0.000944 -0.999998 0.001591
vn 0.000758 -0.999998 0.001598
vn 0.002139 -0.999992 0.003333
vn 0.001684 -0.999993 0.003403
vn 0.001281 -0.999993 0.003521
vn 0.000596 -0.999999 0.001637
vn 0.000446 -0.999999 0.001710
vn 0.000897 -0.999993 0.003691
vn 0.000190 -1.000000 0.000670
vn 0.000048 -1.000000 0.000159
vn 0.000000 -1.000000 -0.000000
vn 0.003895 -0.999992 -0.000506
vn 0.004234 -0.999991 -0.000012
vn 0.002019 -0.999998 -0.000030
vn 0.001807 -0.999998 -0.000302
vn 0.004729 -0.999989 0.000744
vn 0.002464 -0.999997 0.000564
vn 0.001207 -0.999999 0.000562
vn 0.000833 -1.000000 0.000037
vn 0.000704 -1.000000 -0.000150
vn 0.005308 -0.999984 0.001720
vn 0.003197 -0.999994 0.001492
vn 0.006037 -0.999978 0.002816
vn 0.004737 -0.999984 0.002968
vn 0.003625 -0.999988 0.003156
vn 0.002024 -0.999997 0.001530
vn 0.001290 -0.999998 0.001574
vn 0.002734 -0.999991 0.003267
vn 0.000570 -1.000000 0.000614
vn 0.000257 -1.000000 0.000119
vn 0.000166 -1.000000 -0.000041
vn 0.000000 -1.000000 0.000001
vn -0.000000 -1.000000 0.000000
vn -0.000158 -1.000000 0.000048
vn -0.000165 -1.000000 0.000042
vn 0.000000 -1.000000 0.000000
vn -0.000154 -1.000000 0.000055
vn -0.000641 -1.000000 0.000233
vn -0.000664 -1.000000 0.000189
vn -0.000704 -1.000000 0.000149
vn -0.000000 -1.000000 0.000001
vn -0.000152 -1.000000 0.000064
vn -0.000631 -1.000000 0.000280
vn -0.003370 -0.999993 0.001664
vn -0.001582 -0.999998 0.000746
vn -0.003483 -0.999993 0.001269
vn -0.001619 -0.999999 0.000591
vn -0.003651 -0.999993 0.000892
vn -0.001691 -0.999999 0.000446
vn -0.003895 -0.999992 0.000506
vn -0.001808 -0.999998 0.000301
vn -0.000000 -1.000000 0.000001
vn 0.000000 -1.000000 0.000001
vn 0.000000 -1.000000 0.000000
vn -0.000000 -1.000000 -0.000001
vn -0.000000 -1.000000 0.000001
vn -0.000000 -1.000000 0.000000
vn -0.000000 -1.000000 -0.000000
vn 0.000000 -1.000000 -0.000002
vn 0.000000 -1.000000 -0.000001
vn 0.000000 -1.000000 0.000000
vn 0.000000 -1.000000 -0.000001
vn -0.000000 -1.000000 0.000000
vn -0.000000 -1.000000 0.000001
vn 0.000000 -1.000000 0.000000
vn -0.000000 -1.000000 -0.000002
vn 0.000000 -1.000000 0.000001
vn 0.003308 -0.999992 -0.002115
vn 0.003370 -0.999993 -0.001663
vn 0.001581 -0.999999 -0.000745
vn 0.001578 -0.999998 -0.000930
vn 0.003482 -0.999993 -0.001266
vn 0.001618 -0.999999 -0.000589
vn 0.000641 -1.000000 -0.000234
vn 0.000631 -1.000000 -0.000281
vn 0.000635 -1.000000 -0.000338
vn 0.003651 -0.999993 -0.000891
vn 0.001690 -0.999999 -0.000446
vn 0.000664 -1.000000 -0.000190
vn 0.000159 -1.000000 -0.000047
vn 0.000155 -1.000000 -0.000055
vn 0.000153 -1.000000 -0.000064
vn 0.000154 -1.000000 -0.000073
vn -0.002140 -0.999992 -0.003335
vn -0.000944 -0.999998 -0.001591
vn -0.001290 -0.999998 -0.001574
vn -0.002735 -0.999991 -0.003268
vn -0.000343 -1.000000 -0.000638
vn -0.000569 -1.000000 -0.000615
vn -0.001207 -0.999999 -0.000561
vn -0.002025 -0.999997 -0.001530
vn -0.003625 -0.999988 -0.003153
vn -0.000076 -1.000000 -0.000153
vn -0.000256 -1.000000 -0.000118
vn -0.000833 -1.000000 -0.000037
vn -0.004234 -0.999991 0.000013
vn -0.002021 -0.999998 0.000031
vn -0.004728 -0.999989 -0.000742
vn -0.002465 -0.999997 -0.000562
vn -0.005308 -0.999985 -0.001720
vn -0.003199 -0.999994 -0.001489
vn -0.006037 -0.999978 -0.002815
vn -0.004737 -0.999984 -0.002966
vn -0.000504 -0.999992 -0.003929
vn -0.000299 -0.999998 -0.001827
vn -0.000447 -0.999999 -0.001711
vn -0.000897 -0.999993 -0.003688
vn -0.000147 -1.000000 -0.000710
vn -0.000190 -1.000000 -0.000670
vn -0.000235 -1.000000 -0.000645
vn -0.000596 -0.999999 -0.001638
vn -0.001281 -0.999993 -0.003519
vn -0.000041 -1.000000 -0.000166
vn -0.000048 -1.000000 -0.000159
vn -0.000056 -1.000000 -0.000153
vn -0.000066 -1.000000 -0.000151
vn -0.000285 -1.000000 -0.000635
vn -0.000757 -0.999999 -0.001598
vn -0.001683 -0.999993 -0.003404
vn 0.002814 -0.999978 -0.006036
vn 0.002962 -0.999985 -0.004730
vn 0.001491 -0.999994 -0.003197
vn 0.001722 -0.999984 -0.005315
vn 0.003145 -0.999989 -0.003610
vn 0.001526 -0.999997 -0.002015
vn 0.000563 -0.999999 -0.001206
vn 0.000568 -0.999997 -0.002473
vn 0.000750 -0.999989 -0.004748
vn 0.003252 -0.999991 -0.002711
vn 0.001566 -0.999998 -0.001276
vn 0.000614 -1.000000 -0.000564
vn 0.000120 -1.000000 -0.000256
vn 0.000041 -1.000000 -0.000838
vn -0.000024 -0.999998 -0.002037
vn -0.000006 -0.999991 -0.004264
vn 0.005501 -0.999978 -0.003692
vn 0.005716 -0.999980 -0.002899
vn 0.007401 -0.999960 -0.005100
vn 0.007838 -0.999961 -0.004035
vn 0.008232 -0.999962 -0.002998
vn 0.005959 -0.999980 -0.002169
vn 0.008728 -0.999943 -0.006085
vn 0.009387 -0.999944 -0.004863
vn 0.008567 -0.999945 -0.006000
vn 0.009285 -0.999945 -0.004822
vn 0.009832 -0.999945 -0.003578
vn 0.009912 -0.999944 -0.003611
vn 0.010417 -0.999945 -0.000911
vn 0.010597 -0.999943 -0.000951
vn 0.010315 -0.999944 -0.002312
vn 0.010210 -0.999945 -0.002275
vn 0.008949 -0.999960 -0.000849
vn 0.008597 -0.999961 -0.001950
vn 0.006586 -0.999978 -0.000707
vn 0.006241 -0.999980 -0.001454
vn 0.003653 -0.999963 -0.007834
vn 0.004500 -0.999966 -0.006845
vn 0.004302 -0.999948 -0.009227
vn 0.005452 -0.999950 -0.008416
vn 0.006298 -0.999953 -0.007341
vn 0.004977 -0.999972 -0.005668
vn 0.004677 -0.999939 -0.010033
vn 0.005956 -0.999939 -0.009273
vn 0.004419 -0.999945 -0.009473
vn 0.005629 -0.999945 -0.008815
vn 0.006724 -0.999945 -0.008013
vn 0.007038 -0.999941 -0.008327
vn 0.007946 -0.999942 -0.007252
vn 0.007704 -0.999945 -0.007075
vn 0.006906 -0.999957 -0.006209
vn 0.005281 -0.999976 -0.004597
vn -0.000706 -0.999978 -0.006624
vn 0.000134 -0.999975 -0.007029
vn -0.000849 -0.999959 -0.008973
vn 0.000318 -0.999957 -0.009296
vn 0.001579 -0.999953 -0.009552
vn 0.001150 -0.999971 -0.007476
vn -0.000951 -0.999943 -0.010605
vn 0.000446 -0.999942 -0.010756
vn -0.000911 -0.999945 -0.010418
vn 0.000468 -0.999945 -0.010453
vn 0.001817 -0.999945 -0.010305
vn 0.001853 -0.999941 -0.010748
vn 0.003276 -0.999939 -0.010526
vn 0.003134 -0.999945 -0.009973
vn 0.002945 -0.999950 -0.009594
vn 0.002354 -0.999966 -0.007854
vn -0.003717 -0.999978 -0.005528
vn -0.002920 -0.999979 -0.005753
vn -0.005118 -0.999959 -0.007423
vn -0.004049 -0.999961 -0.007865
vn -0.003007 -0.999961 -0.008263
vn -0.002184 -0.999980 -0.006002
vn -0.006087 -0.999943 -0.008740
vn -0.004864 -0.999944 -0.009398
vn -0.005997 -0.999945 -0.008563
vn -0.004819 -0.999945 -0.009283
vn -0.003578 -0.999945 -0.009829
vn -0.003611 -0.999944 -0.009926
vn -0.002313 -0.999944 -0.010327
vn -0.002275 -0.999945 -0.010208
vn -0.001954 -0.999961 -0.008629
vn -0.001460 -0.999979 -0.006284
vn -0.007831 -0.999963 -0.003653
vn -0.006852 -0.999966 -0.004505
vn -0.009225 -0.999948 -0.004303
vn -0.008422 -0.999950 -0.005454
vn -0.007351 -0.999953 -0.006302
vn -0.005685 -0.999971 -0.004986
vn -0.010029 -0.999939 -0.004681
vn -0.009273 -0.999939 -0.005955
vn -0.009476 -0.999945 -0.004421
vn -0.008814 -0.999945 -0.005629
vn -0.008013 -0.999945 -0.006726
vn -0.008326 -0.999941 -0.007040
vn -0.007252 -0.999942 -0.007954
vn -0.007075 -0.999945 -0.007704
vn -0.006221 -0.999957 -0.006919
vn -0.004620 -0.999975 -0.005298
vn -0.006588 -0.999978 0.000706
vn -0.007002 -0.999976 -0.000128
vn -0.008947 -0.999960 0.000849
vn -0.009279 -0.999957 -0.000316
vn -0.009543 -0.999953 -0.001574
vn -0.007458 -0.999972 -0.001143
vn -0.010593 -0.999943 0.000952
vn -0.010743 -0.999942 -0.000444
vn -0.010417 -0.999945 0.000912
vn -0.010450 -0.999945 -0.000468
vn -0.010303 -0.999945 -0.001816
vn -0.010739 -0.999941 -0.001851
vn -0.010522 -0.999939 -0.003278
vn -0.009979 -0.999945 -0.003135
vn -0.009587 -0.999950 -0.002942
vn -0.007847 -0.999967 -0.002348
vn -0.005501 -0.999978 0.003693
vn -0.005716 -0.999980 0.002899
vn -0.007400 -0.999960 0.005099
vn -0.007837 -0.999961 0.004033
vn -0.008231 -0.999962 0.002994
vn -0.005959 -0.999980 0.002170
vn -0.008726 -0.999943 0.006082
vn -0.009383 -0.999944 0.004860
vn -0.008566 -0.999945 0.005999
vn -0.009284 -0.999945 0.004821
vn -0.009830 -0.999945 0.003579
vn -0.009909 -0.999945 0.003607
vn -0.010310 -0.999944 0.002310
vn -0.010209 -0.999945 0.002276
vn -0.008596 -0.999961 0.001947
vn -0.006242 -0.999980 0.001453
vn -0.003653 -0.999963 0.007829
vn -0.004500 -0.999967 0.006845
vn -0.004302 -0.999948 0.009227
vn -0.005453 -0.999950 0.008417
vn -0.006298 -0.999953 0.007340
vn -0.004978 -0.999972 0.005669
vn -0.004677 -0.999939 0.010037
vn -0.005956 -0.999939 0.009272
vn -0.004419 -0.999945 0.009476
vn -0.005631 -0.999945 0.008809
vn -0.006724 -0.999945 0.008010
vn -0.007038 -0.999941 0.008321
vn -0.007944 -0.999942 0.007249
vn -0.007704 -0.999945 0.007075
vn -0.006906 -0.999957 0.006206
vn -0.005281 -0.999976 0.004599
vn 0.000706 -0.999978 0.006628
vn -0.000134 -0.999975 0.007032
vn 0.000849 -0.999959 0.008973
vn -0.000319 -0.999957 0.009298
vn -0.001579 -0.999953 0.009552
vn -0.001150 -0.999972 0.007475
vn 0.000951 -0.999943 0.010605
vn -0.000446 -0.999942 0.010756
vn 0.000911 -0.999945 0.010418
vn -0.000468 -0.999945 0.010447
vn -0.001816 -0.999945 0.010301
vn -0.001852 -0.999941 0.010746
vn -0.003274 -0.999939 0.010528
vn -0.003133 -0.999945 0.009982
vn -0.002945 -0.999950 0.009590
vn -0.002354 -0.999966 0.007854
vn 0.003717 -0.999978 0.005527
vn 0.002920 -0.999979 0.005752
vn 0.005118 -0.999959 0.007421
vn 0.004049 -0.999961 0.007865
vn 0.003008 -0.999961 0.008261
vn 0.002184 -0.999980 0.006001
vn 0.006087 -0.999943 0.008736
vn 0.004865 -0.999944 0.009396
vn 0.005998 -0.999945 0.008566
vn 0.004820 -0.999945 0.009282
vn 0.003579 -0.999945 0.009831
vn 0.003612 -0.999944 0.009926
vn 0.002313 -0.999944 0.010325
vn 0.002276 -0.999945 0.010211
vn 0.001954 -0.999961 0.008625
vn 0.001460 -0.999979 0.006286
vn 0.007831 -0.999963 0.003651
vn 0.006852 -0.999966 0.004505
vn 0.009225 -0.999948 0.004302
vn 0.008422 -0.999950 0.005454
vn 0.007351 -0.999953 0.006303
vn 0.005685 -0.999972 0.004986
vn 0.010030 -0.999939 0.004680
vn 0.009274 -0.999939 0.005958
vn 0.009477 -0.999945 0.004419
vn 0.008814 -0.999945 0.005630
vn 0.008013 -0.999945 0.006727
vn 0.008326 -0.999941 0.007041
vn 0.007252 -0.999942 0.007952
vn 0.007075 -0.999945 0.007706
vn 0.006221 -0.999957 0.006920
vn 0.004620 -0.999975 0.005297
vn 0.007002 -0.999976 0.000128
vn 0.009281 -0.999957 0.000318
vn 0.009545 -0.999953 0.001574
vn 0.007459 -0.999972 0.001144
vn 0.010746 -0.999942 0.000446
vn 0.010449 -0.999945 0.000468
vn 0.010302 -0.999945 0.001815
vn 0.010740 -0.999941 0.001851
vn 0.010522 -0.999939 0.003276
vn 0.009979 -0.999945 0.003135
vn 0.009588 -0.999950 0.002942
vn 0.007848 -0.999967 0.002350
vn -0.290903 -0.954550 0.064880
vn -0.297131 -0.954483 0.025999
vn -0.279989 -0.954577 0.101926
vn -0.842108 -0.443767 0.306472
vn -0.874707 -0.443692 0.195001
vn -0.892737 -0.443752 0.078136
vn -0.264492 -0.954566 0.137285
vn -0.244322 -0.954483 0.171083
vn -0.733914 -0.444193 0.513870
vn -0.795284 -0.444006 0.412773
vn -0.864684 -0.225629 0.448791
vn -0.798005 -0.225836 0.558736
vn -0.915503 -0.225473 0.333192
vn -0.950915 -0.225428 0.211997
vn -0.970545 -0.225446 0.084950
vn -0.219456 -0.954568 0.201593
vn -0.191555 -0.954565 0.228281
vn -0.575895 -0.444200 0.686318
vn -0.659799 -0.444314 0.606012
vn -0.160525 -0.954506 0.251295
vn -0.126174 -0.954388 0.270600
vn -0.378711 -0.443748 0.812198
vn -0.482315 -0.444002 0.755139
vn -0.524361 -0.225892 0.820986
vn -0.411679 -0.225783 0.882917
vn -0.626163 -0.225954 0.746234
vn -0.717445 -0.225944 0.658955
vn -0.089331 -0.954499 0.284519
vn -0.051755 -0.954588 0.293399
vn -0.155628 -0.443805 0.882506
vn -0.268471 -0.443708 0.855013
vn -0.013371 -0.954637 0.297473
vn 0.025957 -0.954585 0.296807
vn 0.078071 -0.444137 0.892551
vn -0.040164 -0.444041 0.895106
vn -0.043678 -0.225499 0.973264
vn 0.084890 -0.225524 0.970532
vn -0.169196 -0.225512 0.959436
vn -0.291847 -0.225622 0.929473
vn 0.064773 -0.954676 0.290514
vn 0.101799 -0.954674 0.279704
vn 0.306464 -0.443952 0.842013
vn 0.194948 -0.444123 0.874500
vn 0.137189 -0.954623 0.264337
vn 0.171042 -0.954503 0.244271
vn 0.514001 -0.443743 0.734095
vn 0.412828 -0.443841 0.795348
vn 0.448853 -0.225399 0.864712
vn 0.558805 -0.225445 0.798067
vn 0.333229 -0.225415 0.915504
vn 0.211990 -0.225477 0.950905
vn 0.201602 -0.954566 0.219454
vn 0.228287 -0.954568 0.191533
vn 0.686532 -0.443677 0.576043
vn 0.606210 -0.443750 0.659996
vn 0.251226 -0.954537 0.160450
vn 0.270449 -0.954443 0.126080
vn 0.812224 -0.443660 0.378759
vn 0.755281 -0.443659 0.482408
vn 0.821062 -0.225452 0.524431
vn 0.882958 -0.225527 0.411732
vn 0.746326 -0.225432 0.626241
vn 0.659037 -0.225454 0.717524
vn 0.284376 -0.954549 0.089260
vn 0.293334 -0.954610 0.051714
vn 0.882468 -0.443880 0.155632
vn 0.854969 -0.443783 0.268487
vn 0.297467 -0.954639 0.013352
vn 0.296815 -0.954582 -0.025963
vn 0.892568 -0.444104 -0.078070
vn 0.895099 -0.444056 0.040166
vn 0.973265 -0.225492 0.043683
vn 0.970541 -0.225487 -0.084891
vn 0.959439 -0.225490 0.169209
vn 0.929487 -0.225528 0.291876
vn 0.290538 -0.954668 -0.064777
vn 0.279779 -0.954648 -0.101835
vn 0.842090 -0.443761 -0.306529
vn 0.874552 -0.444015 -0.194960
vn 0.264460 -0.954579 -0.137257
vn 0.244392 -0.954460 -0.171110
vn 0.734107 -0.443629 -0.514082
vn 0.795396 -0.443655 -0.412935
vn 0.864715 -0.225309 -0.448893
vn 0.798050 -0.225438 -0.558832
vn 0.915534 -0.225252 -0.333256
vn 0.950932 -0.225358 -0.211997
vn 0.219513 -0.954548 -0.201622
vn 0.191504 -0.954595 -0.228198
vn 0.576062 -0.443738 -0.686476
vn 0.660006 -0.443715 -0.606226
vn 0.160348 -0.954613 -0.251004
vn 0.125954 -0.954543 -0.270153
vn 0.378740 -0.443719 -0.812201
vn 0.482421 -0.443766 -0.755210
vn 0.524456 -0.225351 -0.821074
vn 0.411743 -0.225292 -0.883012
vn 0.626250 -0.225441 -0.746316
vn 0.717514 -0.225475 -0.659040
vn 0.089178 -0.954625 -0.284145
vn 0.051701 -0.954614 -0.293323
vn 0.155615 -0.443750 -0.882536
vn 0.268443 -0.443776 -0.854986
vn 0.013352 -0.954552 -0.297744
vn -0.026025 -0.954442 -0.297259
vn -0.078089 -0.443547 -0.892843
vn 0.040183 -0.443680 -0.895284
vn 0.043681 -0.225427 -0.973280
vn -0.084884 -0.225430 -0.970554
vn 0.169188 -0.225381 -0.959468
vn 0.291856 -0.225309 -0.929546
vn -0.064873 -0.954555 -0.290887
vn -0.101872 -0.954613 -0.279886
vn -0.306551 -0.443510 -0.842215
vn -0.195016 -0.443556 -0.874773
vn -0.137247 -0.954594 -0.264413
vn -0.171112 -0.954476 -0.244328
vn -0.514115 -0.443452 -0.734190
vn -0.412937 -0.443451 -0.795509
vn -0.448878 -0.225124 -0.864770
vn -0.558833 -0.225228 -0.798109
vn -0.333235 -0.225209 -0.915552
vn -0.211986 -0.225341 -0.950938
vn -0.201640 -0.954551 -0.219487
vn -0.228252 -0.954577 -0.191533
vn -0.686454 -0.443867 -0.575988
vn -0.606239 -0.443728 -0.659984
vn -0.251116 -0.954570 -0.160429
vn -0.270226 -0.954513 -0.126025
vn -0.812224 -0.443647 -0.378773
vn -0.755225 -0.443765 -0.482398
vn -0.821049 -0.225522 -0.524421
vn -0.882986 -0.225354 -0.411765
vn -0.746290 -0.225638 -0.626210
vn -0.659031 -0.225480 -0.717522
vn -0.284024 -0.954660 -0.089192
vn -0.293026 -0.954706 -0.051687
vn -0.882360 -0.444115 -0.155572
vn -0.854910 -0.443911 -0.268463
vn -0.297468 -0.954639 -0.013358
vn -0.895114 -0.444030 -0.040100
vn -0.973285 -0.225423 -0.043601
vn -0.959471 -0.225374 -0.169179
vn -0.929527 -0.225316 -0.291911
vn -0.855924 -0.480615 0.190796
vn -0.873557 -0.480687 0.076409
vn -0.824073 -0.480574 0.299921
vn -0.703201 -0.663329 0.255936
vn -0.730333 -0.663409 0.162796
vn -0.745255 -0.663586 0.065189
vn -0.778347 -0.480584 0.404000
vn -0.718327 -0.480644 0.502979
vn -0.612823 -0.663557 0.429116
vn -0.664123 -0.663402 0.344729
vn -0.422048 -0.879707 0.219072
vn -0.389299 -0.879853 0.272589
vn -0.446972 -0.879632 0.162678
vn -0.464128 -0.879705 0.103457
vn -0.473414 -0.879866 0.041411
vn -0.645863 -0.480540 0.593247
vn -0.563714 -0.480521 0.671808
vn -0.481007 -0.663346 0.573240
vn -0.551068 -0.663411 0.506172
vn -0.472057 -0.480618 0.739032
vn -0.370584 -0.480750 0.794699
vn -0.316175 -0.663542 0.678045
vn -0.402788 -0.663405 0.630599
vn -0.255972 -0.879697 0.400764
vn -0.200898 -0.879787 0.430831
vn -0.305689 -0.879676 0.364313
vn -0.350164 -0.879740 0.321626
vn -0.262715 -0.480638 0.836641
vn -0.152295 -0.480555 0.863640
vn -0.129943 -0.663361 0.736931
vn -0.224164 -0.663402 0.713897
vn -0.039293 -0.480576 0.876072
vn 0.076440 -0.480645 0.873577
vn 0.065221 -0.663583 0.745255
vn -0.033514 -0.663445 0.747474
vn -0.021295 -0.879737 0.474984
vn 0.041430 -0.879866 0.473413
vn -0.082592 -0.879660 0.468376
vn -0.142479 -0.879676 0.453729
vn 0.190847 -0.480500 0.855977
vn 0.299956 -0.480415 0.824153
vn 0.255958 -0.663279 0.703240
vn 0.162840 -0.663400 0.730332
vn 0.404008 -0.480451 0.778425
vn 0.502985 -0.480571 0.718372
vn 0.429164 -0.663413 0.612945
vn 0.344749 -0.663286 0.664229
vn 0.219093 -0.879674 0.422103
vn 0.272673 -0.879761 0.389448
vn 0.162663 -0.879670 0.446901
vn 0.103465 -0.879745 0.464051
vn 0.593258 -0.480517 0.645870
vn 0.671813 -0.480548 0.563685
vn 0.573246 -0.663341 0.481008
vn 0.506218 -0.663318 0.551137
vn 0.739014 -0.480693 0.472010
vn 0.794659 -0.480837 0.370557
vn 0.677983 -0.663615 0.316157
vn 0.630557 -0.663464 0.402756
vn 0.400771 -0.879691 0.255981
vn 0.430832 -0.879785 0.200904
vn 0.364345 -0.879650 0.305728
vn 0.321706 -0.879665 0.350278
vn 0.836610 -0.480692 0.262715
vn 0.863635 -0.480562 0.152299
vn 0.736972 -0.663315 0.129943
vn 0.713865 -0.663436 0.224164
vn 0.876088 -0.480548 0.039294
vn 0.873599 -0.480607 -0.076435
vn 0.745405 -0.663413 -0.065227
vn 0.747593 -0.663311 0.033510
vn 0.475149 -0.879648 0.021278
vn 0.473622 -0.879752 -0.041453
vn 0.468451 -0.879621 0.082588
vn 0.453742 -0.879669 0.142482
vn 0.855987 -0.480485 -0.190840
vn 0.824119 -0.480462 -0.299974
vn 0.703273 -0.663235 -0.255982
vn 0.730447 -0.663270 -0.162848
vn 0.778332 -0.480578 -0.404034
vn 0.718287 -0.480723 -0.502960
vn 0.612849 -0.663527 -0.429124
vn 0.664166 -0.663341 -0.344764
vn 0.422135 -0.879653 -0.219118
vn 0.389424 -0.879774 -0.272666
vn 0.447006 -0.879612 -0.162691
vn 0.464225 -0.879651 -0.103486
vn 0.645858 -0.480601 -0.593204
vn 0.563737 -0.480511 -0.671796
vn 0.481027 -0.663334 -0.573237
vn 0.551089 -0.663403 -0.506160
vn 0.472083 -0.480552 -0.739059
vn 0.370585 -0.480672 -0.794746
vn 0.316205 -0.663481 -0.678091
vn 0.402817 -0.663364 -0.630624
vn 0.255993 -0.879679 -0.400790
vn 0.200918 -0.879767 -0.430862
vn 0.305725 -0.879654 -0.364337
vn 0.350249 -0.879686 -0.321681
vn 0.262685 -0.480594 -0.836676
vn 0.152271 -0.480551 -0.863646
vn 0.129943 -0.663345 -0.736945
vn 0.224172 -0.663358 -0.713935
vn 0.039296 -0.480587 -0.876066
vn -0.076405 -0.480692 -0.873555
vn -0.065181 -0.663587 -0.745254
vn 0.033527 -0.663445 -0.747474
vn 0.021295 -0.879746 -0.474968
vn -0.041417 -0.879857 -0.473430
vn 0.082592 -0.879660 -0.468377
vn 0.142489 -0.879663 -0.453750
vn -0.190786 -0.480620 -0.855924
vn -0.299929 -0.480573 -0.824071
vn -0.255964 -0.663255 -0.703260
vn -0.162791 -0.663391 -0.730350
vn -0.404036 -0.480572 -0.778335
vn -0.503012 -0.480625 -0.718316
vn -0.429169 -0.663484 -0.612864
vn -0.344796 -0.663296 -0.664194
vn -0.219160 -0.879625 -0.422171
vn -0.272647 -0.879811 -0.389352
vn -0.162734 -0.879556 -0.447100
vn -0.103474 -0.879672 -0.464188
vn -0.593262 -0.480509 -0.645872
vn -0.671824 -0.480453 -0.563753
vn -0.573228 -0.663349 -0.481018
vn -0.506183 -0.663392 -0.551081
vn -0.739076 -0.480491 -0.472118
vn -0.794779 -0.480596 -0.370614
vn -0.678036 -0.663551 -0.316177
vn -0.630582 -0.663410 -0.402806
vn -0.400662 -0.879758 -0.255921
vn -0.430688 -0.879872 -0.200832
vn -0.364266 -0.879705 -0.305663
vn -0.321626 -0.879740 -0.350163
vn -0.836714 -0.480522 -0.262693
vn -0.863672 -0.480506 -0.152266
vn -0.736932 -0.663364 -0.129923
vn -0.713896 -0.663410 -0.224142
vn -0.876075 -0.480572 -0.039291
vn -0.747473 -0.663447 -0.033516
vn -0.474951 -0.879755 -0.021294
vn -0.468323 -0.879691 -0.082566
vn -0.453616 -0.879743 -0.142426
vn -0.137818 -0.989981 0.030734
vn -0.140804 -0.989961 0.012323
vn -0.132654 -0.989986 0.048282
vn -0.642549 -0.729679 0.233878
vn -0.667465 -0.729617 0.148826
vn -0.681391 -0.729485 0.059644
vn -0.125341 -0.989979 0.065050
vn -0.115812 -0.989955 0.081099
vn -0.560265 -0.729524 0.392298
vn -0.606927 -0.729656 0.315026
vn -0.820923 -0.380146 0.426116
vn -0.757661 -0.380136 0.530516
vn -0.869160 -0.380119 0.316339
vn -0.902827 -0.379999 0.201256
vn -0.921514 -0.379880 0.080643
vn -0.103997 -0.989978 0.095545
vn -0.090732 -0.989986 0.108144
vn -0.439488 -0.729730 0.523779
vn -0.503594 -0.729671 0.462571
vn -0.076006 -0.989982 0.118987
vn -0.059735 -0.989960 0.128108
vn -0.289039 -0.729521 0.619883
vn -0.368067 -0.729696 0.576256
vn -0.497871 -0.380104 0.779516
vn -0.390884 -0.380039 0.838320
vn -0.594518 -0.380153 0.708542
vn -0.681187 -0.380153 0.625674
vn -0.042295 -0.989979 0.134732
vn -0.024515 -0.989981 0.139058
vn -0.118740 -0.729551 0.673540
vn -0.204856 -0.729575 0.652498
vn -0.006333 -0.989972 0.141119
vn 0.012322 -0.989951 0.140875
vn 0.059622 -0.729374 0.681512
vn -0.030632 -0.729513 0.683280
vn -0.041432 -0.380078 0.924026
vn 0.080609 -0.380060 0.921443
vn -0.160602 -0.380033 0.910924
vn -0.277080 -0.380012 0.882506
vn 0.030733 -0.989975 0.137856
vn 0.048279 -0.989985 0.132664
vn 0.233914 -0.729511 0.642727
vn 0.148827 -0.729465 0.667631
vn 0.065038 -0.989983 0.125318
vn 0.081065 -0.989962 0.115774
vn 0.392295 -0.729540 0.560246
vn 0.315053 -0.729580 0.607004
vn 0.426111 -0.379936 0.821022
vn 0.530541 -0.380013 0.757705
vn 0.316340 -0.379885 0.869262
vn 0.201253 -0.379958 0.902845
vn 0.095508 -0.989984 0.103969
vn 0.108123 -0.989989 0.090725
vn 0.523839 -0.729644 0.439559
vn 0.462588 -0.729655 0.503602
vn 0.118983 -0.989983 0.076006
vn 0.128108 -0.989960 0.059736
vn 0.619914 -0.729488 0.289056
vn 0.576316 -0.729619 0.368125
vn 0.779537 -0.379990 0.497925
vn 0.838327 -0.379995 0.390911
vn 0.708589 -0.379987 0.594568
vn 0.625731 -0.380016 0.681211
vn 0.134732 -0.989979 0.042297
vn 0.139054 -0.989981 0.024516
vn 0.673545 -0.729547 0.118737
vn 0.652510 -0.729566 0.204853
vn 0.141113 -0.989973 0.006333
vn 0.140876 -0.989951 -0.012322
vn 0.681515 -0.729372 -0.059619
vn 0.683286 -0.729508 0.030632
vn 0.924026 -0.380078 0.041433
vn 0.921438 -0.380072 -0.080606
vn 0.910925 -0.380027 0.160608
vn 0.882509 -0.379998 0.277090
vn 0.137871 -0.989973 -0.030738
vn 0.132703 -0.989978 -0.048303
vn 0.642747 -0.729487 -0.233933
vn 0.667636 -0.729462 -0.148821
vn 0.125388 -0.989971 -0.065085
vn 0.115851 -0.989948 -0.081128
vn 0.560337 -0.729431 -0.392367
vn 0.607051 -0.729515 -0.315113
vn 0.820905 -0.380182 -0.426117
vn 0.757608 -0.380263 -0.530500
vn 0.869192 -0.380037 -0.316349
vn 0.902823 -0.380014 -0.201248
vn 0.104025 -0.989974 -0.095556
vn 0.090756 -0.989983 -0.108154
vn 0.439638 -0.729555 -0.523896
vn 0.503705 -0.729549 -0.462644
vn 0.076036 -0.989976 -0.119025
vn 0.059763 -0.989952 -0.128153
vn 0.289166 -0.729311 -0.620072
vn 0.368216 -0.729487 -0.576425
vn 0.497928 -0.379984 -0.779538
vn 0.390947 -0.379879 -0.838363
vn 0.594561 -0.380064 -0.708554
vn 0.681176 -0.380183 -0.625668
vn 0.042303 -0.989979 -0.134730
vn 0.024510 -0.989989 -0.138997
vn 0.118776 -0.729480 -0.673611
vn 0.204941 -0.729423 -0.652642
vn 0.006329 -0.989983 -0.141045
vn -0.012324 -0.989958 -0.140822
vn -0.059652 -0.729362 -0.681523
vn 0.030630 -0.729486 -0.683309
vn 0.041440 -0.379648 -0.924202
vn -0.080643 -0.379722 -0.921579
vn 0.160659 -0.379642 -0.911077
vn 0.277157 -0.379742 -0.882599
vn -0.030740 -0.989978 -0.137834
vn -0.048295 -0.989981 -0.132681
vn -0.233937 -0.729492 -0.642740
vn -0.148862 -0.729462 -0.667627
vn -0.065063 -0.989976 -0.125358
vn -0.081090 -0.989956 -0.115805
vn -0.392316 -0.729476 -0.560315
vn -0.315081 -0.729523 -0.607059
vn -0.426114 -0.380027 -0.820979
vn -0.530509 -0.380059 -0.757704
vn -0.316362 -0.379933 -0.869233
vn -0.201295 -0.379822 -0.902893
vn -0.095511 -0.989984 -0.103972
vn -0.108107 -0.989992 -0.090709
vn -0.523779 -0.729724 -0.439498
vn -0.462563 -0.729662 -0.503617
vn -0.118982 -0.989983 -0.076004
vn -0.128125 -0.989957 -0.059748
vn -0.619825 -0.729576 -0.289027
vn -0.576254 -0.729702 -0.368058
vn -0.779498 -0.380109 -0.497896
vn -0.838251 -0.380182 -0.390893
vn -0.708553 -0.380035 -0.594581
vn -0.625675 -0.380040 -0.681250
vn -0.134717 -0.989981 -0.042300
vn -0.138983 -0.989991 -0.024509
vn -0.673342 -0.729738 -0.118716
vn -0.652347 -0.729715 -0.204840
vn -0.141022 -0.989986 -0.006326
vn -0.683125 -0.729660 -0.030605
vn -0.924104 -0.379893 -0.041388
vn -0.910933 -0.380014 -0.160595
vn -0.882442 -0.380147 -0.277098
vn 0.811213 -0.556090 -0.180824
vn 0.828054 -0.555948 -0.072443
vn 0.780757 -0.556450 -0.284221
vn -0.924850 0.176793 0.336744
vn -0.960853 0.175633 0.214278
vn -0.980860 0.174778 0.085827
vn 0.737132 -0.556927 -0.382713
vn 0.680153 -0.557231 -0.476326
vn -0.806321 0.176344 0.564578
vn -0.873505 0.177060 0.453474
vn -0.887537 0.006783 0.460687
vn -0.819134 0.006746 0.573562
vn -0.939674 0.006397 0.342012
vn -0.976024 0.005817 0.217584
vn -0.996180 0.005527 0.087149
vn 0.611671 -0.556987 -0.561804
vn 0.534310 -0.555966 -0.636722
vn -0.632875 0.175987 0.753988
vn -0.725123 0.175481 0.665885
vn 0.448062 -0.554238 -0.701471
vn 0.352124 -0.553101 -0.755042
vn -0.415774 0.180121 0.891453
vn -0.529743 0.178326 0.829200
vn -0.538265 0.006604 0.842750
vn -0.422614 0.006868 0.906284
vn -0.642764 0.006293 0.766038
vn -0.736464 0.006424 0.676446
vn 0.249494 -0.553580 -0.794545
vn 0.144402 -0.554925 -0.819272
vn -0.170920 0.176621 0.969325
vn -0.294807 0.179044 0.938633
vn 0.037182 -0.555738 -0.830525
vn -0.072446 -0.555948 -0.828054
vn 0.085821 0.174784 0.980859
vn -0.044084 0.175028 0.983576
vn -0.044800 0.005705 0.998980
vn 0.087151 0.005614 0.996179
vn -0.173662 0.006121 0.984786
vn -0.299601 0.006624 0.954042
vn -0.180852 -0.555870 -0.811358
vn -0.284451 -0.555281 -0.781505
vn 0.336766 0.176846 0.924832
vn 0.214273 0.175646 0.960852
vn -0.383518 -0.554164 -0.738794
vn -0.477888 -0.553002 -0.682505
vn 0.564543 0.177261 0.806145
vn 0.453529 0.177244 0.873439
vn 0.460703 0.006012 0.887534
vn 0.573578 0.005572 0.819132
vn 0.342019 0.006262 0.939672
vn 0.217583 0.005955 0.976024
vn -0.563886 -0.552292 -0.614009
vn -0.638508 -0.552436 -0.535838
vn 0.753742 0.178421 0.632486
vn 0.665693 0.177735 0.724750
vn -0.701803 -0.553581 -0.448354
vn -0.753617 -0.555405 -0.351550
vn 0.891876 0.177263 0.416095
vn 0.829198 0.178308 0.529752
vn 0.842741 0.006314 0.538282
vn 0.906275 0.006475 0.422639
vn 0.766040 0.005935 0.642766
vn 0.676458 0.005556 0.736460
vn -0.792433 -0.556838 -0.248963
vn -0.817886 -0.557003 -0.144258
vn 0.969328 0.176622 0.170902
vn 0.939098 0.176268 0.294999
vn -0.830323 -0.556038 -0.037221
vn -0.828529 -0.555236 0.072476
vn 0.980077 0.179165 -0.085726
vn 0.983025 0.178110 0.044034
vn 0.998974 0.006794 0.044774
vn 0.996170 0.007030 -0.087153
vn 0.984785 0.006524 0.173656
vn 0.954038 0.006455 0.299618
vn -0.811763 -0.555248 0.180941
vn -0.781595 -0.555116 0.284526
vn 0.924628 0.178119 -0.336655
vn 0.960295 0.178908 -0.214069
vn -0.738758 -0.554195 0.383541
vn -0.682421 -0.553199 0.477778
vn 0.806178 0.177258 -0.564497
vn 0.873407 0.177448 -0.453511
vn 0.887531 0.006085 -0.460707
vn 0.819138 0.005617 -0.573569
vn 0.939677 0.006681 -0.341998
vn 0.976024 0.007009 -0.217550
vn -0.613850 -0.552658 0.563700
vn -0.535944 -0.552020 0.638779
vn 0.632377 0.179467 -0.753586
vn 0.724792 0.177881 -0.665608
vn -0.449120 -0.551006 0.703337
vn -0.352669 -0.551016 0.756310
vn 0.415649 0.181311 -0.891270
vn 0.529386 0.181156 -0.828814
vn 0.538228 0.006487 -0.842774
vn 0.422583 0.006558 -0.906301
vn 0.642754 0.006141 -0.766048
vn 0.736476 0.005694 -0.676440
vn -0.249689 -0.552779 0.795041
vn -0.144468 -0.554807 0.819340
vn 0.170921 0.176628 -0.969324
vn 0.294794 0.179235 -0.938601
vn -0.037220 -0.555745 0.830520
vn 0.072437 -0.555940 0.828060
vn -0.085822 0.174776 -0.980861
vn 0.044084 0.175028 -0.983576
vn 0.044809 0.005712 -0.998979
vn -0.087149 0.005610 -0.996180
vn 0.173677 0.006078 -0.984784
vn 0.299603 0.006396 -0.954043
vn 0.180797 -0.556070 0.811233
vn 0.284103 -0.556626 0.780675
vn -0.336745 0.176824 -0.924844
vn -0.214264 0.175637 -0.960855
vn 0.382444 -0.557552 0.736799
vn 0.475896 -0.558078 0.679759
vn -0.564474 0.177140 -0.806220
vn -0.453487 0.177190 -0.873472
vn -0.460668 0.007018 -0.887545
vn -0.573528 0.007130 -0.819155
vn -0.341995 0.006656 -0.939678
vn -0.217578 0.006020 -0.976024
vn 0.561500 -0.557479 0.611503
vn 0.636912 -0.555593 0.534472
vn -0.753732 0.178364 -0.632515
vn -0.665636 0.177622 -0.724830
vn 0.702153 -0.553073 0.448432
vn 0.755767 -0.551917 0.352426
vn -0.891912 0.177281 -0.416011
vn -0.829236 0.178300 -0.529695
vn -0.842761 0.006213 -0.538253
vn -0.906302 0.005421 -0.422596
vn -0.766026 0.007026 -0.642772
vn -0.676409 0.007229 -0.736491
vn 0.794833 -0.553117 0.249604
vn 0.819242 -0.554965 0.144422
vn -0.969553 0.175338 -0.170948
vn -0.939142 0.176063 -0.294980
vn 0.830481 -0.555805 0.037186
vn -0.983614 0.174818 -0.044075
vn -0.998980 0.005620 -0.044795
vn -0.984793 0.005615 -0.173640
vn -0.954059 0.005339 -0.299571
vn -0.906222 -0.371426 0.202001
vn -0.924920 -0.371459 0.080879
vn -0.872452 -0.371463 0.317557
vn -0.790168 -0.541222 0.287600
vn -0.820739 -0.541222 0.182935
vn -0.837570 -0.541398 0.073246
vn -0.824014 -0.371532 0.427743
vn -0.760488 -0.371624 0.532498
vn -0.688651 -0.541520 0.482200
vn -0.746241 -0.541353 0.387378
vn -0.553645 -0.781587 0.287400
vn -0.510777 -0.781788 0.357652
vn -0.586361 -0.781429 0.213423
vn -0.608958 -0.781503 0.135734
vn -0.621175 -0.781786 0.054335
vn -0.683763 -0.371563 0.628020
vn -0.596772 -0.371517 0.711223
vn -0.540471 -0.541305 0.644112
vn -0.619228 -0.541382 0.568737
vn -0.499738 -0.371516 0.782456
vn -0.392343 -0.371563 0.841432
vn -0.355286 -0.541492 0.761944
vn -0.452571 -0.541360 0.708596
vn -0.335752 -0.781604 0.525706
vn -0.263496 -0.781818 0.565093
vn -0.401046 -0.781483 0.477961
vn -0.459424 -0.781581 0.421973
vn -0.278139 -0.371481 0.885799
vn -0.161214 -0.371479 0.914338
vn -0.146015 -0.541297 0.828056
vn -0.251896 -0.541346 0.802180
vn -0.041576 -0.371581 0.927469
vn 0.080921 -0.371707 0.924817
vn 0.073265 -0.541672 0.837391
vn -0.037662 -0.541432 0.839901
vn -0.027945 -0.781646 0.623096
vn 0.054332 -0.781869 0.621071
vn -0.108338 -0.781565 0.614344
vn -0.186864 -0.781660 0.595054
vn 0.202015 -0.371618 0.906140
vn 0.317522 -0.371538 0.872433
vn 0.287515 -0.541563 0.789965
vn 0.182916 -0.541618 0.820483
vn 0.427691 -0.371536 0.824040
vn 0.532491 -0.371584 0.760512
vn 0.482165 -0.541599 0.688613
vn 0.387278 -0.541558 0.746144
vn 0.287264 -0.781809 0.553402
vn 0.357582 -0.781896 0.510661
vn 0.213278 -0.781773 0.585955
vn 0.135675 -0.781797 0.608593
vn 0.628058 -0.371476 0.683776
vn 0.711253 -0.371419 0.596798
vn 0.644117 -0.541307 0.540463
vn 0.568751 -0.541396 0.619203
vn 0.782465 -0.371456 0.499768
vn 0.841434 -0.371544 0.392357
vn 0.761958 -0.541461 0.355301
vn 0.708592 -0.541357 0.452581
vn 0.525630 -0.781672 0.335712
vn 0.565144 -0.781774 0.263520
vn 0.477840 -0.781613 0.400936
vn 0.421891 -0.781694 0.459307
vn 0.885798 -0.371480 0.278144
vn 0.914337 -0.371479 0.161220
vn 0.828087 -0.541247 0.146027
vn 0.802216 -0.541287 0.251910
vn 0.927468 -0.371583 0.041579
vn 0.924815 -0.371712 -0.080921
vn 0.837396 -0.541665 -0.073263
vn 0.839909 -0.541419 0.037667
vn 0.623181 -0.781578 0.027946
vn 0.621094 -0.781851 -0.054333
vn 0.614514 -0.781428 0.108360
vn 0.595217 -0.781526 0.186906
vn 0.906145 -0.371609 -0.202011
vn 0.872448 -0.371498 -0.317529
vn 0.790026 -0.541466 -0.287530
vn 0.820516 -0.541568 -0.182915
vn 0.824051 -0.371483 -0.427714
vn 0.760516 -0.371545 -0.532513
vn 0.688633 -0.541553 -0.482188
vn 0.746195 -0.541466 -0.387308
vn 0.553437 -0.781783 -0.287268
vn 0.510688 -0.781880 -0.357578
vn 0.585991 -0.781747 -0.213277
vn 0.608615 -0.781781 -0.135671
vn 0.683783 -0.371453 -0.628064
vn 0.596805 -0.371442 -0.711234
vn 0.540479 -0.541305 -0.644106
vn 0.619206 -0.541387 -0.568756
vn 0.499762 -0.371586 -0.782408
vn 0.392322 -0.371763 -0.841354
vn 0.355283 -0.541534 -0.761915
vn 0.452603 -0.541365 -0.708572
vn 0.335863 -0.781487 -0.525809
vn 0.263631 -0.781595 -0.565338
vn 0.401016 -0.781538 -0.477896
vn 0.459335 -0.781678 -0.421890
vn 0.278094 -0.371679 -0.885730
vn 0.161187 -0.371598 -0.914294
vn 0.145966 -0.541527 -0.827914
vn 0.251843 -0.541490 -0.802100
vn 0.041577 -0.371618 -0.927454
vn -0.080892 -0.371642 -0.924845
vn -0.073259 -0.541665 -0.837396
vn 0.037646 -0.541615 -0.839783
vn 0.027908 -0.781832 -0.622865
vn -0.054339 -0.781932 -0.620990
vn 0.108281 -0.781703 -0.614179
vn 0.186884 -0.781580 -0.595153
vn -0.201985 -0.371421 -0.906228
vn -0.317562 -0.371275 -0.872530
vn -0.287604 -0.541208 -0.790176
vn -0.182932 -0.541381 -0.820635
vn -0.427779 -0.371349 -0.824078
vn -0.532526 -0.371548 -0.760505
vn -0.482214 -0.541475 -0.688676
vn -0.387393 -0.541275 -0.746289
vn -0.287365 -0.781638 -0.553592
vn -0.357670 -0.781762 -0.510804
vn -0.213348 -0.781594 -0.586169
vn -0.135693 -0.781705 -0.608708
vn -0.628023 -0.371558 -0.683764
vn -0.711192 -0.371568 -0.596777
vn -0.644098 -0.541302 -0.540490
vn -0.568738 -0.541373 -0.619235
vn -0.782393 -0.371655 -0.499733
vn -0.841357 -0.371769 -0.392309
vn -0.761900 -0.541565 -0.355268
vn -0.708576 -0.541367 -0.452595
vn -0.525891 -0.781419 -0.335893
vn -0.565302 -0.781631 -0.263603
vn -0.478042 -0.781396 -0.401119
vn -0.422007 -0.781542 -0.459459
vn -0.885739 -0.371658 -0.278097
vn -0.914323 -0.371516 -0.161214
vn -0.827937 -0.541491 -0.145973
vn -0.802073 -0.541534 -0.251832
vn -0.927526 -0.371435 -0.041619
vn -0.839906 -0.541424 -0.037670
vn -0.622920 -0.781787 -0.027920
vn -0.614121 -0.781749 -0.108275
vn -0.595060 -0.781658 -0.186853
vn 0.885124 -0.073760 -0.459473
vn 0.816934 -0.073472 -0.572032
vn 0.937106 -0.074058 -0.341099
vn 0.844578 -0.438398 -0.307400
vn 0.797884 -0.438039 -0.414128
vn 0.736580 -0.437603 -0.515706
vn 0.973368 -0.073959 -0.216992
vn 0.993495 -0.073572 -0.086920
vn 0.895552 -0.438003 -0.078363
vn 0.877289 -0.438303 -0.195589
vn 0.223959 -0.974402 -0.019589
vn 0.219430 -0.974402 -0.048908
vn 0.476746 -0.872590 -0.106301
vn 0.486683 -0.872540 -0.042587
vn 0.211126 -0.974435 -0.076827
vn 0.458834 -0.872685 -0.167010
vn 0.199288 -0.974468 -0.103425
vn 0.433399 -0.872675 -0.224955
vn 0.183897 -0.974479 -0.128731
vn 0.400200 -0.872540 -0.280204
vn 0.199196 -0.974490 -0.103390
vn 0.183808 -0.974499 -0.128708
vn 0.211032 -0.974457 -0.076805
vn 0.211106 -0.974438 -0.076841
vn 0.199398 -0.974436 -0.103513
vn 0.183992 -0.974444 -0.128866
vn 0.219340 -0.974422 -0.048901
vn 0.223947 -0.974404 -0.019593
vn 0.223704 -0.974461 -0.019579
vn 0.219196 -0.974456 -0.048875
vn 0.223695 -0.974462 -0.019590
vn 0.219222 -0.974449 -0.048892
vn 0.219125 -0.974473 -0.048856
vn 0.223542 -0.974498 -0.019568
vn 0.211230 -0.974407 -0.076894
vn 0.211218 -0.974411 -0.076878
vn 0.199563 -0.974395 -0.103582
vn 0.199623 -0.974378 -0.103623
vn 0.184153 -0.974406 -0.128920
vn 0.184200 -0.974388 -0.128991
vn -0.009284 -0.999945 0.004817
vn -0.008357 -0.999948 0.005812
vn -0.009929 -0.999944 0.003604
vn -0.546254 -0.813675 0.198844
vn -0.515713 -0.813857 0.267727
vn -0.475710 -0.814094 0.333094
vn -0.010240 -0.999945 0.002274
vn -0.010199 -0.999948 0.000915
vn -0.578623 -0.814023 0.050613
vn -0.567294 -0.813749 0.126455
vn -0.849539 -0.492360 0.189383
vn -0.866825 -0.492809 0.075849
vn -0.817992 -0.492186 0.297728
vn -0.772538 -0.492313 0.401015
vn -0.712894 -0.492549 0.499178
vn 0.536853 -0.073470 -0.840470
vn 0.421485 -0.073650 -0.903840
vn 0.641063 -0.073441 -0.763966
vn 0.577833 -0.438038 -0.688645
vn 0.483830 -0.438341 -0.757473
vn 0.379845 -0.438480 -0.814526
vn 0.734501 -0.073432 -0.674622
vn 0.662195 -0.437720 -0.608193
vn 0.165397 -0.974463 -0.151875
vn 0.359668 -0.872645 -0.330349
vn 0.144351 -0.974467 -0.171979
vn 0.313709 -0.872813 -0.373877
vn 0.120822 -0.974498 -0.189094
vn 0.262558 -0.872982 -0.411055
vn 0.094850 -0.974498 -0.203364
vn 0.206178 -0.872916 -0.442163
vn 0.120924 -0.974451 -0.189271
vn 0.094959 -0.974443 -0.203577
vn 0.144367 -0.974453 -0.172044
vn 0.144472 -0.974411 -0.172196
vn 0.121067 -0.974375 -0.189568
vn 0.095092 -0.974356 -0.203933
vn 0.165335 -0.974473 -0.151877
vn 0.165452 -0.974434 -0.152004
vn 0.165647 -0.974383 -0.152114
vn 0.165607 -0.974391 -0.152108
vn 0.144661 -0.974352 -0.172369
vn 0.144598 -0.974373 -0.172302
vn 0.121135 -0.974356 -0.189624
vn 0.121165 -0.974336 -0.189706
vn 0.095029 -0.974396 -0.203770
vn 0.095145 -0.974325 -0.204057
vn -0.005640 -0.999945 0.008808
vn -0.004318 -0.999948 0.009197
vn -0.006813 -0.999944 0.008058
vn -0.373768 -0.813574 0.445415
vn -0.312881 -0.813715 0.489871
vn -0.245464 -0.814032 0.526402
vn -0.007735 -0.999946 0.007016
vn -0.428055 -0.813771 0.393123
vn -0.640978 -0.492498 0.588722
vn -0.559446 -0.492452 0.666717
vn -0.468501 -0.492385 0.733529
vn -0.367854 -0.492269 0.788895
vn 0.044682 -0.073923 -0.996262
vn -0.086922 -0.073636 -0.993490
vn 0.173168 -0.074040 -0.982105
vn 0.156050 -0.438681 -0.884990
vn 0.040267 -0.438831 -0.897667
vn -0.078308 -0.438701 -0.895215
vn 0.298760 -0.073919 -0.951461
vn 0.269235 -0.438603 -0.857403
vn 0.067306 -0.974441 -0.214324
vn 0.146193 -0.872827 -0.465619
vn 0.039039 -0.974412 -0.221354
vn 0.084765 -0.872770 -0.480715
vn 0.010063 -0.974447 -0.224391
vn 0.021868 -0.872931 -0.487353
vn -0.019569 -0.974486 -0.223594
vn -0.042508 -0.873011 -0.485845
vn 0.010070 -0.974383 -0.224668
vn -0.019602 -0.974405 -0.223943
vn 0.039067 -0.974372 -0.221526
vn 0.039093 -0.974335 -0.221684
vn 0.010075 -0.974339 -0.224861
vn -0.019615 -0.974370 -0.224095
vn 0.067364 -0.974401 -0.214489
vn 0.067434 -0.974344 -0.214725
vn 0.067316 -0.974427 -0.214385
vn 0.067436 -0.974342 -0.214732
vn 0.039006 -0.974428 -0.221289
vn 0.039077 -0.974347 -0.221631
vn 0.010063 -0.974405 -0.224574
vn 0.010073 -0.974346 -0.224829
vn -0.019593 -0.974394 -0.223991
vn -0.019605 -0.974377 -0.224066
vn -0.000457 -0.999946 0.010416
vn 0.000889 -0.999948 0.010130
vn -0.001830 -0.999945 0.010345
vn -0.100907 -0.813788 0.572335
vn -0.026004 -0.813881 0.580449
vn 0.050634 -0.814033 0.578608
vn -0.003146 -0.999946 0.009912
vn -0.174081 -0.813860 0.554371
vn -0.260829 -0.491936 0.830643
vn -0.151184 -0.491942 0.857401
vn -0.038987 -0.492307 0.869548
vn 0.075840 -0.492664 0.866909
vn -0.459472 -0.073469 -0.885148
vn -0.572020 -0.073525 -0.816938
vn -0.341127 -0.073288 -0.937156
vn -0.307517 -0.437685 -0.844905
vn -0.414298 -0.437323 -0.798190
vn -0.515852 -0.437093 -0.736781
vn -0.217029 -0.073356 -0.973405
vn -0.195577 -0.438278 -0.877304
vn -0.048863 -0.974474 -0.219121
vn -0.106166 -0.872956 -0.476106
vn -0.076853 -0.974443 -0.211078
vn -0.167069 -0.872619 -0.458937
vn -0.103574 -0.974413 -0.199480
vn -0.225323 -0.872254 -0.434054
vn -0.128974 -0.974400 -0.184148
vn -0.280755 -0.872018 -0.400950
vn -0.103429 -0.974477 -0.199242
vn -0.128764 -0.974485 -0.183845
vn -0.076813 -0.974452 -0.211051
vn -0.076852 -0.974412 -0.211221
vn -0.103501 -0.974429 -0.199439
vn -0.128840 -0.974443 -0.184013
vn -0.048897 -0.974422 -0.219343
vn -0.048916 -0.974393 -0.219465
vn -0.048929 -0.974385 -0.219497
vn -0.048925 -0.974386 -0.219494
vn -0.076916 -0.974380 -0.211347
vn -0.076915 -0.974376 -0.211368
vn -0.103581 -0.974393 -0.199575
vn -0.103616 -0.974372 -0.199656
vn -0.128894 -0.974423 -0.184081
vn -0.128962 -0.974392 -0.184196
vn 0.004828 -0.999946 0.009222
vn 0.005841 -0.999949 0.008305
vn 0.003609 -0.999945 0.009892
vn 0.198794 -0.813826 0.546048
vn 0.267533 -0.814188 0.515290
vn 0.332776 -0.814507 0.475224
vn 0.002266 -0.999945 0.010207
vn 0.126467 -0.813787 0.567236
vn 0.189354 -0.492563 0.849427
vn 0.297657 -0.492606 0.817765
vn 0.400866 -0.492931 0.772222
vn 0.498985 -0.493102 0.712646
vn -0.840546 -0.072339 -0.536889
vn -0.903919 -0.072509 -0.421513
vn -0.764012 -0.072626 -0.641101
vn -0.688961 -0.437088 -0.578175
vn -0.757930 -0.437199 -0.484148
vn -0.815028 -0.437358 -0.380062
vn -0.674633 -0.073164 -0.734519
vn -0.608382 -0.437069 -0.662452
vn -0.152088 -0.974407 -0.165529
vn -0.330823 -0.872255 -0.360177
vn -0.172105 -0.974446 -0.144345
vn -0.374155 -0.872606 -0.313954
vn -0.189184 -0.974486 -0.120779
vn -0.411266 -0.872846 -0.262680
vn -0.203419 -0.974490 -0.094817
vn -0.442367 -0.872798 -0.206240
vn -0.189298 -0.974449 -0.120898
vn -0.203602 -0.974440 -0.094933
vn -0.172065 -0.974449 -0.144370
vn -0.172124 -0.974428 -0.144445
vn -0.189406 -0.974412 -0.121027
vn -0.203776 -0.974392 -0.095056
vn -0.151913 -0.974463 -0.165362
vn -0.151971 -0.974440 -0.165443
vn -0.151997 -0.974428 -0.165491
vn -0.152063 -0.974408 -0.165548
vn -0.172150 -0.974423 -0.144446
vn -0.172188 -0.974411 -0.144478
vn -0.189426 -0.974415 -0.120968
vn -0.189469 -0.974398 -0.121034
vn -0.203715 -0.974411 -0.094988
vn -0.203851 -0.974374 -0.095081
vn 0.008834 -0.999945 0.005600
vn 0.009250 -0.999948 0.004281
vn 0.008089 -0.999944 0.006791
vn 0.445412 -0.813583 0.373754
vn 0.490074 -0.813544 0.313007
vn 0.526614 -0.813864 0.245567
vn 0.007062 -0.999945 0.007716
vn 0.392880 -0.814034 0.427777
vn 0.588682 -0.492541 0.640981
vn 0.666897 -0.492002 0.559627
vn 0.733714 -0.491965 0.468651
vn 0.788901 -0.492238 0.367882
vn -0.996318 -0.073181 -0.044660
vn -0.993555 -0.072741 0.086935
vn -0.982148 -0.073439 -0.173183
vn -0.885288 -0.438057 -0.156113
vn -0.898077 -0.437991 -0.040278
vn -0.895726 -0.437648 0.078356
vn -0.951516 -0.073071 -0.298796
vn -0.857787 -0.437777 -0.269356
vn -0.214358 -0.974435 -0.067282
vn -0.465774 -0.872740 -0.146216
vn -0.221417 -0.974398 -0.039025
vn -0.480838 -0.872702 -0.084778
vn -0.224483 -0.974426 -0.010059
vn -0.487525 -0.872835 -0.021873
vn -0.223673 -0.974468 0.019566
vn -0.486076 -0.872881 0.042524
vn -0.224738 -0.974367 -0.010069
vn -0.224007 -0.974391 0.019595
vn -0.221553 -0.974366 -0.039064
vn -0.221685 -0.974334 -0.039092
vn -0.224848 -0.974342 -0.010076
vn -0.224107 -0.974367 0.019617
vn -0.214500 -0.974399 -0.067354
vn -0.214680 -0.974355 -0.067424
vn -0.214438 -0.974414 -0.067336
vn -0.214726 -0.974343 -0.067436
vn -0.221324 -0.974419 -0.039019
vn -0.221666 -0.974339 -0.039082
vn -0.224571 -0.974406 -0.010062
vn -0.224792 -0.974355 -0.010072
vn -0.224008 -0.974390 0.019600
vn -0.224062 -0.974377 0.019614
vn 0.010452 -0.999945 0.000458
vn 0.010168 -0.999948 -0.000877
vn 0.010387 -0.999944 0.001825
vn 0.572278 -0.813826 0.100922
vn 0.580437 -0.813889 0.026025
vn 0.578660 -0.813996 -0.050619
vn 0.009976 -0.999945 0.003126
vn 0.554418 -0.813823 0.174110
vn 0.830514 -0.492170 0.260796
vn 0.857288 -0.492144 0.151166
vn 0.869513 -0.492369 0.038983
vn 0.866919 -0.492643 -0.075854
vn -0.885170 -0.073195 0.459474
vn -0.816951 -0.073239 0.572038
vn -0.937187 -0.072983 0.341106
vn -0.845046 -0.437378 0.307568
vn -0.798182 -0.437300 0.414336
vn -0.736666 -0.437280 0.515858
vn -0.973459 -0.072709 0.217007
vn -0.877681 -0.437489 0.195650
vn -0.219229 -0.974450 0.048852
vn -0.476303 -0.872846 0.106186
vn -0.211217 -0.974414 0.076844
vn -0.458984 -0.872600 0.167044
vn -0.199520 -0.974410 0.103524
vn -0.433834 -0.872405 0.225161
vn -0.184108 -0.974421 0.128875
vn -0.400524 -0.872322 0.280419
vn -0.199388 -0.974440 0.103498
vn -0.183998 -0.974447 0.128831
vn -0.211212 -0.974412 0.076878
vn -0.211214 -0.974410 0.076902
vn -0.199422 -0.974428 0.103542
vn -0.184057 -0.974427 0.128903
vn -0.219445 -0.974398 0.048910
vn -0.219490 -0.974386 0.048952
vn -0.219493 -0.974387 0.048923
vn -0.219466 -0.974392 0.048934
vn -0.211246 -0.974405 0.076881
vn -0.211230 -0.974408 0.076882
vn -0.199455 -0.974424 0.103520
vn -0.199498 -0.974411 0.103556
vn -0.184039 -0.974437 0.128847
vn -0.184134 -0.974407 0.128941
vn 0.009283 -0.999945 -0.004808
vn 0.008352 -0.999948 -0.005822
vn 0.009931 -0.999944 -0.003592
vn 0.546395 -0.813576 -0.198861
vn 0.515747 -0.813846 -0.267696
vn 0.475583 -0.814231 -0.332940
vn 0.010231 -0.999945 -0.002252
vn 0.567403 -0.813670 -0.126470
vn 0.849500 -0.492425 -0.189390
vn 0.817946 -0.492253 -0.297743
vn 0.772476 -0.492408 -0.401017
vn 0.712823 -0.492690 -0.499139
vn -0.536797 -0.074006 0.840460
vn -0.421445 -0.073972 0.903832
vn -0.641036 -0.073690 0.763965
vn -0.577799 -0.438168 0.688590
vn -0.483750 -0.438575 0.757389
vn -0.379773 -0.438627 0.814481
vn -0.734500 -0.073358 0.674633
vn -0.662197 -0.437655 0.608237
vn -0.165616 -0.974392 0.152088
vn -0.359852 -0.872514 0.330493
vn -0.144665 -0.974354 0.172356
vn -0.313940 -0.872635 0.374100
vn -0.121183 -0.974341 0.189671
vn -0.262859 -0.872696 0.411469
vn -0.095087 -0.974375 0.203843
vn -0.206347 -0.872746 0.442420
vn -0.121316 -0.974273 0.189935
vn -0.095221 -0.974293 0.204169
vn -0.144759 -0.974308 0.172538
vn -0.144633 -0.974348 0.172415
vn -0.121125 -0.974344 0.189690
vn -0.095078 -0.974357 0.203932
vn -0.165614 -0.974386 0.152130
vn -0.165605 -0.974386 0.152139
vn -0.165473 -0.974436 0.151962
vn -0.165573 -0.974402 0.152073
vn -0.144386 -0.974448 0.172058
vn -0.144456 -0.974422 0.172145
vn -0.120843 -0.974468 0.189233
vn -0.120875 -0.974457 0.189271
vn -0.094867 -0.974471 0.203486
vn -0.094877 -0.974464 0.203514
vn 0.005611 -0.999946 -0.008810
vn 0.004301 -0.999948 -0.009227
vn 0.006776 -0.999945 -0.008055
vn 0.373507 -0.813862 -0.445108
vn 0.312779 -0.813831 -0.489743
vn 0.245496 -0.813996 -0.526443
vn 0.007711 -0.999946 -0.007030
vn 0.427802 -0.814042 -0.392837
vn 0.640931 -0.492615 -0.588675
vn 0.559413 -0.492526 -0.666689
vn 0.468477 -0.492466 -0.733490
vn 0.367794 -0.492571 -0.788734
vn -0.044664 -0.073302 0.996309
vn 0.086921 -0.073569 0.993495
vn -0.173181 -0.073329 0.982157
vn -0.156074 -0.438342 0.885154
vn -0.040257 -0.438076 0.898036
vn 0.078364 -0.437968 0.895569
vn -0.298772 -0.073635 0.951480
vn -0.269226 -0.438573 0.857421
vn -0.067347 -0.974427 0.214374
vn -0.146136 -0.872995 0.465322
vn -0.039002 -0.974479 0.221065
vn -0.084686 -0.873076 0.480173
vn -0.010057 -0.974511 0.224116
vn -0.021863 -0.872915 0.487382
vn 0.019561 -0.974508 0.223499
vn 0.042577 -0.872636 0.486512
vn -0.010057 -0.974483 0.224237
vn 0.019554 -0.974531 0.223397
vn -0.039050 -0.974393 0.221437
vn -0.039064 -0.974351 0.221616
vn -0.010063 -0.974412 0.224546
vn 0.019576 -0.974466 0.223681
vn -0.067454 -0.974330 0.214782
vn -0.067414 -0.974343 0.214736
vn -0.067328 -0.974417 0.214427
vn -0.067331 -0.974408 0.214464
vn -0.039069 -0.974360 0.221579
vn -0.039065 -0.974359 0.221580
vn -0.010073 -0.974340 0.224858
vn -0.010071 -0.974357 0.224784
vn 0.019615 -0.974357 0.224153
vn 0.019602 -0.974383 0.224039
vn 0.000460 -0.999946 -0.010430
vn -0.000887 -0.999948 -0.010149
vn 0.001835 -0.999945 -0.010376
vn 0.100922 -0.813839 -0.572259
vn 0.026000 -0.813897 -0.580427
vn -0.050646 -0.814006 -0.578644
vn 0.003143 -0.999945 -0.009963
vn 0.174120 -0.813856 -0.554365
vn 0.260720 -0.492677 -0.830237
vn 0.151087 -0.492884 -0.856877
vn 0.038940 -0.492951 -0.869186
vn -0.075860 -0.492874 -0.866788
vn 0.459463 -0.073404 0.885159
vn 0.572029 -0.073019 0.816977
vn 0.341078 -0.073965 0.937121
vn 0.307388 -0.438383 0.844590
vn 0.414121 -0.438042 0.797887
vn 0.515672 -0.437781 0.736499
vn 0.216981 -0.073957 0.973370
vn 0.195579 -0.438284 0.877301
vn 0.048871 -0.974467 0.219148
vn 0.106281 -0.872665 0.476614
vn 0.076838 -0.974449 0.211055
vn 0.166976 -0.872745 0.458731
vn 0.103433 -0.974482 0.199216
vn 0.224819 -0.872834 0.433148
vn 0.128712 -0.974506 0.183769
vn 0.279921 -0.872834 0.399755
vn 0.103461 -0.974469 0.199263
vn 0.128791 -0.974476 0.183874
vn 0.076821 -0.974456 0.211032
vn 0.076846 -0.974434 0.211123
vn 0.103517 -0.974430 0.199423
vn 0.128885 -0.974430 0.184053
vn 0.048841 -0.974492 0.219044
vn 0.048872 -0.974459 0.219183
vn 0.048932 -0.974380 0.219522
vn 0.048912 -0.974405 0.219413
vn 0.076876 -0.974403 0.211256
vn 0.076871 -0.974414 0.211207
vn 0.103517 -0.974423 0.199462
vn 0.103547 -0.974409 0.199513
vn 0.128849 -0.974433 0.184062
vn 0.128925 -0.974406 0.184150
vn -0.004829 -0.999946 -0.009262
vn -0.005846 -0.999948 -0.008316
vn -0.003608 -0.999945 -0.009899
vn -0.198933 -0.813455 -0.546550
vn -0.267922 -0.813525 -0.516135
vn -0.333311 -0.813824 -0.476020
vn -0.002262 -0.999945 -0.010204
vn -0.126492 -0.813667 -0.567402
vn -0.189383 -0.492420 -0.849503
vn -0.297757 -0.492023 -0.818079
vn -0.401123 -0.491875 -0.772761
vn -0.499339 -0.492030 -0.713139
vn 0.840448 -0.074073 0.536806
vn 0.903835 -0.073721 0.421482
vn 0.763941 -0.074036 0.641025
vn 0.688328 -0.438876 0.577575
vn 0.757183 -0.439023 0.483665
vn 0.814385 -0.438767 0.379817
vn 0.674611 -0.073440 0.734511
vn 0.608028 -0.438279 0.661977
vn 0.151943 -0.974452 0.165396
vn 0.330048 -0.872913 0.359293
vn 0.172277 -0.974389 0.144522
vn 0.373731 -0.872924 0.313575
vn 0.189567 -0.974378 0.121043
vn 0.411072 -0.872975 0.262552
vn 0.203699 -0.974416 0.094971
vn 0.442037 -0.872992 0.206126
vn 0.189924 -0.974277 0.121298
vn 0.204134 -0.974306 0.095166
vn 0.172506 -0.974315 0.144750
vn 0.172435 -0.974333 0.144713
vn 0.189774 -0.974314 0.121233
vn 0.204017 -0.974334 0.095137
vn 0.152077 -0.974406 0.165547
vn 0.152123 -0.974386 0.165619
vn 0.151970 -0.974431 0.165499
vn 0.152083 -0.974395 0.165604
vn 0.172068 -0.974445 0.144391
vn 0.172226 -0.974398 0.144525
vn 0.189214 -0.974470 0.120854
vn 0.189424 -0.974412 0.120993
vn 0.203471 -0.974473 0.094876
vn 0.203673 -0.974420 0.094991
vn -0.008815 -0.999946 -0.005590
vn -0.009233 -0.999948 -0.004323
vn -0.008081 -0.999945 -0.006758
vn -0.445146 -0.813851 -0.373485
vn -0.489546 -0.814008 -0.312628
vn -0.526254 -0.814151 -0.245387
vn -0.007066 -0.999946 -0.007691
vn -0.393142 -0.813769 -0.428042
vn -0.588844 -0.492166 -0.641120
vn -0.666746 -0.492398 -0.559459
vn -0.733480 -0.492483 -0.468473
vn -0.788750 -0.492530 -0.367814
vn 0.996309 -0.073297 0.044668
vn 0.982160 -0.073247 0.173193
vn 0.885146 -0.438355 0.156083
vn 0.898020 -0.438108 0.040256
vn 0.951487 -0.073402 0.298806
vn 0.857397 -0.438591 0.269274
vn 0.214295 -0.974449 0.067283
vn 0.465081 -0.873140 0.146037
vn 0.221176 -0.974454 0.039009
vn 0.480143 -0.873094 0.084672
vn 0.224482 -0.974426 0.010077
vn 0.487503 -0.872848 0.021870
vn 0.224645 -0.974389 0.010082
vn 0.221498 -0.974378 0.039062
vn 0.221523 -0.974373 0.039057
vn 0.224522 -0.974417 0.010068
vn 0.214708 -0.974349 0.067409
vn 0.214705 -0.974349 0.067417
vn 0.214419 -0.974419 0.067327
vn 0.214522 -0.974393 0.067366
vn 0.221494 -0.974379 0.039055
vn 0.221449 -0.974390 0.039041
vn 0.224549 -0.974411 0.010056
vn 0.224400 -0.974445 0.010056
vn -0.010482 -0.999945 -0.000435
vn -0.010403 -0.999944 -0.001820
vn -0.572362 -0.813770 -0.100901
vn -0.580474 -0.813864 -0.026000
vn -0.009977 -0.999945 -0.003153
vn -0.554365 -0.813865 -0.174080
vn -0.830313 -0.492531 -0.260755
vn -0.856943 -0.492766 -0.151101
vn -0.869204 -0.492918 -0.038948
s 1
g Cup_Cover
usemtl cup_Mat
f 1/1/1 2547/2571/2 3819/1299/3 2550/2574/4
f 2547/2571/2 2/2/5 2548/2572/6 3819/1299/3
f 3819/1299/3 2548/2572/6 3/3/7 2549/2573/8
f 2550/2574/4 3819/1299/3 2549/2573/8 4/4/9
f 2/2/5 2551/2575/10 3820/1300/11 2548/2572/6
f 2551/2575/10 5/5/12 2552/2576/13 3820/1300/11
f 3820/1300/11 2552/2576/13 6/6/14 2553/2577/15
f 2548/2572/6 3820/1300/11 2553/2577/15 3/3/7
f 7/7/16 2554/2578/17 3821/1301/18 2556/2580/19
f 2554/2578/17 8/8/20 2555/2579/21 3821/1301/18
f 3821/1301/18 2555/2579/21 3/3/7 2553/2577/15
f 2556/2580/19 3821/1301/18 2553/2577/15 6/6/14
f 8/8/20 2557/2581/22 3822/1302/23 2555/2579/21
f 2557/2581/22 9/9/24 2558/2582/25 3822/1302/23
f 3822/1302/23 2558/2582/25 4/4/9 2549/2573/8
f 2555/2579/21 3822/1302/23 2549/2573/8 3/3/7
f 5/5/12 2559/2583/26 3823/1303/27 2552/2576/13
f 2559/2583/26 10/10/28 2560/2584/29 3823/1303/27
f 3823/1303/27 2560/2584/29 11/11/30 2561/2585/31
f 2552/2576/13 3823/1303/27 2561/2585/31 6/6/14
f 10/10/28 2562/2586/32 3824/1304/33 2560/2584/29
f 2562/2586/32 12/12/34 2563/2587/35 3824/1304/33
f 3824/1304/33 2563/2587/35 13/13/36 2564/2588/37
f 2560/2584/29 3824/1304/33 2564/2588/37 11/11/30
f 14/14/38 2565/2589/39 3825/1305/40 2567/2591/41
f 2565/2589/39 15/15/42 2566/2590/43 3825/1305/40
f 3825/1305/40 2566/2590/43 11/11/30 2564/2588/37
f 2567/2591/41 3825/1305/40 2564/2588/37 13/13/36
f 15/15/42 2568/2592/44 3826/1306/45 2566/2590/43
f 2568/2592/44 7/7/16 2556/2580/19 3826/1306/45
f 3826/1306/45 2556/2580/19 6/6/14 2561/2585/31
f 2566/2590/43 3826/1306/45 2561/2585/31 11/11/30
f 12/12/34 2569/2593/46 3827/1307/47 2563/2587/35
f 2569/2593/46 16/16/48 2570/2594/49 3827/1307/47
f 3827/1307/47 2570/2594/49 17/17/50 2571/2595/51
f 2563/2587/35 3827/1307/47 2571/2595/51 13/13/36
f 16/16/48 2572/2596/52 3828/1308/53 2570/2594/49
f 2572/2596/52 18/18/54 2573/2597/55 3828/1308/53
f 3828/1308/53 2573/2597/55 19/19/56 2574/2598/57
f 2570/2594/49 3828/1308/53 2574/2598/57 17/17/50
f 20/20/58 2575/2599/59 3829/1309/60 2577/2601/61
f 2575/2599/59 21/21/62 2576/2600/63 3829/1309/60
f 3829/1309/60 2576/2600/63 17/17/50 2574/2598/57
f 2577/2601/61 3829/1309/60 2574/2598/57 19/19/56
f 21/21/62 2578/2602/64 3830/1310/65 2576/2600/63
f 2578/2602/64 14/14/38 2567/2591/41 3830/1310/65
f 3830/1310/65 2567/2591/41 13/13/36 2571/2595/51
f 2576/2600/63 3830/1310/65 2571/2595/51 17/17/50
f 18/18/54 2579/2603/66 3831/1311/67 2573/2597/55
f 2579/2603/66 22/22/68 2580/2604/69 3831/1311/67
f 3831/1311/67 2580/2604/69 23/23/70 2581/2605/71
f 2573/2597/55 3831/1311/67 2581/2605/71 19/19/56
f 22/22/68 2582/2606/72 3832/1312/73 2580/2604/69
f 2582/2606/72 24/24/74 2583/2607/75 3832/1312/73
f 3832/1312/73 2583/2607/75 25/25/76 2584/2608/77
f 2580/2604/69 3832/1312/73 2584/2608/77 23/23/70
f 26/26/78 2585/2609/79 3833/1313/80 2587/2611/81
f 2585/2609/79 27/27/82 2586/2610/83 3833/1313/80
f 3833/1313/80 2586/2610/83 23/23/70 2584/2608/77
f 2587/2611/81 3833/1313/80 2584/2608/77 25/25/76
f 27/27/82 2588/2612/84 3834/1314/85 2586/2610/83
f 2588/2612/84 20/20/58 2577/2601/61 3834/1314/85
f 3834/1314/85 2577/2601/61 19/19/56 2581/2605/71
f 2586/2610/83 3834/1314/85 2581/2605/71 23/23/70
f 24/24/74 2589/2613/86 3835/1315/87 2583/2607/75
f 2589/2613/86 28/28/88 2590/2614/89 3835/1315/87
f 3835/1315/87 2590/2614/89 29/29/90 2591/2615/91
f 2583/2607/75 3835/1315/87 2591/2615/91 25/25/76
f 28/28/88 2592/2616/92 3836/1316/93 2590/2614/89
f 2592/2616/92 30/30/94 2593/2617/95 3836/1316/93
f 3836/1316/93 2593/2617/95 31/31/96 2594/2618/97
f 2590/2614/89 3836/1316/93 2594/2618/97 29/29/90
f 32/32/98 2595/2619/99 3837/1317/100 2597/2621/101
f 2595/2619/99 33/33/102 2596/2620/103 3837/1317/100
f 3837/1317/100 2596/2620/103 29/29/90 2594/2618/97
f 2597/2621/101 3837/1317/100 2594/2618/97 31/31/96
f 33/33/102 2598/2622/104 3838/1318/105 2596/2620/103
f 2598/2622/104 26/26/78 2587/2611/81 3838/1318/105
f 3838/1318/105 2587/2611/81 25/25/76 2591/2615/91
f 2596/2620/103 3838/1318/105 2591/2615/91 29/29/90
f 30/30/94 2599/2623/106 3839/1319/107 2593/2617/95
f 2599/2623/106 34/34/108 2600/2624/109 3839/1319/107
f 3839/1319/107 2600/2624/109 35/35/110 2601/2625/111
f 2593/2617/95 3839/1319/107 2601/2625/111 31/31/96
f 34/34/108 2602/2626/112 3840/1320/113 2600/2624/109
f 2602/2626/112 36/36/114 2603/2627/115 3840/1320/113
f 3840/1320/113 2603/2627/115 37/37/116 2604/2628/117
f 2600/2624/109 3840/1320/113 2604/2628/117 35/35/110
f 38/38/118 2605/2629/119 3841/1321/120 2607/2631/121
f 2605/2629/119 39/39/122 2606/2630/123 3841/1321/120
f 3841/1321/120 2606/2630/123 35/35/110 2604/2628/117
f 2607/2631/121 3841/1321/120 2604/2628/117 37/37/116
f 39/39/122 2608/2632/124 3842/1322/125 2606/2630/123
f 2608/2632/124 32/32/98 2597/2621/101 3842/1322/125
f 3842/1322/125 2597/2621/101 31/31/96 2601/2625/111
f 2606/2630/123 3842/1322/125 2601/2625/111 35/35/110
f 36/36/114 2609/2633/126 3843/1323/127 2603/2627/115
f 2609/2633/126 40/40/128 2610/2634/129 3843/1323/127
f 3843/1323/127 2610/2634/129 41/41/130 2611/2635/131
f 2603/2627/115 3843/1323/127 2611/2635/131 37/37/116
f 40/40/128 2612/2636/132 3844/1324/133 2610/2634/129
f 2612/2636/132 42/42/134 2613/2637/135 3844/1324/133
f 3844/1324/133 2613/2637/135 43/43/136 2614/2638/137
f 2610/2634/129 3844/1324/133 2614/2638/137 41/41/130
f 44/44/138 2615/2639/139 3845/1325/140 2617/2641/141
f 2615/2639/139 45/45/142 2616/2640/143 3845/1325/140
f 3845/1325/140 2616/2640/143 41/41/130 2614/2638/137
f 2617/2641/141 3845/1325/140 2614/2638/137 43/43/136
f 45/45/142 2618/2642/144 3846/1326/145 2616/2640/143
f 2618/2642/144 38/38/118 2607/2631/121 3846/1326/145
f 3846/1326/145 2607/2631/121 37/37/116 2611/2635/131
f 2616/2640/143 3846/1326/145 2611/2635/131 41/41/130
f 42/42/134 2619/2643/146 3847/1327/147 2613/2637/135
f 2619/2643/146 46/46/148 2620/2644/149 3847/1327/147
f 3847/1327/147 2620/2644/149 47/47/150 2621/2645/151
f 2613/2637/135 3847/1327/147 2621/2645/151 43/43/136
f 46/46/148 2622/2646/152 3848/1328/153 2620/2644/149
f 2622/2646/152 48/48/154 2623/2647/155 3848/1328/153
f 3848/1328/153 2623/2647/155 49/49/156 2624/2648/157
f 2620/2644/149 3848/1328/153 2624/2648/157 47/47/150
f 50/50/158 2625/2649/159 3849/1329/160 2627/2651/161
f 2625/2649/159 51/51/162 2626/2650/163 3849/1329/160
f 3849/1329/160 2626/2650/163 47/47/150 2624/2648/157
f 2627/2651/161 3849/1329/160 2624/2648/157 49/49/156
f 51/51/162 2628/2652/164 3850/1330/165 2626/2650/163
f 2628/2652/164 44/44/138 2617/2641/141 3850/1330/165
f 3850/1330/165 2617/2641/141 43/43/136 2621/2645/151
f 2626/2650/163 3850/1330/165 2621/2645/151 47/47/150
f 48/48/154 2629/2653/166 3851/1331/167 2623/2647/155
f 2629/2653/166 52/52/168 2630/2654/169 3851/1331/167
f 3851/1331/167 2630/2654/169 53/53/170 2631/2655/171
f 2623/2647/155 3851/1331/167 2631/2655/171 49/49/156
f 52/52/168 2632/2656/172 3852/1332/173 2630/2654/169
f 2632/2656/172 54/54/174 2633/2657/175 3852/1332/173
f 3852/1332/173 2633/2657/175 55/55/176 2634/2658/177
f 2630/2654/169 3852/1332/173 2634/2658/177 53/53/170
f 56/56/178 2635/2659/179 3853/1333/180 2637/2661/181
f 2635/2659/179 57/57/182 2636/2660/183 3853/1333/180
f 3853/1333/180 2636/2660/183 53/53/170 2634/2658/177
f 2637/2661/181 3853/1333/180 2634/2658/177 55/55/176
f 57/57/182 2638/2662/184 3854/1334/185 2636/2660/183
f 2638/2662/184 50/50/158 2627/2651/161 3854/1334/185
f 3854/1334/185 2627/2651/161 49/49/156 2631/2655/171
f 2636/2660/183 3854/1334/185 2631/2655/171 53/53/170
f 54/54/174 2639/2663/186 3855/1335/187 2633/2657/175
f 2639/2663/186 58/58/188 2640/2664/189 3855/1335/187
f 3855/1335/187 2640/2664/189 59/59/190 2641/2665/191
f 2633/2657/175 3855/1335/187 2641/2665/191 55/55/176
f 58/58/188 2642/2666/192 3856/1336/193 2640/2664/189
f 2642/2666/192 60/60/194 2643/2667/195 3856/1336/193
f 3856/1336/193 2643/2667/195 61/61/196 2644/2668/197
f 2640/2664/189 3856/1336/193 2644/2668/197 59/59/190
f 62/62/198 2645/2669/199 3857/1337/200 2647/2671/201
f 2645/2669/199 63/63/202 2646/2670/203 3857/1337/200
f 3857/1337/200 2646/2670/203 59/59/190 2644/2668/197
f 2647/2671/201 3857/1337/200 2644/2668/197 61/61/196
f 63/63/202 2648/2672/204 3858/1338/205 2646/2670/203
f 2648/2672/204 56/56/178 2637/2661/181 3858/1338/205
f 3858/1338/205 2637/2661/181 55/55/176 2641/2665/191
f 2646/2670/203 3858/1338/205 2641/2665/191 59/59/190
f 60/60/194 2649/2673/206 3859/1339/207 2643/2667/195
f 2649/2673/206 64/64/208 2650/2674/209 3859/1339/207
f 3859/1339/207 2650/2674/209 65/65/210 2651/2675/211
f 2643/2667/195 3859/1339/207 2651/2675/211 61/61/196
f 64/64/208 2652/2676/212 3860/1340/213 2650/2674/209
f 2652/2676/212 66/66/214 2653/2677/215 3860/1340/213
f 3860/1340/213 2653/2677/215 67/67/216 2654/2678/217
f 2650/2674/209 3860/1340/213 2654/2678/217 65/65/210
f 68/68/218 2655/2679/219 3861/1341/220 2657/2681/221
f 2655/2679/219 69/69/222 2656/2680/223 3861/1341/220
f 3861/1341/220 2656/2680/223 65/65/210 2654/2678/217
f 2657/2681/221 3861/1341/220 2654/2678/217 67/67/216
f 69/69/222 2658/2682/224 3862/1342/225 2656/2680/223
f 2658/2682/224 62/62/198 2647/2671/201 3862/1342/225
f 3862/1342/225 2647/2671/201 61/61/196 2651/2675/211
f 2656/2680/223 3862/1342/225 2651/2675/211 65/65/210
f 66/66/214 2659/2683/226 3863/1343/227 2653/2677/215
f 2659/2683/226 70/70/228 2660/2684/229 3863/1343/227
f 3863/1343/227 2660/2684/229 71/71/230 2661/2685/231
f 2653/2677/215 3863/1343/227 2661/2685/231 67/67/216
f 70/70/228 2662/2686/232 3864/1344/233 2660/2684/229
f 2662/2686/232 1/1/1 2550/2574/4 3864/1344/233
f 3864/1344/233 2550/2574/4 4/4/9 2663/2687/234
f 2660/2684/229 3864/1344/233 2663/2687/234 71/71/230
f 9/9/24 2664/2688/235 3865/1345/236 2558/2582/25
f 2664/2688/235 72/72/237 2665/2689/238 3865/1345/236
f 3865/1345/236 2665/2689/238 71/71/230 2663/2687/234
f 2558/2582/25 3865/1345/236 2663/2687/234 4/4/9
f 72/72/237 2666/2690/239 3866/1346/240 2665/2689/238
f 2666/2690/239 68/68/218 2657/2681/221 3866/1346/240
f 3866/1346/240 2657/2681/221 67/67/216 2661/2685/231
f 2665/2689/238 3866/1346/240 2661/2685/231 71/71/230
f 73/73/241 2667/2691/242 3867/1347/243 2670/2694/244
f 2667/2691/242 74/74/245 2668/2692/246 3867/1347/243
f 3867/1347/243 2668/2692/246 75/75/247 2669/2693/248
f 2670/2694/244 3867/1347/243 2669/2693/248 76/76/249
f 74/74/245 2671/2695/250 3868/1348/251 2668/2692/246
f 2671/2695/250 77/77/252 2672/2696/253 3868/1348/251
f 3868/1348/251 2672/2696/253 78/78/254 2673/2697/255
f 2668/2692/246 3868/1348/251 2673/2697/255 75/75/247
f 79/79/256 2674/2698/257 3869/1349/258 2676/2700/259
f 2674/2698/257 80/80/260 2675/2699/261 3869/1349/258
f 3869/1349/258 2675/2699/261 75/75/247 2673/2697/255
f 2676/2700/259 3869/1349/258 2673/2697/255 78/78/254
f 80/80/260 2677/2701/262 3870/1350/263 2675/2699/261
f 2677/2701/262 81/81/264 2678/2702/265 3870/1350/263
f 3870/1350/263 2678/2702/265 76/76/249 2669/2693/248
f 2675/2699/261 3870/1350/263 2669/2693/248 75/75/247
f 77/77/252 2679/2703/266 3871/1351/267 2672/2696/253
f 2679/2703/266 82/82/268 2680/2704/269 3871/1351/267
f 3871/1351/267 2680/2704/269 83/83/270 2681/2705/271
f 2672/2696/253 3871/1351/267 2681/2705/271 78/78/254
f 82/82/268 2682/2706/272 3872/1352/273 2680/2704/269
f 2682/2706/272 84/84/274 2683/2707/275 3872/1352/273
f 3872/1352/273 2683/2707/275 85/85/276 2684/2708/277
f 2680/2704/269 3872/1352/273 2684/2708/277 83/83/270
f 86/86/278 2685/2709/279 3873/1353/280 2687/2711/281
f 2685/2709/279 87/87/282 2686/2710/283 3873/1353/280
f 3873/1353/280 2686/2710/283 83/83/270 2684/2708/277
f 2687/2711/281 3873/1353/280 2684/2708/277 85/85/276
f 87/87/282 2688/2712/284 3874/1354/285 2686/2710/283
f 2688/2712/284 79/79/256 2676/2700/259 3874/1354/285
f 3874/1354/285 2676/2700/259 78/78/254 2681/2705/271
f 2686/2710/283 3874/1354/285 2681/2705/271 83/83/270
f 84/84/274 2689/2713/286 3875/1355/287 2683/2707/275
f 2689/2713/286 88/88/288 2690/2714/289 3875/1355/287
f 3875/1355/287 2690/2714/289 89/89/290 2691/2715/291
f 2683/2707/275 3875/1355/287 2691/2715/291 85/85/276
f 88/88/288 2692/2716/292 3876/1356/293 2690/2714/289
f 2692/2716/292 90/90/294 2693/2717/295 3876/1356/293
f 3876/1356/293 2693/2717/295 91/91/296 2694/2718/297
f 2690/2714/289 3876/1356/293 2694/2718/297 89/89/290
f 92/92/298 2695/2719/299 3877/1357/300 2697/2721/301
f 2695/2719/299 93/93/302 2696/2720/303 3877/1357/300
f 3877/1357/300 2696/2720/303 89/89/290 2694/2718/297
f 2697/2721/301 3877/1357/300 2694/2718/297 91/91/296
f 93/93/302 2698/2722/304 3878/1358/305 2696/2720/303
f 2698/2722/304 86/86/278 2687/2711/281 3878/1358/305
f 3878/1358/305 2687/2711/281 85/85/276 2691/2715/291
f 2696/2720/303 3878/1358/305 2691/2715/291 89/89/290
f 90/90/294 2699/2723/306 3879/1359/307 2693/2717/295
f 2699/2723/306 94/94/308 2700/2724/309 3879/1359/307
f 3879/1359/307 2700/2724/309 95/95/310 2701/2725/311
f 2693/2717/295 3879/1359/307 2701/2725/311 91/91/296
f 94/94/308 2702/2726/312 3880/1360/313 2700/2724/309
f 2702/2726/312 96/96/314 2703/2727/315 3880/1360/313
f 3880/1360/313 2703/2727/315 97/97/316 2704/2728/317
f 2700/2724/309 3880/1360/313 2704/2728/317 95/95/310
f 98/98/318 2705/2729/319 3881/1361/320 2707/2731/321
f 2705/2729/319 99/99/322 2706/2730/323 3881/1361/320
f 3881/1361/320 2706/2730/323 95/95/310 2704/2728/317
f 2707/2731/321 3881/1361/320 2704/2728/317 97/97/316
f 99/99/322 2708/2732/324 3882/1362/325 2706/2730/323
f 2708/2732/324 92/92/298 2697/2721/301 3882/1362/325
f 3882/1362/325 2697/2721/301 91/91/296 2701/2725/311
f 2706/2730/323 3882/1362/325 2701/2725/311 95/95/310
f 96/96/314 2709/2733/326 3883/1363/327 2703/2727/315
f 2709/2733/326 100/100/328 2710/2734/329 3883/1363/327
f 3883/1363/327 2710/2734/329 101/101/330 2711/2735/331
f 2703/2727/315 3883/1363/327 2711/2735/331 97/97/316
f 100/100/328 2712/2736/332 3884/1364/333 2710/2734/329
f 2712/2736/332 102/102/334 2713/2737/335 3884/1364/333
f 3884/1364/333 2713/2737/335 103/103/336 2714/2738/337
f 2710/2734/329 3884/1364/333 2714/2738/337 101/101/330
f 104/104/338 2715/2739/339 3885/1365/340 2717/2741/341
f 2715/2739/339 105/105/342 2716/2740/343 3885/1365/340
f 3885/1365/340 2716/2740/343 101/101/330 2714/2738/337
f 2717/2741/341 3885/1365/340 2714/2738/337 103/103/336
f 105/105/342 2718/2742/344 3886/1366/345 2716/2740/343
f 2718/2742/344 98/98/318 2707/2731/321 3886/1366/345
f 3886/1366/345 2707/2731/321 97/97/316 2711/2735/331
f 2716/2740/343 3886/1366/345 2711/2735/331 101/101/330
f 102/102/334 2719/2743/346 3887/1367/347 2713/2737/335
f 2719/2743/346 106/106/348 2720/2744/349 3887/1367/347
f 3887/1367/347 2720/2744/349 107/107/350 2721/2745/351
f 2713/2737/335 3887/1367/347 2721/2745/351 103/103/336
f 106/106/348 2722/2746/352 3888/1368/353 2720/2744/349
f 2722/2746/352 108/108/354 2723/2747/355 3888/1368/353
f 3888/1368/353 2723/2747/355 109/109/356 2724/2748/357
f 2720/2744/349 3888/1368/353 2724/2748/357 107/107/350
f 110/110/358 2725/2749/359 3889/1369/360 2727/2751/361
f 2725/2749/359 111/111/362 2726/2750/363 3889/1369/360
f 3889/1369/360 2726/2750/363 107/107/350 2724/2748/357
f 2727/2751/361 3889/1369/360 2724/2748/357 109/109/356
f 111/111/362 2728/2752/364 3890/1370/365 2726/2750/363
f 2728/2752/364 104/104/338 2717/2741/341 3890/1370/365
f 3890/1370/365 2717/2741/341 103/103/336 2721/2745/351
f 2726/2750/363 3890/1370/365 2721/2745/351 107/107/350
f 108/108/354 2729/2753/366 3891/1371/367 2723/2747/355
f 2729/2753/366 112/112/368 2730/2754/369 3891/1371/367
f 3891/1371/367 2730/2754/369 113/113/370 2731/2755/371
f 2723/2747/355 3891/1371/367 2731/2755/371 109/109/356
f 112/112/368 2732/2756/372 3892/1372/373 2730/2754/369
f 2732/2756/372 114/114/374 2733/2757/375 3892/1372/373
f 3892/1372/373 2733/2757/375 115/115/376 2734/2758/377
f 2730/2754/369 3892/1372/373 2734/2758/377 113/113/370
f 116/116/378 2735/2759/379 3893/1373/380 2737/2761/381
f 2735/2759/379 117/117/382 2736/2760/383 3893/1373/380
f 3893/1373/380 2736/2760/383 113/113/370 2734/2758/377
f 2737/2761/381 3893/1373/380 2734/2758/377 115/115/376
f 117/117/382 2738/2762/384 3894/1374/385 2736/2760/383
f 2738/2762/384 110/110/358 2727/2751/361 3894/1374/385
f 3894/1374/385 2727/2751/361 109/109/356 2731/2755/371
f 2736/2760/383 3894/1374/385 2731/2755/371 113/113/370
f 114/114/374 2739/2763/386 3895/1375/387 2733/2757/375
f 2739/2763/386 118/118/388 2740/2764/389 3895/1375/387
f 3895/1375/387 2740/2764/389 119/119/390 2741/2765/391
f 2733/2757/375 3895/1375/387 2741/2765/391 115/115/376
f 118/118/388 2742/2766/392 3896/1376/393 2740/2764/389
f 2742/2766/392 120/120/394 2743/2767/395 3896/1376/393
f 3896/1376/393 2743/2767/395 121/121/396 2744/2768/397
f 2740/2764/389 3896/1376/393 2744/2768/397 119/119/390
f 122/122/398 2745/2769/399 3897/1377/400 2747/2771/401
f 2745/2769/399 123/123/402 2746/2770/403 3897/1377/400
f 3897/1377/400 2746/2770/403 119/119/390 2744/2768/397
f 2747/2771/401 3897/1377/400 2744/2768/397 121/121/396
f 123/123/402 2748/2772/404 3898/1378/405 2746/2770/403
f 2748/2772/404 116/116/378 2737/2761/381 3898/1378/405
f 3898/1378/405 2737/2761/381 115/115/376 2741/2765/391
f 2746/2770/403 3898/1378/405 2741/2765/391 119/119/390
f 120/120/394 2749/2773/406 3899/1379/407 2743/2767/395
f 2749/2773/406 124/124/408 2750/2774/409 3899/1379/407
f 3899/1379/407 2750/2774/409 125/125/410 2751/2775/411
f 2743/2767/395 3899/1379/407 2751/2775/411 121/121/396
f 124/124/408 2752/2776/412 3900/1380/413 2750/2774/409
f 2752/2776/412 126/126/414 2753/2777/415 3900/1380/413
f 3900/1380/413 2753/2777/415 127/127/416 2754/2778/417
f 2750/2774/409 3900/1380/413 2754/2778/417 125/125/410
f 128/128/418 2755/2779/419 3901/1381/420 2757/2781/421
f 2755/2779/419 129/129/422 2756/2780/423 3901/1381/420
f 3901/1381/420 2756/2780/423 125/125/410 2754/2778/417
f 2757/2781/421 3901/1381/420 2754/2778/417 127/127/416
f 129/129/422 2758/2782/424 3902/1382/425 2756/2780/423
f 2758/2782/424 122/122/398 2747/2771/401 3902/1382/425
f 3902/1382/425 2747/2771/401 121/121/396 2751/2775/411
f 2756/2780/423 3902/1382/425 2751/2775/411 125/125/410
f 126/126/414 2759/2783/426 3903/1383/427 2753/2777/415
f 2759/2783/426 130/130/428 2760/2784/429 3903/1383/427
f 3903/1383/427 2760/2784/429 131/131/430 2761/2785/431
f 2753/2777/415 3903/1383/427 2761/2785/431 127/127/416
f 130/130/428 2762/2786/432 3904/1384/433 2760/2784/429
f 2762/2786/432 132/132/434 2763/2787/435 3904/1384/433
f 3904/1384/433 2763/2787/435 133/133/436 2764/2788/437
f 2760/2784/429 3904/1384/433 2764/2788/437 131/131/430
f 134/134/438 2765/2789/439 3905/1385/440 2767/2791/441
f 2765/2789/439 135/135/442 2766/2790/443 3905/1385/440
f 3905/1385/440 2766/2790/443 131/131/430 2764/2788/437
f 2767/2791/441 3905/1385/440 2764/2788/437 133/133/436
f 135/135/442 2768/2792/444 3906/1386/445 2766/2790/443
f 2768/2792/444 128/128/418 2757/2781/421 3906/1386/445
f 3906/1386/445 2757/2781/421 127/127/416 2761/2785/431
f 2766/2790/443 3906/1386/445 2761/2785/431 131/131/430
f 132/132/434 2769/2793/446 3907/1387/447 2763/2787/435
f 2769/2793/446 136/136/448 2770/2794/449 3907/1387/447
f 3907/1387/447 2770/2794/449 137/137/450 2771/2795/451
f 2763/2787/435 3907/1387/447 2771/2795/451 133/133/436
f 136/136/448 2772/2796/452 3908/1388/453 2770/2794/449
f 2772/2796/452 138/138/454 2773/2797/455 3908/1388/453
f 3908/1388/453 2773/2797/455 139/139/456 2774/2798/457
f 2770/2794/449 3908/1388/453 2774/2798/457 137/137/450
f 140/140/458 2775/2799/459 3909/1389/460 2777/2801/461
f 2775/2799/459 141/141/462 2776/2800/463 3909/1389/460
f 3909/1389/460 2776/2800/463 137/137/450 2774/2798/457
f 2777/2801/461 3909/1389/460 2774/2798/457 139/139/456
f 141/141/462 2778/2802/464 3910/1390/465 2776/2800/463
f 2778/2802/464 134/134/438 2767/2791/441 3910/1390/465
f 3910/1390/465 2767/2791/441 133/133/436 2771/2795/451
f 2776/2800/463 3910/1390/465 2771/2795/451 137/137/450
f 138/138/454 2779/2803/466 3911/1391/467 2773/2797/455
f 2779/2803/466 142/142/468 2780/2804/469 3911/1391/467
f 3911/1391/467 2780/2804/469 143/143/470 2781/2805/471
f 2773/2797/455 3911/1391/467 2781/2805/471 139/139/456
f 142/142/468 2782/2806/472 3912/1392/473 2780/2804/469
f 2782/2806/472 73/73/241 2670/2694/244 3912/1392/473
f 3912/1392/473 2670/2694/244 76/76/249 2783/2807/474
f 2780/2804/469 3912/1392/473 2783/2807/474 143/143/470
f 81/81/264 2784/2808/475 3913/1393/476 2678/2702/265
f 2784/2808/475 144/144/477 2785/2809/478 3913/1393/476
f 3913/1393/476 2785/2809/478 143/143/470 2783/2807/474
f 2678/2702/265 3913/1393/476 2783/2807/474 76/76/249
f 144/144/477 2786/2810/479 3914/1394/480 2785/2809/478
f 2786/2810/479 140/140/458 2777/2801/461 3914/1394/480
f 3914/1394/480 2777/2801/461 139/139/456 2781/2805/471
f 2785/2809/478 3914/1394/480 2781/2805/471 143/143/470
f 145/145/481 2787/2811/482 3915/1395/483 2790/2814/484
f 2787/2811/482 146/146/485 2788/2812/486 3915/1395/483
f 3915/1395/483 2788/2812/486 147/147/487 2789/2813/488
f 2790/2814/484 3915/1395/483 2789/2813/488 148/148/489
f 146/146/485 2791/2815/490 3916/1396/491 2788/2812/486
f 2791/2815/490 149/149/492 2792/2816/493 3916/1396/491
f 3916/1396/491 2792/2816/493 150/150/494 2793/2817/495
f 2788/2812/486 3916/1396/491 2793/2817/495 147/147/487
f 151/151/496 2794/2818/497 3917/1397/498 2796/2820/499
f 2794/2818/497 152/152/500 2795/2819/501 3917/1397/498
f 3917/1397/498 2795/2819/501 147/147/487 2793/2817/495
f 2796/2820/499 3917/1397/498 2793/2817/495 150/150/494
f 152/152/500 2797/2821/502 3918/1398/503 2795/2819/501
f 2797/2821/502 153/153/504 2798/2822/505 3918/1398/503
f 3918/1398/503 2798/2822/505 148/148/489 2789/2813/488
f 2795/2819/501 3918/1398/503 2789/2813/488 147/147/487
f 149/149/492 2799/2823/506 3919/1399/507 2792/2816/493
f 2799/2823/506 154/154/508 2800/2824/509 3919/1399/507
f 3919/1399/507 2800/2824/509 155/155/510 2801/2825/511
f 2792/2816/493 3919/1399/507 2801/2825/511 150/150/494
f 154/154/508 2802/2826/512 3920/1400/513 2800/2824/509
f 2802/2826/512 156/156/514 2803/2827/515 3920/1400/513
f 3920/1400/513 2803/2827/515 157/157/516 2804/2828/517
f 2800/2824/509 3920/1400/513 2804/2828/517 155/155/510
f 158/158/518 2805/2829/519 3921/1401/520 2807/2831/521
f 2805/2829/519 159/159/522 2806/2830/523 3921/1401/520
f 3921/1401/520 2806/2830/523 155/155/510 2804/2828/517
f 2807/2831/521 3921/1401/520 2804/2828/517 157/157/516
f 159/159/522 2808/2832/524 3922/1402/525 2806/2830/523
f 2808/2832/524 151/151/496 2796/2820/499 3922/1402/525
f 3922/1402/525 2796/2820/499 150/150/494 2801/2825/511
f 2806/2830/523 3922/1402/525 2801/2825/511 155/155/510
f 156/156/514 2809/2833/526 3923/1403/527 2803/2827/515
f 2809/2833/526 160/160/528 2810/2834/529 3923/1403/527
f 3923/1403/527 2810/2834/529 161/161/530 2811/2835/531
f 2803/2827/515 3923/1403/527 2811/2835/531 157/157/516
f 160/160/528 2812/2836/532 3924/1404/533 2810/2834/529
f 2812/2836/532 162/162/534 2813/2837/535 3924/1404/533
f 3924/1404/533 2813/2837/535 163/163/536 2814/2838/537
f 2810/2834/529 3924/1404/533 2814/2838/537 161/161/530
f 164/164/538 2815/2839/539 3925/1405/540 2817/2841/541
f 2815/2839/539 165/165/542 2816/2840/543 3925/1405/540
f 3925/1405/540 2816/2840/543 161/161/530 2814/2838/537
f 2817/2841/541 3925/1405/540 2814/2838/537 163/163/536
f 165/165/542 2818/2842/544 3926/1406/545 2816/2840/543
f 2818/2842/544 158/158/518 2807/2831/521 3926/1406/545
f 3926/1406/545 2807/2831/521 157/157/516 2811/2835/531
f 2816/2840/543 3926/1406/545 2811/2835/531 161/161/530
f 162/162/534 2819/2843/546 3927/1407/547 2813/2837/535
f 2819/2843/546 166/166/548 2820/2844/549 3927/1407/547
f 3927/1407/547 2820/2844/549 167/167/550 2821/2845/551
f 2813/2837/535 3927/1407/547 2821/2845/551 163/163/536
f 166/166/548 2822/2846/552 3928/1408/553 2820/2844/549
f 2822/2846/552 168/168/554 2823/2847/555 3928/1408/553
f 3928/1408/553 2823/2847/555 169/169/556 2824/2848/557
f 2820/2844/549 3928/1408/553 2824/2848/557 167/167/550
f 170/170/558 2825/2849/559 3929/1409/560 2827/2851/561
f 2825/2849/559 171/171/562 2826/2850/563 3929/1409/560
f 3929/1409/560 2826/2850/563 167/167/550 2824/2848/557
f 2827/2851/561 3929/1409/560 2824/2848/557 169/169/556
f 171/171/562 2828/2852/564 3930/1410/565 2826/2850/563
f 2828/2852/564 164/164/538 2817/2841/541 3930/1410/565
f 3930/1410/565 2817/2841/541 163/163/536 2821/2845/551
f 2826/2850/563 3930/1410/565 2821/2845/551 167/167/550
f 168/168/554 2829/2853/566 3931/1411/567 2823/2847/555
f 2829/2853/566 172/172/568 2830/2854/569 3931/1411/567
f 3931/1411/567 2830/2854/569 173/173/570 2831/2855/571
f 2823/2847/555 3931/1411/567 2831/2855/571 169/169/556
f 172/172/568 2832/2856/572 3932/1412/573 2830/2854/569
f 2832/2856/572 174/174/574 2833/2857/575 3932/1412/573
f 3932/1412/573 2833/2857/575 175/175/576 2834/2858/577
f 2830/2854/569 3932/1412/573 2834/2858/577 173/173/570
f 176/176/578 2835/2859/579 3933/1413/580 2837/2861/581
f 2835/2859/579 177/177/582 2836/2860/583 3933/1413/580
f 3933/1413/580 2836/2860/583 173/173/570 2834/2858/577
f 2837/2861/581 3933/1413/580 2834/2858/577 175/175/576
f 177/177/582 2838/2862/584 3934/1414/585 2836/2860/583
f 2838/2862/584 170/170/558 2827/2851/561 3934/1414/585
f 3934/1414/585 2827/2851/561 169/169/556 2831/2855/571
f 2836/2860/583 3934/1414/585 2831/2855/571 173/173/570
f 174/174/574 2839/2863/586 3935/1415/587 2833/2857/575
f 2839/2863/586 178/178/588 2840/2864/589 3935/1415/587
f 3935/1415/587 2840/2864/589 179/179/590 2841/2865/591
f 2833/2857/575 3935/1415/587 2841/2865/591 175/175/576
f 178/178/588 2842/2866/592 3936/1416/593 2840/2864/589
f 2842/2866/592 180/180/594 2843/2867/595 3936/1416/593
f 3936/1416/593 2843/2867/595 181/181/596 2844/2868/597
f 2840/2864/589 3936/1416/593 2844/2868/597 179/179/590
f 182/182/598 2845/2869/599 3937/1417/600 2847/2871/601
f 2845/2869/599 183/183/602 2846/2870/603 3937/1417/600
f 3937/1417/600 2846/2870/603 179/179/590 2844/2868/597
f 2847/2871/601 3937/1417/600 2844/2868/597 181/181/596
f 183/183/602 2848/2872/604 3938/1418/605 2846/2870/603
f 2848/2872/604 176/176/578 2837/2861/581 3938/1418/605
f 3938/1418/605 2837/2861/581 175/175/576 2841/2865/591
f 2846/2870/603 3938/1418/605 2841/2865/591 179/179/590
f 180/180/594 2849/2873/606 3939/1419/607 2843/2867/595
f 2849/2873/606 184/184/608 2850/2874/609 3939/1419/607
f 3939/1419/607 2850/2874/609 185/185/610 2851/2875/611
f 2843/2867/595 3939/1419/607 2851/2875/611 181/181/596
f 184/184/608 2852/2876/612 3940/1420/613 2850/2874/609
f 2852/2876/612 186/186/614 2853/2877/615 3940/1420/613
f 3940/1420/613 2853/2877/615 187/187/616 2854/2878/617
f 2850/2874/609 3940/1420/613 2854/2878/617 185/185/610
f 188/188/618 2855/2879/619 3941/1421/620 2857/2881/621
f 2855/2879/619 189/189/622 2856/2880/623 3941/1421/620
f 3941/1421/620 2856/2880/623 185/185/610 2854/2878/617
f 2857/2881/621 3941/1421/620 2854/2878/617 187/187/616
f 189/189/622 2858/2882/624 3942/1422/625 2856/2880/623
f 2858/2882/624 182/182/598 2847/2871/601 3942/1422/625
f 3942/1422/625 2847/2871/601 181/181/596 2851/2875/611
f 2856/2880/623 3942/1422/625 2851/2875/611 185/185/610
f 186/186/614 2859/2883/626 3943/1423/627 2853/2877/615
f 2859/2883/626 190/190/628 2860/2884/629 3943/1423/627
f 3943/1423/627 2860/2884/629 191/191/630 2861/2885/631
f 2853/2877/615 3943/1423/627 2861/2885/631 187/187/616
f 190/190/628 2862/2886/632 3944/1424/633 2860/2884/629
f 2862/2886/632 192/192/634 2863/2887/635 3944/1424/633
f 3944/1424/633 2863/2887/635 193/193/636 2864/2888/637
f 2860/2884/629 3944/1424/633 2864/2888/637 191/191/630
f 194/194/638 2865/2889/639 3945/1425/640 2867/2891/641
f 2865/2889/639 195/195/642 2866/2890/643 3945/1425/640
f 3945/1425/640 2866/2890/643 191/191/630 2864/2888/637
f 2867/2891/641 3945/1425/640 2864/2888/637 193/193/636
f 195/195/642 2868/2892/644 3946/1426/645 2866/2890/643
f 2868/2892/644 188/188/618 2857/2881/621 3946/1426/645
f 3946/1426/645 2857/2881/621 187/187/616 2861/2885/631
f 2866/2890/643 3946/1426/645 2861/2885/631 191/191/630
f 192/192/634 2869/2893/646 3947/1427/647 2863/2887/635
f 2869/2893/646 196/196/648 2870/2894/649 3947/1427/647
f 3947/1427/647 2870/2894/649 197/197/650 2871/2895/651
f 2863/2887/635 3947/1427/647 2871/2895/651 193/193/636
f 196/196/648 2872/2896/652 3948/1428/653 2870/2894/649
f 2872/2896/652 198/198/654 2873/2897/655 3948/1428/653
f 3948/1428/653 2873/2897/655 199/199/656 2874/2898/657
f 2870/2894/649 3948/1428/653 2874/2898/657 197/197/650
f 200/200/658 2875/2899/659 3949/1429/660 2877/2901/661
f 2875/2899/659 201/201/662 2876/2900/663 3949/1429/660
f 3949/1429/660 2876/2900/663 197/197/650 2874/2898/657
f 2877/2901/661 3949/1429/660 2874/2898/657 199/199/656
f 201/201/662 2878/2902/664 3950/1430/665 2876/2900/663
f 2878/2902/664 194/194/638 2867/2891/641 3950/1430/665
f 3950/1430/665 2867/2891/641 193/193/636 2871/2895/651
f 2876/2900/663 3950/1430/665 2871/2895/651 197/197/650
f 198/198/654 2879/2903/666 3951/1431/667 2873/2897/655
f 2879/2903/666 202/202/668 2880/2904/669 3951/1431/667
f 3951/1431/667 2880/2904/669 203/203/670 2881/2905/671
f 2873/2897/655 3951/1431/667 2881/2905/671 199/199/656
f 202/202/668 2882/2906/672 3952/1432/673 2880/2904/669
f 2882/2906/672 204/204/674 2883/2907/675 3952/1432/673
f 3952/1432/673 2883/2907/675 205/205/676 2884/2908/677
f 2880/2904/669 3952/1432/673 2884/2908/677 203/203/670
f 206/206/678 2885/2909/679 3953/1433/680 2887/2911/681
f 2885/2909/679 207/207/682 2886/2910/683 3953/1433/680
f 3953/1433/680 2886/2910/683 203/203/670 2884/2908/677
f 2887/2911/681 3953/1433/680 2884/2908/677 205/205/676
f 207/207/682 2888/2912/684 3954/1434/685 2886/2910/683
f 2888/2912/684 200/200/658 2877/2901/661 3954/1434/685
f 3954/1434/685 2877/2901/661 199/199/656 2881/2905/671
f 2886/2910/683 3954/1434/685 2881/2905/671 203/203/670
f 204/204/674 2889/2913/686 3955/1435/687 2883/2907/675
f 2889/2913/686 208/208/688 2890/2914/689 3955/1435/687
f 3955/1435/687 2890/2914/689 209/209/690 2891/2915/691
f 2883/2907/675 3955/1435/687 2891/2915/691 205/205/676
f 208/208/688 2892/2916/692 3956/1436/693 2890/2914/689
f 2892/2916/692 210/210/694 2893/2917/695 3956/1436/693
f 3956/1436/693 2893/2917/695 211/211/696 2894/2918/697
f 2890/2914/689 3956/1436/693 2894/2918/697 209/209/690
f 212/212/698 2895/2919/699 3957/1437/700 2897/2921/701
f 2895/2919/699 213/213/702 2896/2920/703 3957/1437/700
f 3957/1437/700 2896/2920/703 209/209/690 2894/2918/697
f 2897/2921/701 3957/1437/700 2894/2918/697 211/211/696
f 213/213/702 2898/2922/704 3958/1438/705 2896/2920/703
f 2898/2922/704 206/206/678 2887/2911/681 3958/1438/705
f 3958/1438/705 2887/2911/681 205/205/676 2891/2915/691
f 2896/2920/703 3958/1438/705 2891/2915/691 209/209/690
f 210/210/694 2899/2923/706 3959/1439/707 2893/2917/695
f 2899/2923/706 214/214/708 2900/2924/709 3959/1439/707
f 3959/1439/707 2900/2924/709 215/215/710 2901/2925/711
f 2893/2917/695 3959/1439/707 2901/2925/711 211/211/696
f 214/214/708 2902/2926/712 3960/1440/713 2900/2924/709
f 2902/2926/712 145/145/481 2790/2814/484 3960/1440/713
f 3960/1440/713 2790/2814/484 148/148/489 2903/2927/714
f 2900/2924/709 3960/1440/713 2903/2927/714 215/215/710
f 153/153/504 2904/2928/715 3961/1441/716 2798/2822/505
f 2904/2928/715 216/216/717 2905/2929/718 3961/1441/716
f 3961/1441/716 2905/2929/718 215/215/710 2903/2927/714
f 2798/2822/505 3961/1441/716 2903/2927/714 148/148/489
f 216/216/717 2906/2930/719 3962/1442/720 2905/2929/718
f 2906/2930/719 212/212/698 2897/2921/701 3962/1442/720
f 3962/1442/720 2897/2921/701 211/211/696 2901/2925/711
f 2905/2929/718 3962/1442/720 2901/2925/711 215/215/710
f 217/217/721 2907/2931/722 3963/1443/723 2910/2934/724
f 2907/2931/722 218/218/725 2908/2932/726 3963/1443/723
f 3963/1443/723 2908/2932/726 219/219/727 2909/2933/728
f 2910/2934/724 3963/1443/723 2909/2933/728 220/220/729
f 218/218/725 2911/2935/730 3964/1444/731 2908/2932/726
f 2911/2935/730 221/221/732 2912/2936/733 3964/1444/731
f 3964/1444/731 2912/2936/733 222/222/734 2913/2937/735
f 2908/2932/726 3964/1444/731 2913/2937/735 219/219/727
f 223/223/736 2914/2938/737 3965/1445/738 2916/2940/739
f 2914/2938/737 224/224/740 2915/2939/741 3965/1445/738
f 3965/1445/738 2915/2939/741 219/219/727 2913/2937/735
f 2916/2940/739 3965/1445/738 2913/2937/735 222/222/734
f 224/224/740 2917/2941/742 3966/1446/743 2915/2939/741
f 2917/2941/742 225/225/744 2918/2942/745 3966/1446/743
f 3966/1446/743 2918/2942/745 220/220/729 2909/2933/728
f 2915/2939/741 3966/1446/743 2909/2933/728 219/219/727
f 221/221/732 2919/2943/746 3967/1447/747 2912/2936/733
f 2919/2943/746 226/226/748 2920/2944/749 3967/1447/747
f 3967/1447/747 2920/2944/749 227/227/750 2921/2945/751
f 2912/2936/733 3967/1447/747 2921/2945/751 222/222/734
f 226/226/748 2922/2946/752 3968/1448/753 2920/2944/749
f 2922/2946/752 228/228/754 2923/2947/755 3968/1448/753
f 3968/1448/753 2923/2947/755 229/229/756 2924/2948/757
f 2920/2944/749 3968/1448/753 2924/2948/757 227/227/750
f 230/230/758 2925/2949/759 3969/1449/760 2927/2951/761
f 2925/2949/759 231/231/762 2926/2950/763 3969/1449/760
f 3969/1449/760 2926/2950/763 227/227/750 2924/2948/757
f 2927/2951/761 3969/1449/760 2924/2948/757 229/229/756
f 231/231/762 2928/2952/764 3970/1450/765 2926/2950/763
f 2928/2952/764 223/223/736 2916/2940/739 3970/1450/765
f 3970/1450/765 2916/2940/739 222/222/734 2921/2945/751
f 2926/2950/763 3970/1450/765 2921/2945/751 227/227/750
f 228/228/754 2929/2953/766 3971/1451/767 2923/2947/755
f 2929/2953/766 232/232/768 2930/2954/769 3971/1451/767
f 3971/1451/767 2930/2954/769 233/233/770 2931/2955/771
f 2923/2947/755 3971/1451/767 2931/2955/771 229/229/756
f 232/232/768 2932/2956/772 3972/1452/773 2930/2954/769
f 2932/2956/772 234/234/774 2933/2957/775 3972/1452/773
f 3972/1452/773 2933/2957/775 235/235/776 2934/2958/777
f 2930/2954/769 3972/1452/773 2934/2958/777 233/233/770
f 236/236/778 2935/2959/779 3973/1453/780 2937/2961/781
f 2935/2959/779 237/237/782 2936/2960/783 3973/1453/780
f 3973/1453/780 2936/2960/783 233/233/770 2934/2958/777
f 2937/2961/781 3973/1453/780 2934/2958/777 235/235/776
f 237/237/782 2938/2962/784 3974/1454/785 2936/2960/783
f 2938/2962/784 230/230/758 2927/2951/761 3974/1454/785
f 3974/1454/785 2927/2951/761 229/229/756 2931/2955/771
f 2936/2960/783 3974/1454/785 2931/2955/771 233/233/770
f 234/234/774 2939/2963/786 3975/1455/787 2933/2957/775
f 2939/2963/786 238/238/788 2940/2964/789 3975/1455/787
f 3975/1455/787 2940/2964/789 239/239/790 2941/2965/791
f 2933/2957/775 3975/1455/787 2941/2965/791 235/235/776
f 238/238/788 2942/2966/792 3976/1456/793 2940/2964/789
f 2942/2966/792 240/240/794 2943/2967/795 3976/1456/793
f 3976/1456/793 2943/2967/795 241/241/796 2944/2968/797
f 2940/2964/789 3976/1456/793 2944/2968/797 239/239/790
f 242/242/798 2945/2969/799 3977/1457/800 2947/2971/801
f 2945/2969/799 243/243/802 2946/2970/803 3977/1457/800
f 3977/1457/800 2946/2970/803 239/239/790 2944/2968/797
f 2947/2971/801 3977/1457/800 2944/2968/797 241/241/796
f 243/243/802 2948/2972/804 3978/1458/805 2946/2970/803
f 2948/2972/804 236/236/778 2937/2961/781 3978/1458/805
f 3978/1458/805 2937/2961/781 235/235/776 2941/2965/791
f 2946/2970/803 3978/1458/805 2941/2965/791 239/239/790
f 240/240/794 2949/2973/806 3979/1459/807 2943/2967/795
f 2949/2973/806 244/244/808 2950/2974/809 3979/1459/807
f 3979/1459/807 2950/2974/809 245/245/810 2951/2975/811
f 2943/2967/795 3979/1459/807 2951/2975/811 241/241/796
f 244/244/808 2952/2976/812 3980/1460/813 2950/2974/809
f 2952/2976/812 246/246/814 2953/2977/815 3980/1460/813
f 3980/1460/813 2953/2977/815 247/247/816 2954/2978/817
f 2950/2974/809 3980/1460/813 2954/2978/817 245/245/810
f 248/248/818 2955/2979/819 3981/1461/820 2957/2981/821
f 2955/2979/819 249/249/822 2956/2980/823 3981/1461/820
f 3981/1461/820 2956/2980/823 245/245/810 2954/2978/817
f 2957/2981/821 3981/1461/820 2954/2978/817 247/247/816
f 249/249/822 2958/2982/824 3982/1462/825 2956/2980/823
f 2958/2982/824 242/242/798 2947/2971/801 3982/1462/825
f 3982/1462/825 2947/2971/801 241/241/796 2951/2975/811
f 2956/2980/823 3982/1462/825 2951/2975/811 245/245/810
f 246/246/814 2959/2983/826 3983/1463/827 2953/2977/815
f 2959/2983/826 250/250/828 2960/2984/829 3983/1463/827
f 3983/1463/827 2960/2984/829 251/251/830 2961/2985/831
f 2953/2977/815 3983/1463/827 2961/2985/831 247/247/816
f 250/250/828 2962/2986/832 3984/1464/833 2960/2984/829
f 2962/2986/832 252/252/834 2963/2987/835 3984/1464/833
f 3984/1464/833 2963/2987/835 253/253/836 2964/2988/837
f 2960/2984/829 3984/1464/833 2964/2988/837 251/251/830
f 254/254/838 2965/2989/839 3985/1465/840 2967/2991/841
f 2965/2989/839 255/255/842 2966/2990/843 3985/1465/840
f 3985/1465/840 2966/2990/843 251/251/830 2964/2988/837
f 2967/2991/841 3985/1465/840 2964/2988/837 253/253/836
f 255/255/842 2968/2992/844 3986/1466/845 2966/2990/843
f 2968/2992/844 248/248/818 2957/2981/821 3986/1466/845
f 3986/1466/845 2957/2981/821 247/247/816 2961/2985/831
f 2966/2990/843 3986/1466/845 2961/2985/831 251/251/830
f 252/252/834 2969/2993/846 3987/1467/847 2963/2987/835
f 2969/2993/846 256/256/848 2970/2994/849 3987/1467/847
f 3987/1467/847 2970/2994/849 257/257/850 2971/2995/851
f 2963/2987/835 3987/1467/847 2971/2995/851 253/253/836
f 256/256/848 2972/2996/852 3988/1468/853 2970/2994/849
f 2972/2996/852 258/258/854 2973/2997/855 3988/1468/853
f 3988/1468/853 2973/2997/855 259/259/856 2974/2998/857
f 2970/2994/849 3988/1468/853 2974/2998/857 257/257/850
f 260/260/858 2975/2999/859 3989/1469/860 2977/3001/861
f 2975/2999/859 261/261/862 2976/3000/863 3989/1469/860
f 3989/1469/860 2976/3000/863 257/257/850 2974/2998/857
f 2977/3001/861 3989/1469/860 2974/2998/857 259/259/856
f 261/261/862 2978/3002/864 3990/1470/865 2976/3000/863
f 2978/3002/864 254/254/838 2967/2991/841 3990/1470/865
f 3990/1470/865 2967/2991/841 253/253/836 2971/2995/851
f 2976/3000/863 3990/1470/865 2971/2995/851 257/257/850
f 258/258/854 2979/3003/866 3991/1471/867 2973/2997/855
f 2979/3003/866 262/262/868 2980/3004/869 3991/1471/867
f 3991/1471/867 2980/3004/869 263/263/870 2981/3005/871
f 2973/2997/855 3991/1471/867 2981/3005/871 259/259/856
f 262/262/868 2982/3006/872 3992/1472/873 2980/3004/869
f 2982/3006/872 264/264/874 2983/3007/875 3992/1472/873
f 3992/1472/873 2983/3007/875 265/265/876 2984/3008/877
f 2980/3004/869 3992/1472/873 2984/3008/877 263/263/870
f 266/266/878 2985/3009/879 3993/1473/880 2987/3011/881
f 2985/3009/879 267/267/882 2986/3010/883 3993/1473/880
f 3993/1473/880 2986/3010/883 263/263/870 2984/3008/877
f 2987/3011/881 3993/1473/880 2984/3008/877 265/265/876
f 267/267/882 2988/3012/884 3994/1474/885 2986/3010/883
f 2988/3012/884 260/260/858 2977/3001/861 3994/1474/885
f 3994/1474/885 2977/3001/861 259/259/856 2981/3005/871
f 2986/3010/883 3994/1474/885 2981/3005/871 263/263/870
f 264/264/874 2989/3013/886 3995/1475/887 2983/3007/875
f 2989/3013/886 268/268/888 2990/3014/889 3995/1475/887
f 3995/1475/887 2990/3014/889 269/269/890 2991/3015/891
f 2983/3007/875 3995/1475/887 2991/3015/891 265/265/876
f 268/268/888 2992/3016/892 3996/1476/893 2990/3014/889
f 2992/3016/892 270/270/894 2993/3017/895 3996/1476/893
f 3996/1476/893 2993/3017/895 271/271/896 2994/3018/897
f 2990/3014/889 3996/1476/893 2994/3018/897 269/269/890
f 272/272/898 2995/3019/899 3997/1477/900 2997/3021/901
f 2995/3019/899 273/273/902 2996/3020/903 3997/1477/900
f 3997/1477/900 2996/3020/903 269/269/890 2994/3018/897
f 2997/3021/901 3997/1477/900 2994/3018/897 271/271/896
f 273/273/902 2998/3022/904 3998/1478/905 2996/3020/903
f 2998/3022/904 266/266/878 2987/3011/881 3998/1478/905
f 3998/1478/905 2987/3011/881 265/265/876 2991/3015/891
f 2996/3020/903 3998/1478/905 2991/3015/891 269/269/890
f 270/270/894 2999/3023/906 3999/1479/907 2993/3017/895
f 2999/3023/906 274/274/908 3000/3024/909 3999/1479/907
f 3999/1479/907 3000/3024/909 275/275/910 3001/3025/911
f 2993/3017/895 3999/1479/907 3001/3025/911 271/271/896
f 274/274/908 3002/3026/912 4000/1480/913 3000/3024/909
f 3002/3026/912 276/276/914 3003/3027/915 4000/1480/913
f 4000/1480/913 3003/3027/915 277/277/916 3004/3028/917
f 3000/3024/909 4000/1480/913 3004/3028/917 275/275/910
f 278/278/918 3005/3029/919 4001/1481/920 3007/3031/921
f 3005/3029/919 279/279/922 3006/3030/923 4001/1481/920
f 4001/1481/920 3006/3030/923 275/275/910 3004/3028/917
f 3007/3031/921 4001/1481/920 3004/3028/917 277/277/916
f 279/279/922 3008/3032/924 4002/1482/925 3006/3030/923
f 3008/3032/924 272/272/898 2997/3021/901 4002/1482/925
f 4002/1482/925 2997/3021/901 271/271/896 3001/3025/911
f 3006/3030/923 4002/1482/925 3001/3025/911 275/275/910
f 276/276/914 3009/3033/926 4003/1483/927 3003/3027/915
f 3009/3033/926 280/280/928 3010/3034/929 4003/1483/927
f 4003/1483/927 3010/3034/929 281/281/930 3011/3035/931
f 3003/3027/915 4003/1483/927 3011/3035/931 277/277/916
f 280/280/928 3012/3036/932 4004/1484/933 3010/3034/929
f 3012/3036/932 282/282/934 3013/3037/935 4004/1484/933
f 4004/1484/933 3013/3037/935 283/283/936 3014/3038/937
f 3010/3034/929 4004/1484/933 3014/3038/937 281/281/930
f 284/284/938 3015/3039/939 4005/1485/940 3017/3041/941
f 3015/3039/939 285/285/942 3016/3040/943 4005/1485/940
f 4005/1485/940 3016/3040/943 281/281/930 3014/3038/937
f 3017/3041/941 4005/1485/940 3014/3038/937 283/283/936
f 285/285/942 3018/3042/944 4006/1486/945 3016/3040/943
f 3018/3042/944 278/278/918 3007/3031/921 4006/1486/945
f 4006/1486/945 3007/3031/921 277/277/916 3011/3035/931
f 3016/3040/943 4006/1486/945 3011/3035/931 281/281/930
f 282/282/934 3019/3043/946 4007/1487/947 3013/3037/935
f 3019/3043/946 286/286/948 3020/3044/949 4007/1487/947
f 4007/1487/947 3020/3044/949 287/287/950 3021/3045/951
f 3013/3037/935 4007/1487/947 3021/3045/951 283/283/936
f 286/286/948 3022/3046/952 4008/1488/953 3020/3044/949
f 3022/3046/952 217/217/721 2910/2934/724 4008/1488/953
f 4008/1488/953 2910/2934/724 220/220/729 3023/3047/954
f 3020/3044/949 4008/1488/953 3023/3047/954 287/287/950
f 225/225/744 3024/3048/955 4009/1489/956 2918/2942/745
f 3024/3048/955 288/288/957 3025/3049/958 4009/1489/956
f 4009/1489/956 3025/3049/958 287/287/950 3023/3047/954
f 2918/2942/745 4009/1489/956 3023/3047/954 220/220/729
f 288/288/957 3026/3050/959 4010/1490/960 3025/3049/958
f 3026/3050/959 284/284/938 3017/3041/941 4010/1490/960
f 4010/1490/960 3017/3041/941 283/283/936 3021/3045/951
f 3025/3049/958 4010/1490/960 3021/3045/951 287/287/950
f 289/289/961 3027/3051/962 4011/1491/963 3030/3054/964
f 3027/3051/962 290/290/965 3028/3052/966 4011/1491/963
f 4011/1491/963 3028/3052/966 291/291/967 3029/3053/968
f 3030/3054/964 4011/1491/963 3029/3053/968 292/292/969
f 290/290/965 3031/3055/970 4012/1492/971 3028/3052/966
f 3031/3055/970 293/293/972 3032/3056/973 4012/1492/971
f 4012/1492/971 3032/3056/973 294/294/974 3033/3057/975
f 3028/3052/966 4012/1492/971 3033/3057/975 291/291/967
f 295/295/976 3034/3058/977 4013/1493/978 3036/3060/979
f 3034/3058/977 296/296/980 3035/3059/981 4013/1493/978
f 4013/1493/978 3035/3059/981 291/291/967 3033/3057/975
f 3036/3060/979 4013/1493/978 3033/3057/975 294/294/974
f 296/296/980 3037/3061/982 4014/1494/983 3035/3059/981
f 3037/3061/982 297/297/984 3038/3062/985 4014/1494/983
f 4014/1494/983 3038/3062/985 292/292/969 3029/3053/968
f 3035/3059/981 4014/1494/983 3029/3053/968 291/291/967
f 293/293/972 3039/3063/986 4015/1495/987 3032/3056/973
f 3039/3063/986 298/298/988 3040/3064/989 4015/1495/987
f 4015/1495/987 3040/3064/989 299/299/990 3041/3065/991
f 3032/3056/973 4015/1495/987 3041/3065/991 294/294/974
f 298/298/988 3042/3066/992 4016/1496/993 3040/3064/989
f 3042/3066/992 300/300/994 3043/3067/995 4016/1496/993
f 4016/1496/993 3043/3067/995 301/301/996 3044/3068/997
f 3040/3064/989 4016/1496/993 3044/3068/997 299/299/990
f 302/302/998 3045/3069/999 4017/1497/1000 3047/3071/1001
f 3045/3069/999 303/303/1002 3046/3070/1003 4017/1497/1000
f 4017/1497/1000 3046/3070/1003 299/299/990 3044/3068/997
f 3047/3071/1001 4017/1497/1000 3044/3068/997 301/301/996
f 303/303/1002 3048/3072/1004 4018/1498/1005 3046/3070/1003
f 3048/3072/1004 295/295/976 3036/3060/979 4018/1498/1005
f 4018/1498/1005 3036/3060/979 294/294/974 3041/3065/991
f 3046/3070/1003 4018/1498/1005 3041/3065/991 299/299/990
f 300/300/994 3049/3073/1006 4019/1499/1007 3043/3067/995
f 3049/3073/1006 304/304/1008 3050/3074/1009 4019/1499/1007
f 4019/1499/1007 3050/3074/1009 305/305/1010 3051/3075/1011
f 3043/3067/995 4019/1499/1007 3051/3075/1011 301/301/996
f 304/304/1008 3052/3076/1012 4020/1500/1013 3050/3074/1009
f 3052/3076/1012 306/306/1014 3053/3077/1015 4020/1500/1013
f 4020/1500/1013 3053/3077/1015 307/307/1016 3054/3078/1017
f 3050/3074/1009 4020/1500/1013 3054/3078/1017 305/305/1010
f 308/308/1018 3055/3079/1019 4021/1501/1020 3057/3081/1021
f 3055/3079/1019 309/309/1022 3056/3080/1023 4021/1501/1020
f 4021/1501/1020 3056/3080/1023 305/305/1010 3054/3078/1017
f 3057/3081/1021 4021/1501/1020 3054/3078/1017 307/307/1016
f 309/309/1022 3058/3082/1024 4022/1502/1025 3056/3080/1023
f 3058/3082/1024 302/302/998 3047/3071/1001 4022/1502/1025
f 4022/1502/1025 3047/3071/1001 301/301/996 3051/3075/1011
f 3056/3080/1023 4022/1502/1025 3051/3075/1011 305/305/1010
f 306/306/1014 3059/3083/1026 4023/1503/1027 3053/3077/1015
f 3059/3083/1026 310/310/1028 3060/3084/1029 4023/1503/1027
f 4023/1503/1027 3060/3084/1029 311/311/1030 3061/3085/1031
f 3053/3077/1015 4023/1503/1027 3061/3085/1031 307/307/1016
f 310/310/1028 3062/3086/1032 4024/1504/1033 3060/3084/1029
f 3062/3086/1032 312/312/1034 3063/3087/1035 4024/1504/1033
f 4024/1504/1033 3063/3087/1035 313/313/1036 3064/3088/1037
f 3060/3084/1029 4024/1504/1033 3064/3088/1037 311/311/1030
f 314/314/1038 3065/3089/1039 4025/1505/1040 3067/3091/1041
f 3065/3089/1039 315/315/1042 3066/3090/1043 4025/1505/1040
f 4025/1505/1040 3066/3090/1043 311/311/1030 3064/3088/1037
f 3067/3091/1041 4025/1505/1040 3064/3088/1037 313/313/1036
f 315/315/1042 3068/3092/1044 4026/1506/1045 3066/3090/1043
f 3068/3092/1044 308/308/1018 3057/3081/1021 4026/1506/1045
f 4026/1506/1045 3057/3081/1021 307/307/1016 3061/3085/1031
f 3066/3090/1043 4026/1506/1045 3061/3085/1031 311/311/1030
f 312/312/1034 3069/3093/1046 4027/1507/1047 3063/3087/1035
f 3069/3093/1046 316/316/1048 3070/3094/1049 4027/1507/1047
f 4027/1507/1047 3070/3094/1049 317/317/1050 3071/3095/1051
f 3063/3087/1035 4027/1507/1047 3071/3095/1051 313/313/1036
f 316/316/1048 3072/3096/1052 4028/1508/1053 3070/3094/1049
f 3072/3096/1052 318/318/1054 3073/3097/1055 4028/1508/1053
f 4028/1508/1053 3073/3097/1055 319/319/1056 3074/3098/1057
f 3070/3094/1049 4028/1508/1053 3074/3098/1057 317/317/1050
f 320/320/1058 3075/3099/1059 4029/1509/1060 3077/3101/1061
f 3075/3099/1059 321/321/1062 3076/3100/1063 4029/1509/1060
f 4029/1509/1060 3076/3100/1063 317/317/1050 3074/3098/1057
f 3077/3101/1061 4029/1509/1060 3074/3098/1057 319/319/1056
f 321/321/1062 3078/3102/1064 4030/1510/1065 3076/3100/1063
f 3078/3102/1064 314/314/1038 3067/3091/1041 4030/1510/1065
f 4030/1510/1065 3067/3091/1041 313/313/1036 3071/3095/1051
f 3076/3100/1063 4030/1510/1065 3071/3095/1051 317/317/1050
f 318/318/1054 3079/3103/1066 4031/1511/1067 3073/3097/1055
f 3079/3103/1066 322/322/1068 3080/3104/1069 4031/1511/1067
f 4031/1511/1067 3080/3104/1069 323/323/1070 3081/3105/1071
f 3073/3097/1055 4031/1511/1067 3081/3105/1071 319/319/1056
f 322/322/1068 3082/3106/1072 4032/1512/1073 3080/3104/1069
f 3082/3106/1072 324/324/1074 3083/3107/1075 4032/1512/1073
f 4032/1512/1073 3083/3107/1075 325/325/1076 3084/3108/1077
f 3080/3104/1069 4032/1512/1073 3084/3108/1077 323/323/1070
f 326/326/1078 3085/3109/1079 4033/1513/1080 3087/3111/1081
f 3085/3109/1079 327/327/1082 3086/3110/1083 4033/1513/1080
f 4033/1513/1080 3086/3110/1083 323/323/1070 3084/3108/1077
f 3087/3111/1081 4033/1513/1080 3084/3108/1077 325/325/1076
f 327/327/1082 3088/3112/1084 4034/1514/1085 3086/3110/1083
f 3088/3112/1084 320/320/1058 3077/3101/1061 4034/1514/1085
f 4034/1514/1085 3077/3101/1061 319/319/1056 3081/3105/1071
f 3086/3110/1083 4034/1514/1085 3081/3105/1071 323/323/1070
f 324/324/1074 3089/3113/1086 4035/1515/1087 3083/3107/1075
f 3089/3113/1086 328/328/1088 3090/3114/1089 4035/1515/1087
f 4035/1515/1087 3090/3114/1089 329/329/1090 3091/3115/1091
f 3083/3107/1075 4035/1515/1087 3091/3115/1091 325/325/1076
f 328/328/1088 3092/3116/1092 4036/1516/1093 3090/3114/1089
f 3092/3116/1092 330/330/1094 3093/3117/1095 4036/1516/1093
f 4036/1516/1093 3093/3117/1095 331/331/1096 3094/3118/1097
f 3090/3114/1089 4036/1516/1093 3094/3118/1097 329/329/1090
f 332/332/1098 3095/3119/1099 4037/1517/1100 3097/3121/1101
f 3095/3119/1099 333/333/1102 3096/3120/1103 4037/1517/1100
f 4037/1517/1100 3096/3120/1103 329/329/1090 3094/3118/1097
f 3097/3121/1101 4037/1517/1100 3094/3118/1097 331/331/1096
f 333/333/1102 3098/3122/1104 4038/1518/1105 3096/3120/1103
f 3098/3122/1104 326/326/1078 3087/3111/1081 4038/1518/1105
f 4038/1518/1105 3087/3111/1081 325/325/1076 3091/3115/1091
f 3096/3120/1103 4038/1518/1105 3091/3115/1091 329/329/1090
f 330/330/1094 3099/3123/1106 4039/1519/1107 3093/3117/1095
f 3099/3123/1106 334/334/1108 3100/3124/1109 4039/1519/1107
f 4039/1519/1107 3100/3124/1109 335/335/1110 3101/3125/1111
f 3093/3117/1095 4039/1519/1107 3101/3125/1111 331/331/1096
f 334/334/1108 3102/3126/1112 4040/1520/1113 3100/3124/1109
f 3102/3126/1112 336/336/1114 3103/3127/1115 4040/1520/1113
f 4040/1520/1113 3103/3127/1115 337/337/1116 3104/3128/1117
f 3100/3124/1109 4040/1520/1113 3104/3128/1117 335/335/1110
f 338/338/1118 3105/3129/1119 4041/1521/1120 3107/3131/1121
f 3105/3129/1119 339/339/1122 3106/3130/1123 4041/1521/1120
f 4041/1521/1120 3106/3130/1123 335/335/1110 3104/3128/1117
f 3107/3131/1121 4041/1521/1120 3104/3128/1117 337/337/1116
f 339/339/1122 3108/3132/1124 4042/1522/1125 3106/3130/1123
f 3108/3132/1124 332/332/1098 3097/3121/1101 4042/1522/1125
f 4042/1522/1125 3097/3121/1101 331/331/1096 3101/3125/1111
f 3106/3130/1123 4042/1522/1125 3101/3125/1111 335/335/1110
f 336/336/1114 3109/3133/1126 4043/1523/1127 3103/3127/1115
f 3109/3133/1126 340/340/1128 3110/3134/1129 4043/1523/1127
f 4043/1523/1127 3110/3134/1129 341/341/1130 3111/3135/1131
f 3103/3127/1115 4043/1523/1127 3111/3135/1131 337/337/1116
f 340/340/1128 3112/3136/1132 4044/1524/1133 3110/3134/1129
f 3112/3136/1132 342/342/1134 3113/3137/1135 4044/1524/1133
f 4044/1524/1133 3113/3137/1135 343/343/1136 3114/3138/1137
f 3110/3134/1129 4044/1524/1133 3114/3138/1137 341/341/1130
f 344/344/1138 3115/3139/1139 4045/1525/1140 3117/3141/1141
f 3115/3139/1139 345/345/1142 3116/3140/1143 4045/1525/1140
f 4045/1525/1140 3116/3140/1143 341/341/1130 3114/3138/1137
f 3117/3141/1141 4045/1525/1140 3114/3138/1137 343/343/1136
f 345/345/1142 3118/3142/1144 4046/1526/1145 3116/3140/1143
f 3118/3142/1144 338/338/1118 3107/3131/1121 4046/1526/1145
f 4046/1526/1145 3107/3131/1121 337/337/1116 3111/3135/1131
f 3116/3140/1143 4046/1526/1145 3111/3135/1131 341/341/1130
f 342/342/1134 3119/3143/1146 4047/1527/1147 3113/3137/1135
f 3119/3143/1146 346/346/1148 3120/3144/1149 4047/1527/1147
f 4047/1527/1147 3120/3144/1149 347/347/1150 3121/3145/1151
f 3113/3137/1135 4047/1527/1147 3121/3145/1151 343/343/1136
f 346/346/1148 3122/3146/1152 4048/1528/1153 3120/3144/1149
f 3122/3146/1152 348/348/1154 3123/3147/1155 4048/1528/1153
f 4048/1528/1153 3123/3147/1155 349/349/1156 3124/3148/1157
f 3120/3144/1149 4048/1528/1153 3124/3148/1157 347/347/1150
f 350/350/1158 3125/3149/1159 4049/1529/1160 3127/3151/1161
f 3125/3149/1159 351/351/1162 3126/3150/1163 4049/1529/1160
f 4049/1529/1160 3126/3150/1163 347/347/1150 3124/3148/1157
f 3127/3151/1161 4049/1529/1160 3124/3148/1157 349/349/1156
f 351/351/1162 3128/3152/1164 4050/1530/1165 3126/3150/1163
f 3128/3152/1164 344/344/1138 3117/3141/1141 4050/1530/1165
f 4050/1530/1165 3117/3141/1141 343/343/1136 3121/3145/1151
f 3126/3150/1163 4050/1530/1165 3121/3145/1151 347/347/1150
f 348/348/1154 3129/3153/1166 4051/1531/1167 3123/3147/1155
f 3129/3153/1166 352/352/1168 3130/3154/1169 4051/1531/1167
f 4051/1531/1167 3130/3154/1169 353/353/1170 3131/3155/1171
f 3123/3147/1155 4051/1531/1167 3131/3155/1171 349/349/1156
f 352/352/1168 3132/3156/1172 4052/1532/1173 3130/3154/1169
f 3132/3156/1172 354/354/1174 3133/3157/1175 4052/1532/1173
f 4052/1532/1173 3133/3157/1175 355/355/1176 3134/3158/1177
f 3130/3154/1169 4052/1532/1173 3134/3158/1177 353/353/1170
f 356/356/1178 3135/3159/1179 4053/1533/1180 3137/3161/1181
f 3135/3159/1179 357/357/1182 3136/3160/1183 4053/1533/1180
f 4053/1533/1180 3136/3160/1183 353/353/1170 3134/3158/1177
f 3137/3161/1181 4053/1533/1180 3134/3158/1177 355/355/1176
f 357/357/1182 3138/3162/1184 4054/1534/1185 3136/3160/1183
f 3138/3162/1184 350/350/1158 3127/3151/1161 4054/1534/1185
f 4054/1534/1185 3127/3151/1161 349/349/1156 3131/3155/1171
f 3136/3160/1183 4054/1534/1185 3131/3155/1171 353/353/1170
f 354/354/1174 3139/3163/1186 4055/1535/1187 3133/3157/1175
f 3139/3163/1186 358/358/1188 3140/3164/1189 4055/1535/1187
f 4055/1535/1187 3140/3164/1189 359/359/1190 3141/3165/1191
f 3133/3157/1175 4055/1535/1187 3141/3165/1191 355/355/1176
f 358/358/1188 3142/3166/1192 4056/1536/1193 3140/3164/1189
f 3142/3166/1192 289/289/961 3030/3054/964 4056/1536/1193
f 4056/1536/1193 3030/3054/964 292/292/969 3143/3167/1194
f 3140/3164/1189 4056/1536/1193 3143/3167/1194 359/359/1190
f 297/297/984 3144/3168/1195 4057/1537/1196 3038/3062/985
f 3144/3168/1195 360/360/1197 3145/3169/1198 4057/1537/1196
f 4057/1537/1196 3145/3169/1198 359/359/1190 3143/3167/1194
f 3038/3062/985 4057/1537/1196 3143/3167/1194 292/292/969
f 360/360/1197 3146/3170/1199 4058/1538/1200 3145/3169/1198
f 3146/3170/1199 356/356/1178 3137/3161/1181 4058/1538/1200
f 4058/1538/1200 3137/3161/1181 355/355/1176 3141/3165/1191
f 3145/3169/1198 4058/1538/1200 3141/3165/1191 359/359/1190
f 361/361/1201 3147/3171/1202 4059/1539/1203 3150/3174/1204
f 3147/3171/1202 362/362/1205 3148/3172/1206 4059/1539/1203
f 4059/1539/1203 3148/3172/1206 363/363/1207 3149/3173/1208
f 3150/3174/1204 4059/1539/1203 3149/3173/1208 364/364/1209
f 362/362/1205 3151/3175/1210 4060/1540/1211 3148/3172/1206
f 3151/3175/1210 365/365/1212 3152/3176/1213 4060/1540/1211
f 4060/1540/1211 3152/3176/1213 366/366/1214 3153/3177/1215
f 3148/3172/1206 4060/1540/1211 3153/3177/1215 363/363/1207
f 367/367/1216 3154/3178/1217 4061/1541/1218 3156/3180/1219
f 3154/3178/1217 368/368/1220 3155/3179/1221 4061/1541/1218
f 4061/1541/1218 3155/3179/1221 363/363/1207 3153/3177/1215
f 3156/3180/1219 4061/1541/1218 3153/3177/1215 366/366/1214
f 368/368/1220 3157/3181/1222 4062/1542/1223 3155/3179/1221
f 3157/3181/1222 369/369/1224 3158/3182/1225 4062/1542/1223
f 4062/1542/1223 3158/3182/1225 364/364/1209 3149/3173/1208
f 3155/3179/1221 4062/1542/1223 3149/3173/1208 363/363/1207
f 365/365/1212 3159/3183/1226 4063/1543/1227 3152/3176/1213
f 3159/3183/1226 370/370/1228 3160/3184/1229 4063/1543/1227
f 4063/1543/1227 3160/3184/1229 371/371/1230 3161/3185/1231
f 3152/3176/1213 4063/1543/1227 3161/3185/1231 366/366/1214
f 370/370/1228 3162/3186/1232 4064/1544/1233 3160/3184/1229
f 3162/3186/1232 372/372/1234 3163/3187/1235 4064/1544/1233
f 4064/1544/1233 3163/3187/1235 373/373/1236 3164/3188/1237
f 3160/3184/1229 4064/1544/1233 3164/3188/1237 371/371/1230
f 374/374/1238 3165/3189/1239 4065/1545/1240 3167/3191/1241
f 3165/3189/1239 375/375/1242 3166/3190/1243 4065/1545/1240
f 4065/1545/1240 3166/3190/1243 371/371/1230 3164/3188/1237
f 3167/3191/1241 4065/1545/1240 3164/3188/1237 373/373/1236
f 375/375/1242 3168/3192/1244 4066/1546/1245 3166/3190/1243
f 3168/3192/1244 367/367/1216 3156/3180/1219 4066/1546/1245
f 4066/1546/1245 3156/3180/1219 366/366/1214 3161/3185/1231
f 3166/3190/1243 4066/1546/1245 3161/3185/1231 371/371/1230
f 372/372/1234 3169/3193/1246 4067/1547/1247 3163/3187/1235
f 3169/3193/1246 376/376/1248 3170/3194/1249 4067/1547/1247
f 4067/1547/1247 3170/3194/1249 377/377/1250 3171/3195/1251
f 3163/3187/1235 4067/1547/1247 3171/3195/1251 373/373/1236
f 376/376/1248 3172/3196/1252 4068/1548/1253 3170/3194/1249
f 3172/3196/1252 378/378/1254 3173/3197/1255 4068/1548/1253
f 4068/1548/1253 3173/3197/1255 379/379/1256 3174/3198/1257
f 3170/3194/1249 4068/1548/1253 3174/3198/1257 377/377/1250
f 380/380/1258 3175/3199/1259 4069/1549/1260 3177/3201/1261
f 3175/3199/1259 381/381/1262 3176/3200/1263 4069/1549/1260
f 4069/1549/1260 3176/3200/1263 377/377/1250 3174/3198/1257
f 3177/3201/1261 4069/1549/1260 3174/3198/1257 379/379/1256
f 381/381/1262 3178/3202/1264 4070/1550/1265 3176/3200/1263
f 3178/3202/1264 374/374/1238 3167/3191/1241 4070/1550/1265
f 4070/1550/1265 3167/3191/1241 373/373/1236 3171/3195/1251
f 3176/3200/1263 4070/1550/1265 3171/3195/1251 377/377/1250
f 369/369/1224 3157/3181/1222 4071/1551/1266 3181/3205/1267
f 3157/3181/1222 368/368/1220 3179/3203/1268 4071/1551/1266
f 4071/1551/1266 3179/3203/1268 382/382/1269 3180/3204/1270
f 3181/3205/1267 4071/1551/1266 3180/3204/1270 383/383/1271
f 368/368/1220 3154/3178/1217 4072/1552/1272 3179/3203/1268
f 3154/3178/1217 367/367/1216 3182/3206/1273 4072/1552/1272
f 4072/1552/1272 3182/3206/1273 384/384/1274 3183/3207/1275
f 3179/3203/1268 4072/1552/1272 3183/3207/1275 382/382/1269
f 385/385/1276 3184/3208/1277 4073/1553/1278 3186/3210/1279
f 3184/3208/1277 386/386/1280 3185/3209/1281 4073/1553/1278
f 4073/1553/1278 3185/3209/1281 382/382/1269 3183/3207/1275
f 3186/3210/1279 4073/1553/1278 3183/3207/1275 384/384/1274
f 386/386/1280 3187/3211/1282 4074/1554/1283 3185/3209/1281
f 3187/3211/1282 387/387/1284 3188/3212/1285 4074/1554/1283
f 4074/1554/1283 3188/3212/1285 383/383/1271 3180/3204/1270
f 3185/3209/1281 4074/1554/1283 3180/3204/1270 382/382/1269
f 367/367/1216 3168/3192/1244 4075/1555/1286 3182/3206/1273
f 3168/3192/1244 375/375/1242 3189/3213/1287 4075/1555/1286
f 4075/1555/1286 3189/3213/1287 388/388/1288 3190/3214/1289
f 3182/3206/1273 4075/1555/1286 3190/3214/1289 384/384/1274
f 375/375/1242 3165/3189/1239 4076/1556/1290 3189/3213/1287
f 3165/3189/1239 374/374/1238 3191/3215/1291 4076/1556/1290
f 4076/1556/1290 3191/3215/1291 389/389/1292 3192/3216/1293
f 3189/3213/1287 4076/1556/1290 3192/3216/1293 388/388/1288
f 390/390/1294 3193/3217/1295 4077/1557/1296 3195/3219/1297
f 3193/3217/1295 391/391/1298 3194/3218/1299 4077/1557/1296
f 4077/1557/1296 3194/3218/1299 388/388/1288 3192/3216/1293
f 3195/3219/1297 4077/1557/1296 3192/3216/1293 389/389/1292
f 391/391/1298 3196/3220/1300 4078/1558/1301 3194/3218/1299
f 3196/3220/1300 385/385/1276 3186/3210/1279 4078/1558/1301
f 4078/1558/1301 3186/3210/1279 384/384/1274 3190/3214/1289
f 3194/3218/1299 4078/1558/1301 3190/3214/1289 388/388/1288
f 374/374/1238 3178/3202/1264 4079/1559/1302 3191/3215/1291
f 3178/3202/1264 381/381/1262 3197/3221/1303 4079/1559/1302
f 4079/1559/1302 3197/3221/1303 392/392/1304 3198/3222/1305
f 3191/3215/1291 4079/1559/1302 3198/3222/1305 389/389/1292
f 381/381/1262 3175/3199/1259 4080/1560/1306 3197/3221/1303
f 3175/3199/1259 380/380/1258 3199/3223/1307 4080/1560/1306
f 4080/1560/1306 3199/3223/1307 393/393/1308 3200/3224/1309
f 3197/3221/1303 4080/1560/1306 3200/3224/1309 392/392/1304
f 394/394/1310 3201/3225/1311 4081/1561/1312 3203/3227/1313
f 3201/3225/1311 395/395/1314 3202/3226/1315 4081/1561/1312
f 4081/1561/1312 3202/3226/1315 392/392/1304 3200/3224/1309
f 3203/3227/1313 4081/1561/1312 3200/3224/1309 393/393/1308
f 395/395/1314 3204/3228/1316 4082/1562/1317 3202/3226/1315
f 3204/3228/1316 390/390/1294 3195/3219/1297 4082/1562/1317
f 4082/1562/1317 3195/3219/1297 389/389/1292 3198/3222/1305
f 3202/3226/1315 4082/1562/1317 3198/3222/1305 392/392/1304
f 387/387/1284 3187/3211/1282 4083/1563/1318 3207/3231/1319
f 3187/3211/1282 386/386/1280 3205/3229/1320 4083/1563/1318
f 4083/1563/1318 3205/3229/1320 396/396/1321 3206/3230/1322
f 3207/3231/1319 4083/1563/1318 3206/3230/1322 397/397/1323
f 386/386/1280 3184/3208/1277 4084/1564/1324 3205/3229/1320
f 3184/3208/1277 385/385/1276 3208/3232/1325 4084/1564/1324
f 4084/1564/1324 3208/3232/1325 398/398/1326 3209/3233/1327
f 3205/3229/1320 4084/1564/1324 3209/3233/1327 396/396/1321
f 399/399/1328 3210/3234/1329 4085/1565/1330 3212/3236/1331
f 3210/3234/1329 400/400/1332 3211/3235/1333 4085/1565/1330
f 4085/1565/1330 3211/3235/1333 396/396/1321 3209/3233/1327
f 3212/3236/1331 4085/1565/1330 3209/3233/1327 398/398/1326
f 400/400/1332 3213/3237/1334 4086/1566/1335 3211/3235/1333
f 3213/3237/1334 401/401/1336 3214/3238/1337 4086/1566/1335
f 4086/1566/1335 3214/3238/1337 397/397/1323 3206/3230/1322
f 3211/3235/1333 4086/1566/1335 3206/3230/1322 396/396/1321
f 385/385/1276 3196/3220/1300 4087/1567/1338 3208/3232/1325
f 3196/3220/1300 391/391/1298 3215/3239/1339 4087/1567/1338
f 4087/1567/1338 3215/3239/1339 402/402/1340 3216/3240/1341
f 3208/3232/1325 4087/1567/1338 3216/3240/1341 398/398/1326
f 391/391/1298 3193/3217/1295 4088/1568/1342 3215/3239/1339
f 3193/3217/1295 390/390/1294 3217/3241/1343 4088/1568/1342
f 4088/1568/1342 3217/3241/1343 403/403/1344 3218/3242/1345
f 3215/3239/1339 4088/1568/1342 3218/3242/1345 402/402/1340
f 404/404/1346 3219/3243/1347 4089/1569/1348 3221/3245/1349
f 3219/3243/1347 405/405/1350 3220/3244/1351 4089/1569/1348
f 4089/1569/1348 3220/3244/1351 402/402/1340 3218/3242/1345
f 3221/3245/1349 4089/1569/1348 3218/3242/1345 403/403/1344
f 405/405/1350 3222/3246/1352 4090/1570/1353 3220/3244/1351
f 3222/3246/1352 399/399/1328 3212/3236/1331 4090/1570/1353
f 4090/1570/1353 3212/3236/1331 398/398/1326 3216/3240/1341
f 3220/3244/1351 4090/1570/1353 3216/3240/1341 402/402/1340
f 390/390/1294 3204/3228/1316 4091/1571/1354 3217/3241/1343
f 3204/3228/1316 395/395/1314 3223/3247/1355 4091/1571/1354
f 4091/1571/1354 3223/3247/1355 406/406/1356 3224/3248/1357
f 3217/3241/1343 4091/1571/1354 3224/3248/1357 403/403/1344
f 395/395/1314 3201/3225/1311 4092/1572/1358 3223/3247/1355
f 3201/3225/1311 394/394/1310 3225/3249/1359 4092/1572/1358
f 4092/1572/1358 3225/3249/1359 407/407/1360 3226/3250/1361
f 3223/3247/1355 4092/1572/1358 3226/3250/1361 406/406/1356
f 408/408/1362 3227/3251/1363 4093/1573/1364 3229/3253/1365
f 3227/3251/1363 409/409/1366 3228/3252/1367 4093/1573/1364
f 4093/1573/1364 3228/3252/1367 406/406/1356 3226/3250/1361
f 3229/3253/1365 4093/1573/1364 3226/3250/1361 407/407/1360
f 409/409/1366 3230/3254/1368 4094/1574/1369 3228/3252/1367
f 3230/3254/1368 404/404/1346 3221/3245/1349 4094/1574/1369
f 4094/1574/1369 3221/3245/1349 403/403/1344 3224/3248/1357
f 3228/3252/1367 4094/1574/1369 3224/3248/1357 406/406/1356
f 410/410/1370 3231/3255/1371 4095/1575/1372 3234/3258/1373
f 3231/3255/1371 411/411/1374 3232/3256/1375 4095/1575/1372
f 4095/1575/1372 3232/3256/1375 412/412/1376 3233/3257/1377
f 3234/3258/1373 4095/1575/1372 3233/3257/1377 413/413/1378
f 411/411/1374 3235/3259/1379 4096/1576/1380 3232/3256/1375
f 3235/3259/1379 414/414/1381 3236/3260/1382 4096/1576/1380
f 4096/1576/1380 3236/3260/1382 415/415/1383 3237/3261/1384
f 3232/3256/1375 4096/1576/1380 3237/3261/1384 412/412/1376
f 394/394/1310 3203/3227/1313 4097/1577/1385 3239/3263/1386
f 3203/3227/1313 393/393/1308 3238/3262/1387 4097/1577/1385
f 4097/1577/1385 3238/3262/1387 412/412/1376 3237/3261/1384
f 3239/3263/1386 4097/1577/1385 3237/3261/1384 415/415/1383
f 393/393/1308 3199/3223/1307 4098/1578/1388 3238/3262/1387
f 3199/3223/1307 380/380/1258 3240/3264/1389 4098/1578/1388
f 4098/1578/1388 3240/3264/1389 413/413/1378 3233/3257/1377
f 3238/3262/1387 4098/1578/1388 3233/3257/1377 412/412/1376
f 414/414/1381 3241/3265/1390 4099/1579/1391 3236/3260/1382
f 3241/3265/1390 416/416/1392 3242/3266/1393 4099/1579/1391
f 4099/1579/1391 3242/3266/1393 417/417/1394 3243/3267/1395
f 3236/3260/1382 4099/1579/1391 3243/3267/1395 415/415/1383
f 416/416/1392 3244/3268/1396 4100/1580/1397 3242/3266/1393
f 3244/3268/1396 418/418/1398 3245/3269/1399 4100/1580/1397
f 4100/1580/1397 3245/3269/1399 419/419/1400 3246/3270/1401
f 3242/3266/1393 4100/1580/1397 3246/3270/1401 417/417/1394
f 408/408/1362 3229/3253/1365 4101/1581/1402 3248/3272/1403
f 3229/3253/1365 407/407/1360 3247/3271/1404 4101/1581/1402
f 4101/1581/1402 3247/3271/1404 417/417/1394 3246/3270/1401
f 3248/3272/1403 4101/1581/1402 3246/3270/1401 419/419/1400
f 407/407/1360 3225/3249/1359 4102/1582/1405 3247/3271/1404
f 3225/3249/1359 394/394/1310 3239/3263/1386 4102/1582/1405
f 4102/1582/1405 3239/3263/1386 415/415/1383 3243/3267/1395
f 3247/3271/1404 4102/1582/1405 3243/3267/1395 417/417/1394
f 418/418/1398 3249/3273/1406 4103/1583/1407 3245/3269/1399
f 3249/3273/1406 420/420/1408 3250/3274/1409 4103/1583/1407
f 4103/1583/1407 3250/3274/1409 421/421/1410 3251/3275/1411
f 3245/3269/1399 4103/1583/1407 3251/3275/1411 419/419/1400
f 420/420/1408 3252/3276/1412 4104/1584/1413 3250/3274/1409
f 3252/3276/1412 422/422/1414 3253/3277/1415 4104/1584/1413
f 4104/1584/1413 3253/3277/1415 423/423/1416 3254/3278/1417
f 3250/3274/1409 4104/1584/1413 3254/3278/1417 421/421/1410
f 404/404/1346 3230/3254/1368 4105/1585/1418 3256/3280/1419
f 3230/3254/1368 409/409/1366 3255/3279/1420 4105/1585/1418
f 4105/1585/1418 3255/3279/1420 421/421/1410 3254/3278/1417
f 3256/3280/1419 4105/1585/1418 3254/3278/1417 423/423/1416
f 409/409/1366 3227/3251/1363 4106/1586/1421 3255/3279/1420
f 3227/3251/1363 408/408/1362 3248/3272/1403 4106/1586/1421
f 4106/1586/1421 3248/3272/1403 419/419/1400 3251/3275/1411
f 3255/3279/1420 4106/1586/1421 3251/3275/1411 421/421/1410
f 422/422/1414 3257/3281/1422 4107/1587/1423 3253/3277/1415
f 3257/3281/1422 424/424/1424 3258/3282/1425 4107/1587/1423
f 4107/1587/1423 3258/3282/1425 425/425/1426 3259/3283/1427
f 3253/3277/1415 4107/1587/1423 3259/3283/1427 423/423/1416
f 424/424/1424 3260/3284/1428 4108/1588/1429 3258/3282/1425
f 3260/3284/1428 426/426/1430 3261/3285/1431 4108/1588/1429
f 4108/1588/1429 3261/3285/1431 427/427/1432 3262/3286/1433
f 3258/3282/1425 4108/1588/1429 3262/3286/1433 425/425/1426
f 399/399/1328 3222/3246/1352 4109/1589/1434 3264/3288/1435
f 3222/3246/1352 405/405/1350 3263/3287/1436 4109/1589/1434
f 4109/1589/1434 3263/3287/1436 425/425/1426 3262/3286/1433
f 3264/3288/1435 4109/1589/1434 3262/3286/1433 427/427/1432
f 405/405/1350 3219/3243/1347 4110/1590/1437 3263/3287/1436
f 3219/3243/1347 404/404/1346 3256/3280/1419 4110/1590/1437
f 4110/1590/1437 3256/3280/1419 423/423/1416 3259/3283/1427
f 3263/3287/1436 4110/1590/1437 3259/3283/1427 425/425/1426
f 426/426/1430 3265/3289/1438 4111/1591/1439 3261/3285/1431
f 3265/3289/1438 428/428/1440 3266/3290/1441 4111/1591/1439
f 4111/1591/1439 3266/3290/1441 429/429/1442 3267/3291/1443
f 3261/3285/1431 4111/1591/1439 3267/3291/1443 427/427/1432
f 428/428/1440 3268/3292/1444 4112/1592/1445 3266/3290/1441
f 3268/3292/1444 430/430/1446 3269/3293/1447 4112/1592/1445
f 4112/1592/1445 3269/3293/1447 431/431/1448 3270/3294/1449
f 3266/3290/1441 4112/1592/1445 3270/3294/1449 429/429/1442
f 401/401/1336 3213/3237/1334 4113/1593/1450 3272/3296/1451
f 3213/3237/1334 400/400/1332 3271/3295/1452 4113/1593/1450
f 4113/1593/1450 3271/3295/1452 429/429/1442 3270/3294/1449
f 3272/3296/1451 4113/1593/1450 3270/3294/1449 431/431/1448
f 400/400/1332 3210/3234/1329 4114/1594/1453 3271/3295/1452
f 3210/3234/1329 399/399/1328 3264/3288/1435 4114/1594/1453
f 4114/1594/1453 3264/3288/1435 427/427/1432 3267/3291/1443
f 3271/3295/1452 4114/1594/1453 3267/3291/1443 429/429/1442
f 430/430/1446 3273/3297/1454 4115/1595/1455 3269/3293/1447
f 3273/3297/1454 432/432/1456 3274/3298/1457 4115/1595/1455
f 4115/1595/1455 3274/3298/1457 433/433/1458 3275/3299/1459
f 3269/3293/1447 4115/1595/1455 3275/3299/1459 431/431/1448
f 432/432/1456 3276/3300/1460 4116/1596/1461 3274/3298/1457
f 3276/3300/1460 434/434/1462 3277/3301/1463 4116/1596/1461
f 4116/1596/1461 3277/3301/1463 435/435/1464 3278/3302/1465
f 3274/3298/1457 4116/1596/1461 3278/3302/1465 433/433/1458
f 387/387/1284 3207/3231/1319 4117/1597/1466 3280/3304/1467
f 3207/3231/1319 397/397/1323 3279/3303/1468 4117/1597/1466
f 4117/1597/1466 3279/3303/1468 433/433/1458 3278/3302/1465
f 3280/3304/1467 4117/1597/1466 3278/3302/1465 435/435/1464
f 397/397/1323 3214/3238/1337 4118/1598/1469 3279/3303/1468
f 3214/3238/1337 401/401/1336 3272/3296/1451 4118/1598/1469
f 4118/1598/1469 3272/3296/1451 431/431/1448 3275/3299/1459
f 3279/3303/1468 4118/1598/1469 3275/3299/1459 433/433/1458
f 434/434/1462 3281/3305/1470 4119/1599/1471 3277/3301/1463
f 3281/3305/1470 436/436/1472 3282/3306/1473 4119/1599/1471
f 4119/1599/1471 3282/3306/1473 437/437/1474 3283/3307/1475
f 3277/3301/1463 4119/1599/1471 3283/3307/1475 435/435/1464
f 436/436/1472 3284/3308/1476 4120/1600/1477 3282/3306/1473
f 3284/3308/1476 438/438/1478 3285/3309/1479 4120/1600/1477
f 4120/1600/1477 3285/3309/1479 439/439/1480 3286/3310/1481
f 3282/3306/1473 4120/1600/1477 3286/3310/1481 437/437/1474
f 369/369/1224 3181/3205/1267 4121/1601/1482 3288/3312/1483
f 3181/3205/1267 383/383/1271 3287/3311/1484 4121/1601/1482
f 4121/1601/1482 3287/3311/1484 437/437/1474 3286/3310/1481
f 3288/3312/1483 4121/1601/1482 3286/3310/1481 439/439/1480
f 383/383/1271 3188/3212/1285 4122/1602/1485 3287/3311/1484
f 3188/3212/1285 387/387/1284 3280/3304/1467 4122/1602/1485
f 4122/1602/1485 3280/3304/1467 435/435/1464 3283/3307/1475
f 3287/3311/1484 4122/1602/1485 3283/3307/1475 437/437/1474
f 438/438/1478 3289/3313/1486 4123/1603/1487 3285/3309/1479
f 3289/3313/1486 440/440/1488 3290/3314/1489 4123/1603/1487
f 4123/1603/1487 3290/3314/1489 441/441/1490 3291/3315/1491
f 3285/3309/1479 4123/1603/1487 3291/3315/1491 439/439/1480
f 440/440/1488 3292/3316/1492 4124/1604/1493 3290/3314/1489
f 3292/3316/1492 442/442/1494 3293/3317/1495 4124/1604/1493
f 4124/1604/1493 3293/3317/1495 443/443/1496 3294/3318/1497
f 3290/3314/1489 4124/1604/1493 3294/3318/1497 441/441/1490
f 361/361/1201 3150/3174/1204 4125/1605/1498 3296/3320/1499
f 3150/3174/1204 364/364/1209 3295/3319/1500 4125/1605/1498
f 4125/1605/1498 3295/3319/1500 441/441/1490 3294/3318/1497
f 3296/3320/1499 4125/1605/1498 3294/3318/1497 443/443/1496
f 364/364/1209 3158/3182/1225 4126/1606/1501 3295/3319/1500
f 3158/3182/1225 369/369/1224 3288/3312/1483 4126/1606/1501
f 4126/1606/1501 3288/3312/1483 439/439/1480 3291/3315/1491
f 3295/3319/1500 4126/1606/1501 3291/3315/1491 441/441/1490
f 442/442/1494 3297/3321/1502 4127/1607/1503 3293/3317/1495
f 3297/3321/1502 444/444/1504 3298/3322/1505 4127/1607/1503
f 4127/1607/1503 3298/3322/1505 445/445/1506 3299/3323/1507
f 3293/3317/1495 4127/1607/1503 3299/3323/1507 443/443/1496
f 444/444/1504 3300/3324/1508 4128/1608/1509 3298/3322/1505
f 3300/3324/1508 446/446/1510 3301/3325/1511 4128/1608/1509
f 4128/1608/1509 3301/3325/1511 447/447/1512 3302/3326/1513
f 3298/3322/1505 4128/1608/1509 3302/3326/1513 445/445/1506
f 365/365/1212 3151/3175/1210 4129/1609/1514 3304/3328/1515
f 3151/3175/1210 362/362/1205 3303/3327/1516 4129/1609/1514
f 4129/1609/1514 3303/3327/1516 445/445/1506 3302/3326/1513
f 3304/3328/1515 4129/1609/1514 3302/3326/1513 447/447/1512
f 362/362/1205 3147/3171/1202 4130/1610/1517 3303/3327/1516
f 3147/3171/1202 361/361/1201 3296/3320/1499 4130/1610/1517
f 4130/1610/1517 3296/3320/1499 443/443/1496 3299/3323/1507
f 3303/3327/1516 4130/1610/1517 3299/3323/1507 445/445/1506
f 446/446/1510 3305/3329/1518 4131/1611/1519 3301/3325/1511
f 3305/3329/1518 448/448/1520 3306/3330/1521 4131/1611/1519
f 4131/1611/1519 3306/3330/1521 449/449/1522 3307/3331/1523
f 3301/3325/1511 4131/1611/1519 3307/3331/1523 447/447/1512
f 448/448/1520 3308/3332/1524 4132/1612/1525 3306/3330/1521
f 3308/3332/1524 450/450/1526 3309/3333/1527 4132/1612/1525
f 4132/1612/1525 3309/3333/1527 451/451/1528 3310/3334/1529
f 3306/3330/1521 4132/1612/1525 3310/3334/1529 449/449/1522
f 372/372/1234 3162/3186/1232 4133/1613/1530 3312/3336/1531
f 3162/3186/1232 370/370/1228 3311/3335/1532 4133/1613/1530
f 4133/1613/1530 3311/3335/1532 449/449/1522 3310/3334/1529
f 3312/3336/1531 4133/1613/1530 3310/3334/1529 451/451/1528
f 370/370/1228 3159/3183/1226 4134/1614/1533 3311/3335/1532
f 3159/3183/1226 365/365/1212 3304/3328/1515 4134/1614/1533
f 4134/1614/1533 3304/3328/1515 447/447/1512 3307/3331/1523
f 3311/3335/1532 4134/1614/1533 3307/3331/1523 449/449/1522
f 450/450/1526 3313/3337/1534 4135/1615/1535 3309/3333/1527
f 3313/3337/1534 452/452/1536 3314/3338/1537 4135/1615/1535
f 4135/1615/1535 3314/3338/1537 453/453/1538 3315/3339/1539
f 3309/3333/1527 4135/1615/1535 3315/3339/1539 451/451/1528
f 452/452/1536 3316/3340/1540 4136/1616/1541 3314/3338/1537
f 3316/3340/1540 454/454/1542 3317/3341/1543 4136/1616/1541
f 4136/1616/1541 3317/3341/1543 455/455/1544 3318/3342/1545
f 3314/3338/1537 4136/1616/1541 3318/3342/1545 453/453/1538
f 378/378/1254 3172/3196/1252 4137/1617/1546 3320/3344/1547
f 3172/3196/1252 376/376/1248 3319/3343/1548 4137/1617/1546
f 4137/1617/1546 3319/3343/1548 453/453/1538 3318/3342/1545
f 3320/3344/1547 4137/1617/1546 3318/3342/1545 455/455/1544
f 376/376/1248 3169/3193/1246 4138/1618/1549 3319/3343/1548
f 3169/3193/1246 372/372/1234 3312/3336/1531 4138/1618/1549
f 4138/1618/1549 3312/3336/1531 451/451/1528 3315/3339/1539
f 3319/3343/1548 4138/1618/1549 3315/3339/1539 453/453/1538
f 454/454/1542 3321/3345/1550 4139/1619/1551 3317/3341/1543
f 3321/3345/1550 456/456/1552 3322/3346/1553 4139/1619/1551
f 4139/1619/1551 3322/3346/1553 457/457/1554 3323/3347/1555
f 3317/3341/1543 4139/1619/1551 3323/3347/1555 455/455/1544
f 456/456/1552 3324/3348/1556 4140/1620/1557 3322/3346/1553
f 3324/3348/1556 410/410/1370 3234/3258/1373 4140/1620/1557
f 4140/1620/1557 3234/3258/1373 413/413/1378 3325/3349/1558
f 3322/3346/1553 4140/1620/1557 3325/3349/1558 457/457/1554
f 380/380/1258 3177/3201/1261 4141/1621/1559 3240/3264/1389
f 3177/3201/1261 379/379/1256 3326/3350/1560 4141/1621/1559
f 4141/1621/1559 3326/3350/1560 457/457/1554 3325/3349/1558
f 3240/3264/1389 4141/1621/1559 3325/3349/1558 413/413/1378
f 379/379/1256 3173/3197/1255 4142/1622/1561 3326/3350/1560
f 3173/3197/1255 378/378/1254 3320/3344/1547 4142/1622/1561
f 4142/1622/1561 3320/3344/1547 455/455/1544 3323/3347/1555
f 3326/3350/1560 4142/1622/1561 3323/3347/1555 457/457/1554
f 151/151/496 3327/3351/1562 4143/1623/1563 2794/2818/497
f 3327/3351/1562 458/458/1564 3328/3352/1565 4143/1623/1563
f 4143/1623/1563 3328/3352/1565 459/459/1566 3329/3353/1567
f 2794/2818/497 4143/1623/1563 3329/3353/1567 152/152/500
f 458/458/1564 3330/3354/1568 4144/1624/1569 3328/3352/1565
f 3330/3354/1568 221/221/732 2911/2935/730 4144/1624/1569
f 4144/1624/1569 2911/2935/730 218/218/725 3331/3355/1570
f 3328/3352/1565 4144/1624/1569 3331/3355/1570 459/459/1566
f 217/217/721 3332/3356/1571 4145/1625/1572 2907/2931/722
f 3332/3356/1571 460/460/1573 3333/3357/1574 4145/1625/1572
f 4145/1625/1572 3333/3357/1574 459/459/1566 3331/3355/1570
f 2907/2931/722 4145/1625/1572 3331/3355/1570 218/218/725
f 460/460/1573 3334/3358/1575 4146/1626/1576 3333/3357/1574
f 3334/3358/1575 153/153/504 2797/2821/502 4146/1626/1576
f 4146/1626/1576 2797/2821/502 152/152/500 3329/3353/1567
f 3333/3357/1574 4146/1626/1576 3329/3353/1567 459/459/1566
f 158/158/518 3335/3359/1577 4147/1627/1578 2805/2829/519
f 3335/3359/1577 461/461/1579 3336/3360/1580 4147/1627/1578
f 4147/1627/1578 3336/3360/1580 462/462/1581 3337/3361/1582
f 2805/2829/519 4147/1627/1578 3337/3361/1582 159/159/522
f 461/461/1579 3338/3362/1583 4148/1628/1584 3336/3360/1580
f 3338/3362/1583 228/228/754 2922/2946/752 4148/1628/1584
f 4148/1628/1584 2922/2946/752 226/226/748 3339/3363/1585
f 3336/3360/1580 4148/1628/1584 3339/3363/1585 462/462/1581
f 221/221/732 3330/3354/1568 4149/1629/1586 2919/2943/746
f 3330/3354/1568 458/458/1564 3340/3364/1587 4149/1629/1586
f 4149/1629/1586 3340/3364/1587 462/462/1581 3339/3363/1585
f 2919/2943/746 4149/1629/1586 3339/3363/1585 226/226/748
f 458/458/1564 3327/3351/1562 4150/1630/1588 3340/3364/1587
f 3327/3351/1562 151/151/496 2808/2832/524 4150/1630/1588
f 4150/1630/1588 2808/2832/524 159/159/522 3337/3361/1582
f 3340/3364/1587 4150/1630/1588 3337/3361/1582 462/462/1581
f 164/164/538 3341/3365/1589 4151/1631/1590 2815/2839/539
f 3341/3365/1589 463/463/1591 3342/3366/1592 4151/1631/1590
f 4151/1631/1590 3342/3366/1592 464/464/1593 3343/3367/1594
f 2815/2839/539 4151/1631/1590 3343/3367/1594 165/165/542
f 463/463/1591 3344/3368/1595 4152/1632/1596 3342/3366/1592
f 3344/3368/1595 234/234/774 2932/2956/772 4152/1632/1596
f 4152/1632/1596 2932/2956/772 232/232/768 3345/3369/1597
f 3342/3366/1592 4152/1632/1596 3345/3369/1597 464/464/1593
f 228/228/754 3338/3362/1583 4153/1633/1598 2929/2953/766
f 3338/3362/1583 461/461/1579 3346/3370/1599 4153/1633/1598
f 4153/1633/1598 3346/3370/1599 464/464/1593 3345/3369/1597
f 2929/2953/766 4153/1633/1598 3345/3369/1597 232/232/768
f 461/461/1579 3335/3359/1577 4154/1634/1600 3346/3370/1599
f 3335/3359/1577 158/158/518 2818/2842/544 4154/1634/1600
f 4154/1634/1600 2818/2842/544 165/165/542 3343/3367/1594
f 3346/3370/1599 4154/1634/1600 3343/3367/1594 464/464/1593
f 170/170/558 3347/3371/1601 4155/1635/1602 2825/2849/559
f 3347/3371/1601 465/465/1603 3348/3372/1604 4155/1635/1602
f 4155/1635/1602 3348/3372/1604 466/466/1605 3349/3373/1606
f 2825/2849/559 4155/1635/1602 3349/3373/1606 171/171/562
f 465/465/1603 3350/3374/1607 4156/1636/1608 3348/3372/1604
f 3350/3374/1607 240/240/794 2942/2966/792 4156/1636/1608
f 4156/1636/1608 2942/2966/792 238/238/788 3351/3375/1609
f 3348/3372/1604 4156/1636/1608 3351/3375/1609 466/466/1605
f 234/234/774 3344/3368/1595 4157/1637/1610 2939/2963/786
f 3344/3368/1595 463/463/1591 3352/3376/1611 4157/1637/1610
f 4157/1637/1610 3352/3376/1611 466/466/1605 3351/3375/1609
f 2939/2963/786 4157/1637/1610 3351/3375/1609 238/238/788
f 463/463/1591 3341/3365/1589 4158/1638/1612 3352/3376/1611
f 3341/3365/1589 164/164/538 2828/2852/564 4158/1638/1612
f 4158/1638/1612 2828/2852/564 171/171/562 3349/3373/1606
f 3352/3376/1611 4158/1638/1612 3349/3373/1606 466/466/1605
f 176/176/578 3353/3377/1613 4159/1639/1614 2835/2859/579
f 3353/3377/1613 467/467/1615 3354/3378/1616 4159/1639/1614
f 4159/1639/1614 3354/3378/1616 468/468/1617 3355/3379/1618
f 2835/2859/579 4159/1639/1614 3355/3379/1618 177/177/582
f 467/467/1615 3356/3380/1619 4160/1640/1620 3354/3378/1616
f 3356/3380/1619 246/246/814 2952/2976/812 4160/1640/1620
f 4160/1640/1620 2952/2976/812 244/244/808 3357/3381/1621
f 3354/3378/1616 4160/1640/1620 3357/3381/1621 468/468/1617
f 240/240/794 3350/3374/1607 4161/1641/1622 2949/2973/806
f 3350/3374/1607 465/465/1603 3358/3382/1623 4161/1641/1622
f 4161/1641/1622 3358/3382/1623 468/468/1617 3357/3381/1621
f 2949/2973/806 4161/1641/1622 3357/3381/1621 244/244/808
f 465/465/1603 3347/3371/1601 4162/1642/1624 3358/3382/1623
f 3347/3371/1601 170/170/558 2838/2862/584 4162/1642/1624
f 4162/1642/1624 2838/2862/584 177/177/582 3355/3379/1618
f 3358/3382/1623 4162/1642/1624 3355/3379/1618 468/468/1617
f 182/182/598 3359/3383/1625 4163/1643/1626 2845/2869/599
f 3359/3383/1625 469/469/1627 3360/3384/1628 4163/1643/1626
f 4163/1643/1626 3360/3384/1628 470/470/1629 3361/3385/1630
f 2845/2869/599 4163/1643/1626 3361/3385/1630 183/183/602
f 469/469/1627 3362/3386/1631 4164/1644/1632 3360/3384/1628
f 3362/3386/1631 252/252/834 2962/2986/832 4164/1644/1632
f 4164/1644/1632 2962/2986/832 250/250/828 3363/3387/1633
f 3360/3384/1628 4164/1644/1632 3363/3387/1633 470/470/1629
f 246/246/814 3356/3380/1619 4165/1645/1634 2959/2983/826
f 3356/3380/1619 467/467/1615 3364/3388/1635 4165/1645/1634
f 4165/1645/1634 3364/3388/1635 470/470/1629 3363/3387/1633
f 2959/2983/826 4165/1645/1634 3363/3387/1633 250/250/828
f 467/467/1615 3353/3377/1613 4166/1646/1636 3364/3388/1635
f 3353/3377/1613 176/176/578 2848/2872/604 4166/1646/1636
f 4166/1646/1636 2848/2872/604 183/183/602 3361/3385/1630
f 3364/3388/1635 4166/1646/1636 3361/3385/1630 470/470/1629
f 188/188/618 3365/3389/1637 4167/1647/1638 2855/2879/619
f 3365/3389/1637 471/471/1639 3366/3390/1640 4167/1647/1638
f 4167/1647/1638 3366/3390/1640 472/472/1641 3367/3391/1642
f 2855/2879/619 4167/1647/1638 3367/3391/1642 189/189/622
f 471/471/1639 3368/3392/1643 4168/1648/1644 3366/3390/1640
f 3368/3392/1643 258/258/854 2972/2996/852 4168/1648/1644
f 4168/1648/1644 2972/2996/852 256/256/848 3369/3393/1645
f 3366/3390/1640 4168/1648/1644 3369/3393/1645 472/472/1641
f 252/252/834 3362/3386/1631 4169/1649/1646 2969/2993/846
f 3362/3386/1631 469/469/1627 3370/3394/1647 4169/1649/1646
f 4169/1649/1646 3370/3394/1647 472/472/1641 3369/3393/1645
f 2969/2993/846 4169/1649/1646 3369/3393/1645 256/256/848
f 469/469/1627 3359/3383/1625 4170/1650/1648 3370/3394/1647
f 3359/3383/1625 182/182/598 2858/2882/624 4170/1650/1648
f 4170/1650/1648 2858/2882/624 189/189/622 3367/3391/1642
f 3370/3394/1647 4170/1650/1648 3367/3391/1642 472/472/1641
f 194/194/638 3371/3395/1649 4171/1651/1650 2865/2889/639
f 3371/3395/1649 473/473/1651 3372/3396/1652 4171/1651/1650
f 4171/1651/1650 3372/3396/1652 474/474/1653 3373/3397/1654
f 2865/2889/639 4171/1651/1650 3373/3397/1654 195/195/642
f 473/473/1651 3374/3398/1655 4172/1652/1656 3372/3396/1652
f 3374/3398/1655 264/264/874 2982/3006/872 4172/1652/1656
f 4172/1652/1656 2982/3006/872 262/262/868 3375/3399/1657
f 3372/3396/1652 4172/1652/1656 3375/3399/1657 474/474/1653
f 258/258/854 3368/3392/1643 4173/1653/1658 2979/3003/866
f 3368/3392/1643 471/471/1639 3376/3400/1659 4173/1653/1658
f 4173/1653/1658 3376/3400/1659 474/474/1653 3375/3399/1657
f 2979/3003/866 4173/1653/1658 3375/3399/1657 262/262/868
f 471/471/1639 3365/3389/1637 4174/1654/1660 3376/3400/1659
f 3365/3389/1637 188/188/618 2868/2892/644 4174/1654/1660
f 4174/1654/1660 2868/2892/644 195/195/642 3373/3397/1654
f 3376/3400/1659 4174/1654/1660 3373/3397/1654 474/474/1653
f 200/200/658 3377/3401/1661 4175/1655/1662 2875/2899/659
f 3377/3401/1661 475/475/1663 3378/3402/1664 4175/1655/1662
f 4175/1655/1662 3378/3402/1664 476/476/1665 3379/3403/1666
f 2875/2899/659 4175/1655/1662 3379/3403/1666 201/201/662
f 475/475/1663 3380/3404/1667 4176/1656/1668 3378/3402/1664
f 3380/3404/1667 270/270/894 2992/3016/892 4176/1656/1668
f 4176/1656/1668 2992/3016/892 268/268/888 3381/3405/1669
f 3378/3402/1664 4176/1656/1668 3381/3405/1669 476/476/1665
f 264/264/874 3374/3398/1655 4177/1657/1670 2989/3013/886
f 3374/3398/1655 473/473/1651 3382/3406/1671 4177/1657/1670
f 4177/1657/1670 3382/3406/1671 476/476/1665 3381/3405/1669
f 2989/3013/886 4177/1657/1670 3381/3405/1669 268/268/888
f 473/473/1651 3371/3395/1649 4178/1658/1672 3382/3406/1671
f 3371/3395/1649 194/194/638 2878/2902/664 4178/1658/1672
f 4178/1658/1672 2878/2902/664 201/201/662 3379/3403/1666
f 3382/3406/1671 4178/1658/1672 3379/3403/1666 476/476/1665
f 206/206/678 3383/3407/1673 4179/1659/1674 2885/2909/679
f 3383/3407/1673 477/477/1675 3384/3408/1676 4179/1659/1674
f 4179/1659/1674 3384/3408/1676 478/478/1677 3385/3409/1678
f 2885/2909/679 4179/1659/1674 3385/3409/1678 207/207/682
f 477/477/1675 3386/3410/1679 4180/1660/1680 3384/3408/1676
f 3386/3410/1679 276/276/914 3002/3026/912 4180/1660/1680
f 4180/1660/1680 3002/3026/912 274/274/908 3387/3411/1681
f 3384/3408/1676 4180/1660/1680 3387/3411/1681 478/478/1677
f 270/270/894 3380/3404/1667 4181/1661/1682 2999/3023/906
f 3380/3404/1667 475/475/1663 3388/3412/1683 4181/1661/1682
f 4181/1661/1682 3388/3412/1683 478/478/1677 3387/3411/1681
f 2999/3023/906 4181/1661/1682 3387/3411/1681 274/274/908
f 475/475/1663 3377/3401/1661 4182/1662/1684 3388/3412/1683
f 3377/3401/1661 200/200/658 2888/2912/684 4182/1662/1684
f 4182/1662/1684 2888/2912/684 207/207/682 3385/3409/1678
f 3388/3412/1683 4182/1662/1684 3385/3409/1678 478/478/1677
f 212/212/698 3389/3413/1685 4183/1663/1686 2895/2919/699
f 3389/3413/1685 479/479/1687 3390/3414/1688 4183/1663/1686
f 4183/1663/1686 3390/3414/1688 480/480/1689 3391/3415/1690
f 2895/2919/699 4183/1663/1686 3391/3415/1690 213/213/702
f 479/479/1687 3392/3416/1691 4184/1664/1692 3390/3414/1688
f 3392/3416/1691 282/282/934 3012/3036/932 4184/1664/1692
f 4184/1664/1692 3012/3036/932 280/280/928 3393/3417/1693
f 3390/3414/1688 4184/1664/1692 3393/3417/1693 480/480/1689
f 276/276/914 3386/3410/1679 4185/1665/1694 3009/3033/926
f 3386/3410/1679 477/477/1675 3394/3418/1695 4185/1665/1694
f 4185/1665/1694 3394/3418/1695 480/480/1689 3393/3417/1693
f 3009/3033/926 4185/1665/1694 3393/3417/1693 280/280/928
f 477/477/1675 3383/3407/1673 4186/1666/1696 3394/3418/1695
f 3383/3407/1673 206/206/678 2898/2922/704 4186/1666/1696
f 4186/1666/1696 2898/2922/704 213/213/702 3391/3415/1690
f 3394/3418/1695 4186/1666/1696 3391/3415/1690 480/480/1689
f 153/153/504 3334/3358/1575 4187/1667/1697 2904/2928/715
f 3334/3358/1575 460/460/1573 3395/3419/1698 4187/1667/1697
f 4187/1667/1697 3395/3419/1698 481/481/1699 3396/3420/1700
f 2904/2928/715 4187/1667/1697 3396/3420/1700 216/216/717
f 460/460/1573 3332/3356/1571 4188/1668/1701 3395/3419/1698
f 3332/3356/1571 217/217/721 3022/3046/952 4188/1668/1701
f 4188/1668/1701 3022/3046/952 286/286/948 3397/3421/1702
f 3395/3419/1698 4188/1668/1701 3397/3421/1702 481/481/1699
f 282/282/934 3392/3416/1691 4189/1669/1703 3019/3043/946
f 3392/3416/1691 479/479/1687 3398/3422/1704 4189/1669/1703
f 4189/1669/1703 3398/3422/1704 481/481/1699 3397/3421/1702
f 3019/3043/946 4189/1669/1703 3397/3421/1702 286/286/948
f 479/479/1687 3389/3413/1685 4190/1670/1705 3398/3422/1704
f 3389/3413/1685 212/212/698 2906/2930/719 4190/1670/1705
f 4190/1670/1705 2906/2930/719 216/216/717 3396/3420/1700
f 3398/3422/1704 4190/1670/1705 3396/3420/1700 481/481/1699
f 223/223/736 3399/3423/1706 4191/1671/1707 2914/2938/737
f 3399/3423/1706 482/482/1708 3400/3424/1709 4191/1671/1707
f 4191/1671/1707 3400/3424/1709 483/483/1710 3401/3425/1711
f 2914/2938/737 4191/1671/1707 3401/3425/1711 224/224/740
f 482/482/1708 3402/3426/1712 4192/1672/1713 3400/3424/1709
f 3402/3426/1712 293/293/972 3031/3055/970 4192/1672/1713
f 4192/1672/1713 3031/3055/970 290/290/965 3403/3427/1714
f 3400/3424/1709 4192/1672/1713 3403/3427/1714 483/483/1710
f 289/289/961 3404/3428/1715 4193/1673/1716 3027/3051/962
f 3404/3428/1715 484/484/1717 3405/3429/1718 4193/1673/1716
f 4193/1673/1716 3405/3429/1718 483/483/1710 3403/3427/1714
f 3027/3051/962 4193/1673/1716 3403/3427/1714 290/290/965
f 484/484/1717 3406/3430/1719 4194/1674/1720 3405/3429/1718
f 3406/3430/1719 225/225/744 2917/2941/742 4194/1674/1720
f 4194/1674/1720 2917/2941/742 224/224/740 3401/3425/1711
f 3405/3429/1718 4194/1674/1720 3401/3425/1711 483/483/1710
f 230/230/758 3407/3431/1721 4195/1675/1722 2925/2949/759
f 3407/3431/1721 485/485/1723 3408/3432/1724 4195/1675/1722
f 4195/1675/1722 3408/3432/1724 486/486/1725 3409/3433/1726
f 2925/2949/759 4195/1675/1722 3409/3433/1726 231/231/762
f 485/485/1723 3410/3434/1727 4196/1676/1728 3408/3432/1724
f 3410/3434/1727 300/300/994 3042/3066/992 4196/1676/1728
f 4196/1676/1728 3042/3066/992 298/298/988 3411/3435/1729
f 3408/3432/1724 4196/1676/1728 3411/3435/1729 486/486/1725
f 293/293/972 3402/3426/1712 4197/1677/1730 3039/3063/986
f 3402/3426/1712 482/482/1708 3412/3436/1731 4197/1677/1730
f 4197/1677/1730 3412/3436/1731 486/486/1725 3411/3435/1729
f 3039/3063/986 4197/1677/1730 3411/3435/1729 298/298/988
f 482/482/1708 3399/3423/1706 4198/1678/1732 3412/3436/1731
f 3399/3423/1706 223/223/736 2928/2952/764 4198/1678/1732
f 4198/1678/1732 2928/2952/764 231/231/762 3409/3433/1726
f 3412/3436/1731 4198/1678/1732 3409/3433/1726 486/486/1725
f 236/236/778 3413/3437/1733 4199/1679/1734 2935/2959/779
f 3413/3437/1733 487/487/1735 3414/3438/1736 4199/1679/1734
f 4199/1679/1734 3414/3438/1736 488/488/1737 3415/3439/1738
f 2935/2959/779 4199/1679/1734 3415/3439/1738 237/237/782
f 487/487/1735 3416/3440/1739 4200/1680/1740 3414/3438/1736
f 3416/3440/1739 306/306/1014 3052/3076/1012 4200/1680/1740
f 4200/1680/1740 3052/3076/1012 304/304/1008 3417/3441/1741
f 3414/3438/1736 4200/1680/1740 3417/3441/1741 488/488/1737
f 300/300/994 3410/3434/1727 4201/1681/1742 3049/3073/1006
f 3410/3434/1727 485/485/1723 3418/3442/1743 4201/1681/1742
f 4201/1681/1742 3418/3442/1743 488/488/1737 3417/3441/1741
f 3049/3073/1006 4201/1681/1742 3417/3441/1741 304/304/1008
f 485/485/1723 3407/3431/1721 4202/1682/1744 3418/3442/1743
f 3407/3431/1721 230/230/758 2938/2962/784 4202/1682/1744
f 4202/1682/1744 2938/2962/784 237/237/782 3415/3439/1738
f 3418/3442/1743 4202/1682/1744 3415/3439/1738 488/488/1737
f 242/242/798 3419/3443/1745 4203/1683/1746 2945/2969/799
f 3419/3443/1745 489/489/1747 3420/3444/1748 4203/1683/1746
f 4203/1683/1746 3420/3444/1748 490/490/1749 3421/3445/1750
f 2945/2969/799 4203/1683/1746 3421/3445/1750 243/243/802
f 489/489/1747 3422/3446/1751 4204/1684/1752 3420/3444/1748
f 3422/3446/1751 312/312/1034 3062/3086/1032 4204/1684/1752
f 4204/1684/1752 3062/3086/1032 310/310/1028 3423/3447/1753
f 3420/3444/1748 4204/1684/1752 3423/3447/1753 490/490/1749
f 306/306/1014 3416/3440/1739 4205/1685/1754 3059/3083/1026
f 3416/3440/1739 487/487/1735 3424/3448/1755 4205/1685/1754
f 4205/1685/1754 3424/3448/1755 490/490/1749 3423/3447/1753
f 3059/3083/1026 4205/1685/1754 3423/3447/1753 310/310/1028
f 487/487/1735 3413/3437/1733 4206/1686/1756 3424/3448/1755
f 3413/3437/1733 236/236/778 2948/2972/804 4206/1686/1756
f 4206/1686/1756 2948/2972/804 243/243/802 3421/3445/1750
f 3424/3448/1755 4206/1686/1756 3421/3445/1750 490/490/1749
f 248/248/818 3425/3449/1757 4207/1687/1758 2955/2979/819
f 3425/3449/1757 491/491/1759 3426/3450/1760 4207/1687/1758
f 4207/1687/1758 3426/3450/1760 492/492/1761 3427/3451/1762
f 2955/2979/819 4207/1687/1758 3427/3451/1762 249/249/822
f 491/491/1759 3428/3452/1763 4208/1688/1764 3426/3450/1760
f 3428/3452/1763 318/318/1054 3072/3096/1052 4208/1688/1764
f 4208/1688/1764 3072/3096/1052 316/316/1048 3429/3453/1765
f 3426/3450/1760 4208/1688/1764 3429/3453/1765 492/492/1761
f 312/312/1034 3422/3446/1751 4209/1689/1766 3069/3093/1046
f 3422/3446/1751 489/489/1747 3430/3454/1767 4209/1689/1766
f 4209/1689/1766 3430/3454/1767 492/492/1761 3429/3453/1765
f 3069/3093/1046 4209/1689/1766 3429/3453/1765 316/316/1048
f 489/489/1747 3419/3443/1745 4210/1690/1768 3430/3454/1767
f 3419/3443/1745 242/242/798 2958/2982/824 4210/1690/1768
f 4210/1690/1768 2958/2982/824 249/249/822 3427/3451/1762
f 3430/3454/1767 4210/1690/1768 3427/3451/1762 492/492/1761
f 254/254/838 3431/3455/1769 4211/1691/1770 2965/2989/839
f 3431/3455/1769 493/493/1771 3432/3456/1772 4211/1691/1770
f 4211/1691/1770 3432/3456/1772 494/494/1773 3433/3457/1774
f 2965/2989/839 4211/1691/1770 3433/3457/1774 255/255/842
f 493/493/1771 3434/3458/1775 4212/1692/1776 3432/3456/1772
f 3434/3458/1775 324/324/1074 3082/3106/1072 4212/1692/1776
f 4212/1692/1776 3082/3106/1072 322/322/1068 3435/3459/1777
f 3432/3456/1772 4212/1692/1776 3435/3459/1777 494/494/1773
f 318/318/1054 3428/3452/1763 4213/1693/1778 3079/3103/1066
f 3428/3452/1763 491/491/1759 3436/3460/1779 4213/1693/1778
f 4213/1693/1778 3436/3460/1779 494/494/1773 3435/3459/1777
f 3079/3103/1066 4213/1693/1778 3435/3459/1777 322/322/1068
f 491/491/1759 3425/3449/1757 4214/1694/1780 3436/3460/1779
f 3425/3449/1757 248/248/818 2968/2992/844 4214/1694/1780
f 4214/1694/1780 2968/2992/844 255/255/842 3433/3457/1774
f 3436/3460/1779 4214/1694/1780 3433/3457/1774 494/494/1773
f 260/260/858 3437/3461/1781 4215/1695/1782 2975/2999/859
f 3437/3461/1781 495/495/1783 3438/3462/1784 4215/1695/1782
f 4215/1695/1782 3438/3462/1784 496/496/1785 3439/3463/1786
f 2975/2999/859 4215/1695/1782 3439/3463/1786 261/261/862
f 495/495/1783 3440/3464/1787 4216/1696/1788 3438/3462/1784
f 3440/3464/1787 330/330/1094 3092/3116/1092 4216/1696/1788
f 4216/1696/1788 3092/3116/1092 328/328/1088 3441/3465/1789
f 3438/3462/1784 4216/1696/1788 3441/3465/1789 496/496/1785
f 324/324/1074 3434/3458/1775 4217/1697/1790 3089/3113/1086
f 3434/3458/1775 493/493/1771 3442/3466/1791 4217/1697/1790
f 4217/1697/1790 3442/3466/1791 496/496/1785 3441/3465/1789
f 3089/3113/1086 4217/1697/1790 3441/3465/1789 328/328/1088
f 493/493/1771 3431/3455/1769 4218/1698/1792 3442/3466/1791
f 3431/3455/1769 254/254/838 2978/3002/864 4218/1698/1792
f 4218/1698/1792 2978/3002/864 261/261/862 3439/3463/1786
f 3442/3466/1791 4218/1698/1792 3439/3463/1786 496/496/1785
f 266/266/878 3443/3467/1793 4219/1699/1794 2985/3009/879
f 3443/3467/1793 497/497/1795 3444/3468/1796 4219/1699/1794
f 4219/1699/1794 3444/3468/1796 498/498/1797 3445/3469/1798
f 2985/3009/879 4219/1699/1794 3445/3469/1798 267/267/882
f 497/497/1795 3446/3470/1799 4220/1700/1800 3444/3468/1796
f 3446/3470/1799 336/336/1114 3102/3126/1112 4220/1700/1800
f 4220/1700/1800 3102/3126/1112 334/334/1108 3447/3471/1801
f 3444/3468/1796 4220/1700/1800 3447/3471/1801 498/498/1797
f 330/330/1094 3440/3464/1787 4221/1701/1802 3099/3123/1106
f 3440/3464/1787 495/495/1783 3448/3472/1803 4221/1701/1802
f 4221/1701/1802 3448/3472/1803 498/498/1797 3447/3471/1801
f 3099/3123/1106 4221/1701/1802 3447/3471/1801 334/334/1108
f 495/495/1783 3437/3461/1781 4222/1702/1804 3448/3472/1803
f 3437/3461/1781 260/260/858 2988/3012/884 4222/1702/1804
f 4222/1702/1804 2988/3012/884 267/267/882 3445/3469/1798
f 3448/3472/1803 4222/1702/1804 3445/3469/1798 498/498/1797
f 272/272/898 3449/3473/1805 4223/1703/1806 2995/3019/899
f 3449/3473/1805 499/499/1807 3450/3474/1808 4223/1703/1806
f 4223/1703/1806 3450/3474/1808 500/500/1809 3451/3475/1810
f 2995/3019/899 4223/1703/1806 3451/3475/1810 273/273/902
f 499/499/1807 3452/3476/1811 4224/1704/1812 3450/3474/1808
f 3452/3476/1811 342/342/1134 3112/3136/1132 4224/1704/1812
f 4224/1704/1812 3112/3136/1132 340/340/1128 3453/3477/1813
f 3450/3474/1808 4224/1704/1812 3453/3477/1813 500/500/1809
f 336/336/1114 3446/3470/1799 4225/1705/1814 3109/3133/1126
f 3446/3470/1799 497/497/1795 3454/3478/1815 4225/1705/1814
f 4225/1705/1814 3454/3478/1815 500/500/1809 3453/3477/1813
f 3109/3133/1126 4225/1705/1814 3453/3477/1813 340/340/1128
f 497/497/1795 3443/3467/1793 4226/1706/1816 3454/3478/1815
f 3443/3467/1793 266/266/878 2998/3022/904 4226/1706/1816
f 4226/1706/1816 2998/3022/904 273/273/902 3451/3475/1810
f 3454/3478/1815 4226/1706/1816 3451/3475/1810 500/500/1809
f 278/278/918 3455/3479/1817 4227/1707/1818 3005/3029/919
f 3455/3479/1817 501/501/1819 3456/3480/1820 4227/1707/1818
f 4227/1707/1818 3456/3480/1820 502/502/1821 3457/3481/1822
f 3005/3029/919 4227/1707/1818 3457/3481/1822 279/279/922
f 501/501/1819 3458/3482/1823 4228/1708/1824 3456/3480/1820
f 3458/3482/1823 348/348/1154 3122/3146/1152 4228/1708/1824
f 4228/1708/1824 3122/3146/1152 346/346/1148 3459/3483/1825
f 3456/3480/1820 4228/1708/1824 3459/3483/1825 502/502/1821
f 342/342/1134 3452/3476/1811 4229/1709/1826 3119/3143/1146
f 3452/3476/1811 499/499/1807 3460/3484/1827 4229/1709/1826
f 4229/1709/1826 3460/3484/1827 502/502/1821 3459/3483/1825
f 3119/3143/1146 4229/1709/1826 3459/3483/1825 346/346/1148
f 499/499/1807 3449/3473/1805 4230/1710/1828 3460/3484/1827
f 3449/3473/1805 272/272/898 3008/3032/924 4230/1710/1828
f 4230/1710/1828 3008/3032/924 279/279/922 3457/3481/1822
f 3460/3484/1827 4230/1710/1828 3457/3481/1822 502/502/1821
f 284/284/938 3461/3485/1829 4231/1711/1830 3015/3039/939
f 3461/3485/1829 503/503/1831 3462/3486/1832 4231/1711/1830
f 4231/1711/1830 3462/3486/1832 504/504/1833 3463/3487/1834
f 3015/3039/939 4231/1711/1830 3463/3487/1834 285/285/942
f 503/503/1831 3464/3488/1835 4232/1712/1836 3462/3486/1832
f 3464/3488/1835 354/354/1174 3132/3156/1172 4232/1712/1836
f 4232/1712/1836 3132/3156/1172 352/352/1168 3465/3489/1837
f 3462/3486/1832 4232/1712/1836 3465/3489/1837 504/504/1833
f 348/348/1154 3458/3482/1823 4233/1713/1838 3129/3153/1166
f 3458/3482/1823 501/501/1819 3466/3490/1839 4233/1713/1838
f 4233/1713/1838 3466/3490/1839 504/504/1833 3465/3489/1837
f 3129/3153/1166 4233/1713/1838 3465/3489/1837 352/352/1168
f 501/501/1819 3455/3479/1817 4234/1714/1840 3466/3490/1839
f 3455/3479/1817 278/278/918 3018/3042/944 4234/1714/1840
f 4234/1714/1840 3018/3042/944 285/285/942 3463/3487/1834
f 3466/3490/1839 4234/1714/1840 3463/3487/1834 504/504/1833
f 225/225/744 3406/3430/1719 4235/1715/1841 3024/3048/955
f 3406/3430/1719 484/484/1717 3467/3491/1842 4235/1715/1841
f 4235/1715/1841 3467/3491/1842 505/505/1843 3468/3492/1844
f 3024/3048/955 4235/1715/1841 3468/3492/1844 288/288/957
f 484/484/1717 3404/3428/1715 4236/1716/1845 3467/3491/1842
f 3404/3428/1715 289/289/961 3142/3166/1192 4236/1716/1845
f 4236/1716/1845 3142/3166/1192 358/358/1188 3469/3493/1846
f 3467/3491/1842 4236/1716/1845 3469/3493/1846 505/505/1843
f 354/354/1174 3464/3488/1835 4237/1717/1847 3139/3163/1186
f 3464/3488/1835 503/503/1831 3470/3494/1848 4237/1717/1847
f 4237/1717/1847 3470/3494/1848 505/505/1843 3469/3493/1846
f 3139/3163/1186 4237/1717/1847 3469/3493/1846 358/358/1188
f 503/503/1831 3461/3485/1829 4238/1718/1849 3470/3494/1848
f 3461/3485/1829 284/284/938 3026/3050/959 4238/1718/1849
f 4238/1718/1849 3026/3050/959 288/288/957 3468/3492/1844
f 3470/3494/1848 4238/1718/1849 3468/3492/1844 505/505/1843
f 295/295/976 3471/3495/1850 4239/1719/1851 3034/3058/977
f 3471/3495/1850 506/506/1852 3472/3496/1853 4239/1719/1851
f 4239/1719/1851 3472/3496/1853 507/507/1854 3473/3497/1855
f 3034/3058/977 4239/1719/1851 3473/3497/1855 296/296/980
f 506/506/1852 3474/3498/1856 4240/1720/1857 3472/3496/1853
f 3474/3498/1856 414/414/1381 3235/3259/1379 4240/1720/1857
f 4240/1720/1857 3235/3259/1379 411/411/1374 3475/3499/1858
f 3472/3496/1853 4240/1720/1857 3475/3499/1858 507/507/1854
f 410/410/1370 3476/3500/1859 4241/1721/1860 3231/3255/1371
f 3476/3500/1859 508/508/1861 3477/3501/1862 4241/1721/1860
f 4241/1721/1860 3477/3501/1862 507/507/1854 3475/3499/1858
f 3231/3255/1371 4241/1721/1860 3475/3499/1858 411/411/1374
f 508/508/1861 3478/3502/1863 4242/1722/1864 3477/3501/1862
f 3478/3502/1863 297/297/984 3037/3061/982 4242/1722/1864
f 4242/1722/1864 3037/3061/982 296/296/980 3473/3497/1855
f 3477/3501/1862 4242/1722/1864 3473/3497/1855 507/507/1854
f 302/302/998 3479/3503/1865 4243/1723/1866 3045/3069/999
f 3479/3503/1865 509/509/1867 3480/3504/1868 4243/1723/1866
f 4243/1723/1866 3480/3504/1868 510/510/1869 3481/3505/1870
f 3045/3069/999 4243/1723/1866 3481/3505/1870 303/303/1002
f 509/509/1867 3482/3506/1871 4244/1724/1872 3480/3504/1868
f 3482/3506/1871 418/418/1398 3244/3268/1396 4244/1724/1872
f 4244/1724/1872 3244/3268/1396 416/416/1392 3483/3507/1873
f 3480/3504/1868 4244/1724/1872 3483/3507/1873 510/510/1869
f 414/414/1381 3474/3498/1856 4245/1725/1874 3241/3265/1390
f 3474/3498/1856 506/506/1852 3484/3508/1875 4245/1725/1874
f 4245/1725/1874 3484/3508/1875 510/510/1869 3483/3507/1873
f 3241/3265/1390 4245/1725/1874 3483/3507/1873 416/416/1392
f 506/506/1852 3471/3495/1850 4246/1726/1876 3484/3508/1875
f 3471/3495/1850 295/295/976 3048/3072/1004 4246/1726/1876
f 4246/1726/1876 3048/3072/1004 303/303/1002 3481/3505/1870
f 3484/3508/1875 4246/1726/1876 3481/3505/1870 510/510/1869
f 308/308/1018 3485/3509/1877 4247/1727/1878 3055/3079/1019
f 3485/3509/1877 511/511/1879 3486/3510/1880 4247/1727/1878
f 4247/1727/1878 3486/3510/1880 512/512/1881 3487/3511/1882
f 3055/3079/1019 4247/1727/1878 3487/3511/1882 309/309/1022
f 511/511/1879 3488/3512/1883 4248/1728/1884 3486/3510/1880
f 3488/3512/1883 422/422/1414 3252/3276/1412 4248/1728/1884
f 4248/1728/1884 3252/3276/1412 420/420/1408 3489/3513/1885
f 3486/3510/1880 4248/1728/1884 3489/3513/1885 512/512/1881
f 418/418/1398 3482/3506/1871 4249/1729/1886 3249/3273/1406
f 3482/3506/1871 509/509/1867 3490/3514/1887 4249/1729/1886
f 4249/1729/1886 3490/3514/1887 512/512/1881 3489/3513/1885
f 3249/3273/1406 4249/1729/1886 3489/3513/1885 420/420/1408
f 509/509/1867 3479/3503/1865 4250/1730/1888 3490/3514/1887
f 3479/3503/1865 302/302/998 3058/3082/1024 4250/1730/1888
f 4250/1730/1888 3058/3082/1024 309/309/1022 3487/3511/1882
f 3490/3514/1887 4250/1730/1888 3487/3511/1882 512/512/1881
f 314/314/1038 3491/3515/1889 4251/1731/1890 3065/3089/1039
f 3491/3515/1889 513/513/1891 3492/3516/1892 4251/1731/1890
f 4251/1731/1890 3492/3516/1892 514/514/1893 3493/3517/1894
f 3065/3089/1039 4251/1731/1890 3493/3517/1894 315/315/1042
f 513/513/1891 3494/3518/1895 4252/1732/1896 3492/3516/1892
f 3494/3518/1895 426/426/1430 3260/3284/1428 4252/1732/1896
f 4252/1732/1896 3260/3284/1428 424/424/1424 3495/3519/1897
f 3492/3516/1892 4252/1732/1896 3495/3519/1897 514/514/1893
f 422/422/1414 3488/3512/1883 4253/1733/1898 3257/3281/1422
f 3488/3512/1883 511/511/1879 3496/3520/1899 4253/1733/1898
f 4253/1733/1898 3496/3520/1899 514/514/1893 3495/3519/1897
f 3257/3281/1422 4253/1733/1898 3495/3519/1897 424/424/1424
f 511/511/1879 3485/3509/1877 4254/1734/1900 3496/3520/1899
f 3485/3509/1877 308/308/1018 3068/3092/1044 4254/1734/1900
f 4254/1734/1900 3068/3092/1044 315/315/1042 3493/3517/1894
f 3496/3520/1899 4254/1734/1900 3493/3517/1894 514/514/1893
f 320/320/1058 3497/3521/1901 4255/1735/1902 3075/3099/1059
f 3497/3521/1901 515/515/1903 3498/3522/1904 4255/1735/1902
f 4255/1735/1902 3498/3522/1904 516/516/1905 3499/3523/1906
f 3075/3099/1059 4255/1735/1902 3499/3523/1906 321/321/1062
f 515/515/1903 3500/3524/1907 4256/1736/1908 3498/3522/1904
f 3500/3524/1907 430/430/1446 3268/3292/1444 4256/1736/1908
f 4256/1736/1908 3268/3292/1444 428/428/1440 3501/3525/1909
f 3498/3522/1904 4256/1736/1908 3501/3525/1909 516/516/1905
f 426/426/1430 3494/3518/1895 4257/1737/1910 3265/3289/1438
f 3494/3518/1895 513/513/1891 3502/3526/1911 4257/1737/1910
f 4257/1737/1910 3502/3526/1911 516/516/1905 3501/3525/1909
f 3265/3289/1438 4257/1737/1910 3501/3525/1909 428/428/1440
f 513/513/1891 3491/3515/1889 4258/1738/1912 3502/3526/1911
f 3491/3515/1889 314/314/1038 3078/3102/1064 4258/1738/1912
f 4258/1738/1912 3078/3102/1064 321/321/1062 3499/3523/1906
f 3502/3526/1911 4258/1738/1912 3499/3523/1906 516/516/1905
f 326/326/1078 3503/3527/1913 4259/1739/1914 3085/3109/1079
f 3503/3527/1913 517/517/1915 3504/3528/1916 4259/1739/1914
f 4259/1739/1914 3504/3528/1916 518/518/1917 3505/3529/1918
f 3085/3109/1079 4259/1739/1914 3505/3529/1918 327/327/1082
f 517/517/1915 3506/3530/1919 4260/1740/1920 3504/3528/1916
f 3506/3530/1919 434/434/1462 3276/3300/1460 4260/1740/1920
f 4260/1740/1920 3276/3300/1460 432/432/1456 3507/3531/1921
f 3504/3528/1916 4260/1740/1920 3507/3531/1921 518/518/1917
f 430/430/1446 3500/3524/1907 4261/1741/1922 3273/3297/1454
f 3500/3524/1907 515/515/1903 3508/3532/1923 4261/1741/1922
f 4261/1741/1922 3508/3532/1923 518/518/1917 3507/3531/1921
f 3273/3297/1454 4261/1741/1922 3507/3531/1921 432/432/1456
f 515/515/1903 3497/3521/1901 4262/1742/1924 3508/3532/1923
f 3497/3521/1901 320/320/1058 3088/3112/1084 4262/1742/1924
f 4262/1742/1924 3088/3112/1084 327/327/1082 3505/3529/1918
f 3508/3532/1923 4262/1742/1924 3505/3529/1918 518/518/1917
f 332/332/1098 3509/3533/1925 4263/1743/1926 3095/3119/1099
f 3509/3533/1925 519/519/1927 3510/3534/1928 4263/1743/1926
f 4263/1743/1926 3510/3534/1928 520/520/1929 3511/3535/1930
f 3095/3119/1099 4263/1743/1926 3511/3535/1930 333/333/1102
f 519/519/1927 3512/3536/1931 4264/1744/1932 3510/3534/1928
f 3512/3536/1931 438/438/1478 3284/3308/1476 4264/1744/1932
f 4264/1744/1932 3284/3308/1476 436/436/1472 3513/3537/1933
f 3510/3534/1928 4264/1744/1932 3513/3537/1933 520/520/1929
f 434/434/1462 3506/3530/1919 4265/1745/1934 3281/3305/1470
f 3506/3530/1919 517/517/1915 3514/3538/1935 4265/1745/1934
f 4265/1745/1934 3514/3538/1935 520/520/1929 3513/3537/1933
f 3281/3305/1470 4265/1745/1934 3513/3537/1933 436/436/1472
f 517/517/1915 3503/3527/1913 4266/1746/1936 3514/3538/1935
f 3503/3527/1913 326/326/1078 3098/3122/1104 4266/1746/1936
f 4266/1746/1936 3098/3122/1104 333/333/1102 3511/3535/1930
f 3514/3538/1935 4266/1746/1936 3511/3535/1930 520/520/1929
f 338/338/1118 3515/3539/1937 4267/1747/1938 3105/3129/1119
f 3515/3539/1937 521/521/1939 3516/3540/1940 4267/1747/1938
f 4267/1747/1938 3516/3540/1940 522/522/1941 3517/3541/1942
f 3105/3129/1119 4267/1747/1938 3517/3541/1942 339/339/1122
f 521/521/1939 3518/3542/1943 4268/1748/1944 3516/3540/1940
f 3518/3542/1943 442/442/1494 3292/3316/1492 4268/1748/1944
f 4268/1748/1944 3292/3316/1492 440/440/1488 3519/3543/1945
f 3516/3540/1940 4268/1748/1944 3519/3543/1945 522/522/1941
f 438/438/1478 3512/3536/1931 4269/1749/1946 3289/3313/1486
f 3512/3536/1931 519/519/1927 3520/3544/1947 4269/1749/1946
f 4269/1749/1946 3520/3544/1947 522/522/1941 3519/3543/1945
f 3289/3313/1486 4269/1749/1946 3519/3543/1945 440/440/1488
f 519/519/1927 3509/3533/1925 4270/1750/1948 3520/3544/1947
f 3509/3533/1925 332/332/1098 3108/3132/1124 4270/1750/1948
f 4270/1750/1948 3108/3132/1124 339/339/1122 3517/3541/1942
f 3520/3544/1947 4270/1750/1948 3517/3541/1942 522/522/1941
f 344/344/1138 3521/3545/1949 4271/1751/1950 3115/3139/1139
f 3521/3545/1949 523/523/1951 3522/3546/1952 4271/1751/1950
f 4271/1751/1950 3522/3546/1952 524/524/1953 3523/3547/1954
f 3115/3139/1139 4271/1751/1950 3523/3547/1954 345/345/1142
f 523/523/1951 3524/3548/1955 4272/1752/1956 3522/3546/1952
f 3524/3548/1955 446/446/1510 3300/3324/1508 4272/1752/1956
f 4272/1752/1956 3300/3324/1508 444/444/1504 3525/3549/1957
f 3522/3546/1952 4272/1752/1956 3525/3549/1957 524/524/1953
f 442/442/1494 3518/3542/1943 4273/1753/1958 3297/3321/1502
f 3518/3542/1943 521/521/1939 3526/3550/1959 4273/1753/1958
f 4273/1753/1958 3526/3550/1959 524/524/1953 3525/3549/1957
f 3297/3321/1502 4273/1753/1958 3525/3549/1957 444/444/1504
f 521/521/1939 3515/3539/1937 4274/1754/1960 3526/3550/1959
f 3515/3539/1937 338/338/1118 3118/3142/1144 4274/1754/1960
f 4274/1754/1960 3118/3142/1144 345/345/1142 3523/3547/1954
f 3526/3550/1959 4274/1754/1960 3523/3547/1954 524/524/1953
f 350/350/1158 3527/3551/1961 4275/1755/1962 3125/3149/1159
f 3527/3551/1961 525/525/1963 3528/3552/1964 4275/1755/1962
f 4275/1755/1962 3528/3552/1964 526/526/1965 3529/3553/1966
f 3125/3149/1159 4275/1755/1962 3529/3553/1966 351/351/1162
f 525/525/1963 3530/3554/1967 4276/1756/1968 3528/3552/1964
f 3530/3554/1967 450/450/1526 3308/3332/1524 4276/1756/1968
f 4276/1756/1968 3308/3332/1524 448/448/1520 3531/3555/1969
f 3528/3552/1964 4276/1756/1968 3531/3555/1969 526/526/1965
f 446/446/1510 3524/3548/1955 4277/1757/1970 3305/3329/1518
f 3524/3548/1955 523/523/1951 3532/3556/1971 4277/1757/1970
f 4277/1757/1970 3532/3556/1971 526/526/1965 3531/3555/1969
f 3305/3329/1518 4277/1757/1970 3531/3555/1969 448/448/1520
f 523/523/1951 3521/3545/1949 4278/1758/1972 3532/3556/1971
f 3521/3545/1949 344/344/1138 3128/3152/1164 4278/1758/1972
f 4278/1758/1972 3128/3152/1164 351/351/1162 3529/3553/1966
f 3532/3556/1971 4278/1758/1972 3529/3553/1966 526/526/1965
f 356/356/1178 3533/3557/1973 4279/1759/1974 3135/3159/1179
f 3533/3557/1973 527/527/1975 3534/3558/1976 4279/1759/1974
f 4279/1759/1974 3534/3558/1976 528/528/1977 3535/3559/1978
f 3135/3159/1179 4279/1759/1974 3535/3559/1978 357/357/1182
f 527/527/1975 3536/3560/1979 4280/1760/1980 3534/3558/1976
f 3536/3560/1979 454/454/1542 3316/3340/1540 4280/1760/1980
f 4280/1760/1980 3316/3340/1540 452/452/1536 3537/3561/1981
f 3534/3558/1976 4280/1760/1980 3537/3561/1981 528/528/1977
f 450/450/1526 3530/3554/1967 4281/1761/1982 3313/3337/1534
f 3530/3554/1967 525/525/1963 3538/3562/1983 4281/1761/1982
f 4281/1761/1982 3538/3562/1983 528/528/1977 3537/3561/1981
f 3313/3337/1534 4281/1761/1982 3537/3561/1981 452/452/1536
f 525/525/1963 3527/3551/1961 4282/1762/1984 3538/3562/1983
f 3527/3551/1961 350/350/1158 3138/3162/1184 4282/1762/1984
f 4282/1762/1984 3138/3162/1184 357/357/1182 3535/3559/1978
f 3538/3562/1983 4282/1762/1984 3535/3559/1978 528/528/1977
f 297/297/984 3478/3502/1863 4283/1763/1985 3144/3168/1195
f 3478/3502/1863 508/508/1861 3539/3563/1986 4283/1763/1985
f 4283/1763/1985 3539/3563/1986 529/529/1987 3540/3564/1988
f 3144/3168/1195 4283/1763/1985 3540/3564/1988 360/360/1197
f 508/508/1861 3476/3500/1859 4284/1764/1989 3539/3563/1986
f 3476/3500/1859 410/410/1370 3324/3348/1556 4284/1764/1989
f 4284/1764/1989 3324/3348/1556 456/456/1552 3541/3565/1990
f 3539/3563/1986 4284/1764/1989 3541/3565/1990 529/529/1987
f 454/454/1542 3536/3560/1979 4285/1765/1991 3321/3345/1550
f 3536/3560/1979 527/527/1975 3542/3566/1992 4285/1765/1991
f 4285/1765/1991 3542/3566/1992 529/529/1987 3541/3565/1990
f 3321/3345/1550 4285/1765/1991 3541/3565/1990 456/456/1552
f 527/527/1975 3533/3557/1973 4286/1766/1993 3542/3566/1992
f 3533/3557/1973 356/356/1178 3146/3170/1199 4286/1766/1993
f 4286/1766/1993 3146/3170/1199 360/360/1197 3540/3564/1988
f 3542/3566/1992 4286/1766/1993 3540/3564/1988 529/529/1987
f 7/7/16 3543/3567/1994 4287/1767/1995 2554/2578/17
f 3543/3567/1994 530/530/1996 3544/3568/1997 4287/1767/1995
f 4287/1767/1995 3544/3568/1997 531/531/1998 3545/3569/1999
f 2554/2578/17 4287/1767/1995 3545/3569/1999 8/8/20
f 530/530/1996 3546/3570/2000 4288/1768/2001 3544/3568/1997
f 3546/3570/2000 77/77/252 2671/2695/250 4288/1768/2001
f 4288/1768/2001 2671/2695/250 74/74/245 3547/3571/2002
f 3544/3568/1997 4288/1768/2001 3547/3571/2002 531/531/1998
f 73/73/241 3548/3572/2003 4289/1769/2004 2667/2691/242
f 3548/3572/2003 532/532/2005 3549/3573/2006 4289/1769/2004
f 4289/1769/2004 3549/3573/2006 531/531/1998 3547/3571/2002
f 2667/2691/242 4289/1769/2004 3547/3571/2002 74/74/245
f 532/532/2005 3550/3574/2007 4290/1770/2008 3549/3573/2006
f 3550/3574/2007 9/9/24 2557/2581/22 4290/1770/2008
f 4290/1770/2008 2557/2581/22 8/8/20 3545/3569/1999
f 3549/3573/2006 4290/1770/2008 3545/3569/1999 531/531/1998
f 14/14/38 3551/3575/2009 4291/1771/2010 2565/2589/39
f 3551/3575/2009 533/533/2011 3552/3576/2012 4291/1771/2010
f 4291/1771/2010 3552/3576/2012 534/534/2013 3553/3577/2014
f 2565/2589/39 4291/1771/2010 3553/3577/2014 15/15/42
f 533/533/2011 3554/3578/2015 4292/1772/2016 3552/3576/2012
f 3554/3578/2015 84/84/274 2682/2706/272 4292/1772/2016
f 4292/1772/2016 2682/2706/272 82/82/268 3555/3579/2017
f 3552/3576/2012 4292/1772/2016 3555/3579/2017 534/534/2013
f 77/77/252 3546/3570/2000 4293/1773/2018 2679/2703/266
f 3546/3570/2000 530/530/1996 3556/3580/2019 4293/1773/2018
f 4293/1773/2018 3556/3580/2019 534/534/2013 3555/3579/2017
f 2679/2703/266 4293/1773/2018 3555/3579/2017 82/82/268
f 530/530/1996 3543/3567/1994 4294/1774/2020 3556/3580/2019
f 3543/3567/1994 7/7/16 2568/2592/44 4294/1774/2020
f 4294/1774/2020 2568/2592/44 15/15/42 3553/3577/2014
f 3556/3580/2019 4294/1774/2020 3553/3577/2014 534/534/2013
f 20/20/58 3557/3581/2021 4295/1775/2022 2575/2599/59
f 3557/3581/2021 535/535/2023 3558/3582/2024 4295/1775/2022
f 4295/1775/2022 3558/3582/2024 536/536/2025 3559/3583/2026
f 2575/2599/59 4295/1775/2022 3559/3583/2026 21/21/62
f 535/535/2023 3560/3584/2027 4296/1776/2028 3558/3582/2024
f 3560/3584/2027 90/90/294 2692/2716/292 4296/1776/2028
f 4296/1776/2028 2692/2716/292 88/88/288 3561/3585/2029
f 3558/3582/2024 4296/1776/2028 3561/3585/2029 536/536/2025
f 84/84/274 3554/3578/2015 4297/1777/2030 2689/2713/286
f 3554/3578/2015 533/533/2011 3562/3586/2031 4297/1777/2030
f 4297/1777/2030 3562/3586/2031 536/536/2025 3561/3585/2029
f 2689/2713/286 4297/1777/2030 3561/3585/2029 88/88/288
f 533/533/2011 3551/3575/2009 4298/1778/2032 3562/3586/2031
f 3551/3575/2009 14/14/38 2578/2602/64 4298/1778/2032
f 4298/1778/2032 2578/2602/64 21/21/62 3559/3583/2026
f 3562/3586/2031 4298/1778/2032 3559/3583/2026 536/536/2025
f 26/26/78 3563/3587/2033 4299/1779/2034 2585/2609/79
f 3563/3587/2033 537/537/2035 3564/3588/2036 4299/1779/2034
f 4299/1779/2034 3564/3588/2036 538/538/2037 3565/3589/2038
f 2585/2609/79 4299/1779/2034 3565/3589/2038 27/27/82
f 537/537/2035 3566/3590/2039 4300/1780/2040 3564/3588/2036
f 3566/3590/2039 96/96/314 2702/2726/312 4300/1780/2040
f 4300/1780/2040 2702/2726/312 94/94/308 3567/3591/2041
f 3564/3588/2036 4300/1780/2040 3567/3591/2041 538/538/2037
f 90/90/294 3560/3584/2027 4301/1781/2042 2699/2723/306
f 3560/3584/2027 535/535/2023 3568/3592/2043 4301/1781/2042
f 4301/1781/2042 3568/3592/2043 538/538/2037 3567/3591/2041
f 2699/2723/306 4301/1781/2042 3567/3591/2041 94/94/308
f 535/535/2023 3557/3581/2021 4302/1782/2044 3568/3592/2043
f 3557/3581/2021 20/20/58 2588/2612/84 4302/1782/2044
f 4302/1782/2044 2588/2612/84 27/27/82 3565/3589/2038
f 3568/3592/2043 4302/1782/2044 3565/3589/2038 538/538/2037
f 32/32/98 3569/3593/2045 4303/1783/2046 2595/2619/99
f 3569/3593/2045 539/539/2047 3570/3594/2048 4303/1783/2046
f 4303/1783/2046 3570/3594/2048 540/540/2049 3571/3595/2050
f 2595/2619/99 4303/1783/2046 3571/3595/2050 33/33/102
f 539/539/2047 3572/3596/2051 4304/1784/2052 3570/3594/2048
f 3572/3596/2051 102/102/334 2712/2736/332 4304/1784/2052
f 4304/1784/2052 2712/2736/332 100/100/328 3573/3597/2053
f 3570/3594/2048 4304/1784/2052 3573/3597/2053 540/540/2049
f 96/96/314 3566/3590/2039 4305/1785/2054 2709/2733/326
f 3566/3590/2039 537/537/2035 3574/3598/2055 4305/1785/2054
f 4305/1785/2054 3574/3598/2055 540/540/2049 3573/3597/2053
f 2709/2733/326 4305/1785/2054 3573/3597/2053 100/100/328
f 537/537/2035 3563/3587/2033 4306/1786/2056 3574/3598/2055
f 3563/3587/2033 26/26/78 2598/2622/104 4306/1786/2056
f 4306/1786/2056 2598/2622/104 33/33/102 3571/3595/2050
f 3574/3598/2055 4306/1786/2056 3571/3595/2050 540/540/2049
f 38/38/118 3575/3599/2057 4307/1787/2058 2605/2629/119
f 3575/3599/2057 541/541/2059 3576/3600/2060 4307/1787/2058
f 4307/1787/2058 3576/3600/2060 542/542/2061 3577/3601/2062
f 2605/2629/119 4307/1787/2058 3577/3601/2062 39/39/122
f 541/541/2059 3578/3602/2063 4308/1788/2064 3576/3600/2060
f 3578/3602/2063 108/108/354 2722/2746/352 4308/1788/2064
f 4308/1788/2064 2722/2746/352 106/106/348 3579/3603/2065
f 3576/3600/2060 4308/1788/2064 3579/3603/2065 542/542/2061
f 102/102/334 3572/3596/2051 4309/1789/2066 2719/2743/346
f 3572/3596/2051 539/539/2047 3580/3604/2067 4309/1789/2066
f 4309/1789/2066 3580/3604/2067 542/542/2061 3579/3603/2065
f 2719/2743/346 4309/1789/2066 3579/3603/2065 106/106/348
f 539/539/2047 3569/3593/2045 4310/1790/2068 3580/3604/2067
f 3569/3593/2045 32/32/98 2608/2632/124 4310/1790/2068
f 4310/1790/2068 2608/2632/124 39/39/122 3577/3601/2062
f 3580/3604/2067 4310/1790/2068 3577/3601/2062 542/542/2061
f 44/44/138 3581/3605/2069 4311/1791/2070 2615/2639/139
f 3581/3605/2069 543/543/2071 3582/3606/2072 4311/1791/2070
f 4311/1791/2070 3582/3606/2072 544/544/2073 3583/3607/2074
f 2615/2639/139 4311/1791/2070 3583/3607/2074 45/45/142
f 543/543/2071 3584/3608/2075 4312/1792/2076 3582/3606/2072
f 3584/3608/2075 114/114/374 2732/2756/372 4312/1792/2076
f 4312/1792/2076 2732/2756/372 112/112/368 3585/3609/2077
f 3582/3606/2072 4312/1792/2076 3585/3609/2077 544/544/2073
f 108/108/354 3578/3602/2063 4313/1793/2078 2729/2753/366
f 3578/3602/2063 541/541/2059 3586/3610/2079 4313/1793/2078
f 4313/1793/2078 3586/3610/2079 544/544/2073 3585/3609/2077
f 2729/2753/366 4313/1793/2078 3585/3609/2077 112/112/368
f 541/541/2059 3575/3599/2057 4314/1794/2080 3586/3610/2079
f 3575/3599/2057 38/38/118 2618/2642/144 4314/1794/2080
f 4314/1794/2080 2618/2642/144 45/45/142 3583/3607/2074
f 3586/3610/2079 4314/1794/2080 3583/3607/2074 544/544/2073
f 50/50/158 3587/3611/2081 4315/1795/2082 2625/2649/159
f 3587/3611/2081 545/545/2083 3588/3612/2084 4315/1795/2082
f 4315/1795/2082 3588/3612/2084 546/546/2085 3589/3613/2086
f 2625/2649/159 4315/1795/2082 3589/3613/2086 51/51/162
f 545/545/2083 3590/3614/2087 4316/1796/2088 3588/3612/2084
f 3590/3614/2087 120/120/394 2742/2766/392 4316/1796/2088
f 4316/1796/2088 2742/2766/392 118/118/388 3591/3615/2089
f 3588/3612/2084 4316/1796/2088 3591/3615/2089 546/546/2085
f 114/114/374 3584/3608/2075 4317/1797/2090 2739/2763/386
f 3584/3608/2075 543/543/2071 3592/3616/2091 4317/1797/2090
f 4317/1797/2090 3592/3616/2091 546/546/2085 3591/3615/2089
f 2739/2763/386 4317/1797/2090 3591/3615/2089 118/118/388
f 543/543/2071 3581/3605/2069 4318/1798/2092 3592/3616/2091
f 3581/3605/2069 44/44/138 2628/2652/164 4318/1798/2092
f 4318/1798/2092 2628/2652/164 51/51/162 3589/3613/2086
f 3592/3616/2091 4318/1798/2092 3589/3613/2086 546/546/2085
f 56/56/178 3593/3617/2093 4319/1799/2094 2635/2659/179
f 3593/3617/2093 547/547/2095 3594/3618/2096 4319/1799/2094
f 4319/1799/2094 3594/3618/2096 548/548/2097 3595/3619/2098
f 2635/2659/179 4319/1799/2094 3595/3619/2098 57/57/182
f 547/547/2095 3596/3620/2099 4320/1800/2100 3594/3618/2096
f 3596/3620/2099 126/126/414 2752/2776/412 4320/1800/2100
f 4320/1800/2100 2752/2776/412 124/124/408 3597/3621/2101
f 3594/3618/2096 4320/1800/2100 3597/3621/2101 548/548/2097
f 120/120/394 3590/3614/2087 4321/1801/2102 2749/2773/406
f 3590/3614/2087 545/545/2083 3598/3622/2103 4321/1801/2102
f 4321/1801/2102 3598/3622/2103 548/548/2097 3597/3621/2101
f 2749/2773/406 4321/1801/2102 3597/3621/2101 124/124/408
f 545/545/2083 3587/3611/2081 4322/1802/2104 3598/3622/2103
f 3587/3611/2081 50/50/158 2638/2662/184 4322/1802/2104
f 4322/1802/2104 2638/2662/184 57/57/182 3595/3619/2098
f 3598/3622/2103 4322/1802/2104 3595/3619/2098 548/548/2097
f 62/62/198 3599/3623/2105 4323/1803/2106 2645/2669/199
f 3599/3623/2105 549/549/2107 3600/3624/2108 4323/1803/2106
f 4323/1803/2106 3600/3624/2108 550/550/2109 3601/3625/2110
f 2645/2669/199 4323/1803/2106 3601/3625/2110 63/63/202
f 549/549/2107 3602/3626/2111 4324/1804/2112 3600/3624/2108
f 3602/3626/2111 132/132/434 2762/2786/432 4324/1804/2112
f 4324/1804/2112 2762/2786/432 130/130/428 3603/3627/2113
f 3600/3624/2108 4324/1804/2112 3603/3627/2113 550/550/2109
f 126/126/414 3596/3620/2099 4325/1805/2114 2759/2783/426
f 3596/3620/2099 547/547/2095 3604/3628/2115 4325/1805/2114
f 4325/1805/2114 3604/3628/2115 550/550/2109 3603/3627/2113
f 2759/2783/426 4325/1805/2114 3603/3627/2113 130/130/428
f 547/547/2095 3593/3617/2093 4326/1806/2116 3604/3628/2115
f 3593/3617/2093 56/56/178 2648/2672/204 4326/1806/2116
f 4326/1806/2116 2648/2672/204 63/63/202 3601/3625/2110
f 3604/3628/2115 4326/1806/2116 3601/3625/2110 550/550/2109
f 68/68/218 3605/3629/2117 4327/1807/2118 2655/2679/219
f 3605/3629/2117 551/551/2119 3606/3630/2120 4327/1807/2118
f 4327/1807/2118 3606/3630/2120 552/552/2121 3607/3631/2122
f 2655/2679/219 4327/1807/2118 3607/3631/2122 69/69/222
f 551/551/2119 3608/3632/2123 4328/1808/2124 3606/3630/2120
f 3608/3632/2123 138/138/454 2772/2796/452 4328/1808/2124
f 4328/1808/2124 2772/2796/452 136/136/448 3609/3633/2125
f 3606/3630/2120 4328/1808/2124 3609/3633/2125 552/552/2121
f 132/132/434 3602/3626/2111 4329/1809/2126 2769/2793/446
f 3602/3626/2111 549/549/2107 3610/3634/2127 4329/1809/2126
f 4329/1809/2126 3610/3634/2127 552/552/2121 3609/3633/2125
f 2769/2793/446 4329/1809/2126 3609/3633/2125 136/136/448
f 549/549/2107 3599/3623/2105 4330/1810/2128 3610/3634/2127
f 3599/3623/2105 62/62/198 2658/2682/224 4330/1810/2128
f 4330/1810/2128 2658/2682/224 69/69/222 3607/3631/2122
f 3610/3634/2127 4330/1810/2128 3607/3631/2122 552/552/2121
f 9/9/24 3550/3574/2007 4331/1811/2129 2664/2688/235
f 3550/3574/2007 532/532/2005 3611/3635/2130 4331/1811/2129
f 4331/1811/2129 3611/3635/2130 553/553/2131 3612/3636/2132
f 2664/2688/235 4331/1811/2129 3612/3636/2132 72/72/237
f 532/532/2005 3548/3572/2003 4332/1812/2133 3611/3635/2130
f 3548/3572/2003 73/73/241 2782/2806/472 4332/1812/2133
f 4332/1812/2133 2782/2806/472 142/142/468 3613/3637/2134
f 3611/3635/2130 4332/1812/2133 3613/3637/2134 553/553/2131
f 138/138/454 3608/3632/2123 4333/1813/2135 2779/2803/466
f 3608/3632/2123 551/551/2119 3614/3638/2136 4333/1813/2135
f 4333/1813/2135 3614/3638/2136 553/553/2131 3613/3637/2134
f 2779/2803/466 4333/1813/2135 3613/3637/2134 142/142/468
f 551/551/2119 3605/3629/2117 4334/1814/2137 3614/3638/2136
f 3605/3629/2117 68/68/218 2666/2690/239 4334/1814/2137
f 4334/1814/2137 2666/2690/239 72/72/237 3612/3636/2132
f 3614/3638/2136 4334/1814/2137 3612/3636/2132 553/553/2131
f 79/79/256 3615/3639/2138 4335/1815/2139 2674/2698/257
f 3615/3639/2138 554/554/2140 3616/3640/2141 4335/1815/2139
f 4335/1815/2139 3616/3640/2141 555/555/2142 3617/3641/2143
f 2674/2698/257 4335/1815/2139 3617/3641/2143 80/80/260
f 554/554/2140 3618/3642/2144 4336/1816/2145 3616/3640/2141
f 3618/3642/2144 149/149/492 2791/2815/490 4336/1816/2145
f 4336/1816/2145 2791/2815/490 146/146/485 3619/3643/2146
f 3616/3640/2141 4336/1816/2145 3619/3643/2146 555/555/2142
f 145/145/481 3620/3644/2147 4337/1817/2148 2787/2811/482
f 3620/3644/2147 556/556/2149 3621/3645/2150 4337/1817/2148
f 4337/1817/2148 3621/3645/2150 555/555/2142 3619/3643/2146
f 2787/2811/482 4337/1817/2148 3619/3643/2146 146/146/485
f 556/556/2149 3622/3646/2151 4338/1818/2152 3621/3645/2150
f 3622/3646/2151 81/81/264 2677/2701/262 4338/1818/2152
f 4338/1818/2152 2677/2701/262 80/80/260 3617/3641/2143
f 3621/3645/2150 4338/1818/2152 3617/3641/2143 555/555/2142
f 86/86/278 3623/3647/2153 4339/1819/2154 2685/2709/279
f 3623/3647/2153 557/557/2155 3624/3648/2156 4339/1819/2154
f 4339/1819/2154 3624/3648/2156 558/558/2157 3625/3649/2158
f 2685/2709/279 4339/1819/2154 3625/3649/2158 87/87/282
f 557/557/2155 3626/3650/2159 4340/1820/2160 3624/3648/2156
f 3626/3650/2159 156/156/514 2802/2826/512 4340/1820/2160
f 4340/1820/2160 2802/2826/512 154/154/508 3627/3651/2161
f 3624/3648/2156 4340/1820/2160 3627/3651/2161 558/558/2157
f 149/149/492 3618/3642/2144 4341/1821/2162 2799/2823/506
f 3618/3642/2144 554/554/2140 3628/3652/2163 4341/1821/2162
f 4341/1821/2162 3628/3652/2163 558/558/2157 3627/3651/2161
f 2799/2823/506 4341/1821/2162 3627/3651/2161 154/154/508
f 554/554/2140 3615/3639/2138 4342/1822/2164 3628/3652/2163
f 3615/3639/2138 79/79/256 2688/2712/284 4342/1822/2164
f 4342/1822/2164 2688/2712/284 87/87/282 3625/3649/2158
f 3628/3652/2163 4342/1822/2164 3625/3649/2158 558/558/2157
f 92/92/298 3629/3653/2165 4343/1823/2166 2695/2719/299
f 3629/3653/2165 559/559/2167 3630/3654/2168 4343/1823/2166
f 4343/1823/2166 3630/3654/2168 560/560/2169 3631/3655/2170
f 2695/2719/299 4343/1823/2166 3631/3655/2170 93/93/302
f 559/559/2167 3632/3656/2171 4344/1824/2172 3630/3654/2168
f 3632/3656/2171 162/162/534 2812/2836/532 4344/1824/2172
f 4344/1824/2172 2812/2836/532 160/160/528 3633/3657/2173
f 3630/3654/2168 4344/1824/2172 3633/3657/2173 560/560/2169
f 156/156/514 3626/3650/2159 4345/1825/2174 2809/2833/526
f 3626/3650/2159 557/557/2155 3634/3658/2175 4345/1825/2174
f 4345/1825/2174 3634/3658/2175 560/560/2169 3633/3657/2173
f 2809/2833/526 4345/1825/2174 3633/3657/2173 160/160/528
f 557/557/2155 3623/3647/2153 4346/1826/2176 3634/3658/2175
f 3623/3647/2153 86/86/278 2698/2722/304 4346/1826/2176
f 4346/1826/2176 2698/2722/304 93/93/302 3631/3655/2170
f 3634/3658/2175 4346/1826/2176 3631/3655/2170 560/560/2169
f 98/98/318 3635/3659/2177 4347/1827/2178 2705/2729/319
f 3635/3659/2177 561/561/2179 3636/3660/2180 4347/1827/2178
f 4347/1827/2178 3636/3660/2180 562/562/2181 3637/3661/2182
f 2705/2729/319 4347/1827/2178 3637/3661/2182 99/99/322
f 561/561/2179 3638/3662/2183 4348/1828/2184 3636/3660/2180
f 3638/3662/2183 168/168/554 2822/2846/552 4348/1828/2184
f 4348/1828/2184 2822/2846/552 166/166/548 3639/3663/2185
f 3636/3660/2180 4348/1828/2184 3639/3663/2185 562/562/2181
f 162/162/534 3632/3656/2171 4349/1829/2186 2819/2843/546
f 3632/3656/2171 559/559/2167 3640/3664/2187 4349/1829/2186
f 4349/1829/2186 3640/3664/2187 562/562/2181 3639/3663/2185
f 2819/2843/546 4349/1829/2186 3639/3663/2185 166/166/548
f 559/559/2167 3629/3653/2165 4350/1830/2188 3640/3664/2187
f 3629/3653/2165 92/92/298 2708/2732/324 4350/1830/2188
f 4350/1830/2188 2708/2732/324 99/99/322 3637/3661/2182
f 3640/3664/2187 4350/1830/2188 3637/3661/2182 562/562/2181
f 104/104/338 3641/3665/2189 4351/1831/2190 2715/2739/339
f 3641/3665/2189 563/563/2191 3642/3666/2192 4351/1831/2190
f 4351/1831/2190 3642/3666/2192 564/564/2193 3643/3667/2194
f 2715/2739/339 4351/1831/2190 3643/3667/2194 105/105/342
f 563/563/2191 3644/3668/2195 4352/1832/2196 3642/3666/2192
f 3644/3668/2195 174/174/574 2832/2856/572 4352/1832/2196
f 4352/1832/2196 2832/2856/572 172/172/568 3645/3669/2197
f 3642/3666/2192 4352/1832/2196 3645/3669/2197 564/564/2193
f 168/168/554 3638/3662/2183 4353/1833/2198 2829/2853/566
f 3638/3662/2183 561/561/2179 3646/3670/2199 4353/1833/2198
f 4353/1833/2198 3646/3670/2199 564/564/2193 3645/3669/2197
f 2829/2853/566 4353/1833/2198 3645/3669/2197 172/172/568
f 561/561/2179 3635/3659/2177 4354/1834/2200 3646/3670/2199
f 3635/3659/2177 98/98/318 2718/2742/344 4354/1834/2200
f 4354/1834/2200 2718/2742/344 105/105/342 3643/3667/2194
f 3646/3670/2199 4354/1834/2200 3643/3667/2194 564/564/2193
f 110/110/358 3647/3671/2201 4355/1835/2202 2725/2749/359
f 3647/3671/2201 565/565/2203 3648/3672/2204 4355/1835/2202
f 4355/1835/2202 3648/3672/2204 566/566/2205 3649/3673/2206
f 2725/2749/359 4355/1835/2202 3649/3673/2206 111/111/362
f 565/565/2203 3650/3674/2207 4356/1836/2208 3648/3672/2204
f 3650/3674/2207 180/180/594 2842/2866/592 4356/1836/2208
f 4356/1836/2208 2842/2866/592 178/178/588 3651/3675/2209
f 3648/3672/2204 4356/1836/2208 3651/3675/2209 566/566/2205
f 174/174/574 3644/3668/2195 4357/1837/2210 2839/2863/586
f 3644/3668/2195 563/563/2191 3652/3676/2211 4357/1837/2210
f 4357/1837/2210 3652/3676/2211 566/566/2205 3651/3675/2209
f 2839/2863/586 4357/1837/2210 3651/3675/2209 178/178/588
f 563/563/2191 3641/3665/2189 4358/1838/2212 3652/3676/2211
f 3641/3665/2189 104/104/338 2728/2752/364 4358/1838/2212
f 4358/1838/2212 2728/2752/364 111/111/362 3649/3673/2206
f 3652/3676/2211 4358/1838/2212 3649/3673/2206 566/566/2205
f 116/116/378 3653/3677/2213 4359/1839/2214 2735/2759/379
f 3653/3677/2213 567/567/2215 3654/3678/2216 4359/1839/2214
f 4359/1839/2214 3654/3678/2216 568/568/2217 3655/3679/2218
f 2735/2759/379 4359/1839/2214 3655/3679/2218 117/117/382
f 567/567/2215 3656/3680/2219 4360/1840/2220 3654/3678/2216
f 3656/3680/2219 186/186/614 2852/2876/612 4360/1840/2220
f 4360/1840/2220 2852/2876/612 184/184/608 3657/3681/2221
f 3654/3678/2216 4360/1840/2220 3657/3681/2221 568/568/2217
f 180/180/594 3650/3674/2207 4361/1841/2222 2849/2873/606
f 3650/3674/2207 565/565/2203 3658/3682/2223 4361/1841/2222
f 4361/1841/2222 3658/3682/2223 568/568/2217 3657/3681/2221
f 2849/2873/606 4361/1841/2222 3657/3681/2221 184/184/608
f 565/565/2203 3647/3671/2201 4362/1842/2224 3658/3682/2223
f 3647/3671/2201 110/110/358 2738/2762/384 4362/1842/2224
f 4362/1842/2224 2738/2762/384 117/117/382 3655/3679/2218
f 3658/3682/2223 4362/1842/2224 3655/3679/2218 568/568/2217
f 122/122/398 3659/3683/2225 4363/1843/2226 2745/2769/399
f 3659/3683/2225 569/569/2227 3660/3684/2228 4363/1843/2226
f 4363/1843/2226 3660/3684/2228 570/570/2229 3661/3685/2230
f 2745/2769/399 4363/1843/2226 3661/3685/2230 123/123/402
f 569/569/2227 3662/3686/2231 4364/1844/2232 3660/3684/2228
f 3662/3686/2231 192/192/634 2862/2886/632 4364/1844/2232
f 4364/1844/2232 2862/2886/632 190/190/628 3663/3687/2233
f 3660/3684/2228 4364/1844/2232 3663/3687/2233 570/570/2229
f 186/186/614 3656/3680/2219 4365/1845/2234 2859/2883/626
f 3656/3680/2219 567/567/2215 3664/3688/2235 4365/1845/2234
f 4365/1845/2234 3664/3688/2235 570/570/2229 3663/3687/2233
f 2859/2883/626 4365/1845/2234 3663/3687/2233 190/190/628
f 567/567/2215 3653/3677/2213 4366/1846/2236 3664/3688/2235
f 3653/3677/2213 116/116/378 2748/2772/404 4366/1846/2236
f 4366/1846/2236 2748/2772/404 123/123/402 3661/3685/2230
f 3664/3688/2235 4366/1846/2236 3661/3685/2230 570/570/2229
f 128/128/418 3665/3689/2237 4367/1847/2238 2755/2779/419
f 3665/3689/2237 571/571/2239 3666/3690/2240 4367/1847/2238
f 4367/1847/2238 3666/3690/2240 572/572/2241 3667/3691/2242
f 2755/2779/419 4367/1847/2238 3667/3691/2242 129/129/422
f 571/571/2239 3668/3692/2243 4368/1848/2244 3666/3690/2240
f 3668/3692/2243 198/198/654 2872/2896/652 4368/1848/2244
f 4368/1848/2244 2872/2896/652 196/196/648 3669/3693/2245
f 3666/3690/2240 4368/1848/2244 3669/3693/2245 572/572/2241
f 192/192/634 3662/3686/2231 4369/1849/2246 2869/2893/646
f 3662/3686/2231 569/569/2227 3670/3694/2247 4369/1849/2246
f 4369/1849/2246 3670/3694/2247 572/572/2241 3669/3693/2245
f 2869/2893/646 4369/1849/2246 3669/3693/2245 196/196/648
f 569/569/2227 3659/3683/2225 4370/1850/2248 3670/3694/2247
f 3659/3683/2225 122/122/398 2758/2782/424 4370/1850/2248
f 4370/1850/2248 2758/2782/424 129/129/422 3667/3691/2242
f 3670/3694/2247 4370/1850/2248 3667/3691/2242 572/572/2241
f 134/134/438 3671/3695/2249 4371/1851/2250 2765/2789/439
f 3671/3695/2249 573/573/2251 3672/3696/2252 4371/1851/2250
f 4371/1851/2250 3672/3696/2252 574/574/2253 3673/3697/2254
f 2765/2789/439 4371/1851/2250 3673/3697/2254 135/135/442
f 573/573/2251 3674/3698/2255 4372/1852/2256 3672/3696/2252
f 3674/3698/2255 204/204/674 2882/2906/672 4372/1852/2256
f 4372/1852/2256 2882/2906/672 202/202/668 3675/3699/2257
f 3672/3696/2252 4372/1852/2256 3675/3699/2257 574/574/2253
f 198/198/654 3668/3692/2243 4373/1853/2258 2879/2903/666
f 3668/3692/2243 571/571/2239 3676/3700/2259 4373/1853/2258
f 4373/1853/2258 3676/3700/2259 574/574/2253 3675/3699/2257
f 2879/2903/666 4373/1853/2258 3675/3699/2257 202/202/668
f 571/571/2239 3665/3689/2237 4374/1854/2260 3676/3700/2259
f 3665/3689/2237 128/128/418 2768/2792/444 4374/1854/2260
f 4374/1854/2260 2768/2792/444 135/135/442 3673/3697/2254
f 3676/3700/2259 4374/1854/2260 3673/3697/2254 574/574/2253
f 140/140/458 3677/3701/2261 4375/1855/2262 2775/2799/459
f 3677/3701/2261 575/575/2263 3678/3702/2264 4375/1855/2262
f 4375/1855/2262 3678/3702/2264 576/576/2265 3679/3703/2266
f 2775/2799/459 4375/1855/2262 3679/3703/2266 141/141/462
f 575/575/2263 3680/3704/2267 4376/1856/2268 3678/3702/2264
f 3680/3704/2267 210/210/694 2892/2916/692 4376/1856/2268
f 4376/1856/2268 2892/2916/692 208/208/688 3681/3705/2269
f 3678/3702/2264 4376/1856/2268 3681/3705/2269 576/576/2265
f 204/204/674 3674/3698/2255 4377/1857/2270 2889/2913/686
f 3674/3698/2255 573/573/2251 3682/3706/2271 4377/1857/2270
f 4377/1857/2270 3682/3706/2271 576/576/2265 3681/3705/2269
f 2889/2913/686 4377/1857/2270 3681/3705/2269 208/208/688
f 573/573/2251 3671/3695/2249 4378/1858/2272 3682/3706/2271
f 3671/3695/2249 134/134/438 2778/2802/464 4378/1858/2272
f 4378/1858/2272 2778/2802/464 141/141/462 3679/3703/2266
f 3682/3706/2271 4378/1858/2272 3679/3703/2266 576/576/2265
f 81/81/264 3622/3646/2151 4379/1859/2273 2784/2808/475
f 3622/3646/2151 556/556/2149 3683/3707/2274 4379/1859/2273
f 4379/1859/2273 3683/3707/2274 577/577/2275 3684/3708/2276
f 2784/2808/475 4379/1859/2273 3684/3708/2276 144/144/477
f 556/556/2149 3620/3644/2147 4380/1860/2277 3683/3707/2274
f 3620/3644/2147 145/145/481 2902/2926/712 4380/1860/2277
f 4380/1860/2277 2902/2926/712 214/214/708 3685/3709/2278
f 3683/3707/2274 4380/1860/2277 3685/3709/2278 577/577/2275
f 210/210/694 3680/3704/2267 4381/1861/2279 2899/2923/706
f 3680/3704/2267 575/575/2263 3686/3710/2280 4381/1861/2279
f 4381/1861/2279 3686/3710/2280 577/577/2275 3685/3709/2278
f 2899/2923/706 4381/1861/2279 3685/3709/2278 214/214/708
f 575/575/2263 3677/3701/2261 4382/1862/2281 3686/3710/2280
f 3677/3701/2261 140/140/458 2786/2810/479 4382/1862/2281
f 4382/1862/2281 2786/2810/479 144/144/477 3684/3708/2276
f 3686/3710/2280 4382/1862/2281 3684/3708/2276 577/577/2275
f 578/578/2282 3687/3711/2283 4383/1863/2284 3690/3714/2285
f 3687/3711/2283 579/579/2286 3688/3712/2287 4383/1863/2284
f 4383/1863/2284 3688/3712/2287 580/580/2288 3689/3713/2289
f 3690/3714/2285 4383/1863/2284 3689/3713/2289 581/581/2290
f 579/579/2286 3691/3715/2291 4384/1864/2292 3688/3712/2287
f 3691/3715/2291 582/582/2293 3692/3716/2294 4384/1864/2292
f 4384/1864/2292 3692/3716/2294 583/583/2295 3693/3717/2296
f 3688/3712/2287 4384/1864/2292 3693/3717/2296 580/580/2288
f 584/584/2297 3694/3718/2298 4385/1865/2299 3696/3720/2300
f 3694/3718/2298 585/585/2301 3695/3719/2302 4385/1865/2299
f 4385/1865/2299 3695/3719/2302 580/580/2288 3693/3717/2296
f 3696/3720/2300 4385/1865/2299 3693/3717/2296 583/583/2295
f 585/585/2301 3697/3721/2303 4386/1866/2304 3695/3719/2302
f 3697/3721/2303 586/586/2305 3698/3722/2306 4386/1866/2304
f 4386/1866/2304 3698/3722/2306 581/581/2290 3689/3713/2289
f 3695/3719/2302 4386/1866/2304 3689/3713/2289 580/580/2288
f 587/587/2307 3699/3723/2308 4387/1867/2309 3702/3726/2310
f 3699/3723/2308 588/588/2311 3700/3724/2312 4387/1867/2309
f 4387/1867/2309 3700/3724/2312 589/589/2313 3701/3725/2314
f 3702/3726/2310 4387/1867/2309 3701/3725/2314 590/590/2315
f 588/588/2311 3703/3727/2316 4388/1868/2317 3700/3724/2312
f 3703/3727/2316 591/591/2318 3704/3728/2319 4388/1868/2317
f 4388/1868/2317 3704/3728/2319 592/592/2320 3705/3729/2321
f 3700/3724/2312 4388/1868/2317 3705/3729/2321 589/589/2313
f 582/582/2293 3691/3715/2291 4389/1869/2322 3707/3731/2323
f 3691/3715/2291 579/579/2286 3706/3730/2324 4389/1869/2322
f 4389/1869/2322 3706/3730/2324 589/589/2313 3705/3729/2321
f 3707/3731/2323 4389/1869/2322 3705/3729/2321 592/592/2320
f 579/579/2286 3687/3711/2283 4390/1870/2325 3706/3730/2324
f 3687/3711/2283 578/578/2282 3708/3732/2326 4390/1870/2325
f 4390/1870/2325 3708/3732/2326 590/590/2315 3701/3725/2314
f 3706/3730/2324 4390/1870/2325 3701/3725/2314 589/589/2313
f 593/593/2327 3709/3733/2328 4391/1871/2329 3712/3736/2330
f 3709/3733/2328 594/594/2331 3710/3734/2332 4391/1871/2329
f 4391/1871/2329 3710/3734/2332 595/595/2333 3711/3735/2334
f 3712/3736/2330 4391/1871/2329 3711/3735/2334 596/596/2335
f 594/594/2331 3713/3737/2336 4392/1872/2337 3710/3734/2332
f 3713/3737/2336 597/597/2338 3714/3738/2339 4392/1872/2337
f 4392/1872/2337 3714/3738/2339 598/598/2340 3715/3739/2341
f 3710/3734/2332 4392/1872/2337 3715/3739/2341 595/595/2333
f 591/591/2318 3703/3727/2316 4393/1873/2342 3717/3741/2343
f 3703/3727/2316 588/588/2311 3716/3740/2344 4393/1873/2342
f 4393/1873/2342 3716/3740/2344 595/595/2333 3715/3739/2341
f 3717/3741/2343 4393/1873/2342 3715/3739/2341 598/598/2340
f 588/588/2311 3699/3723/2308 4394/1874/2345 3716/3740/2344
f 3699/3723/2308 587/587/2307 3718/3742/2346 4394/1874/2345
f 4394/1874/2345 3718/3742/2346 596/596/2335 3711/3735/2334
f 3716/3740/2344 4394/1874/2345 3711/3735/2334 595/595/2333
f 599/599/2347 3719/3743/2348 4395/1875/2349 3722/3746/2350
f 3719/3743/2348 600/600/2351 3720/3744/2352 4395/1875/2349
f 4395/1875/2349 3720/3744/2352 601/601/2353 3721/3745/2354
f 3722/3746/2350 4395/1875/2349 3721/3745/2354 602/602/2355
f 600/600/2351 3723/3747/2356 4396/1876/2357 3720/3744/2352
f 3723/3747/2356 603/603/2358 3724/3748/2359 4396/1876/2357
f 4396/1876/2357 3724/3748/2359 604/604/2360 3725/3749/2361
f 3720/3744/2352 4396/1876/2357 3725/3749/2361 601/601/2353
f 597/597/2338 3713/3737/2336 4397/1877/2362 3727/3751/2363
f 3713/3737/2336 594/594/2331 3726/3750/2364 4397/1877/2362
f 4397/1877/2362 3726/3750/2364 601/601/2353 3725/3749/2361
f 3727/3751/2363 4397/1877/2362 3725/3749/2361 604/604/2360
f 594/594/2331 3709/3733/2328 4398/1878/2365 3726/3750/2364
f 3709/3733/2328 593/593/2327 3728/3752/2366 4398/1878/2365
f 4398/1878/2365 3728/3752/2366 602/602/2355 3721/3745/2354
f 3726/3750/2364 4398/1878/2365 3721/3745/2354 601/601/2353
f 605/605/2367 3729/3753/2368 4399/1879/2369 3732/3756/2370
f 3729/3753/2368 606/606/2371 3730/3754/2372 4399/1879/2369
f 4399/1879/2369 3730/3754/2372 607/607/2373 3731/3755/2374
f 3732/3756/2370 4399/1879/2369 3731/3755/2374 608/608/2375
f 606/606/2371 3733/3757/2376 4400/1880/2377 3730/3754/2372
f 3733/3757/2376 609/609/2378 3734/3758/2379 4400/1880/2377
f 4400/1880/2377 3734/3758/2379 610/610/2380 3735/3759/2381
f 3730/3754/2372 4400/1880/2377 3735/3759/2381 607/607/2373
f 603/603/2358 3723/3747/2356 4401/1881/2382 3737/3761/2383
f 3723/3747/2356 600/600/2351 3736/3760/2384 4401/1881/2382
f 4401/1881/2382 3736/3760/2384 607/607/2373 3735/3759/2381
f 3737/3761/2383 4401/1881/2382 3735/3759/2381 610/610/2380
f 600/600/2351 3719/3743/2348 4402/1882/2385 3736/3760/2384
f 3719/3743/2348 599/599/2347 3738/3762/2386 4402/1882/2385
f 4402/1882/2385 3738/3762/2386 608/608/2375 3731/3755/2374
f 3736/3760/2384 4402/1882/2385 3731/3755/2374 607/607/2373
f 611/611/2387 3739/3763/2388 4403/1883/2389 3742/3766/2390
f 3739/3763/2388 612/612/2391 3740/3764/2392 4403/1883/2389
f 4403/1883/2389 3740/3764/2392 613/613/2393 3741/3765/2394
f 3742/3766/2390 4403/1883/2389 3741/3765/2394 614/614/2395
f 612/612/2391 3743/3767/2396 4404/1884/2397 3740/3764/2392
f 3743/3767/2396 615/615/2398 3744/3768/2399 4404/1884/2397
f 4404/1884/2397 3744/3768/2399 616/616/2400 3745/3769/2401
f 3740/3764/2392 4404/1884/2397 3745/3769/2401 613/613/2393
f 609/609/2378 3733/3757/2376 4405/1885/2402 3747/3771/2403
f 3733/3757/2376 606/606/2371 3746/3770/2404 4405/1885/2402
f 4405/1885/2402 3746/3770/2404 613/613/2393 3745/3769/2401
f 3747/3771/2403 4405/1885/2402 3745/3769/2401 616/616/2400
f 606/606/2371 3729/3753/2368 4406/1886/2405 3746/3770/2404
f 3729/3753/2368 605/605/2367 3748/3772/2406 4406/1886/2405
f 4406/1886/2405 3748/3772/2406 614/614/2395 3741/3765/2394
f 3746/3770/2404 4406/1886/2405 3741/3765/2394 613/613/2393
f 617/617/2407 3749/3773/2408 4407/1887/2409 3752/3776/2410
f 3749/3773/2408 618/618/2411 3750/3774/2412 4407/1887/2409
f 4407/1887/2409 3750/3774/2412 619/619/2413 3751/3775/2414
f 3752/3776/2410 4407/1887/2409 3751/3775/2414 620/620/2415
f 618/618/2411 3753/3777/2416 4408/1888/2417 3750/3774/2412
f 3753/3777/2416 621/621/2418 3754/3778/2419 4408/1888/2417
f 4408/1888/2417 3754/3778/2419 622/622/2420 3755/3779/2421
f 3750/3774/2412 4408/1888/2417 3755/3779/2421 619/619/2413
f 615/615/2398 3743/3767/2396 4409/1889/2422 3757/3781/2423
f 3743/3767/2396 612/612/2391 3756/3780/2424 4409/1889/2422
f 4409/1889/2422 3756/3780/2424 619/619/2413 3755/3779/2421
f 3757/3781/2423 4409/1889/2422 3755/3779/2421 622/622/2420
f 612/612/2391 3739/3763/2388 4410/1890/2425 3756/3780/2424
f 3739/3763/2388 611/611/2387 3758/3782/2426 4410/1890/2425
f 4410/1890/2425 3758/3782/2426 620/620/2415 3751/3775/2414
f 3756/3780/2424 4410/1890/2425 3751/3775/2414 619/619/2413
f 623/623/2427 3759/3783/2428 4411/1891/2429 3762/3786/2430
f 3759/3783/2428 624/624/2431 3760/3784/2432 4411/1891/2429
f 4411/1891/2429 3760/3784/2432 625/625/2433 3761/3785/2434
f 3762/3786/2430 4411/1891/2429 3761/3785/2434 626/626/2435
f 624/624/2431 3763/3787/2436 4412/1892/2437 3760/3784/2432
f 3763/3787/2436 627/627/2438 3764/3788/2439 4412/1892/2437
f 4412/1892/2437 3764/3788/2439 628/628/2440 3765/3789/2441
f 3760/3784/2432 4412/1892/2437 3765/3789/2441 625/625/2433
f 621/621/2418 3753/3777/2416 4413/1893/2442 3767/3791/2443
f 3753/3777/2416 618/618/2411 3766/3790/2444 4413/1893/2442
f 4413/1893/2442 3766/3790/2444 625/625/2433 3765/3789/2441
f 3767/3791/2443 4413/1893/2442 3765/3789/2441 628/628/2440
f 618/618/2411 3749/3773/2408 4414/1894/2445 3766/3790/2444
f 3749/3773/2408 617/617/2407 3768/3792/2446 4414/1894/2445
f 4414/1894/2445 3768/3792/2446 626/626/2435 3761/3785/2434
f 3766/3790/2444 4414/1894/2445 3761/3785/2434 625/625/2433
f 629/629/2447 3769/3793/2448 4415/1895/2449 3772/3796/2450
f 3769/3793/2448 630/630/2451 3770/3794/2452 4415/1895/2449
f 4415/1895/2449 3770/3794/2452 631/631/2453 3771/3795/2454
f 3772/3796/2450 4415/1895/2449 3771/3795/2454 632/632/2455
f 630/630/2451 3773/3797/2456 4416/1896/2457 3770/3794/2452
f 3773/3797/2456 633/633/2458 3774/3798/2459 4416/1896/2457
f 4416/1896/2457 3774/3798/2459 634/634/2460 3775/3799/2461
f 3770/3794/2452 4416/1896/2457 3775/3799/2461 631/631/2453
f 627/627/2438 3763/3787/2436 4417/1897/2462 3777/3801/2463
f 3763/3787/2436 624/624/2431 3776/3800/2464 4417/1897/2462
f 4417/1897/2462 3776/3800/2464 631/631/2453 3775/3799/2461
f 3777/3801/2463 4417/1897/2462 3775/3799/2461 634/634/2460
f 624/624/2431 3759/3783/2428 4418/1898/2465 3776/3800/2464
f 3759/3783/2428 623/623/2427 3778/3802/2466 4418/1898/2465
f 4418/1898/2465 3778/3802/2466 632/632/2455 3771/3795/2454
f 3776/3800/2464 4418/1898/2465 3771/3795/2454 631/631/2453
f 635/635/2467 3779/3803/2468 4419/1899/2469 3782/3806/2470
f 3779/3803/2468 636/636/2471 3780/3804/2472 4419/1899/2469
f 4419/1899/2469 3780/3804/2472 637/637/2473 3781/3805/2474
f 3782/3806/2470 4419/1899/2469 3781/3805/2474 638/638/2475
f 636/636/2471 3783/3807/2476 4420/1900/2477 3780/3804/2472
f 3783/3807/2476 639/639/2478 3784/3808/2479 4420/1900/2477
f 4420/1900/2477 3784/3808/2479 640/640/2480 3785/3809/2481
f 3780/3804/2472 4420/1900/2477 3785/3809/2481 637/637/2473
f 633/633/2458 3773/3797/2456 4421/1901/2482 3787/3811/2483
f 3773/3797/2456 630/630/2451 3786/3810/2484 4421/1901/2482
f 4421/1901/2482 3786/3810/2484 637/637/2473 3785/3809/2481
f 3787/3811/2483 4421/1901/2482 3785/3809/2481 640/640/2480
f 630/630/2451 3769/3793/2448 4422/1902/2485 3786/3810/2484
f 3769/3793/2448 629/629/2447 3788/3812/2486 4422/1902/2485
f 4422/1902/2485 3788/3812/2486 638/638/2475 3781/3805/2474
f 3786/3810/2484 4422/1902/2485 3781/3805/2474 637/637/2473
f 641/641/2487 3789/3813/2488 4423/1903/2489 3792/3816/2490
f 3789/3813/2488 642/642/2491 3790/3814/2492 4423/1903/2489
f 4423/1903/2489 3790/3814/2492 643/643/2493 3791/3815/2494
f 3792/3816/2490 4423/1903/2489 3791/3815/2494 644/644/2495
f 642/642/2491 3793/3817/2496 4424/1904/2497 3790/3814/2492
f 3793/3817/2496 645/645/2498 3794/3818/2499 4424/1904/2497
f 4424/1904/2497 3794/3818/2499 646/646/2500 3795/3819/2501
f 3790/3814/2492 4424/1904/2497 3795/3819/2501 643/643/2493
f 639/639/2478 3783/3807/2476 4425/1905/2502 3797/3821/2503
f 3783/3807/2476 636/636/2471 3796/3820/2504 4425/1905/2502
f 4425/1905/2502 3796/3820/2504 643/643/2493 3795/3819/2501
f 3797/3821/2503 4425/1905/2502 3795/3819/2501 646/646/2500
f 636/636/2471 3779/3803/2468 4426/1906/2505 3796/3820/2504
f 3779/3803/2468 635/635/2467 3798/3822/2506 4426/1906/2505
f 4426/1906/2505 3798/3822/2506 644/644/2495 3791/3815/2494
f 3796/3820/2504 4426/1906/2505 3791/3815/2494 643/643/2493
f 586/586/2305 3697/3721/2303 4427/1907/2507 3801/3825/2508
f 3697/3721/2303 585/585/2301 3799/3823/2509 4427/1907/2507
f 4427/1907/2507 3799/3823/2509 647/647/2510 3800/3824/2511
f 3801/3825/2508 4427/1907/2507 3800/3824/2511 648/648/2512
f 585/585/2301 3694/3718/2298 4428/1908/2513 3799/3823/2509
f 3694/3718/2298 584/584/2297 3802/3826/2514 4428/1908/2513
f 4428/1908/2513 3802/3826/2514 649/649/2515 3803/3827/2516
f 3799/3823/2509 4428/1908/2513 3803/3827/2516 647/647/2510
f 645/645/2498 3793/3817/2496 4429/1909/2517 3805/3829/2518
f 3793/3817/2496 642/642/2491 3804/3828/2519 4429/1909/2517
f 4429/1909/2517 3804/3828/2519 647/647/2510 3803/3827/2516
f 3805/3829/2518 4429/1909/2517 3803/3827/2516 649/649/2515
f 642/642/2491 3789/3813/2488 4430/1910/2520 3804/3828/2519
f 3789/3813/2488 641/641/2487 3806/3830/2521 4430/1910/2520
f 4430/1910/2520 3806/3830/2521 648/648/2512 3800/3824/2511
f 3804/3828/2519 4430/1910/2520 3800/3824/2511 647/647/2510
f 650/650/2522 3807/3831/2523 4431/1911/2524 3810/3834/2525
f 3807/3831/2523 651/651/2526 3808/3832/2527 4431/1911/2524
f 4431/1911/2524 3808/3832/2527 652/652/2528 3809/3833/2529
f 3810/3834/2525 4431/1911/2524 3809/3833/2529 653/653/2530
f 651/651/2526 3811/3835/2531 4432/1912/2532 3808/3832/2527
f 3811/3835/2531 654/654/2533 3812/3836/2534 4432/1912/2532
f 4432/1912/2532 3812/3836/2534 655/655/2535 3813/3837/2536
f 3808/3832/2527 4432/1912/2532 3813/3837/2536 652/652/2528
f 656/656/2537 3814/3838/2538 4433/1913/2539 3816/3840/2540
f 3814/3838/2538 657/657/2541 3815/3839/2542 4433/1913/2539
f 4433/1913/2539 3815/3839/2542 652/652/2528 3813/3837/2536
f 3816/3840/2540 4433/1913/2539 3813/3837/2536 655/655/2535
f 657/657/2541 3817/3841/2543 4434/1914/2544 3815/3839/2542
f 3817/3841/2543 658/658/2545 3818/3842/2546 4434/1914/2544
f 4434/1914/2544 3818/3842/2546 653/653/2530 3809/3833/2529
f 3815/3839/2542 4434/1914/2544 3809/3833/2529 652/652/2528
f 659/659/2547 1275/3843/2548 4435/1915/2549 1278/3846/2550
f 1275/3843/2548 660/660/2551 1276/3844/2552 4435/1915/2549
f 4435/1915/2549 1276/3844/2552 661/661/2553 1277/3845/2554
f 1278/3846/2550 4435/1915/2549 1277/3845/2554 662/662/2555
f 660/660/2551 1279/3847/2556 4436/1916/2557 1276/3844/2552
f 1279/3847/2556 663/663/2558 1280/3848/2559 4436/1916/2557
f 4436/1916/2557 1280/3848/2559 664/664/2560 1281/3849/2561
f 1276/3844/2552 4436/1916/2557 1281/3849/2561 661/661/2553
f 654/654/2533 3811/3835/2531 4437/1917/2562 1283/3851/2563
f 3811/3835/2531 651/651/2526 1282/3850/2564 4437/1917/2562
f 4437/1917/2562 1282/3850/2564 661/661/2553 1281/3849/2561
f 1283/3851/2563 4437/1917/2562 1281/3849/2561 664/664/2560
f 651/651/2526 3807/3831/2523 4438/1918/2565 1282/3850/2564
f 3807/3831/2523 650/650/2522 1284/3852/2566 4438/1918/2565
f 4438/1918/2565 1284/3852/2566 662/662/2555 1277/3845/2554
f 1282/3850/2564 4438/1918/2565 1277/3845/2554 661/661/2553
f 665/665/2567 1285/3853/2568 4439/1919/2569 1288/3856/2570
f 1285/3853/2568 666/666/2571 1286/3854/2572 4439/1919/2569
f 4439/1919/2569 1286/3854/2572 667/667/2573 1287/3855/2574
f 1288/3856/2570 4439/1919/2569 1287/3855/2574 668/668/2575
f 666/666/2571 1289/3857/2576 4440/1920/2577 1286/3854/2572
f 1289/3857/2576 669/669/2578 1290/3858/2579 4440/1920/2577
f 4440/1920/2577 1290/3858/2579 670/670/2580 1291/3859/2581
f 1286/3854/2572 4440/1920/2577 1291/3859/2581 667/667/2573
f 663/663/2558 1279/3847/2556 4441/1921/2582 1293/3861/2583
f 1279/3847/2556 660/660/2551 1292/3860/2584 4441/1921/2582
f 4441/1921/2582 1292/3860/2584 667/667/2573 1291/3859/2581
f 1293/3861/2583 4441/1921/2582 1291/3859/2581 670/670/2580
f 660/660/2551 1275/3843/2548 4442/1922/2585 1292/3860/2584
f 1275/3843/2548 659/659/2547 1294/3862/2586 4442/1922/2585
f 4442/1922/2585 1294/3862/2586 668/668/2575 1287/3855/2574
f 1292/3860/2584 4442/1922/2585 1287/3855/2574 667/667/2573
f 671/671/2587 1295/3863/2588 4443/1923/2589 1298/3866/2590
f 1295/3863/2588 672/672/2591 1296/3864/2592 4443/1923/2589
f 4443/1923/2589 1296/3864/2592 673/673/2593 1297/3865/2594
f 1298/3866/2590 4443/1923/2589 1297/3865/2594 674/674/2595
f 672/672/2591 1299/3867/2596 4444/1924/2597 1296/3864/2592
f 1299/3867/2596 675/675/2598 1300/3868/2599 4444/1924/2597
f 4444/1924/2597 1300/3868/2599 676/676/2600 1301/3869/2601
f 1296/3864/2592 4444/1924/2597 1301/3869/2601 673/673/2593
f 669/669/2578 1289/3857/2576 4445/1925/2602 1303/3871/2603
f 1289/3857/2576 666/666/2571 1302/3870/2604 4445/1925/2602
f 4445/1925/2602 1302/3870/2604 673/673/2593 1301/3869/2601
f 1303/3871/2603 4445/1925/2602 1301/3869/2601 676/676/2600
f 666/666/2571 1285/3853/2568 4446/1926/2605 1302/3870/2604
f 1285/3853/2568 665/665/2567 1304/3872/2606 4446/1926/2605
f 4446/1926/2605 1304/3872/2606 674/674/2595 1297/3865/2594
f 1302/3870/2604 4446/1926/2605 1297/3865/2594 673/673/2593
f 677/677/2607 1305/3873/2608 4447/1927/2609 1308/3876/2610
f 1305/3873/2608 678/678/2611 1306/3874/2612 4447/1927/2609
f 4447/1927/2609 1306/3874/2612 679/679/2613 1307/3875/2614
f 1308/3876/2610 4447/1927/2609 1307/3875/2614 680/680/2615
f 678/678/2611 1309/3877/2616 4448/1928/2617 1306/3874/2612
f 1309/3877/2616 681/681/2618 1310/3878/2619 4448/1928/2617
f 4448/1928/2617 1310/3878/2619 682/682/2620 1311/3879/2621
f 1306/3874/2612 4448/1928/2617 1311/3879/2621 679/679/2613
f 675/675/2598 1299/3867/2596 4449/1929/2622 1313/3881/2623
f 1299/3867/2596 672/672/2591 1312/3880/2624 4449/1929/2622
f 4449/1929/2622 1312/3880/2624 679/679/2613 1311/3879/2621
f 1313/3881/2623 4449/1929/2622 1311/3879/2621 682/682/2620
f 672/672/2591 1295/3863/2588 4450/1930/2625 1312/3880/2624
f 1295/3863/2588 671/671/2587 1314/3882/2626 4450/1930/2625
f 4450/1930/2625 1314/3882/2626 680/680/2615 1307/3875/2614
f 1312/3880/2624 4450/1930/2625 1307/3875/2614 679/679/2613
f 683/683/2627 1315/3883/2628 4451/1931/2629 1318/3886/2630
f 1315/3883/2628 684/684/2631 1316/3884/2632 4451/1931/2629
f 4451/1931/2629 1316/3884/2632 685/685/2633 1317/3885/2634
f 1318/3886/2630 4451/1931/2629 1317/3885/2634 686/686/2635
f 684/684/2631 1319/3887/2636 4452/1932/2637 1316/3884/2632
f 1319/3887/2636 687/687/2638 1320/3888/2639 4452/1932/2637
f 4452/1932/2637 1320/3888/2639 688/688/2640 1321/3889/2641
f 1316/3884/2632 4452/1932/2637 1321/3889/2641 685/685/2633
f 681/681/2618 1309/3877/2616 4453/1933/2642 1323/3891/2643
f 1309/3877/2616 678/678/2611 1322/3890/2644 4453/1933/2642
f 4453/1933/2642 1322/3890/2644 685/685/2633 1321/3889/2641
f 1323/3891/2643 4453/1933/2642 1321/3889/2641 688/688/2640
f 678/678/2611 1305/3873/2608 4454/1934/2645 1322/3890/2644
f 1305/3873/2608 677/677/2607 1324/3892/2646 4454/1934/2645
f 4454/1934/2645 1324/3892/2646 686/686/2635 1317/3885/2634
f 1322/3890/2644 4454/1934/2645 1317/3885/2634 685/685/2633
f 689/689/2647 1325/3893/2648 4455/1935/2649 1328/3896/2650
f 1325/3893/2648 690/690/2651 1326/3894/2652 4455/1935/2649
f 4455/1935/2649 1326/3894/2652 691/691/2653 1327/3895/2654
f 1328/3896/2650 4455/1935/2649 1327/3895/2654 692/692/2655
f 690/690/2651 1329/3897/2656 4456/1936/2657 1326/3894/2652
f 1329/3897/2656 693/693/2658 1330/3898/2659 4456/1936/2657
f 4456/1936/2657 1330/3898/2659 694/694/2660 1331/3899/2661
f 1326/3894/2652 4456/1936/2657 1331/3899/2661 691/691/2653
f 687/687/2638 1319/3887/2636 4457/1937/2662 1333/3901/2663
f 1319/3887/2636 684/684/2631 1332/3900/2664 4457/1937/2662
f 4457/1937/2662 1332/3900/2664 691/691/2653 1331/3899/2661
f 1333/3901/2663 4457/1937/2662 1331/3899/2661 694/694/2660
f 684/684/2631 1315/3883/2628 4458/1938/2665 1332/3900/2664
f 1315/3883/2628 683/683/2627 1334/3902/2666 4458/1938/2665
f 4458/1938/2665 1334/3902/2666 692/692/2655 1327/3895/2654
f 1332/3900/2664 4458/1938/2665 1327/3895/2654 691/691/2653
f 695/695/2667 1335/3903/2668 4459/1939/2669 1338/3906/2670
f 1335/3903/2668 696/696/2671 1336/3904/2672 4459/1939/2669
f 4459/1939/2669 1336/3904/2672 697/697/2673 1337/3905/2674
f 1338/3906/2670 4459/1939/2669 1337/3905/2674 698/698/2675
f 696/696/2671 1339/3907/2676 4460/1940/2677 1336/3904/2672
f 1339/3907/2676 699/699/2678 1340/3908/2679 4460/1940/2677
f 4460/1940/2677 1340/3908/2679 700/700/2680 1341/3909/2681
f 1336/3904/2672 4460/1940/2677 1341/3909/2681 697/697/2673
f 693/693/2658 1329/3897/2656 4461/1941/2682 1343/3911/2683
f 1329/3897/2656 690/690/2651 1342/3910/2684 4461/1941/2682
f 4461/1941/2682 1342/3910/2684 697/697/2673 1341/3909/2681
f 1343/3911/2683 4461/1941/2682 1341/3909/2681 700/700/2680
f 690/690/2651 1325/3893/2648 4462/1942/2685 1342/3910/2684
f 1325/3893/2648 689/689/2647 1344/3912/2686 4462/1942/2685
f 4462/1942/2685 1344/3912/2686 698/698/2675 1337/3905/2674
f 1342/3910/2684 4462/1942/2685 1337/3905/2674 697/697/2673
f 701/701/2687 1345/3913/2688 4463/1943/2689 1348/3916/2690
f 1345/3913/2688 702/702/2691 1346/3914/2692 4463/1943/2689
f 4463/1943/2689 1346/3914/2692 703/703/2693 1347/3915/2694
f 1348/3916/2690 4463/1943/2689 1347/3915/2694 704/704/2695
f 702/702/2691 1349/3917/2696 4464/1944/2697 1346/3914/2692
f 1349/3917/2696 705/705/2698 1350/3918/2699 4464/1944/2697
f 4464/1944/2697 1350/3918/2699 706/706/2700 1351/3919/2701
f 1346/3914/2692 4464/1944/2697 1351/3919/2701 703/703/2693
f 699/699/2678 1339/3907/2676 4465/1945/2702 1353/3921/2703
f 1339/3907/2676 696/696/2671 1352/3920/2704 4465/1945/2702
f 4465/1945/2702 1352/3920/2704 703/703/2693 1351/3919/2701
f 1353/3921/2703 4465/1945/2702 1351/3919/2701 706/706/2700
f 696/696/2671 1335/3903/2668 4466/1946/2705 1352/3920/2704
f 1335/3903/2668 695/695/2667 1354/3922/2706 4466/1946/2705
f 4466/1946/2705 1354/3922/2706 704/704/2695 1347/3915/2694
f 1352/3920/2704 4466/1946/2705 1347/3915/2694 703/703/2693
f 707/707/2707 1355/3923/2708 4467/1947/2709 1358/3926/2710
f 1355/3923/2708 708/708/2711 1356/3924/2712 4467/1947/2709
f 4467/1947/2709 1356/3924/2712 709/709/2713 1357/3925/2714
f 1358/3926/2710 4467/1947/2709 1357/3925/2714 710/710/2715
f 708/708/2711 1359/3927/2716 4468/1948/2717 1356/3924/2712
f 1359/3927/2716 711/711/2718 1360/3928/2719 4468/1948/2717
f 4468/1948/2717 1360/3928/2719 712/712/2720 1361/3929/2721
f 1356/3924/2712 4468/1948/2717 1361/3929/2721 709/709/2713
f 705/705/2698 1349/3917/2696 4469/1949/2722 1363/3931/2723
f 1349/3917/2696 702/702/2691 1362/3930/2724 4469/1949/2722
f 4469/1949/2722 1362/3930/2724 709/709/2713 1361/3929/2721
f 1363/3931/2723 4469/1949/2722 1361/3929/2721 712/712/2720
f 702/702/2691 1345/3913/2688 4470/1950/2725 1362/3930/2724
f 1345/3913/2688 701/701/2687 1364/3932/2726 4470/1950/2725
f 4470/1950/2725 1364/3932/2726 710/710/2715 1357/3925/2714
f 1362/3930/2724 4470/1950/2725 1357/3925/2714 709/709/2713
f 713/713/2727 1365/3933/2728 4471/1951/2729 1368/3936/2730
f 1365/3933/2728 714/714/2731 1366/3934/2732 4471/1951/2729
f 4471/1951/2729 1366/3934/2732 715/715/2733 1367/3935/2734
f 1368/3936/2730 4471/1951/2729 1367/3935/2734 716/716/2735
f 714/714/2731 1369/3937/2736 4472/1952/2737 1366/3934/2732
f 1369/3937/2736 717/717/2738 1370/3938/2739 4472/1952/2737
f 4472/1952/2737 1370/3938/2739 718/718/2740 1371/3939/2741
f 1366/3934/2732 4472/1952/2737 1371/3939/2741 715/715/2733
f 711/711/2718 1359/3927/2716 4473/1953/2742 1373/3941/2743
f 1359/3927/2716 708/708/2711 1372/3940/2744 4473/1953/2742
f 4473/1953/2742 1372/3940/2744 715/715/2733 1371/3939/2741
f 1373/3941/2743 4473/1953/2742 1371/3939/2741 718/718/2740
f 708/708/2711 1355/3923/2708 4474/1954/2745 1372/3940/2744
f 1355/3923/2708 707/707/2707 1374/3942/2746 4474/1954/2745
f 4474/1954/2745 1374/3942/2746 716/716/2735 1367/3935/2734
f 1372/3940/2744 4474/1954/2745 1367/3935/2734 715/715/2733
f 658/658/2545 3817/3841/2543 4475/1955/2747 1377/3945/2748
f 3817/3841/2543 657/657/2541 1375/3943/2749 4475/1955/2747
f 4475/1955/2747 1375/3943/2749 719/719/2750 1376/3944/2751
f 1377/3945/2748 4475/1955/2747 1376/3944/2751 720/720/2752
f 657/657/2541 3814/3838/2538 4476/1956/2753 1375/3943/2749
f 3814/3838/2538 656/656/2537 1378/3946/2754 4476/1956/2753
f 4476/1956/2753 1378/3946/2754 721/721/2755 1379/3947/2756
f 1375/3943/2749 4476/1956/2753 1379/3947/2756 719/719/2750
f 717/717/2738 1369/3937/2736 4477/1957/2757 1381/3949/2758
f 1369/3937/2736 714/714/2731 1380/3948/2759 4477/1957/2757
f 4477/1957/2757 1380/3948/2759 719/719/2750 1379/3947/2756
f 1381/3949/2758 4477/1957/2757 1379/3947/2756 721/721/2755
f 714/714/2731 1365/3933/2728 4478/1958/2760 1380/3948/2759
f 1365/3933/2728 713/713/2727 1382/3950/2761 4478/1958/2760
f 4478/1958/2760 1382/3950/2761 720/720/2752 1376/3944/2751
f 1380/3948/2759 4478/1958/2760 1376/3944/2751 719/719/2750
f 722/722/2762 1383/3951/2763 4479/1959/2764 1386/3954/2765
f 1383/3951/2763 723/723/2766 1384/3952/2767 4479/1959/2764
f 4479/1959/2764 1384/3952/2767 724/724/2768 1385/3953/2769
f 1386/3954/2765 4479/1959/2764 1385/3953/2769 725/725/2770
f 723/723/2766 1387/3955/2771 4480/1960/2772 1384/3952/2767
f 1387/3955/2771 726/726/2773 1388/3956/2774 4480/1960/2772
f 4480/1960/2772 1388/3956/2774 727/727/2775 1389/3957/2776
f 1384/3952/2767 4480/1960/2772 1389/3957/2776 724/724/2768
f 728/728/2777 1390/3958/2778 4481/1961/2779 1392/3960/2780
f 1390/3958/2778 729/729/2781 1391/3959/2782 4481/1961/2779
f 4481/1961/2779 1391/3959/2782 724/724/2768 1389/3957/2776
f 1392/3960/2780 4481/1961/2779 1389/3957/2776 727/727/2775
f 729/729/2781 1393/3961/2783 4482/1962/2784 1391/3959/2782
f 1393/3961/2783 730/730/2785 1394/3962/2786 4482/1962/2784
f 4482/1962/2784 1394/3962/2786 725/725/2770 1385/3953/2769
f 1391/3959/2782 4482/1962/2784 1385/3953/2769 724/724/2768
f 731/731/2787 1395/3963/2788 4483/1963/2789 1398/3966/2790
f 1395/3963/2788 732/732/2791 1396/3964/2792 4483/1963/2789
f 4483/1963/2789 1396/3964/2792 733/733/2793 1397/3965/2794
f 1398/3966/2790 4483/1963/2789 1397/3965/2794 734/734/2795
f 732/732/2791 1399/3967/2796 4484/1964/2797 1396/3964/2792
f 1399/3967/2796 735/735/2798 1400/3968/2799 4484/1964/2797
f 4484/1964/2797 1400/3968/2799 736/736/2800 1401/3969/2801
f 1396/3964/2792 4484/1964/2797 1401/3969/2801 733/733/2793
f 726/726/2773 1387/3955/2771 4485/1965/2802 1403/3971/2803
f 1387/3955/2771 723/723/2766 1402/3970/2804 4485/1965/2802
f 4485/1965/2802 1402/3970/2804 733/733/2793 1401/3969/2801
f 1403/3971/2803 4485/1965/2802 1401/3969/2801 736/736/2800
f 723/723/2766 1383/3951/2763 4486/1966/2805 1402/3970/2804
f 1383/3951/2763 722/722/2762 1404/3972/2806 4486/1966/2805
f 4486/1966/2805 1404/3972/2806 734/734/2795 1397/3965/2794
f 1402/3970/2804 4486/1966/2805 1397/3965/2794 733/733/2793
f 737/737/2807 1405/3973/2808 4487/1967/2809 1408/3976/2810
f 1405/3973/2808 738/738/2811 1406/3974/2812 4487/1967/2809
f 4487/1967/2809 1406/3974/2812 739/739/2813 1407/3975/2814
f 1408/3976/2810 4487/1967/2809 1407/3975/2814 740/740/2815
f 738/738/2811 1409/3977/2816 4488/1968/2817 1406/3974/2812
f 1409/3977/2816 741/741/2818 1410/3978/2819 4488/1968/2817
f 4488/1968/2817 1410/3978/2819 742/742/2820 1411/3979/2821
f 1406/3974/2812 4488/1968/2817 1411/3979/2821 739/739/2813
f 735/735/2798 1399/3967/2796 4489/1969/2822 1413/3981/2823
f 1399/3967/2796 732/732/2791 1412/3980/2824 4489/1969/2822
f 4489/1969/2822 1412/3980/2824 739/739/2813 1411/3979/2821
f 1413/3981/2823 4489/1969/2822 1411/3979/2821 742/742/2820
f 732/732/2791 1395/3963/2788 4490/1970/2825 1412/3980/2824
f 1395/3963/2788 731/731/2787 1414/3982/2826 4490/1970/2825
f 4490/1970/2825 1414/3982/2826 740/740/2815 1407/3975/2814
f 1412/3980/2824 4490/1970/2825 1407/3975/2814 739/739/2813
f 743/743/2827 1415/3983/2828 4491/1971/2829 1418/3986/2830
f 1415/3983/2828 744/744/2831 1416/3984/2832 4491/1971/2829
f 4491/1971/2829 1416/3984/2832 745/745/2833 1417/3985/2834
f 1418/3986/2830 4491/1971/2829 1417/3985/2834 746/746/2835
f 744/744/2831 1419/3987/2836 4492/1972/2837 1416/3984/2832
f 1419/3987/2836 747/747/2838 1420/3988/2839 4492/1972/2837
f 4492/1972/2837 1420/3988/2839 748/748/2840 1421/3989/2841
f 1416/3984/2832 4492/1972/2837 1421/3989/2841 745/745/2833
f 741/741/2818 1409/3977/2816 4493/1973/2842 1423/3991/2843
f 1409/3977/2816 738/738/2811 1422/3990/2844 4493/1973/2842
f 4493/1973/2842 1422/3990/2844 745/745/2833 1421/3989/2841
f 1423/3991/2843 4493/1973/2842 1421/3989/2841 748/748/2840
f 738/738/2811 1405/3973/2808 4494/1974/2845 1422/3990/2844
f 1405/3973/2808 737/737/2807 1424/3992/2846 4494/1974/2845
f 4494/1974/2845 1424/3992/2846 746/746/2835 1417/3985/2834
f 1422/3990/2844 4494/1974/2845 1417/3985/2834 745/745/2833
f 749/749/2847 1425/3993/2848 4495/1975/2849 1428/3996/2850
f 1425/3993/2848 750/750/2851 1426/3994/2852 4495/1975/2849
f 4495/1975/2849 1426/3994/2852 751/751/2853 1427/3995/2854
f 1428/3996/2850 4495/1975/2849 1427/3995/2854 752/752/2855
f 750/750/2851 1429/3997/2856 4496/1976/2857 1426/3994/2852
f 1429/3997/2856 753/753/2858 1430/3998/2859 4496/1976/2857
f 4496/1976/2857 1430/3998/2859 754/754/2860 1431/3999/2861
f 1426/3994/2852 4496/1976/2857 1431/3999/2861 751/751/2853
f 747/747/2838 1419/3987/2836 4497/1977/2862 1433/4001/2863
f 1419/3987/2836 744/744/2831 1432/4000/2864 4497/1977/2862
f 4497/1977/2862 1432/4000/2864 751/751/2853 1431/3999/2861
f 1433/4001/2863 4497/1977/2862 1431/3999/2861 754/754/2860
f 744/744/2831 1415/3983/2828 4498/1978/2865 1432/4000/2864
f 1415/3983/2828 743/743/2827 1434/4002/2866 4498/1978/2865
f 4498/1978/2865 1434/4002/2866 752/752/2855 1427/3995/2854
f 1432/4000/2864 4498/1978/2865 1427/3995/2854 751/751/2853
f 755/755/2867 1435/4003/2868 4499/1979/2869 1438/4006/2870
f 1435/4003/2868 756/756/2871 1436/4004/2872 4499/1979/2869
f 4499/1979/2869 1436/4004/2872 757/757/2873 1437/4005/2874
f 1438/4006/2870 4499/1979/2869 1437/4005/2874 758/758/2875
f 756/756/2871 1439/4007/2876 4500/1980/2877 1436/4004/2872
f 1439/4007/2876 759/759/2878 1440/4008/2879 4500/1980/2877
f 4500/1980/2877 1440/4008/2879 760/760/2880 1441/4009/2881
f 1436/4004/2872 4500/1980/2877 1441/4009/2881 757/757/2873
f 753/753/2858 1429/3997/2856 4501/1981/2882 1443/4011/2883
f 1429/3997/2856 750/750/2851 1442/4010/2884 4501/1981/2882
f 4501/1981/2882 1442/4010/2884 757/757/2873 1441/4009/2881
f 1443/4011/2883 4501/1981/2882 1441/4009/2881 760/760/2880
f 750/750/2851 1425/3993/2848 4502/1982/2885 1442/4010/2884
f 1425/3993/2848 749/749/2847 1444/4012/2886 4502/1982/2885
f 4502/1982/2885 1444/4012/2886 758/758/2875 1437/4005/2874
f 1442/4010/2884 4502/1982/2885 1437/4005/2874 757/757/2873
f 761/761/2887 1445/4013/2888 4503/1983/2889 1448/4016/2890
f 1445/4013/2888 762/762/2891 1446/4014/2892 4503/1983/2889
f 4503/1983/2889 1446/4014/2892 763/763/2893 1447/4015/2894
f 1448/4016/2890 4503/1983/2889 1447/4015/2894 764/764/2895
f 762/762/2891 1449/4017/2896 4504/1984/2897 1446/4014/2892
f 1449/4017/2896 765/765/2898 1450/4018/2899 4504/1984/2897
f 4504/1984/2897 1450/4018/2899 766/766/2900 1451/4019/2901
f 1446/4014/2892 4504/1984/2897 1451/4019/2901 763/763/2893
f 759/759/2878 1439/4007/2876 4505/1985/2902 1453/4021/2903
f 1439/4007/2876 756/756/2871 1452/4020/2904 4505/1985/2902
f 4505/1985/2902 1452/4020/2904 763/763/2893 1451/4019/2901
f 1453/4021/2903 4505/1985/2902 1451/4019/2901 766/766/2900
f 756/756/2871 1435/4003/2868 4506/1986/2905 1452/4020/2904
f 1435/4003/2868 755/755/2867 1454/4022/2906 4506/1986/2905
f 4506/1986/2905 1454/4022/2906 764/764/2895 1447/4015/2894
f 1452/4020/2904 4506/1986/2905 1447/4015/2894 763/763/2893
f 767/767/2907 1455/4023/2908 4507/1987/2909 1458/4026/2910
f 1455/4023/2908 768/768/2911 1456/4024/2912 4507/1987/2909
f 4507/1987/2909 1456/4024/2912 769/769/2913 1457/4025/2914
f 1458/4026/2910 4507/1987/2909 1457/4025/2914 770/770/2915
f 768/768/2911 1459/4027/2916 4508/1988/2917 1456/4024/2912
f 1459/4027/2916 771/771/2918 1460/4028/2919 4508/1988/2917
f 4508/1988/2917 1460/4028/2919 772/772/2920 1461/4029/2921
f 1456/4024/2912 4508/1988/2917 1461/4029/2921 769/769/2913
f 765/765/2898 1449/4017/2896 4509/1989/2922 1463/4031/2923
f 1449/4017/2896 762/762/2891 1462/4030/2924 4509/1989/2922
f 4509/1989/2922 1462/4030/2924 769/769/2913 1461/4029/2921
f 1463/4031/2923 4509/1989/2922 1461/4029/2921 772/772/2920
f 762/762/2891 1445/4013/2888 4510/1990/2925 1462/4030/2924
f 1445/4013/2888 761/761/2887 1464/4032/2926 4510/1990/2925
f 4510/1990/2925 1464/4032/2926 770/770/2915 1457/4025/2914
f 1462/4030/2924 4510/1990/2925 1457/4025/2914 769/769/2913
f 773/773/2927 1465/4033/2928 4511/1991/2929 1468/4036/2930
f 1465/4033/2928 774/774/2931 1466/4034/2932 4511/1991/2929
f 4511/1991/2929 1466/4034/2932 775/775/2933 1467/4035/2934
f 1468/4036/2930 4511/1991/2929 1467/4035/2934 776/776/2935
f 774/774/2931 1469/4037/2936 4512/1992/2937 1466/4034/2932
f 1469/4037/2936 777/777/2938 1470/4038/2939 4512/1992/2937
f 4512/1992/2937 1470/4038/2939 778/778/2940 1471/4039/2941
f 1466/4034/2932 4512/1992/2937 1471/4039/2941 775/775/2933
f 771/771/2918 1459/4027/2916 4513/1993/2942 1473/4041/2943
f 1459/4027/2916 768/768/2911 1472/4040/2944 4513/1993/2942
f 4513/1993/2942 1472/4040/2944 775/775/2933 1471/4039/2941
f 1473/4041/2943 4513/1993/2942 1471/4039/2941 778/778/2940
f 768/768/2911 1455/4023/2908 4514/1994/2945 1472/4040/2944
f 1455/4023/2908 767/767/2907 1474/4042/2946 4514/1994/2945
f 4514/1994/2945 1474/4042/2946 776/776/2935 1467/4035/2934
f 1472/4040/2944 4514/1994/2945 1467/4035/2934 775/775/2933
f 779/779/2947 1475/4043/2948 4515/1995/2949 1478/4046/2950
f 1475/4043/2948 780/780/2951 1476/4044/2952 4515/1995/2949
f 4515/1995/2949 1476/4044/2952 781/781/2953 1477/4045/2954
f 1478/4046/2950 4515/1995/2949 1477/4045/2954 782/782/2955
f 780/780/2951 1479/4047/2956 4516/1996/2957 1476/4044/2952
f 1479/4047/2956 783/783/2958 1480/4048/2959 4516/1996/2957
f 4516/1996/2957 1480/4048/2959 784/784/2960 1481/4049/2961
f 1476/4044/2952 4516/1996/2957 1481/4049/2961 781/781/2953
f 777/777/2938 1469/4037/2936 4517/1997/2962 1483/4051/2963
f 1469/4037/2936 774/774/2931 1482/4050/2964 4517/1997/2962
f 4517/1997/2962 1482/4050/2964 781/781/2953 1481/4049/2961
f 1483/4051/2963 4517/1997/2962 1481/4049/2961 784/784/2960
f 774/774/2931 1465/4033/2928 4518/1998/2965 1482/4050/2964
f 1465/4033/2928 773/773/2927 1484/4052/2966 4518/1998/2965
f 4518/1998/2965 1484/4052/2966 782/782/2955 1477/4045/2954
f 1482/4050/2964 4518/1998/2965 1477/4045/2954 781/781/2953
f 785/785/2967 1485/4053/2968 4519/1999/2969 1488/4056/2970
f 1485/4053/2968 786/786/2971 1486/4054/2972 4519/1999/2969
f 4519/1999/2969 1486/4054/2972 787/787/2973 1487/4055/2974
f 1488/4056/2970 4519/1999/2969 1487/4055/2974 788/788/2975
f 786/786/2971 1489/4057/2976 4520/2000/2977 1486/4054/2972
f 1489/4057/2976 789/789/2978 1490/4058/2979 4520/2000/2977
f 4520/2000/2977 1490/4058/2979 790/790/2980 1491/4059/2981
f 1486/4054/2972 4520/2000/2977 1491/4059/2981 787/787/2973
f 783/783/2958 1479/4047/2956 4521/2001/2982 1493/4061/2983
f 1479/4047/2956 780/780/2951 1492/4060/2984 4521/2001/2982
f 4521/2001/2982 1492/4060/2984 787/787/2973 1491/4059/2981
f 1493/4061/2983 4521/2001/2982 1491/4059/2981 790/790/2980
f 780/780/2951 1475/4043/2948 4522/2002/2985 1492/4060/2984
f 1475/4043/2948 779/779/2947 1494/4062/2986 4522/2002/2985
f 4522/2002/2985 1494/4062/2986 788/788/2975 1487/4055/2974
f 1492/4060/2984 4522/2002/2985 1487/4055/2974 787/787/2973
f 730/730/2785 1393/3961/2783 4523/2003/2987 1497/4065/2988
f 1393/3961/2783 729/729/2781 1495/4063/2989 4523/2003/2987
f 4523/2003/2987 1495/4063/2989 791/791/2990 1496/4064/2991
f 1497/4065/2988 4523/2003/2987 1496/4064/2991 792/792/2992
f 729/729/2781 1390/3958/2778 4524/2004/2993 1495/4063/2989
f 1390/3958/2778 728/728/2777 1498/4066/2994 4524/2004/2993
f 4524/2004/2993 1498/4066/2994 793/793/2995 1499/4067/2996
f 1495/4063/2989 4524/2004/2993 1499/4067/2996 791/791/2990
f 789/789/2978 1489/4057/2976 4525/2005/2997 1501/4069/2998
f 1489/4057/2976 786/786/2971 1500/4068/2999 4525/2005/2997
f 4525/2005/2997 1500/4068/2999 791/791/2990 1499/4067/2996
f 1501/4069/2998 4525/2005/2997 1499/4067/2996 793/793/2995
f 786/786/2971 1485/4053/2968 4526/2006/3000 1500/4068/2999
f 1485/4053/2968 785/785/2967 1502/4070/3001 4526/2006/3000
f 4526/2006/3000 1502/4070/3001 792/792/2992 1496/4064/2991
f 1500/4068/2999 4526/2006/3000 1496/4064/2991 791/791/2990
f 794/794/3002 1503/4071/3003 4527/2007/3004 1506/4074/3005
f 1503/4071/3003 795/795/3006 1504/4072/3007 4527/2007/3004
f 4527/2007/3004 1504/4072/3007 796/796/3008 1505/4073/3009
f 1506/4074/3005 4527/2007/3004 1505/4073/3009 797/797/3010
f 795/795/3006 1507/4075/3011 4528/2008/3012 1504/4072/3007
f 1507/4075/3011 798/798/3013 1508/4076/3014 4528/2008/3012
f 4528/2008/3012 1508/4076/3014 799/799/3015 1509/4077/3016
f 1504/4072/3007 4528/2008/3012 1509/4077/3016 796/796/3008
f 800/800/3017 1510/4078/3018 4529/2009/3019 1512/4080/3020
f 1510/4078/3018 801/801/3021 1511/4079/3022 4529/2009/3019
f 4529/2009/3019 1511/4079/3022 796/796/3008 1509/4077/3016
f 1512/4080/3020 4529/2009/3019 1509/4077/3016 799/799/3015
f 801/801/3021 1513/4081/3023 4530/2010/3024 1511/4079/3022
f 1513/4081/3023 802/802/3025 1514/4082/3026 4530/2010/3024
f 4530/2010/3024 1514/4082/3026 797/797/3010 1505/4073/3009
f 1511/4079/3022 4530/2010/3024 1505/4073/3009 796/796/3008
f 803/803/3027 1515/4083/3028 4531/2011/3029 1518/4086/3030
f 1515/4083/3028 804/804/3031 1516/4084/3032 4531/2011/3029
f 4531/2011/3029 1516/4084/3032 805/805/3033 1517/4085/3034
f 1518/4086/3030 4531/2011/3029 1517/4085/3034 806/806/3035
f 804/804/3031 1519/4087/3036 4532/2012/3037 1516/4084/3032
f 1519/4087/3036 807/807/3038 1520/4088/3039 4532/2012/3037
f 4532/2012/3037 1520/4088/3039 808/808/3040 1521/4089/3041
f 1516/4084/3032 4532/2012/3037 1521/4089/3041 805/805/3033
f 798/798/3013 1507/4075/3011 4533/2013/3042 1523/4091/3043
f 1507/4075/3011 795/795/3006 1522/4090/3044 4533/2013/3042
f 4533/2013/3042 1522/4090/3044 805/805/3033 1521/4089/3041
f 1523/4091/3043 4533/2013/3042 1521/4089/3041 808/808/3040
f 795/795/3006 1503/4071/3003 4534/2014/3045 1522/4090/3044
f 1503/4071/3003 794/794/3002 1524/4092/3046 4534/2014/3045
f 4534/2014/3045 1524/4092/3046 806/806/3035 1517/4085/3034
f 1522/4090/3044 4534/2014/3045 1517/4085/3034 805/805/3033
f 809/809/3047 1525/4093/3048 4535/2015/3049 1528/4096/3050
f 1525/4093/3048 810/810/3051 1526/4094/3052 4535/2015/3049
f 4535/2015/3049 1526/4094/3052 811/811/3053 1527/4095/3054
f 1528/4096/3050 4535/2015/3049 1527/4095/3054 812/812/3055
f 810/810/3051 1529/4097/3056 4536/2016/3057 1526/4094/3052
f 1529/4097/3056 813/813/3058 1530/4098/3059 4536/2016/3057
f 4536/2016/3057 1530/4098/3059 814/814/3060 1531/4099/3061
f 1526/4094/3052 4536/2016/3057 1531/4099/3061 811/811/3053
f 807/807/3038 1519/4087/3036 4537/2017/3062 1533/4101/3063
f 1519/4087/3036 804/804/3031 1532/4100/3064 4537/2017/3062
f 4537/2017/3062 1532/4100/3064 811/811/3053 1531/4099/3061
f 1533/4101/3063 4537/2017/3062 1531/4099/3061 814/814/3060
f 804/804/3031 1515/4083/3028 4538/2018/3065 1532/4100/3064
f 1515/4083/3028 803/803/3027 1534/4102/3066 4538/2018/3065
f 4538/2018/3065 1534/4102/3066 812/812/3055 1527/4095/3054
f 1532/4100/3064 4538/2018/3065 1527/4095/3054 811/811/3053
f 815/815/3067 1535/4103/3068 4539/2019/3069 1538/4106/3070
f 1535/4103/3068 816/816/3071 1536/4104/3072 4539/2019/3069
f 4539/2019/3069 1536/4104/3072 817/817/3073 1537/4105/3074
f 1538/4106/3070 4539/2019/3069 1537/4105/3074 818/818/3075
f 816/816/3071 1539/4107/3076 4540/2020/3077 1536/4104/3072
f 1539/4107/3076 819/819/3078 1540/4108/3079 4540/2020/3077
f 4540/2020/3077 1540/4108/3079 820/820/3080 1541/4109/3081
f 1536/4104/3072 4540/2020/3077 1541/4109/3081 817/817/3073
f 813/813/3058 1529/4097/3056 4541/2021/3082 1543/4111/3083
f 1529/4097/3056 810/810/3051 1542/4110/3084 4541/2021/3082
f 4541/2021/3082 1542/4110/3084 817/817/3073 1541/4109/3081
f 1543/4111/3083 4541/2021/3082 1541/4109/3081 820/820/3080
f 810/810/3051 1525/4093/3048 4542/2022/3085 1542/4110/3084
f 1525/4093/3048 809/809/3047 1544/4112/3086 4542/2022/3085
f 4542/2022/3085 1544/4112/3086 818/818/3075 1537/4105/3074
f 1542/4110/3084 4542/2022/3085 1537/4105/3074 817/817/3073
f 821/821/3087 1545/4113/3088 4543/2023/3089 1548/4116/3090
f 1545/4113/3088 822/822/3091 1546/4114/3092 4543/2023/3089
f 4543/2023/3089 1546/4114/3092 823/823/3093 1547/4115/3094
f 1548/4116/3090 4543/2023/3089 1547/4115/3094 824/824/3095
f 822/822/3091 1549/4117/3096 4544/2024/3097 1546/4114/3092
f 1549/4117/3096 825/825/3098 1550/4118/3099 4544/2024/3097
f 4544/2024/3097 1550/4118/3099 826/826/3100 1551/4119/3101
f 1546/4114/3092 4544/2024/3097 1551/4119/3101 823/823/3093
f 819/819/3078 1539/4107/3076 4545/2025/3102 1553/4121/3103
f 1539/4107/3076 816/816/3071 1552/4120/3104 4545/2025/3102
f 4545/2025/3102 1552/4120/3104 823/823/3093 1551/4119/3101
f 1553/4121/3103 4545/2025/3102 1551/4119/3101 826/826/3100
f 816/816/3071 1535/4103/3068 4546/2026/3105 1552/4120/3104
f 1535/4103/3068 815/815/3067 1554/4122/3106 4546/2026/3105
f 4546/2026/3105 1554/4122/3106 824/824/3095 1547/4115/3094
f 1552/4120/3104 4546/2026/3105 1547/4115/3094 823/823/3093
f 827/827/3107 1555/4123/3108 4547/2027/3109 1558/4126/3110
f 1555/4123/3108 828/828/3111 1556/4124/3112 4547/2027/3109
f 4547/2027/3109 1556/4124/3112 829/829/3113 1557/4125/3114
f 1558/4126/3110 4547/2027/3109 1557/4125/3114 830/830/3115
f 828/828/3111 1559/4127/3116 4548/2028/3117 1556/4124/3112
f 1559/4127/3116 831/831/3118 1560/4128/3119 4548/2028/3117
f 4548/2028/3117 1560/4128/3119 832/832/3120 1561/4129/3121
f 1556/4124/3112 4548/2028/3117 1561/4129/3121 829/829/3113
f 825/825/3098 1549/4117/3096 4549/2029/3122 1563/4131/3123
f 1549/4117/3096 822/822/3091 1562/4130/3124 4549/2029/3122
f 4549/2029/3122 1562/4130/3124 829/829/3113 1561/4129/3121
f 1563/4131/3123 4549/2029/3122 1561/4129/3121 832/832/3120
f 822/822/3091 1545/4113/3088 4550/2030/3125 1562/4130/3124
f 1545/4113/3088 821/821/3087 1564/4132/3126 4550/2030/3125
f 4550/2030/3125 1564/4132/3126 830/830/3115 1557/4125/3114
f 1562/4130/3124 4550/2030/3125 1557/4125/3114 829/829/3113
f 833/833/3127 1565/4133/3128 4551/2031/3129 1568/4136/3130
f 1565/4133/3128 834/834/3131 1566/4134/3132 4551/2031/3129
f 4551/2031/3129 1566/4134/3132 835/835/3133 1567/4135/3134
f 1568/4136/3130 4551/2031/3129 1567/4135/3134 836/836/3135
f 834/834/3131 1569/4137/3136 4552/2032/3137 1566/4134/3132
f 1569/4137/3136 837/837/3138 1570/4138/3139 4552/2032/3137
f 4552/2032/3137 1570/4138/3139 838/838/3140 1571/4139/3141
f 1566/4134/3132 4552/2032/3137 1571/4139/3141 835/835/3133
f 831/831/3118 1559/4127/3116 4553/2033/3142 1573/4141/3143
f 1559/4127/3116 828/828/3111 1572/4140/3144 4553/2033/3142
f 4553/2033/3142 1572/4140/3144 835/835/3133 1571/4139/3141
f 1573/4141/3143 4553/2033/3142 1571/4139/3141 838/838/3140
f 828/828/3111 1555/4123/3108 4554/2034/3145 1572/4140/3144
f 1555/4123/3108 827/827/3107 1574/4142/3146 4554/2034/3145
f 4554/2034/3145 1574/4142/3146 836/836/3135 1567/4135/3134
f 1572/4140/3144 4554/2034/3145 1567/4135/3134 835/835/3133
f 839/839/3147 1575/4143/3148 4555/2035/3149 1578/4146/3150
f 1575/4143/3148 840/840/3151 1576/4144/3152 4555/2035/3149
f 4555/2035/3149 1576/4144/3152 841/841/3153 1577/4145/3154
f 1578/4146/3150 4555/2035/3149 1577/4145/3154 842/842/3155
f 840/840/3151 1579/4147/3156 4556/2036/3157 1576/4144/3152
f 1579/4147/3156 843/843/3158 1580/4148/3159 4556/2036/3157
f 4556/2036/3157 1580/4148/3159 844/844/3160 1581/4149/3161
f 1576/4144/3152 4556/2036/3157 1581/4149/3161 841/841/3153
f 837/837/3138 1569/4137/3136 4557/2037/3162 1583/4151/3163
f 1569/4137/3136 834/834/3131 1582/4150/3164 4557/2037/3162
f 4557/2037/3162 1582/4150/3164 841/841/3153 1581/4149/3161
f 1583/4151/3163 4557/2037/3162 1581/4149/3161 844/844/3160
f 834/834/3131 1565/4133/3128 4558/2038/3165 1582/4150/3164
f 1565/4133/3128 833/833/3127 1584/4152/3166 4558/2038/3165
f 4558/2038/3165 1584/4152/3166 842/842/3155 1577/4145/3154
f 1582/4150/3164 4558/2038/3165 1577/4145/3154 841/841/3153
f 845/845/3167 1585/4153/3168 4559/2039/3169 1588/4156/3170
f 1585/4153/3168 846/846/3171 1586/4154/3172 4559/2039/3169
f 4559/2039/3169 1586/4154/3172 847/847/3173 1587/4155/3174
f 1588/4156/3170 4559/2039/3169 1587/4155/3174 848/848/3175
f 846/846/3171 1589/4157/3176 4560/2040/3177 1586/4154/3172
f 1589/4157/3176 849/849/3178 1590/4158/3179 4560/2040/3177
f 4560/2040/3177 1590/4158/3179 850/850/3180 1591/4159/3181
f 1586/4154/3172 4560/2040/3177 1591/4159/3181 847/847/3173
f 843/843/3158 1579/4147/3156 4561/2041/3182 1593/4161/3183
f 1579/4147/3156 840/840/3151 1592/4160/3184 4561/2041/3182
f 4561/2041/3182 1592/4160/3184 847/847/3173 1591/4159/3181
f 1593/4161/3183 4561/2041/3182 1591/4159/3181 850/850/3180
f 840/840/3151 1575/4143/3148 4562/2042/3185 1592/4160/3184
f 1575/4143/3148 839/839/3147 1594/4162/3186 4562/2042/3185
f 4562/2042/3185 1594/4162/3186 848/848/3175 1587/4155/3174
f 1592/4160/3184 4562/2042/3185 1587/4155/3174 847/847/3173
f 851/851/3187 1595/4163/3188 4563/2043/3189 1598/4166/3190
f 1595/4163/3188 852/852/3191 1596/4164/3192 4563/2043/3189
f 4563/2043/3189 1596/4164/3192 853/853/3193 1597/4165/3194
f 1598/4166/3190 4563/2043/3189 1597/4165/3194 854/854/3195
f 852/852/3191 1599/4167/3196 4564/2044/3197 1596/4164/3192
f 1599/4167/3196 855/855/3198 1600/4168/3199 4564/2044/3197
f 4564/2044/3197 1600/4168/3199 856/856/3200 1601/4169/3201
f 1596/4164/3192 4564/2044/3197 1601/4169/3201 853/853/3193
f 849/849/3178 1589/4157/3176 4565/2045/3202 1603/4171/3203
f 1589/4157/3176 846/846/3171 1602/4170/3204 4565/2045/3202
f 4565/2045/3202 1602/4170/3204 853/853/3193 1601/4169/3201
f 1603/4171/3203 4565/2045/3202 1601/4169/3201 856/856/3200
f 846/846/3171 1585/4153/3168 4566/2046/3205 1602/4170/3204
f 1585/4153/3168 845/845/3167 1604/4172/3206 4566/2046/3205
f 4566/2046/3205 1604/4172/3206 854/854/3195 1597/4165/3194
f 1602/4170/3204 4566/2046/3205 1597/4165/3194 853/853/3193
f 857/857/3207 1605/4173/3208 4567/2047/3209 1608/4176/3210
f 1605/4173/3208 858/858/3211 1606/4174/3212 4567/2047/3209
f 4567/2047/3209 1606/4174/3212 859/859/3213 1607/4175/3214
f 1608/4176/3210 4567/2047/3209 1607/4175/3214 860/860/3215
f 858/858/3211 1609/4177/3216 4568/2048/3217 1606/4174/3212
f 1609/4177/3216 861/861/3218 1610/4178/3219 4568/2048/3217
f 4568/2048/3217 1610/4178/3219 862/862/3220 1611/4179/3221
f 1606/4174/3212 4568/2048/3217 1611/4179/3221 859/859/3213
f 855/855/3198 1599/4167/3196 4569/2049/3222 1613/4181/3223
f 1599/4167/3196 852/852/3191 1612/4180/3224 4569/2049/3222
f 4569/2049/3222 1612/4180/3224 859/859/3213 1611/4179/3221
f 1613/4181/3223 4569/2049/3222 1611/4179/3221 862/862/3220
f 852/852/3191 1595/4163/3188 4570/2050/3225 1612/4180/3224
f 1595/4163/3188 851/851/3187 1614/4182/3226 4570/2050/3225
f 4570/2050/3225 1614/4182/3226 860/860/3215 1607/4175/3214
f 1612/4180/3224 4570/2050/3225 1607/4175/3214 859/859/3213
f 802/802/3025 1513/4081/3023 4571/2051/3227 1617/4185/3228
f 1513/4081/3023 801/801/3021 1615/4183/3229 4571/2051/3227
f 4571/2051/3227 1615/4183/3229 863/863/3230 1616/4184/3231
f 1617/4185/3228 4571/2051/3227 1616/4184/3231 864/864/3232
f 801/801/3021 1510/4078/3018 4572/2052/3233 1615/4183/3229
f 1510/4078/3018 800/800/3017 1618/4186/3234 4572/2052/3233
f 4572/2052/3233 1618/4186/3234 865/865/3235 1619/4187/3236
f 1615/4183/3229 4572/2052/3233 1619/4187/3236 863/863/3230
f 861/861/3218 1609/4177/3216 4573/2053/3237 1621/4189/3238
f 1609/4177/3216 858/858/3211 1620/4188/3239 4573/2053/3237
f 4573/2053/3237 1620/4188/3239 863/863/3230 1619/4187/3236
f 1621/4189/3238 4573/2053/3237 1619/4187/3236 865/865/3235
f 858/858/3211 1605/4173/3208 4574/2054/3240 1620/4188/3239
f 1605/4173/3208 857/857/3207 1622/4190/3241 4574/2054/3240
f 4574/2054/3240 1622/4190/3241 864/864/3232 1616/4184/3231
f 1620/4188/3239 4574/2054/3240 1616/4184/3231 863/863/3230
f 866/866/3242 1623/4191/3243 4575/2055/3244 1626/4194/3245
f 1623/4191/3243 867/867/3246 1624/4192/3247 4575/2055/3244
f 4575/2055/3244 1624/4192/3247 868/868/3248 1625/4193/3249
f 1626/4194/3245 4575/2055/3244 1625/4193/3249 869/869/3250
f 867/867/3246 1627/4195/3251 4576/2056/3252 1624/4192/3247
f 1627/4195/3251 870/870/3253 1628/4196/3254 4576/2056/3252
f 4576/2056/3252 1628/4196/3254 871/871/3255 1629/4197/3256
f 1624/4192/3247 4576/2056/3252 1629/4197/3256 868/868/3248
f 872/872/3257 1630/4198/3258 4577/2057/3259 1632/4200/3260
f 1630/4198/3258 873/873/3261 1631/4199/3262 4577/2057/3259
f 4577/2057/3259 1631/4199/3262 868/868/3248 1629/4197/3256
f 1632/4200/3260 4577/2057/3259 1629/4197/3256 871/871/3255
f 873/873/3261 1633/4201/3263 4578/2058/3264 1631/4199/3262
f 1633/4201/3263 874/874/3265 1634/4202/3266 4578/2058/3264
f 4578/2058/3264 1634/4202/3266 869/869/3250 1625/4193/3249
f 1631/4199/3262 4578/2058/3264 1625/4193/3249 868/868/3248
f 875/875/3267 1635/4203/3268 4579/2059/3269 1638/4206/3270
f 1635/4203/3268 876/876/3271 1636/4204/3272 4579/2059/3269
f 4579/2059/3269 1636/4204/3272 877/877/3273 1637/4205/3274
f 1638/4206/3270 4579/2059/3269 1637/4205/3274 878/878/3275
f 876/876/3271 1639/4207/3276 4580/2060/3277 1636/4204/3272
f 1639/4207/3276 879/879/3278 1640/4208/3279 4580/2060/3277
f 4580/2060/3277 1640/4208/3279 880/880/3280 1641/4209/3281
f 1636/4204/3272 4580/2060/3277 1641/4209/3281 877/877/3273
f 870/870/3253 1627/4195/3251 4581/2061/3282 1643/4211/3283
f 1627/4195/3251 867/867/3246 1642/4210/3284 4581/2061/3282
f 4581/2061/3282 1642/4210/3284 877/877/3273 1641/4209/3281
f 1643/4211/3283 4581/2061/3282 1641/4209/3281 880/880/3280
f 867/867/3246 1623/4191/3243 4582/2062/3285 1642/4210/3284
f 1623/4191/3243 866/866/3242 1644/4212/3286 4582/2062/3285
f 4582/2062/3285 1644/4212/3286 878/878/3275 1637/4205/3274
f 1642/4210/3284 4582/2062/3285 1637/4205/3274 877/877/3273
f 881/881/3287 1645/4213/3288 4583/2063/3289 1648/4216/3290
f 1645/4213/3288 882/882/3291 1646/4214/3292 4583/2063/3289
f 4583/2063/3289 1646/4214/3292 883/883/3293 1647/4215/3294
f 1648/4216/3290 4583/2063/3289 1647/4215/3294 884/884/3295
f 882/882/3291 1649/4217/3296 4584/2064/3297 1646/4214/3292
f 1649/4217/3296 885/885/3298 1650/4218/3299 4584/2064/3297
f 4584/2064/3297 1650/4218/3299 886/886/3300 1651/4219/3301
f 1646/4214/3292 4584/2064/3297 1651/4219/3301 883/883/3293
f 879/879/3278 1639/4207/3276 4585/2065/3302 1653/4221/3303
f 1639/4207/3276 876/876/3271 1652/4220/3304 4585/2065/3302
f 4585/2065/3302 1652/4220/3304 883/883/3293 1651/4219/3301
f 1653/4221/3303 4585/2065/3302 1651/4219/3301 886/886/3300
f 876/876/3271 1635/4203/3268 4586/2066/3305 1652/4220/3304
f 1635/4203/3268 875/875/3267 1654/4222/3306 4586/2066/3305
f 4586/2066/3305 1654/4222/3306 884/884/3295 1647/4215/3294
f 1652/4220/3304 4586/2066/3305 1647/4215/3294 883/883/3293
f 887/887/3307 1655/4223/3308 4587/2067/3309 1658/4226/3310
f 1655/4223/3308 888/888/3311 1656/4224/3312 4587/2067/3309
f 4587/2067/3309 1656/4224/3312 889/889/3313 1657/4225/3314
f 1658/4226/3310 4587/2067/3309 1657/4225/3314 890/890/3315
f 888/888/3311 1659/4227/3316 4588/2068/3317 1656/4224/3312
f 1659/4227/3316 891/891/3318 1660/4228/3319 4588/2068/3317
f 4588/2068/3317 1660/4228/3319 892/892/3320 1661/4229/3321
f 1656/4224/3312 4588/2068/3317 1661/4229/3321 889/889/3313
f 885/885/3298 1649/4217/3296 4589/2069/3322 1663/4231/3323
f 1649/4217/3296 882/882/3291 1662/4230/3324 4589/2069/3322
f 4589/2069/3322 1662/4230/3324 889/889/3313 1661/4229/3321
f 1663/4231/3323 4589/2069/3322 1661/4229/3321 892/892/3320
f 882/882/3291 1645/4213/3288 4590/2070/3325 1662/4230/3324
f 1645/4213/3288 881/881/3287 1664/4232/3326 4590/2070/3325
f 4590/2070/3325 1664/4232/3326 890/890/3315 1657/4225/3314
f 1662/4230/3324 4590/2070/3325 1657/4225/3314 889/889/3313
f 893/893/3327 1665/4233/3328 4591/2071/3329 1668/4236/3330
f 1665/4233/3328 894/894/3331 1666/4234/3332 4591/2071/3329
f 4591/2071/3329 1666/4234/3332 895/895/3333 1667/4235/3334
f 1668/4236/3330 4591/2071/3329 1667/4235/3334 896/896/3335
f 894/894/3331 1669/4237/3336 4592/2072/3337 1666/4234/3332
f 1669/4237/3336 897/897/3338 1670/4238/3339 4592/2072/3337
f 4592/2072/3337 1670/4238/3339 898/898/3340 1671/4239/3341
f 1666/4234/3332 4592/2072/3337 1671/4239/3341 895/895/3333
f 891/891/3318 1659/4227/3316 4593/2073/3342 1673/4241/3343
f 1659/4227/3316 888/888/3311 1672/4240/3344 4593/2073/3342
f 4593/2073/3342 1672/4240/3344 895/895/3333 1671/4239/3341
f 1673/4241/3343 4593/2073/3342 1671/4239/3341 898/898/3340
f 888/888/3311 1655/4223/3308 4594/2074/3345 1672/4240/3344
f 1655/4223/3308 887/887/3307 1674/4242/3346 4594/2074/3345
f 4594/2074/3345 1674/4242/3346 896/896/3335 1667/4235/3334
f 1672/4240/3344 4594/2074/3345 1667/4235/3334 895/895/3333
f 899/899/3347 1675/4243/3348 4595/2075/3349 1678/4246/3350
f 1675/4243/3348 900/900/3351 1676/4244/3352 4595/2075/3349
f 4595/2075/3349 1676/4244/3352 901/901/3353 1677/4245/3354
f 1678/4246/3350 4595/2075/3349 1677/4245/3354 902/902/3355
f 900/900/3351 1679/4247/3356 4596/2076/3357 1676/4244/3352
f 1679/4247/3356 903/903/3358 1680/4248/3359 4596/2076/3357
f 4596/2076/3357 1680/4248/3359 904/904/3360 1681/4249/3361
f 1676/4244/3352 4596/2076/3357 1681/4249/3361 901/901/3353
f 897/897/3338 1669/4237/3336 4597/2077/3362 1683/4251/3363
f 1669/4237/3336 894/894/3331 1682/4250/3364 4597/2077/3362
f 4597/2077/3362 1682/4250/3364 901/901/3353 1681/4249/3361
f 1683/4251/3363 4597/2077/3362 1681/4249/3361 904/904/3360
f 894/894/3331 1665/4233/3328 4598/2078/3365 1682/4250/3364
f 1665/4233/3328 893/893/3327 1684/4252/3366 4598/2078/3365
f 4598/2078/3365 1684/4252/3366 902/902/3355 1677/4245/3354
f 1682/4250/3364 4598/2078/3365 1677/4245/3354 901/901/3353
f 905/905/3367 1685/4253/3368 4599/2079/3369 1688/4256/3370
f 1685/4253/3368 906/906/3371 1686/4254/3372 4599/2079/3369
f 4599/2079/3369 1686/4254/3372 907/907/3373 1687/4255/3374
f 1688/4256/3370 4599/2079/3369 1687/4255/3374 908/908/3375
f 906/906/3371 1689/4257/3376 4600/2080/3377 1686/4254/3372
f 1689/4257/3376 909/909/3378 1690/4258/3379 4600/2080/3377
f 4600/2080/3377 1690/4258/3379 910/910/3380 1691/4259/3381
f 1686/4254/3372 4600/2080/3377 1691/4259/3381 907/907/3373
f 903/903/3358 1679/4247/3356 4601/2081/3382 1693/4261/3383
f 1679/4247/3356 900/900/3351 1692/4260/3384 4601/2081/3382
f 4601/2081/3382 1692/4260/3384 907/907/3373 1691/4259/3381
f 1693/4261/3383 4601/2081/3382 1691/4259/3381 910/910/3380
f 900/900/3351 1675/4243/3348 4602/2082/3385 1692/4260/3384
f 1675/4243/3348 899/899/3347 1694/4262/3386 4602/2082/3385
f 4602/2082/3385 1694/4262/3386 908/908/3375 1687/4255/3374
f 1692/4260/3384 4602/2082/3385 1687/4255/3374 907/907/3373
f 911/911/3387 1695/4263/3388 4603/2083/3389 1698/4266/3390
f 1695/4263/3388 912/912/3391 1696/4264/3392 4603/2083/3389
f 4603/2083/3389 1696/4264/3392 913/913/3393 1697/4265/3394
f 1698/4266/3390 4603/2083/3389 1697/4265/3394 914/914/3395
f 912/912/3391 1699/4267/3396 4604/2084/3397 1696/4264/3392
f 1699/4267/3396 915/915/3398 1700/4268/3399 4604/2084/3397
f 4604/2084/3397 1700/4268/3399 916/916/3400 1701/4269/3401
f 1696/4264/3392 4604/2084/3397 1701/4269/3401 913/913/3393
f 909/909/3378 1689/4257/3376 4605/2085/3402 1703/4271/3403
f 1689/4257/3376 906/906/3371 1702/4270/3404 4605/2085/3402
f 4605/2085/3402 1702/4270/3404 913/913/3393 1701/4269/3401
f 1703/4271/3403 4605/2085/3402 1701/4269/3401 916/916/3400
f 906/906/3371 1685/4253/3368 4606/2086/3405 1702/4270/3404
f 1685/4253/3368 905/905/3367 1704/4272/3406 4606/2086/3405
f 4606/2086/3405 1704/4272/3406 914/914/3395 1697/4265/3394
f 1702/4270/3404 4606/2086/3405 1697/4265/3394 913/913/3393
f 917/917/3407 1705/4273/3408 4607/2087/3409 1708/4276/3410
f 1705/4273/3408 918/918/3411 1706/4274/3412 4607/2087/3409
f 4607/2087/3409 1706/4274/3412 919/919/3413 1707/4275/3414
f 1708/4276/3410 4607/2087/3409 1707/4275/3414 920/920/3415
f 918/918/3411 1709/4277/3416 4608/2088/3417 1706/4274/3412
f 1709/4277/3416 921/921/3418 1710/4278/3419 4608/2088/3417
f 4608/2088/3417 1710/4278/3419 922/922/3420 1711/4279/3421
f 1706/4274/3412 4608/2088/3417 1711/4279/3421 919/919/3413
f 915/915/3398 1699/4267/3396 4609/2089/3422 1713/4281/3423
f 1699/4267/3396 912/912/3391 1712/4280/3424 4609/2089/3422
f 4609/2089/3422 1712/4280/3424 919/919/3413 1711/4279/3421
f 1713/4281/3423 4609/2089/3422 1711/4279/3421 922/922/3420
f 912/912/3391 1695/4263/3388 4610/2090/3425 1712/4280/3424
f 1695/4263/3388 911/911/3387 1714/4282/3426 4610/2090/3425
f 4610/2090/3425 1714/4282/3426 920/920/3415 1707/4275/3414
f 1712/4280/3424 4610/2090/3425 1707/4275/3414 919/919/3413
f 923/923/3427 1715/4283/3428 4611/2091/3429 1718/4286/3430
f 1715/4283/3428 924/924/3431 1716/4284/3432 4611/2091/3429
f 4611/2091/3429 1716/4284/3432 925/925/3433 1717/4285/3434
f 1718/4286/3430 4611/2091/3429 1717/4285/3434 926/926/3435
f 924/924/3431 1719/4287/3436 4612/2092/3437 1716/4284/3432
f 1719/4287/3436 927/927/3438 1720/4288/3439 4612/2092/3437
f 4612/2092/3437 1720/4288/3439 928/928/3440 1721/4289/3441
f 1716/4284/3432 4612/2092/3437 1721/4289/3441 925/925/3433
f 921/921/3418 1709/4277/3416 4613/2093/3442 1723/4291/3443
f 1709/4277/3416 918/918/3411 1722/4290/3444 4613/2093/3442
f 4613/2093/3442 1722/4290/3444 925/925/3433 1721/4289/3441
f 1723/4291/3443 4613/2093/3442 1721/4289/3441 928/928/3440
f 918/918/3411 1705/4273/3408 4614/2094/3445 1722/4290/3444
f 1705/4273/3408 917/917/3407 1724/4292/3446 4614/2094/3445
f 4614/2094/3445 1724/4292/3446 926/926/3435 1717/4285/3434
f 1722/4290/3444 4614/2094/3445 1717/4285/3434 925/925/3433
f 929/929/3447 1725/4293/3448 4615/2095/3449 1728/4296/3450
f 1725/4293/3448 930/930/3451 1726/4294/3452 4615/2095/3449
f 4615/2095/3449 1726/4294/3452 931/931/3453 1727/4295/3454
f 1728/4296/3450 4615/2095/3449 1727/4295/3454 932/932/3455
f 930/930/3451 1729/4297/3456 4616/2096/3457 1726/4294/3452
f 1729/4297/3456 933/933/3458 1730/4298/3459 4616/2096/3457
f 4616/2096/3457 1730/4298/3459 934/934/3460 1731/4299/3461
f 1726/4294/3452 4616/2096/3457 1731/4299/3461 931/931/3453
f 927/927/3438 1719/4287/3436 4617/2097/3462 1733/4301/3463
f 1719/4287/3436 924/924/3431 1732/4300/3464 4617/2097/3462
f 4617/2097/3462 1732/4300/3464 931/931/3453 1731/4299/3461
f 1733/4301/3463 4617/2097/3462 1731/4299/3461 934/934/3460
f 924/924/3431 1715/4283/3428 4618/2098/3465 1732/4300/3464
f 1715/4283/3428 923/923/3427 1734/4302/3466 4618/2098/3465
f 4618/2098/3465 1734/4302/3466 932/932/3455 1727/4295/3454
f 1732/4300/3464 4618/2098/3465 1727/4295/3454 931/931/3453
f 874/874/3265 1633/4201/3263 4619/2099/3467 1737/4305/3468
f 1633/4201/3263 873/873/3261 1735/4303/3469 4619/2099/3467
f 4619/2099/3467 1735/4303/3469 935/935/3470 1736/4304/3471
f 1737/4305/3468 4619/2099/3467 1736/4304/3471 936/936/3472
f 873/873/3261 1630/4198/3258 4620/2100/3473 1735/4303/3469
f 1630/4198/3258 872/872/3257 1738/4306/3474 4620/2100/3473
f 4620/2100/3473 1738/4306/3474 937/937/3475 1739/4307/3476
f 1735/4303/3469 4620/2100/3473 1739/4307/3476 935/935/3470
f 933/933/3458 1729/4297/3456 4621/2101/3477 1741/4309/3478
f 1729/4297/3456 930/930/3451 1740/4308/3479 4621/2101/3477
f 4621/2101/3477 1740/4308/3479 935/935/3470 1739/4307/3476
f 1741/4309/3478 4621/2101/3477 1739/4307/3476 937/937/3475
f 930/930/3451 1725/4293/3448 4622/2102/3480 1740/4308/3479
f 1725/4293/3448 929/929/3447 1742/4310/3481 4622/2102/3480
f 4622/2102/3480 1742/4310/3481 936/936/3472 1736/4304/3471
f 1740/4308/3479 4622/2102/3480 1736/4304/3471 935/935/3470
f 938/938/3482 1743/4311/3483 4623/2103/3484 1746/4314/3485
f 1743/4311/3483 939/939/3486 1744/4312/3487 4623/2103/3484
f 4623/2103/3484 1744/4312/3487 940/940/3488 1745/4313/3489
f 1746/4314/3485 4623/2103/3484 1745/4313/3489 941/941/3490
f 939/939/3486 1747/4315/3491 4624/2104/3492 1744/4312/3487
f 1747/4315/3491 942/942/3493 1748/4316/3494 4624/2104/3492
f 4624/2104/3492 1748/4316/3494 943/943/3495 1749/4317/3496
f 1744/4312/3487 4624/2104/3492 1749/4317/3496 940/940/3488
f 944/944/3497 1750/4318/3498 4625/2105/3499 1752/4320/3500
f 1750/4318/3498 945/945/3501 1751/4319/3502 4625/2105/3499
f 4625/2105/3499 1751/4319/3502 940/940/3488 1749/4317/3496
f 1752/4320/3500 4625/2105/3499 1749/4317/3496 943/943/3495
f 945/945/3501 1753/4321/3503 4626/2106/3504 1751/4319/3502
f 1753/4321/3503 946/946/3505 1754/4322/3506 4626/2106/3504
f 4626/2106/3504 1754/4322/3506 941/941/3490 1745/4313/3489
f 1751/4319/3502 4626/2106/3504 1745/4313/3489 940/940/3488
f 947/947/3507 1755/4323/3508 4627/2107/3509 1758/4326/3510
f 1755/4323/3508 948/948/3511 1756/4324/3512 4627/2107/3509
f 4627/2107/3509 1756/4324/3512 949/949/3513 1757/4325/3514
f 1758/4326/3510 4627/2107/3509 1757/4325/3514 950/950/3515
f 948/948/3511 1759/4327/3516 4628/2108/3517 1756/4324/3512
f 1759/4327/3516 951/951/3518 1760/4328/3519 4628/2108/3517
f 4628/2108/3517 1760/4328/3519 952/952/3520 1761/4329/3521
f 1756/4324/3512 4628/2108/3517 1761/4329/3521 949/949/3513
f 942/942/3493 1747/4315/3491 4629/2109/3522 1763/4331/3523
f 1747/4315/3491 939/939/3486 1762/4330/3524 4629/2109/3522
f 4629/2109/3522 1762/4330/3524 949/949/3513 1761/4329/3521
f 1763/4331/3523 4629/2109/3522 1761/4329/3521 952/952/3520
f 939/939/3486 1743/4311/3483 4630/2110/3525 1762/4330/3524
f 1743/4311/3483 938/938/3482 1764/4332/3526 4630/2110/3525
f 4630/2110/3525 1764/4332/3526 950/950/3515 1757/4325/3514
f 1762/4330/3524 4630/2110/3525 1757/4325/3514 949/949/3513
f 953/953/3527 1765/4333/3528 4631/2111/3529 1768/4336/3530
f 1765/4333/3528 954/954/3531 1766/4334/3532 4631/2111/3529
f 4631/2111/3529 1766/4334/3532 955/955/3533 1767/4335/3534
f 1768/4336/3530 4631/2111/3529 1767/4335/3534 956/956/3535
f 954/954/3531 1769/4337/3536 4632/2112/3537 1766/4334/3532
f 1769/4337/3536 957/957/3538 1770/4338/3539 4632/2112/3537
f 4632/2112/3537 1770/4338/3539 958/958/3540 1771/4339/3541
f 1766/4334/3532 4632/2112/3537 1771/4339/3541 955/955/3533
f 951/951/3518 1759/4327/3516 4633/2113/3542 1773/4341/3543
f 1759/4327/3516 948/948/3511 1772/4340/3544 4633/2113/3542
f 4633/2113/3542 1772/4340/3544 955/955/3533 1771/4339/3541
f 1773/4341/3543 4633/2113/3542 1771/4339/3541 958/958/3540
f 948/948/3511 1755/4323/3508 4634/2114/3545 1772/4340/3544
f 1755/4323/3508 947/947/3507 1774/4342/3546 4634/2114/3545
f 4634/2114/3545 1774/4342/3546 956/956/3535 1767/4335/3534
f 1772/4340/3544 4634/2114/3545 1767/4335/3534 955/955/3533
f 959/959/3547 1775/4343/3548 4635/2115/3549 1778/4346/3550
f 1775/4343/3548 960/960/3551 1776/4344/3552 4635/2115/3549
f 4635/2115/3549 1776/4344/3552 961/961/3553 1777/4345/3554
f 1778/4346/3550 4635/2115/3549 1777/4345/3554 962/962/3555
f 960/960/3551 1779/4347/3556 4636/2116/3557 1776/4344/3552
f 1779/4347/3556 938/938/3482 1746/4314/3485 4636/2116/3557
f 4636/2116/3557 1746/4314/3485 941/941/3490 1780/4348/3558
f 1776/4344/3552 4636/2116/3557 1780/4348/3558 961/961/3553
f 946/946/3505 1781/4349/3559 4637/2117/3560 1754/4322/3506
f 1781/4349/3559 963/963/3561 1782/4350/3562 4637/2117/3560
f 4637/2117/3560 1782/4350/3562 961/961/3553 1780/4348/3558
f 1754/4322/3506 4637/2117/3560 1780/4348/3558 941/941/3490
f 963/963/3561 1783/4351/3563 4638/2118/3564 1782/4350/3562
f 1783/4351/3563 964/964/3565 1784/4352/3566 4638/2118/3564
f 4638/2118/3564 1784/4352/3566 962/962/3555 1777/4345/3554
f 1782/4350/3562 4638/2118/3564 1777/4345/3554 961/961/3553
f 965/965/3567 1785/4353/3568 4639/2119/3569 1788/4356/3570
f 1785/4353/3568 966/966/3571 1786/4354/3572 4639/2119/3569
f 4639/2119/3569 1786/4354/3572 967/967/3573 1787/4355/3574
f 1788/4356/3570 4639/2119/3569 1787/4355/3574 968/968/3575
f 966/966/3571 1789/4357/3576 4640/2120/3577 1786/4354/3572
f 1789/4357/3576 947/947/3507 1758/4326/3510 4640/2120/3577
f 4640/2120/3577 1758/4326/3510 950/950/3515 1790/4358/3578
f 1786/4354/3572 4640/2120/3577 1790/4358/3578 967/967/3573
f 938/938/3482 1779/4347/3556 4641/2121/3579 1764/4332/3526
f 1779/4347/3556 960/960/3551 1791/4359/3580 4641/2121/3579
f 4641/2121/3579 1791/4359/3580 967/967/3573 1790/4358/3578
f 1764/4332/3526 4641/2121/3579 1790/4358/3578 950/950/3515
f 960/960/3551 1775/4343/3548 4642/2122/3581 1791/4359/3580
f 1775/4343/3548 959/959/3547 1792/4360/3582 4642/2122/3581
f 4642/2122/3581 1792/4360/3582 968/968/3575 1787/4355/3574
f 1791/4359/3580 4642/2122/3581 1787/4355/3574 967/967/3573
f 969/969/3583 1793/4361/3584 4643/2123/3585 1796/4364/3586
f 1793/4361/3584 970/970/3587 1794/4362/3588 4643/2123/3585
f 4643/2123/3585 1794/4362/3588 971/971/3589 1795/4363/3590
f 1796/4364/3586 4643/2123/3585 1795/4363/3590 972/972/3591
f 970/970/3587 1797/4365/3592 4644/2124/3593 1794/4362/3588
f 1797/4365/3592 953/953/3527 1768/4336/3530 4644/2124/3593
f 4644/2124/3593 1768/4336/3530 956/956/3535 1798/4366/3594
f 1794/4362/3588 4644/2124/3593 1798/4366/3594 971/971/3589
f 947/947/3507 1789/4357/3576 4645/2125/3595 1774/4342/3546
f 1789/4357/3576 966/966/3571 1799/4367/3596 4645/2125/3595
f 4645/2125/3595 1799/4367/3596 971/971/3589 1798/4366/3594
f 1774/4342/3546 4645/2125/3595 1798/4366/3594 956/956/3535
f 966/966/3571 1785/4353/3568 4646/2126/3597 1799/4367/3596
f 1785/4353/3568 965/965/3567 1800/4368/3598 4646/2126/3597
f 4646/2126/3597 1800/4368/3598 972/972/3591 1795/4363/3590
f 1799/4367/3596 4646/2126/3597 1795/4363/3590 971/971/3589
f 973/973/3599 1801/4369/3600 4647/2127/3601 1804/4372/3602
f 1801/4369/3600 974/974/3603 1802/4370/3604 4647/2127/3601
f 4647/2127/3601 1802/4370/3604 975/975/3605 1803/4371/3606
f 1804/4372/3602 4647/2127/3601 1803/4371/3606 976/976/3607
f 974/974/3603 1805/4373/3608 4648/2128/3609 1802/4370/3604
f 1805/4373/3608 959/959/3547 1778/4346/3550 4648/2128/3609
f 4648/2128/3609 1778/4346/3550 962/962/3555 1806/4374/3610
f 1802/4370/3604 4648/2128/3609 1806/4374/3610 975/975/3605
f 964/964/3565 1807/4375/3611 4649/2129/3612 1784/4352/3566
f 1807/4375/3611 977/977/3613 1808/4376/3614 4649/2129/3612
f 4649/2129/3612 1808/4376/3614 975/975/3605 1806/4374/3610
f 1784/4352/3566 4649/2129/3612 1806/4374/3610 962/962/3555
f 977/977/3613 1809/4377/3615 4650/2130/3616 1808/4376/3614
f 1809/4377/3615 978/978/3617 1810/4378/3618 4650/2130/3616
f 4650/2130/3616 1810/4378/3618 976/976/3607 1803/4371/3606
f 1808/4376/3614 4650/2130/3616 1803/4371/3606 975/975/3605
f 979/979/3619 1811/4379/3620 4651/2131/3621 1814/4382/3622
f 1811/4379/3620 980/980/3623 1812/4380/3624 4651/2131/3621
f 4651/2131/3621 1812/4380/3624 981/981/3625 1813/4381/3626
f 1814/4382/3622 4651/2131/3621 1813/4381/3626 982/982/3627
f 980/980/3623 1815/4383/3628 4652/2132/3629 1812/4380/3624
f 1815/4383/3628 965/965/3567 1788/4356/3570 4652/2132/3629
f 4652/2132/3629 1788/4356/3570 968/968/3575 1816/4384/3630
f 1812/4380/3624 4652/2132/3629 1816/4384/3630 981/981/3625
f 959/959/3547 1805/4373/3608 4653/2133/3631 1792/4360/3582
f 1805/4373/3608 974/974/3603 1817/4385/3632 4653/2133/3631
f 4653/2133/3631 1817/4385/3632 981/981/3625 1816/4384/3630
f 1792/4360/3582 4653/2133/3631 1816/4384/3630 968/968/3575
f 974/974/3603 1801/4369/3600 4654/2134/3633 1817/4385/3632
f 1801/4369/3600 973/973/3599 1818/4386/3634 4654/2134/3633
f 4654/2134/3633 1818/4386/3634 982/982/3627 1813/4381/3626
f 1817/4385/3632 4654/2134/3633 1813/4381/3626 981/981/3625
f 983/983/3635 1819/4387/3636 4655/2135/3637 1822/4390/3638
f 1819/4387/3636 984/984/3639 1820/4388/3640 4655/2135/3637
f 4655/2135/3637 1820/4388/3640 985/985/3641 1821/4389/3642
f 1822/4390/3638 4655/2135/3637 1821/4389/3642 986/986/3643
f 984/984/3639 1823/4391/3644 4656/2136/3645 1820/4388/3640
f 1823/4391/3644 969/969/3583 1796/4364/3586 4656/2136/3645
f 4656/2136/3645 1796/4364/3586 972/972/3591 1824/4392/3646
f 1820/4388/3640 4656/2136/3645 1824/4392/3646 985/985/3641
f 965/965/3567 1815/4383/3628 4657/2137/3647 1800/4368/3598
f 1815/4383/3628 980/980/3623 1825/4393/3648 4657/2137/3647
f 4657/2137/3647 1825/4393/3648 985/985/3641 1824/4392/3646
f 1800/4368/3598 4657/2137/3647 1824/4392/3646 972/972/3591
f 980/980/3623 1811/4379/3620 4658/2138/3649 1825/4393/3648
f 1811/4379/3620 979/979/3619 1826/4394/3650 4658/2138/3649
f 4658/2138/3649 1826/4394/3650 986/986/3643 1821/4389/3642
f 1825/4393/3648 4658/2138/3649 1821/4389/3642 985/985/3641
f 969/969/3583 1827/4395/3651 4659/2139/3652 1793/4361/3584
f 1827/4395/3651 987/987/3653 1828/4396/3654 4659/2139/3652
f 4659/2139/3652 1828/4396/3654 988/988/3655 1829/4397/3656
f 1793/4361/3584 4659/2139/3652 1829/4397/3656 970/970/3587
f 987/987/3653 1830/4398/3657 4660/2140/3658 1828/4396/3654
f 1830/4398/3657 989/989/3659 1831/4399/3660 4660/2140/3658
f 4660/2140/3658 1831/4399/3660 990/990/3661 1832/4400/3662
f 1828/4396/3654 4660/2140/3658 1832/4400/3662 988/988/3655
f 991/991/3663 1833/4401/3664 4661/2141/3665 1835/4403/3666
f 1833/4401/3664 992/992/3667 1834/4402/3668 4661/2141/3665
f 4661/2141/3665 1834/4402/3668 988/988/3655 1832/4400/3662
f 1835/4403/3666 4661/2141/3665 1832/4400/3662 990/990/3661
f 992/992/3667 1836/4404/3669 4662/2142/3670 1834/4402/3668
f 1836/4404/3669 953/953/3527 1797/4365/3592 4662/2142/3670
f 4662/2142/3670 1797/4365/3592 970/970/3587 1829/4397/3656
f 1834/4402/3668 4662/2142/3670 1829/4397/3656 988/988/3655
f 983/983/3635 1837/4405/3671 4663/2143/3672 1819/4387/3636
f 1837/4405/3671 993/993/3673 1838/4406/3674 4663/2143/3672
f 4663/2143/3672 1838/4406/3674 994/994/3675 1839/4407/3676
f 1819/4387/3636 4663/2143/3672 1839/4407/3676 984/984/3639
f 993/993/3673 1840/4408/3677 4664/2144/3678 1838/4406/3674
f 1840/4408/3677 995/995/3679 1841/4409/3680 4664/2144/3678
f 4664/2144/3678 1841/4409/3680 996/996/3681 1842/4410/3682
f 1838/4406/3674 4664/2144/3678 1842/4410/3682 994/994/3675
f 989/989/3659 1830/4398/3657 4665/2145/3683 1844/4412/3684
f 1830/4398/3657 987/987/3653 1843/4411/3685 4665/2145/3683
f 4665/2145/3683 1843/4411/3685 994/994/3675 1842/4410/3682
f 1844/4412/3684 4665/2145/3683 1842/4410/3682 996/996/3681
f 987/987/3653 1827/4395/3651 4666/2146/3686 1843/4411/3685
f 1827/4395/3651 969/969/3583 1823/4391/3644 4666/2146/3686
f 4666/2146/3686 1823/4391/3644 984/984/3639 1839/4407/3676
f 1843/4411/3685 4666/2146/3686 1839/4407/3676 994/994/3675
f 979/979/3619 1845/4413/3687 4667/2147/3688 1826/4394/3650
f 1845/4413/3687 997/997/3689 1846/4414/3690 4667/2147/3688
f 4667/2147/3688 1846/4414/3690 998/998/3691 1847/4415/3692
f 1826/4394/3650 4667/2147/3688 1847/4415/3692 986/986/3643
f 997/997/3689 1848/4416/3693 4668/2148/3694 1846/4414/3690
f 1848/4416/3693 999/999/3695 1849/4417/3696 4668/2148/3694
f 4668/2148/3694 1849/4417/3696 1000/1000/3697 1850/4418/3698
f 1846/4414/3690 4668/2148/3694 1850/4418/3698 998/998/3691
f 995/995/3679 1840/4408/3677 4669/2149/3699 1852/4420/3700
f 1840/4408/3677 993/993/3673 1851/4419/3701 4669/2149/3699
f 4669/2149/3699 1851/4419/3701 998/998/3691 1850/4418/3698
f 1852/4420/3700 4669/2149/3699 1850/4418/3698 1000/1000/3697
f 993/993/3673 1837/4405/3671 4670/2150/3702 1851/4419/3701
f 1837/4405/3671 983/983/3635 1822/4390/3638 4670/2150/3702
f 4670/2150/3702 1822/4390/3638 986/986/3643 1847/4415/3692
f 1851/4419/3701 4670/2150/3702 1847/4415/3692 998/998/3691
f 973/973/3599 1853/4421/3703 4671/2151/3704 1818/4386/3634
f 1853/4421/3703 1001/1001/3705 1854/4422/3706 4671/2151/3704
f 4671/2151/3704 1854/4422/3706 1002/1002/3707 1855/4423/3708
f 1818/4386/3634 4671/2151/3704 1855/4423/3708 982/982/3627
f 1001/1001/3705 1856/4424/3709 4672/2152/3710 1854/4422/3706
f 1856/4424/3709 1003/1003/3711 1857/4425/3712 4672/2152/3710
f 4672/2152/3710 1857/4425/3712 1004/1004/3713 1858/4426/3714
f 1854/4422/3706 4672/2152/3710 1858/4426/3714 1002/1002/3707
f 999/999/3695 1848/4416/3693 4673/2153/3715 1860/4428/3716
f 1848/4416/3693 997/997/3689 1859/4427/3717 4673/2153/3715
f 4673/2153/3715 1859/4427/3717 1002/1002/3707 1858/4426/3714
f 1860/4428/3716 4673/2153/3715 1858/4426/3714 1004/1004/3713
f 997/997/3689 1845/4413/3687 4674/2154/3718 1859/4427/3717
f 1845/4413/3687 979/979/3619 1814/4382/3622 4674/2154/3718
f 4674/2154/3718 1814/4382/3622 982/982/3627 1855/4423/3708
f 1859/4427/3717 4674/2154/3718 1855/4423/3708 1002/1002/3707
f 978/978/3617 1861/4429/3719 4675/2155/3720 1810/4378/3618
f 1861/4429/3719 1005/1005/3721 1862/4430/3722 4675/2155/3720
f 4675/2155/3720 1862/4430/3722 1006/1006/3723 1863/4431/3724
f 1810/4378/3618 4675/2155/3720 1863/4431/3724 976/976/3607
f 1005/1005/3721 1864/4432/3725 4676/2156/3726 1862/4430/3722
f 1864/4432/3725 1007/1007/3727 1865/4433/3728 4676/2156/3726
f 4676/2156/3726 1865/4433/3728 1008/1008/3729 1866/4434/3730
f 1862/4430/3722 4676/2156/3726 1866/4434/3730 1006/1006/3723
f 1003/1003/3711 1856/4424/3709 4677/2157/3731 1868/4436/3732
f 1856/4424/3709 1001/1001/3705 1867/4435/3733 4677/2157/3731
f 4677/2157/3731 1867/4435/3733 1006/1006/3723 1866/4434/3730
f 1868/4436/3732 4677/2157/3731 1866/4434/3730 1008/1008/3729
f 1001/1001/3705 1853/4421/3703 4678/2158/3734 1867/4435/3733
f 1853/4421/3703 973/973/3599 1804/4372/3602 4678/2158/3734
f 4678/2158/3734 1804/4372/3602 976/976/3607 1863/4431/3724
f 1867/4435/3733 4678/2158/3734 1863/4431/3724 1006/1006/3723
f 964/964/3565 1869/4437/3735 4679/2159/3736 1807/4375/3611
f 1869/4437/3735 1009/1009/3737 1870/4438/3738 4679/2159/3736
f 4679/2159/3736 1870/4438/3738 1010/1010/3739 1871/4439/3740
f 1807/4375/3611 4679/2159/3736 1871/4439/3740 977/977/3613
f 1009/1009/3737 1872/4440/3741 4680/2160/3742 1870/4438/3738
f 1872/4440/3741 1011/1011/3743 1873/4441/3744 4680/2160/3742
f 4680/2160/3742 1873/4441/3744 1012/1012/3745 1874/4442/3746
f 1870/4438/3738 4680/2160/3742 1874/4442/3746 1010/1010/3739
f 1007/1007/3727 1864/4432/3725 4681/2161/3747 1876/4444/3748
f 1864/4432/3725 1005/1005/3721 1875/4443/3749 4681/2161/3747
f 4681/2161/3747 1875/4443/3749 1010/1010/3739 1874/4442/3746
f 1876/4444/3748 4681/2161/3747 1874/4442/3746 1012/1012/3745
f 1005/1005/3721 1861/4429/3719 4682/2162/3750 1875/4443/3749
f 1861/4429/3719 978/978/3617 1809/4377/3615 4682/2162/3750
f 4682/2162/3750 1809/4377/3615 977/977/3613 1871/4439/3740
f 1875/4443/3749 4682/2162/3750 1871/4439/3740 1010/1010/3739
f 946/946/3505 1877/4445/3751 4683/2163/3752 1781/4349/3559
f 1877/4445/3751 1013/1013/3753 1878/4446/3754 4683/2163/3752
f 4683/2163/3752 1878/4446/3754 1014/1014/3755 1879/4447/3756
f 1781/4349/3559 4683/2163/3752 1879/4447/3756 963/963/3561
f 1013/1013/3753 1880/4448/3757 4684/2164/3758 1878/4446/3754
f 1880/4448/3757 1015/1015/3759 1881/4449/3760 4684/2164/3758
f 4684/2164/3758 1881/4449/3760 1016/1016/3761 1882/4450/3762
f 1878/4446/3754 4684/2164/3758 1882/4450/3762 1014/1014/3755
f 1011/1011/3743 1872/4440/3741 4685/2165/3763 1884/4452/3764
f 1872/4440/3741 1009/1009/3737 1883/4451/3765 4685/2165/3763
f 4685/2165/3763 1883/4451/3765 1014/1014/3755 1882/4450/3762
f 1884/4452/3764 4685/2165/3763 1882/4450/3762 1016/1016/3761
f 1009/1009/3737 1869/4437/3735 4686/2166/3766 1883/4451/3765
f 1869/4437/3735 964/964/3565 1783/4351/3563 4686/2166/3766
f 4686/2166/3766 1783/4351/3563 963/963/3561 1879/4447/3756
f 1883/4451/3765 4686/2166/3766 1879/4447/3756 1014/1014/3755
f 944/944/3497 1885/4453/3767 4687/2167/3768 1750/4318/3498
f 1885/4453/3767 1017/1017/3769 1886/4454/3770 4687/2167/3768
f 4687/2167/3768 1886/4454/3770 1018/1018/3771 1887/4455/3772
f 1750/4318/3498 4687/2167/3768 1887/4455/3772 945/945/3501
f 1017/1017/3769 1888/4456/3773 4688/2168/3774 1886/4454/3770
f 1888/4456/3773 1019/1019/3775 1889/4457/3776 4688/2168/3774
f 4688/2168/3774 1889/4457/3776 1020/1020/3777 1890/4458/3778
f 1886/4454/3770 4688/2168/3774 1890/4458/3778 1018/1018/3771
f 1015/1015/3759 1880/4448/3757 4689/2169/3779 1892/4460/3780
f 1880/4448/3757 1013/1013/3753 1891/4459/3781 4689/2169/3779
f 4689/2169/3779 1891/4459/3781 1018/1018/3771 1890/4458/3778
f 1892/4460/3780 4689/2169/3779 1890/4458/3778 1020/1020/3777
f 1013/1013/3753 1877/4445/3751 4690/2170/3782 1891/4459/3781
f 1877/4445/3751 946/946/3505 1753/4321/3503 4690/2170/3782
f 4690/2170/3782 1753/4321/3503 945/945/3501 1887/4455/3772
f 1891/4459/3781 4690/2170/3782 1887/4455/3772 1018/1018/3771
f 942/942/3493 1893/4461/3783 4691/2171/3784 1748/4316/3494
f 1893/4461/3783 1021/1021/3785 1894/4462/3786 4691/2171/3784
f 4691/2171/3784 1894/4462/3786 1022/1022/3787 1895/4463/3788
f 1748/4316/3494 4691/2171/3784 1895/4463/3788 943/943/3495
f 1021/1021/3785 1896/4464/3789 4692/2172/3790 1894/4462/3786
f 1896/4464/3789 1023/1023/3791 1897/4465/3792 4692/2172/3790
f 4692/2172/3790 1897/4465/3792 1024/1024/3793 1898/4466/3794
f 1894/4462/3786 4692/2172/3790 1898/4466/3794 1022/1022/3787
f 1019/1019/3775 1888/4456/3773 4693/2173/3795 1900/4468/3796
f 1888/4456/3773 1017/1017/3769 1899/4467/3797 4693/2173/3795
f 4693/2173/3795 1899/4467/3797 1022/1022/3787 1898/4466/3794
f 1900/4468/3796 4693/2173/3795 1898/4466/3794 1024/1024/3793
f 1017/1017/3769 1885/4453/3767 4694/2174/3798 1899/4467/3797
f 1885/4453/3767 944/944/3497 1752/4320/3500 4694/2174/3798
f 4694/2174/3798 1752/4320/3500 943/943/3495 1895/4463/3788
f 1899/4467/3797 4694/2174/3798 1895/4463/3788 1022/1022/3787
f 951/951/3518 1901/4469/3799 4695/2175/3800 1760/4328/3519
f 1901/4469/3799 1025/1025/3801 1902/4470/3802 4695/2175/3800
f 4695/2175/3800 1902/4470/3802 1026/1026/3803 1903/4471/3804
f 1760/4328/3519 4695/2175/3800 1903/4471/3804 952/952/3520
f 1025/1025/3801 1904/4472/3805 4696/2176/3806 1902/4470/3802
f 1904/4472/3805 1027/1027/3807 1905/4473/3808 4696/2176/3806
f 4696/2176/3806 1905/4473/3808 1028/1028/3809 1906/4474/3810
f 1902/4470/3802 4696/2176/3806 1906/4474/3810 1026/1026/3803
f 1023/1023/3791 1896/4464/3789 4697/2177/3811 1908/4476/3812
f 1896/4464/3789 1021/1021/3785 1907/4475/3813 4697/2177/3811
f 4697/2177/3811 1907/4475/3813 1026/1026/3803 1906/4474/3810
f 1908/4476/3812 4697/2177/3811 1906/4474/3810 1028/1028/3809
f 1021/1021/3785 1893/4461/3783 4698/2178/3814 1907/4475/3813
f 1893/4461/3783 942/942/3493 1763/4331/3523 4698/2178/3814
f 4698/2178/3814 1763/4331/3523 952/952/3520 1903/4471/3804
f 1907/4475/3813 4698/2178/3814 1903/4471/3804 1026/1026/3803
f 957/957/3538 1909/4477/3815 4699/2179/3816 1770/4338/3539
f 1909/4477/3815 1029/1029/3817 1910/4478/3818 4699/2179/3816
f 4699/2179/3816 1910/4478/3818 1030/1030/3819 1911/4479/3820
f 1770/4338/3539 4699/2179/3816 1911/4479/3820 958/958/3540
f 1029/1029/3817 1912/4480/3821 4700/2180/3822 1910/4478/3818
f 1912/4480/3821 1031/1031/3823 1913/4481/3824 4700/2180/3822
f 4700/2180/3822 1913/4481/3824 1032/1032/3825 1914/4482/3826
f 1910/4478/3818 4700/2180/3822 1914/4482/3826 1030/1030/3819
f 1027/1027/3807 1904/4472/3805 4701/2181/3827 1916/4484/3828
f 1904/4472/3805 1025/1025/3801 1915/4483/3829 4701/2181/3827
f 4701/2181/3827 1915/4483/3829 1030/1030/3819 1914/4482/3826
f 1916/4484/3828 4701/2181/3827 1914/4482/3826 1032/1032/3825
f 1025/1025/3801 1901/4469/3799 4702/2182/3830 1915/4483/3829
f 1901/4469/3799 951/951/3518 1773/4341/3543 4702/2182/3830
f 4702/2182/3830 1773/4341/3543 958/958/3540 1911/4479/3820
f 1915/4483/3829 4702/2182/3830 1911/4479/3820 1030/1030/3819
f 953/953/3527 1836/4404/3669 4703/2183/3831 1765/4333/3528
f 1836/4404/3669 992/992/3667 1917/4485/3832 4703/2183/3831
f 4703/2183/3831 1917/4485/3832 1033/1033/3833 1918/4486/3834
f 1765/4333/3528 4703/2183/3831 1918/4486/3834 954/954/3531
f 992/992/3667 1833/4401/3664 4704/2184/3835 1917/4485/3832
f 1833/4401/3664 991/991/3663 1919/4487/3836 4704/2184/3835
f 4704/2184/3835 1919/4487/3836 1034/1034/3837 1920/4488/3838
f 1917/4485/3832 4704/2184/3835 1920/4488/3838 1033/1033/3833
f 1031/1031/3823 1912/4480/3821 4705/2185/3839 1922/4490/3840
f 1912/4480/3821 1029/1029/3817 1921/4489/3841 4705/2185/3839
f 4705/2185/3839 1921/4489/3841 1033/1033/3833 1920/4488/3838
f 1922/4490/3840 4705/2185/3839 1920/4488/3838 1034/1034/3837
f 1029/1029/3817 1909/4477/3815 4706/2186/3842 1921/4489/3841
f 1909/4477/3815 957/957/3538 1769/4337/3536 4706/2186/3842
f 4706/2186/3842 1769/4337/3536 954/954/3531 1918/4486/3834
f 1921/4489/3841 4706/2186/3842 1918/4486/3834 1033/1033/3833
f 800/800/3017 1512/4080/3020 4707/2187/3843 1925/4493/3844
f 1512/4080/3020 799/799/3015 1923/4491/3845 4707/2187/3843
f 4707/2187/3843 1923/4491/3845 1035/1035/3846 1924/4492/3847
f 1925/4493/3844 4707/2187/3843 1924/4492/3847 1036/1036/3848
f 799/799/3015 1508/4076/3014 4708/2188/3849 1923/4491/3845
f 1508/4076/3014 798/798/3013 1926/4494/3850 4708/2188/3849
f 4708/2188/3849 1926/4494/3850 1037/1037/3851 1927/4495/3852
f 1923/4491/3845 4708/2188/3849 1927/4495/3852 1035/1035/3846
f 722/722/2762 1386/3954/2765 4709/2189/3853 1929/4497/3854
f 1386/3954/2765 725/725/2770 1928/4496/3855 4709/2189/3853
f 4709/2189/3853 1928/4496/3855 1035/1035/3846 1927/4495/3852
f 1929/4497/3854 4709/2189/3853 1927/4495/3852 1037/1037/3851
f 725/725/2770 1394/3962/2786 4710/2190/3856 1928/4496/3855
f 1394/3962/2786 730/730/2785 1930/4498/3857 4710/2190/3856
f 4710/2190/3856 1930/4498/3857 1036/1036/3848 1924/4492/3847
f 1928/4496/3855 4710/2190/3856 1924/4492/3847 1035/1035/3846
f 798/798/3013 1523/4091/3043 4711/2191/3858 1926/4494/3850
f 1523/4091/3043 808/808/3040 1931/4499/3859 4711/2191/3858
f 4711/2191/3858 1931/4499/3859 1038/1038/3860 1932/4500/3861
f 1926/4494/3850 4711/2191/3858 1932/4500/3861 1037/1037/3851
f 808/808/3040 1520/4088/3039 4712/2192/3862 1931/4499/3859
f 1520/4088/3039 807/807/3038 1933/4501/3863 4712/2192/3862
f 4712/2192/3862 1933/4501/3863 1039/1039/3864 1934/4502/3865
f 1931/4499/3859 4712/2192/3862 1934/4502/3865 1038/1038/3860
f 731/731/2787 1398/3966/2790 4713/2193/3866 1936/4504/3867
f 1398/3966/2790 734/734/2795 1935/4503/3868 4713/2193/3866
f 4713/2193/3866 1935/4503/3868 1038/1038/3860 1934/4502/3865
f 1936/4504/3867 4713/2193/3866 1934/4502/3865 1039/1039/3864
f 734/734/2795 1404/3972/2806 4714/2194/3869 1935/4503/3868
f 1404/3972/2806 722/722/2762 1929/4497/3854 4714/2194/3869
f 4714/2194/3869 1929/4497/3854 1037/1037/3851 1932/4500/3861
f 1935/4503/3868 4714/2194/3869 1932/4500/3861 1038/1038/3860
f 807/807/3038 1533/4101/3063 4715/2195/3870 1933/4501/3863
f 1533/4101/3063 814/814/3060 1937/4505/3871 4715/2195/3870
f 4715/2195/3870 1937/4505/3871 1040/1040/3872 1938/4506/3873
f 1933/4501/3863 4715/2195/3870 1938/4506/3873 1039/1039/3864
f 814/814/3060 1530/4098/3059 4716/2196/3874 1937/4505/3871
f 1530/4098/3059 813/813/3058 1939/4507/3875 4716/2196/3874
f 4716/2196/3874 1939/4507/3875 1041/1041/3876 1940/4508/3877
f 1937/4505/3871 4716/2196/3874 1940/4508/3877 1040/1040/3872
f 737/737/2807 1408/3976/2810 4717/2197/3878 1942/4510/3879
f 1408/3976/2810 740/740/2815 1941/4509/3880 4717/2197/3878
f 4717/2197/3878 1941/4509/3880 1040/1040/3872 1940/4508/3877
f 1942/4510/3879 4717/2197/3878 1940/4508/3877 1041/1041/3876
f 740/740/2815 1414/3982/2826 4718/2198/3881 1941/4509/3880
f 1414/3982/2826 731/731/2787 1936/4504/3867 4718/2198/3881
f 4718/2198/3881 1936/4504/3867 1039/1039/3864 1938/4506/3873
f 1941/4509/3880 4718/2198/3881 1938/4506/3873 1040/1040/3872
f 813/813/3058 1543/4111/3083 4719/2199/3882 1939/4507/3875
f 1543/4111/3083 820/820/3080 1943/4511/3883 4719/2199/3882
f 4719/2199/3882 1943/4511/3883 1042/1042/3884 1944/4512/3885
f 1939/4507/3875 4719/2199/3882 1944/4512/3885 1041/1041/3876
f 820/820/3080 1540/4108/3079 4720/2200/3886 1943/4511/3883
f 1540/4108/3079 819/819/3078 1945/4513/3887 4720/2200/3886
f 4720/2200/3886 1945/4513/3887 1043/1043/3888 1946/4514/3889
f 1943/4511/3883 4720/2200/3886 1946/4514/3889 1042/1042/3884
f 743/743/2827 1418/3986/2830 4721/2201/3890 1948/4516/3891
f 1418/3986/2830 746/746/2835 1947/4515/3892 4721/2201/3890
f 4721/2201/3890 1947/4515/3892 1042/1042/3884 1946/4514/3889
f 1948/4516/3891 4721/2201/3890 1946/4514/3889 1043/1043/3888
f 746/746/2835 1424/3992/2846 4722/2202/3893 1947/4515/3892
f 1424/3992/2846 737/737/2807 1942/4510/3879 4722/2202/3893
f 4722/2202/3893 1942/4510/3879 1041/1041/3876 1944/4512/3885
f 1947/4515/3892 4722/2202/3893 1944/4512/3885 1042/1042/3884
f 819/819/3078 1553/4121/3103 4723/2203/3894 1945/4513/3887
f 1553/4121/3103 826/826/3100 1949/4517/3895 4723/2203/3894
f 4723/2203/3894 1949/4517/3895 1044/1044/3896 1950/4518/3897
f 1945/4513/3887 4723/2203/3894 1950/4518/3897 1043/1043/3888
f 826/826/3100 1550/4118/3099 4724/2204/3898 1949/4517/3895
f 1550/4118/3099 825/825/3098 1951/4519/3899 4724/2204/3898
f 4724/2204/3898 1951/4519/3899 1045/1045/3900 1952/4520/3901
f 1949/4517/3895 4724/2204/3898 1952/4520/3901 1044/1044/3896
f 749/749/2847 1428/3996/2850 4725/2205/3902 1954/4522/3903
f 1428/3996/2850 752/752/2855 1953/4521/3904 4725/2205/3902
f 4725/2205/3902 1953/4521/3904 1044/1044/3896 1952/4520/3901
f 1954/4522/3903 4725/2205/3902 1952/4520/3901 1045/1045/3900
f 752/752/2855 1434/4002/2866 4726/2206/3905 1953/4521/3904
f 1434/4002/2866 743/743/2827 1948/4516/3891 4726/2206/3905
f 4726/2206/3905 1948/4516/3891 1043/1043/3888 1950/4518/3897
f 1953/4521/3904 4726/2206/3905 1950/4518/3897 1044/1044/3896
f 825/825/3098 1563/4131/3123 4727/2207/3906 1951/4519/3899
f 1563/4131/3123 832/832/3120 1955/4523/3907 4727/2207/3906
f 4727/2207/3906 1955/4523/3907 1046/1046/3908 1956/4524/3909
f 1951/4519/3899 4727/2207/3906 1956/4524/3909 1045/1045/3900
f 832/832/3120 1560/4128/3119 4728/2208/3910 1955/4523/3907
f 1560/4128/3119 831/831/3118 1957/4525/3911 4728/2208/3910
f 4728/2208/3910 1957/4525/3911 1047/1047/3912 1958/4526/3913
f 1955/4523/3907 4728/2208/3910 1958/4526/3913 1046/1046/3908
f 755/755/2867 1438/4006/2870 4729/2209/3914 1960/4528/3915
f 1438/4006/2870 758/758/2875 1959/4527/3916 4729/2209/3914
f 4729/2209/3914 1959/4527/3916 1046/1046/3908 1958/4526/3913
f 1960/4528/3915 4729/2209/3914 1958/4526/3913 1047/1047/3912
f 758/758/2875 1444/4012/2886 4730/2210/3917 1959/4527/3916
f 1444/4012/2886 749/749/2847 1954/4522/3903 4730/2210/3917
f 4730/2210/3917 1954/4522/3903 1045/1045/3900 1956/4524/3909
f 1959/4527/3916 4730/2210/3917 1956/4524/3909 1046/1046/3908
f 831/831/3118 1573/4141/3143 4731/2211/3918 1957/4525/3911
f 1573/4141/3143 838/838/3140 1961/4529/3919 4731/2211/3918
f 4731/2211/3918 1961/4529/3919 1048/1048/3920 1962/4530/3921
f 1957/4525/3911 4731/2211/3918 1962/4530/3921 1047/1047/3912
f 838/838/3140 1570/4138/3139 4732/2212/3922 1961/4529/3919
f 1570/4138/3139 837/837/3138 1963/4531/3923 4732/2212/3922
f 4732/2212/3922 1963/4531/3923 1049/1049/3924 1964/4532/3925
f 1961/4529/3919 4732/2212/3922 1964/4532/3925 1048/1048/3920
f 761/761/2887 1448/4016/2890 4733/2213/3926 1966/4534/3927
f 1448/4016/2890 764/764/2895 1965/4533/3928 4733/2213/3926
f 4733/2213/3926 1965/4533/3928 1048/1048/3920 1964/4532/3925
f 1966/4534/3927 4733/2213/3926 1964/4532/3925 1049/1049/3924
f 764/764/2895 1454/4022/2906 4734/2214/3929 1965/4533/3928
f 1454/4022/2906 755/755/2867 1960/4528/3915 4734/2214/3929
f 4734/2214/3929 1960/4528/3915 1047/1047/3912 1962/4530/3921
f 1965/4533/3928 4734/2214/3929 1962/4530/3921 1048/1048/3920
f 837/837/3138 1583/4151/3163 4735/2215/3930 1963/4531/3923
f 1583/4151/3163 844/844/3160 1967/4535/3931 4735/2215/3930
f 4735/2215/3930 1967/4535/3931 1050/1050/3932 1968/4536/3933
f 1963/4531/3923 4735/2215/3930 1968/4536/3933 1049/1049/3924
f 844/844/3160 1580/4148/3159 4736/2216/3934 1967/4535/3931
f 1580/4148/3159 843/843/3158 1969/4537/3935 4736/2216/3934
f 4736/2216/3934 1969/4537/3935 1051/1051/3936 1970/4538/3937
f 1967/4535/3931 4736/2216/3934 1970/4538/3937 1050/1050/3932
f 767/767/2907 1458/4026/2910 4737/2217/3938 1972/4540/3939
f 1458/4026/2910 770/770/2915 1971/4539/3940 4737/2217/3938
f 4737/2217/3938 1971/4539/3940 1050/1050/3932 1970/4538/3937
f 1972/4540/3939 4737/2217/3938 1970/4538/3937 1051/1051/3936
f 770/770/2915 1464/4032/2926 4738/2218/3941 1971/4539/3940
f 1464/4032/2926 761/761/2887 1966/4534/3927 4738/2218/3941
f 4738/2218/3941 1966/4534/3927 1049/1049/3924 1968/4536/3933
f 1971/4539/3940 4738/2218/3941 1968/4536/3933 1050/1050/3932
f 843/843/3158 1593/4161/3183 4739/2219/3942 1969/4537/3935
f 1593/4161/3183 850/850/3180 1973/4541/3943 4739/2219/3942
f 4739/2219/3942 1973/4541/3943 1052/1052/3944 1974/4542/3945
f 1969/4537/3935 4739/2219/3942 1974/4542/3945 1051/1051/3936
f 850/850/3180 1590/4158/3179 4740/2220/3946 1973/4541/3943
f 1590/4158/3179 849/849/3178 1975/4543/3947 4740/2220/3946
f 4740/2220/3946 1975/4543/3947 1053/1053/3948 1976/4544/3949
f 1973/4541/3943 4740/2220/3946 1976/4544/3949 1052/1052/3944
f 773/773/2927 1468/4036/2930 4741/2221/3950 1978/4546/3951
f 1468/4036/2930 776/776/2935 1977/4545/3952 4741/2221/3950
f 4741/2221/3950 1977/4545/3952 1052/1052/3944 1976/4544/3949
f 1978/4546/3951 4741/2221/3950 1976/4544/3949 1053/1053/3948
f 776/776/2935 1474/4042/2946 4742/2222/3953 1977/4545/3952
f 1474/4042/2946 767/767/2907 1972/4540/3939 4742/2222/3953
f 4742/2222/3953 1972/4540/3939 1051/1051/3936 1974/4542/3945
f 1977/4545/3952 4742/2222/3953 1974/4542/3945 1052/1052/3944
f 849/849/3178 1603/4171/3203 4743/2223/3954 1975/4543/3947
f 1603/4171/3203 856/856/3200 1979/4547/3955 4743/2223/3954
f 4743/2223/3954 1979/4547/3955 1054/1054/3956 1980/4548/3957
f 1975/4543/3947 4743/2223/3954 1980/4548/3957 1053/1053/3948
f 856/856/3200 1600/4168/3199 4744/2224/3958 1979/4547/3955
f 1600/4168/3199 855/855/3198 1981/4549/3959 4744/2224/3958
f 4744/2224/3958 1981/4549/3959 1055/1055/3960 1982/4550/3961
f 1979/4547/3955 4744/2224/3958 1982/4550/3961 1054/1054/3956
f 779/779/2947 1478/4046/2950 4745/2225/3962 1984/4552/3963
f 1478/4046/2950 782/782/2955 1983/4551/3964 4745/2225/3962
f 4745/2225/3962 1983/4551/3964 1054/1054/3956 1982/4550/3961
f 1984/4552/3963 4745/2225/3962 1982/4550/3961 1055/1055/3960
f 782/782/2955 1484/4052/2966 4746/2226/3965 1983/4551/3964
f 1484/4052/2966 773/773/2927 1978/4546/3951 4746/2226/3965
f 4746/2226/3965 1978/4546/3951 1053/1053/3948 1980/4548/3957
f 1983/4551/3964 4746/2226/3965 1980/4548/3957 1054/1054/3956
f 855/855/3198 1613/4181/3223 4747/2227/3966 1981/4549/3959
f 1613/4181/3223 862/862/3220 1985/4553/3967 4747/2227/3966
f 4747/2227/3966 1985/4553/3967 1056/1056/3968 1986/4554/3969
f 1981/4549/3959 4747/2227/3966 1986/4554/3969 1055/1055/3960
f 862/862/3220 1610/4178/3219 4748/2228/3970 1985/4553/3967
f 1610/4178/3219 861/861/3218 1987/4555/3971 4748/2228/3970
f 4748/2228/3970 1987/4555/3971 1057/1057/3972 1988/4556/3973
f 1985/4553/3967 4748/2228/3970 1988/4556/3973 1056/1056/3968
f 785/785/2967 1488/4056/2970 4749/2229/3974 1990/4558/3975
f 1488/4056/2970 788/788/2975 1989/4557/3976 4749/2229/3974
f 4749/2229/3974 1989/4557/3976 1056/1056/3968 1988/4556/3973
f 1990/4558/3975 4749/2229/3974 1988/4556/3973 1057/1057/3972
f 788/788/2975 1494/4062/2986 4750/2230/3977 1989/4557/3976
f 1494/4062/2986 779/779/2947 1984/4552/3963 4750/2230/3977
f 4750/2230/3977 1984/4552/3963 1055/1055/3960 1986/4554/3969
f 1989/4557/3976 4750/2230/3977 1986/4554/3969 1056/1056/3968
f 861/861/3218 1621/4189/3238 4751/2231/3978 1987/4555/3971
f 1621/4189/3238 865/865/3235 1991/4559/3979 4751/2231/3978
f 4751/2231/3978 1991/4559/3979 1058/1058/3980 1992/4560/3981
f 1987/4555/3971 4751/2231/3978 1992/4560/3981 1057/1057/3972
f 865/865/3235 1618/4186/3234 4752/2232/3982 1991/4559/3979
f 1618/4186/3234 800/800/3017 1925/4493/3844 4752/2232/3982
f 4752/2232/3982 1925/4493/3844 1036/1036/3848 1993/4561/3983
f 1991/4559/3979 4752/2232/3982 1993/4561/3983 1058/1058/3980
f 730/730/2785 1497/4065/2988 4753/2233/3984 1930/4498/3857
f 1497/4065/2988 792/792/2992 1994/4562/3985 4753/2233/3984
f 4753/2233/3984 1994/4562/3985 1058/1058/3980 1993/4561/3983
f 1930/4498/3857 4753/2233/3984 1993/4561/3983 1036/1036/3848
f 792/792/2992 1502/4070/3001 4754/2234/3986 1994/4562/3985
f 1502/4070/3001 785/785/2967 1990/4558/3975 4754/2234/3986
f 4754/2234/3986 1990/4558/3975 1057/1057/3972 1992/4560/3981
f 1994/4562/3985 4754/2234/3986 1992/4560/3981 1058/1058/3980
f 872/872/3257 1632/4200/3260 4755/2235/3987 1997/4565/3988
f 1632/4200/3260 871/871/3255 1995/4563/3989 4755/2235/3987
f 4755/2235/3987 1995/4563/3989 1059/1059/3990 1996/4564/3991
f 1997/4565/3988 4755/2235/3987 1996/4564/3991 1060/1060/3992
f 871/871/3255 1628/4196/3254 4756/2236/3993 1995/4563/3989
f 1628/4196/3254 870/870/3253 1998/4566/3994 4756/2236/3993
f 4756/2236/3993 1998/4566/3994 1061/1061/3995 1999/4567/3996
f 1995/4563/3989 4756/2236/3993 1999/4567/3996 1059/1059/3990
f 794/794/3002 1506/4074/3005 4757/2237/3997 2001/4569/3998
f 1506/4074/3005 797/797/3010 2000/4568/3999 4757/2237/3997
f 4757/2237/3997 2000/4568/3999 1059/1059/3990 1999/4567/3996
f 2001/4569/3998 4757/2237/3997 1999/4567/3996 1061/1061/3995
f 797/797/3010 1514/4082/3026 4758/2238/4000 2000/4568/3999
f 1514/4082/3026 802/802/3025 2002/4570/4001 4758/2238/4000
f 4758/2238/4000 2002/4570/4001 1060/1060/3992 1996/4564/3991
f 2000/4568/3999 4758/2238/4000 1996/4564/3991 1059/1059/3990
f 870/870/3253 1643/4211/3283 4759/2239/4002 1998/4566/3994
f 1643/4211/3283 880/880/3280 2003/4571/4003 4759/2239/4002
f 4759/2239/4002 2003/4571/4003 1062/1062/4004 2004/4572/4005
f 1998/4566/3994 4759/2239/4002 2004/4572/4005 1061/1061/3995
f 880/880/3280 1640/4208/3279 4760/2240/4006 2003/4571/4003
f 1640/4208/3279 879/879/3278 2005/4573/4007 4760/2240/4006
f 4760/2240/4006 2005/4573/4007 1063/1063/4008 2006/4574/4009
f 2003/4571/4003 4760/2240/4006 2006/4574/4009 1062/1062/4004
f 803/803/3027 1518/4086/3030 4761/2241/4010 2008/4576/4011
f 1518/4086/3030 806/806/3035 2007/4575/4012 4761/2241/4010
f 4761/2241/4010 2007/4575/4012 1062/1062/4004 2006/4574/4009
f 2008/4576/4011 4761/2241/4010 2006/4574/4009 1063/1063/4008
f 806/806/3035 1524/4092/3046 4762/2242/4013 2007/4575/4012
f 1524/4092/3046 794/794/3002 2001/4569/3998 4762/2242/4013
f 4762/2242/4013 2001/4569/3998 1061/1061/3995 2004/4572/4005
f 2007/4575/4012 4762/2242/4013 2004/4572/4005 1062/1062/4004
f 879/879/3278 1653/4221/3303 4763/2243/4014 2005/4573/4007
f 1653/4221/3303 886/886/3300 2009/4577/4015 4763/2243/4014
f 4763/2243/4014 2009/4577/4015 1064/1064/4016 2010/4578/4017
f 2005/4573/4007 4763/2243/4014 2010/4578/4017 1063/1063/4008
f 886/886/3300 1650/4218/3299 4764/2244/4018 2009/4577/4015
f 1650/4218/3299 885/885/3298 2011/4579/4019 4764/2244/4018
f 4764/2244/4018 2011/4579/4019 1065/1065/4020 2012/4580/4021
f 2009/4577/4015 4764/2244/4018 2012/4580/4021 1064/1064/4016
f 809/809/3047 1528/4096/3050 4765/2245/4022 2014/4582/4023
f 1528/4096/3050 812/812/3055 2013/4581/4024 4765/2245/4022
f 4765/2245/4022 2013/4581/4024 1064/1064/4016 2012/4580/4021
f 2014/4582/4023 4765/2245/4022 2012/4580/4021 1065/1065/4020
f 812/812/3055 1534/4102/3066 4766/2246/4025 2013/4581/4024
f 1534/4102/3066 803/803/3027 2008/4576/4011 4766/2246/4025
f 4766/2246/4025 2008/4576/4011 1063/1063/4008 2010/4578/4017
f 2013/4581/4024 4766/2246/4025 2010/4578/4017 1064/1064/4016
f 885/885/3298 1663/4231/3323 4767/2247/4026 2011/4579/4019
f 1663/4231/3323 892/892/3320 2015/4583/4027 4767/2247/4026
f 4767/2247/4026 2015/4583/4027 1066/1066/4028 2016/4584/4029
f 2011/4579/4019 4767/2247/4026 2016/4584/4029 1065/1065/4020
f 892/892/3320 1660/4228/3319 4768/2248/4030 2015/4583/4027
f 1660/4228/3319 891/891/3318 2017/4585/4031 4768/2248/4030
f 4768/2248/4030 2017/4585/4031 1067/1067/4032 2018/4586/4033
f 2015/4583/4027 4768/2248/4030 2018/4586/4033 1066/1066/4028
f 815/815/3067 1538/4106/3070 4769/2249/4034 2020/4588/4035
f 1538/4106/3070 818/818/3075 2019/4587/4036 4769/2249/4034
f 4769/2249/4034 2019/4587/4036 1066/1066/4028 2018/4586/4033
f 2020/4588/4035 4769/2249/4034 2018/4586/4033 1067/1067/4032
f 818/818/3075 1544/4112/3086 4770/2250/4037 2019/4587/4036
f 1544/4112/3086 809/809/3047 2014/4582/4023 4770/2250/4037
f 4770/2250/4037 2014/4582/4023 1065/1065/4020 2016/4584/4029
f 2019/4587/4036 4770/2250/4037 2016/4584/4029 1066/1066/4028
f 891/891/3318 1673/4241/3343 4771/2251/4038 2017/4585/4031
f 1673/4241/3343 898/898/3340 2021/4589/4039 4771/2251/4038
f 4771/2251/4038 2021/4589/4039 1068/1068/4040 2022/4590/4041
f 2017/4585/4031 4771/2251/4038 2022/4590/4041 1067/1067/4032
f 898/898/3340 1670/4238/3339 4772/2252/4042 2021/4589/4039
f 1670/4238/3339 897/897/3338 2023/4591/4043 4772/2252/4042
f 4772/2252/4042 2023/4591/4043 1069/1069/4044 2024/4592/4045
f 2021/4589/4039 4772/2252/4042 2024/4592/4045 1068/1068/4040
f 821/821/3087 1548/4116/3090 4773/2253/4046 2026/4594/4047
f 1548/4116/3090 824/824/3095 2025/4593/4048 4773/2253/4046
f 4773/2253/4046 2025/4593/4048 1068/1068/4040 2024/4592/4045
f 2026/4594/4047 4773/2253/4046 2024/4592/4045 1069/1069/4044
f 824/824/3095 1554/4122/3106 4774/2254/4049 2025/4593/4048
f 1554/4122/3106 815/815/3067 2020/4588/4035 4774/2254/4049
f 4774/2254/4049 2020/4588/4035 1067/1067/4032 2022/4590/4041
f 2025/4593/4048 4774/2254/4049 2022/4590/4041 1068/1068/4040
f 897/897/3338 1683/4251/3363 4775/2255/4050 2023/4591/4043
f 1683/4251/3363 904/904/3360 2027/4595/4051 4775/2255/4050
f 4775/2255/4050 2027/4595/4051 1070/1070/4052 2028/4596/4053
f 2023/4591/4043 4775/2255/4050 2028/4596/4053 1069/1069/4044
f 904/904/3360 1680/4248/3359 4776/2256/4054 2027/4595/4051
f 1680/4248/3359 903/903/3358 2029/4597/4055 4776/2256/4054
f 4776/2256/4054 2029/4597/4055 1071/1071/4056 2030/4598/4057
f 2027/4595/4051 4776/2256/4054 2030/4598/4057 1070/1070/4052
f 827/827/3107 1558/4126/3110 4777/2257/4058 2032/4600/4059
f 1558/4126/3110 830/830/3115 2031/4599/4060 4777/2257/4058
f 4777/2257/4058 2031/4599/4060 1070/1070/4052 2030/4598/4057
f 2032/4600/4059 4777/2257/4058 2030/4598/4057 1071/1071/4056
f 830/830/3115 1564/4132/3126 4778/2258/4061 2031/4599/4060
f 1564/4132/3126 821/821/3087 2026/4594/4047 4778/2258/4061
f 4778/2258/4061 2026/4594/4047 1069/1069/4044 2028/4596/4053
f 2031/4599/4060 4778/2258/4061 2028/4596/4053 1070/1070/4052
f 903/903/3358 1693/4261/3383 4779/2259/4062 2029/4597/4055
f 1693/4261/3383 910/910/3380 2033/4601/4063 4779/2259/4062
f 4779/2259/4062 2033/4601/4063 1072/1072/4064 2034/4602/4065
f 2029/4597/4055 4779/2259/4062 2034/4602/4065 1071/1071/4056
f 910/910/3380 1690/4258/3379 4780/2260/4066 2033/4601/4063
f 1690/4258/3379 909/909/3378 2035/4603/4067 4780/2260/4066
f 4780/2260/4066 2035/4603/4067 1073/1073/4068 2036/4604/4069
f 2033/4601/4063 4780/2260/4066 2036/4604/4069 1072/1072/4064
f 833/833/3127 1568/4136/3130 4781/2261/4070 2038/4606/4071
f 1568/4136/3130 836/836/3135 2037/4605/4072 4781/2261/4070
f 4781/2261/4070 2037/4605/4072 1072/1072/4064 2036/4604/4069
f 2038/4606/4071 4781/2261/4070 2036/4604/4069 1073/1073/4068
f 836/836/3135 1574/4142/3146 4782/2262/4073 2037/4605/4072
f 1574/4142/3146 827/827/3107 2032/4600/4059 4782/2262/4073
f 4782/2262/4073 2032/4600/4059 1071/1071/4056 2034/4602/4065
f 2037/4605/4072 4782/2262/4073 2034/4602/4065 1072/1072/4064
f 909/909/3378 1703/4271/3403 4783/2263/4074 2035/4603/4067
f 1703/4271/3403 916/916/3400 2039/4607/4075 4783/2263/4074
f 4783/2263/4074 2039/4607/4075 1074/1074/4076 2040/4608/4077
f 2035/4603/4067 4783/2263/4074 2040/4608/4077 1073/1073/4068
f 916/916/3400 1700/4268/3399 4784/2264/4078 2039/4607/4075
f 1700/4268/3399 915/915/3398 2041/4609/4079 4784/2264/4078
f 4784/2264/4078 2041/4609/4079 1075/1075/4080 2042/4610/4081
f 2039/4607/4075 4784/2264/4078 2042/4610/4081 1074/1074/4076
f 839/839/3147 1578/4146/3150 4785/2265/4082 2044/4612/4083
f 1578/4146/3150 842/842/3155 2043/4611/4084 4785/2265/4082
f 4785/2265/4082 2043/4611/4084 1074/1074/4076 2042/4610/4081
f 2044/4612/4083 4785/2265/4082 2042/4610/4081 1075/1075/4080
f 842/842/3155 1584/4152/3166 4786/2266/4085 2043/4611/4084
f 1584/4152/3166 833/833/3127 2038/4606/4071 4786/2266/4085
f 4786/2266/4085 2038/4606/4071 1073/1073/4068 2040/4608/4077
f 2043/4611/4084 4786/2266/4085 2040/4608/4077 1074/1074/4076
f 915/915/3398 1713/4281/3423 4787/2267/4086 2041/4609/4079
f 1713/4281/3423 922/922/3420 2045/4613/4087 4787/2267/4086
f 4787/2267/4086 2045/4613/4087 1076/1076/4088 2046/4614/4089
f 2041/4609/4079 4787/2267/4086 2046/4614/4089 1075/1075/4080
f 922/922/3420 1710/4278/3419 4788/2268/4090 2045/4613/4087
f 1710/4278/3419 921/921/3418 2047/4615/4091 4788/2268/4090
f 4788/2268/4090 2047/4615/4091 1077/1077/4092 2048/4616/4093
f 2045/4613/4087 4788/2268/4090 2048/4616/4093 1076/1076/4088
f 845/845/3167 1588/4156/3170 4789/2269/4094 2050/4618/4095
f 1588/4156/3170 848/848/3175 2049/4617/4096 4789/2269/4094
f 4789/2269/4094 2049/4617/4096 1076/1076/4088 2048/4616/4093
f 2050/4618/4095 4789/2269/4094 2048/4616/4093 1077/1077/4092
f 848/848/3175 1594/4162/3186 4790/2270/4097 2049/4617/4096
f 1594/4162/3186 839/839/3147 2044/4612/4083 4790/2270/4097
f 4790/2270/4097 2044/4612/4083 1075/1075/4080 2046/4614/4089
f 2049/4617/4096 4790/2270/4097 2046/4614/4089 1076/1076/4088
f 921/921/3418 1723/4291/3443 4791/2271/4098 2047/4615/4091
f 1723/4291/3443 928/928/3440 2051/4619/4099 4791/2271/4098
f 4791/2271/4098 2051/4619/4099 1078/1078/4100 2052/4620/4101
f 2047/4615/4091 4791/2271/4098 2052/4620/4101 1077/1077/4092
f 928/928/3440 1720/4288/3439 4792/2272/4102 2051/4619/4099
f 1720/4288/3439 927/927/3438 2053/4621/4103 4792/2272/4102
f 4792/2272/4102 2053/4621/4103 1079/1079/4104 2054/4622/4105
f 2051/4619/4099 4792/2272/4102 2054/4622/4105 1078/1078/4100
f 851/851/3187 1598/4166/3190 4793/2273/4106 2056/4624/4107
f 1598/4166/3190 854/854/3195 2055/4623/4108 4793/2273/4106
f 4793/2273/4106 2055/4623/4108 1078/1078/4100 2054/4622/4105
f 2056/4624/4107 4793/2273/4106 2054/4622/4105 1079/1079/4104
f 854/854/3195 1604/4172/3206 4794/2274/4109 2055/4623/4108
f 1604/4172/3206 845/845/3167 2050/4618/4095 4794/2274/4109
f 4794/2274/4109 2050/4618/4095 1077/1077/4092 2052/4620/4101
f 2055/4623/4108 4794/2274/4109 2052/4620/4101 1078/1078/4100
f 927/927/3438 1733/4301/3463 4795/2275/4110 2053/4621/4103
f 1733/4301/3463 934/934/3460 2057/4625/4111 4795/2275/4110
f 4795/2275/4110 2057/4625/4111 1080/1080/4112 2058/4626/4113
f 2053/4621/4103 4795/2275/4110 2058/4626/4113 1079/1079/4104
f 934/934/3460 1730/4298/3459 4796/2276/4114 2057/4625/4111
f 1730/4298/3459 933/933/3458 2059/4627/4115 4796/2276/4114
f 4796/2276/4114 2059/4627/4115 1081/1081/4116 2060/4628/4117
f 2057/4625/4111 4796/2276/4114 2060/4628/4117 1080/1080/4112
f 857/857/3207 1608/4176/3210 4797/2277/4118 2062/4630/4119
f 1608/4176/3210 860/860/3215 2061/4629/4120 4797/2277/4118
f 4797/2277/4118 2061/4629/4120 1080/1080/4112 2060/4628/4117
f 2062/4630/4119 4797/2277/4118 2060/4628/4117 1081/1081/4116
f 860/860/3215 1614/4182/3226 4798/2278/4121 2061/4629/4120
f 1614/4182/3226 851/851/3187 2056/4624/4107 4798/2278/4121
f 4798/2278/4121 2056/4624/4107 1079/1079/4104 2058/4626/4113
f 2061/4629/4120 4798/2278/4121 2058/4626/4113 1080/1080/4112
f 933/933/3458 1741/4309/3478 4799/2279/4122 2059/4627/4115
f 1741/4309/3478 937/937/3475 2063/4631/4123 4799/2279/4122
f 4799/2279/4122 2063/4631/4123 1082/1082/4124 2064/4632/4125
f 2059/4627/4115 4799/2279/4122 2064/4632/4125 1081/1081/4116
f 937/937/3475 1738/4306/3474 4800/2280/4126 2063/4631/4123
f 1738/4306/3474 872/872/3257 1997/4565/3988 4800/2280/4126
f 4800/2280/4126 1997/4565/3988 1060/1060/3992 2065/4633/4127
f 2063/4631/4123 4800/2280/4126 2065/4633/4127 1082/1082/4124
f 802/802/3025 1617/4185/3228 4801/2281/4128 2002/4570/4001
f 1617/4185/3228 864/864/3232 2066/4634/4129 4801/2281/4128
f 4801/2281/4128 2066/4634/4129 1082/1082/4124 2065/4633/4127
f 2002/4570/4001 4801/2281/4128 2065/4633/4127 1060/1060/3992
f 864/864/3232 1622/4190/3241 4802/2282/4130 2066/4634/4129
f 1622/4190/3241 857/857/3207 2062/4630/4119 4802/2282/4130
f 4802/2282/4130 2062/4630/4119 1081/1081/4116 2064/4632/4125
f 2066/4634/4129 4802/2282/4130 2064/4632/4125 1082/1082/4124
f 991/991/3663 1835/4403/3666 4803/2283/4131 2069/4637/4132
f 1835/4403/3666 990/990/3661 2067/4635/4133 4803/2283/4131
f 4803/2283/4131 2067/4635/4133 1083/1083/4134 2068/4636/4135
f 2069/4637/4132 4803/2283/4131 2068/4636/4135 1084/1084/4136
f 990/990/3661 1831/4399/3660 4804/2284/4137 2067/4635/4133
f 1831/4399/3660 989/989/3659 2070/4638/4138 4804/2284/4137
f 4804/2284/4137 2070/4638/4138 1085/1085/4139 2071/4639/4140
f 2067/4635/4133 4804/2284/4137 2071/4639/4140 1083/1083/4134
f 866/866/3242 1626/4194/3245 4805/2285/4141 2073/4641/4142
f 1626/4194/3245 869/869/3250 2072/4640/4143 4805/2285/4141
f 4805/2285/4141 2072/4640/4143 1083/1083/4134 2071/4639/4140
f 2073/4641/4142 4805/2285/4141 2071/4639/4140 1085/1085/4139
f 869/869/3250 1634/4202/3266 4806/2286/4144 2072/4640/4143
f 1634/4202/3266 874/874/3265 2074/4642/4145 4806/2286/4144
f 4806/2286/4144 2074/4642/4145 1084/1084/4136 2068/4636/4135
f 2072/4640/4143 4806/2286/4144 2068/4636/4135 1083/1083/4134
f 989/989/3659 1844/4412/3684 4807/2287/4146 2070/4638/4138
f 1844/4412/3684 996/996/3681 2075/4643/4147 4807/2287/4146
f 4807/2287/4146 2075/4643/4147 1086/1086/4148 2076/4644/4149
f 2070/4638/4138 4807/2287/4146 2076/4644/4149 1085/1085/4139
f 996/996/3681 1841/4409/3680 4808/2288/4150 2075/4643/4147
f 1841/4409/3680 995/995/3679 2077/4645/4151 4808/2288/4150
f 4808/2288/4150 2077/4645/4151 1087/1087/4152 2078/4646/4153
f 2075/4643/4147 4808/2288/4150 2078/4646/4153 1086/1086/4148
f 875/875/3267 1638/4206/3270 4809/2289/4154 2080/4648/4155
f 1638/4206/3270 878/878/3275 2079/4647/4156 4809/2289/4154
f 4809/2289/4154 2079/4647/4156 1086/1086/4148 2078/4646/4153
f 2080/4648/4155 4809/2289/4154 2078/4646/4153 1087/1087/4152
f 878/878/3275 1644/4212/3286 4810/2290/4157 2079/4647/4156
f 1644/4212/3286 866/866/3242 2073/4641/4142 4810/2290/4157
f 4810/2290/4157 2073/4641/4142 1085/1085/4139 2076/4644/4149
f 2079/4647/4156 4810/2290/4157 2076/4644/4149 1086/1086/4148
f 995/995/3679 1852/4420/3700 4811/2291/4158 2077/4645/4151
f 1852/4420/3700 1000/1000/3697 2081/4649/4159 4811/2291/4158
f 4811/2291/4158 2081/4649/4159 1088/1088/4160 2082/4650/4161
f 2077/4645/4151 4811/2291/4158 2082/4650/4161 1087/1087/4152
f 1000/1000/3697 1849/4417/3696 4812/2292/4162 2081/4649/4159
f 1849/4417/3696 999/999/3695 2083/4651/4163 4812/2292/4162
f 4812/2292/4162 2083/4651/4163 1089/1089/4164 2084/4652/4165
f 2081/4649/4159 4812/2292/4162 2084/4652/4165 1088/1088/4160
f 881/881/3287 1648/4216/3290 4813/2293/4166 2086/4654/4167
f 1648/4216/3290 884/884/3295 2085/4653/4168 4813/2293/4166
f 4813/2293/4166 2085/4653/4168 1088/1088/4160 2084/4652/4165
f 2086/4654/4167 4813/2293/4166 2084/4652/4165 1089/1089/4164
f 884/884/3295 1654/4222/3306 4814/2294/4169 2085/4653/4168
f 1654/4222/3306 875/875/3267 2080/4648/4155 4814/2294/4169
f 4814/2294/4169 2080/4648/4155 1087/1087/4152 2082/4650/4161
f 2085/4653/4168 4814/2294/4169 2082/4650/4161 1088/1088/4160
f 999/999/3695 1860/4428/3716 4815/2295/4170 2083/4651/4163
f 1860/4428/3716 1004/1004/3713 2087/4655/4171 4815/2295/4170
f 4815/2295/4170 2087/4655/4171 1090/1090/4172 2088/4656/4173
f 2083/4651/4163 4815/2295/4170 2088/4656/4173 1089/1089/4164
f 1004/1004/3713 1857/4425/3712 4816/2296/4174 2087/4655/4171
f 1857/4425/3712 1003/1003/3711 2089/4657/4175 4816/2296/4174
f 4816/2296/4174 2089/4657/4175 1091/1091/4176 2090/4658/4177
f 2087/4655/4171 4816/2296/4174 2090/4658/4177 1090/1090/4172
f 887/887/3307 1658/4226/3310 4817/2297/4178 2092/4660/4179
f 1658/4226/3310 890/890/3315 2091/4659/4180 4817/2297/4178
f 4817/2297/4178 2091/4659/4180 1090/1090/4172 2090/4658/4177
f 2092/4660/4179 4817/2297/4178 2090/4658/4177 1091/1091/4176
f 890/890/3315 1664/4232/3326 4818/2298/4181 2091/4659/4180
f 1664/4232/3326 881/881/3287 2086/4654/4167 4818/2298/4181
f 4818/2298/4181 2086/4654/4167 1089/1089/4164 2088/4656/4173
f 2091/4659/4180 4818/2298/4181 2088/4656/4173 1090/1090/4172
f 1003/1003/3711 1868/4436/3732 4819/2299/4182 2089/4657/4175
f 1868/4436/3732 1008/1008/3729 2093/4661/4183 4819/2299/4182
f 4819/2299/4182 2093/4661/4183 1092/1092/4184 2094/4662/4185
f 2089/4657/4175 4819/2299/4182 2094/4662/4185 1091/1091/4176
f 1008/1008/3729 1865/4433/3728 4820/2300/4186 2093/4661/4183
f 1865/4433/3728 1007/1007/3727 2095/4663/4187 4820/2300/4186
f 4820/2300/4186 2095/4663/4187 1093/1093/4188 2096/4664/4189
f 2093/4661/4183 4820/2300/4186 2096/4664/4189 1092/1092/4184
f 893/893/3327 1668/4236/3330 4821/2301/4190 2098/4666/4191
f 1668/4236/3330 896/896/3335 2097/4665/4192 4821/2301/4190
f 4821/2301/4190 2097/4665/4192 1092/1092/4184 2096/4664/4189
f 2098/4666/4191 4821/2301/4190 2096/4664/4189 1093/1093/4188
f 896/896/3335 1674/4242/3346 4822/2302/4193 2097/4665/4192
f 1674/4242/3346 887/887/3307 2092/4660/4179 4822/2302/4193
f 4822/2302/4193 2092/4660/4179 1091/1091/4176 2094/4662/4185
f 2097/4665/4192 4822/2302/4193 2094/4662/4185 1092/1092/4184
f 1007/1007/3727 1876/4444/3748 4823/2303/4194 2095/4663/4187
f 1876/4444/3748 1012/1012/3745 2099/4667/4195 4823/2303/4194
f 4823/2303/4194 2099/4667/4195 1094/1094/4196 2100/4668/4197
f 2095/4663/4187 4823/2303/4194 2100/4668/4197 1093/1093/4188
f 1012/1012/3745 1873/4441/3744 4824/2304/4198 2099/4667/4195
f 1873/4441/3744 1011/1011/3743 2101/4669/4199 4824/2304/4198
f 4824/2304/4198 2101/4669/4199 1095/1095/4200 2102/4670/4201
f 2099/4667/4195 4824/2304/4198 2102/4670/4201 1094/1094/4196
f 899/899/3347 1678/4246/3350 4825/2305/4202 2104/4672/4203
f 1678/4246/3350 902/902/3355 2103/4671/4204 4825/2305/4202
f 4825/2305/4202 2103/4671/4204 1094/1094/4196 2102/4670/4201
f 2104/4672/4203 4825/2305/4202 2102/4670/4201 1095/1095/4200
f 902/902/3355 1684/4252/3366 4826/2306/4205 2103/4671/4204
f 1684/4252/3366 893/893/3327 2098/4666/4191 4826/2306/4205
f 4826/2306/4205 2098/4666/4191 1093/1093/4188 2100/4668/4197
f 2103/4671/4204 4826/2306/4205 2100/4668/4197 1094/1094/4196
f 1011/1011/3743 1884/4452/3764 4827/2307/4206 2101/4669/4199
f 1884/4452/3764 1016/1016/3761 2105/4673/4207 4827/2307/4206
f 4827/2307/4206 2105/4673/4207 1096/1096/4208 2106/4674/4209
f 2101/4669/4199 4827/2307/4206 2106/4674/4209 1095/1095/4200
f 1016/1016/3761 1881/4449/3760 4828/2308/4210 2105/4673/4207
f 1881/4449/3760 1015/1015/3759 2107/4675/4211 4828/2308/4210
f 4828/2308/4210 2107/4675/4211 1097/1097/4212 2108/4676/4213
f 2105/4673/4207 4828/2308/4210 2108/4676/4213 1096/1096/4208
f 905/905/3367 1688/4256/3370 4829/2309/4214 2110/4678/4215
f 1688/4256/3370 908/908/3375 2109/4677/4216 4829/2309/4214
f 4829/2309/4214 2109/4677/4216 1096/1096/4208 2108/4676/4213
f 2110/4678/4215 4829/2309/4214 2108/4676/4213 1097/1097/4212
f 908/908/3375 1694/4262/3386 4830/2310/4217 2109/4677/4216
f 1694/4262/3386 899/899/3347 2104/4672/4203 4830/2310/4217
f 4830/2310/4217 2104/4672/4203 1095/1095/4200 2106/4674/4209
f 2109/4677/4216 4830/2310/4217 2106/4674/4209 1096/1096/4208
f 1015/1015/3759 1892/4460/3780 4831/2311/4218 2107/4675/4211
f 1892/4460/3780 1020/1020/3777 2111/4679/4219 4831/2311/4218
f 4831/2311/4218 2111/4679/4219 1098/1098/4220 2112/4680/4221
f 2107/4675/4211 4831/2311/4218 2112/4680/4221 1097/1097/4212
f 1020/1020/3777 1889/4457/3776 4832/2312/4222 2111/4679/4219
f 1889/4457/3776 1019/1019/3775 2113/4681/4223 4832/2312/4222
f 4832/2312/4222 2113/4681/4223 1099/1099/4224 2114/4682/4225
f 2111/4679/4219 4832/2312/4222 2114/4682/4225 1098/1098/4220
f 911/911/3387 1698/4266/3390 4833/2313/4226 2116/4684/4227
f 1698/4266/3390 914/914/3395 2115/4683/4228 4833/2313/4226
f 4833/2313/4226 2115/4683/4228 1098/1098/4220 2114/4682/4225
f 2116/4684/4227 4833/2313/4226 2114/4682/4225 1099/1099/4224
f 914/914/3395 1704/4272/3406 4834/2314/4229 2115/4683/4228
f 1704/4272/3406 905/905/3367 2110/4678/4215 4834/2314/4229
f 4834/2314/4229 2110/4678/4215 1097/1097/4212 2112/4680/4221
f 2115/4683/4228 4834/2314/4229 2112/4680/4221 1098/1098/4220
f 1019/1019/3775 1900/4468/3796 4835/2315/4230 2113/4681/4223
f 1900/4468/3796 1024/1024/3793 2117/4685/4231 4835/2315/4230
f 4835/2315/4230 2117/4685/4231 1100/1100/4232 2118/4686/4233
f 2113/4681/4223 4835/2315/4230 2118/4686/4233 1099/1099/4224
f 1024/1024/3793 1897/4465/3792 4836/2316/4234 2117/4685/4231
f 1897/4465/3792 1023/1023/3791 2119/4687/4235 4836/2316/4234
f 4836/2316/4234 2119/4687/4235 1101/1101/4236 2120/4688/4237
f 2117/4685/4231 4836/2316/4234 2120/4688/4237 1100/1100/4232
f 917/917/3407 1708/4276/3410 4837/2317/4238 2122/4690/4239
f 1708/4276/3410 920/920/3415 2121/4689/4240 4837/2317/4238
f 4837/2317/4238 2121/4689/4240 1100/1100/4232 2120/4688/4237
f 2122/4690/4239 4837/2317/4238 2120/4688/4237 1101/1101/4236
f 920/920/3415 1714/4282/3426 4838/2318/4241 2121/4689/4240
f 1714/4282/3426 911/911/3387 2116/4684/4227 4838/2318/4241
f 4838/2318/4241 2116/4684/4227 1099/1099/4224 2118/4686/4233
f 2121/4689/4240 4838/2318/4241 2118/4686/4233 1100/1100/4232
f 1023/1023/3791 1908/4476/3812 4839/2319/4242 2119/4687/4235
f 1908/4476/3812 1028/1028/3809 2123/4691/4243 4839/2319/4242
f 4839/2319/4242 2123/4691/4243 1102/1102/4244 2124/4692/4245
f 2119/4687/4235 4839/2319/4242 2124/4692/4245 1101/1101/4236
f 1028/1028/3809 1905/4473/3808 4840/2320/4246 2123/4691/4243
f 1905/4473/3808 1027/1027/3807 2125/4693/4247 4840/2320/4246
f 4840/2320/4246 2125/4693/4247 1103/1103/4248 2126/4694/4249
f 2123/4691/4243 4840/2320/4246 2126/4694/4249 1102/1102/4244
f 923/923/3427 1718/4286/3430 4841/2321/4250 2128/4696/4251
f 1718/4286/3430 926/926/3435 2127/4695/4252 4841/2321/4250
f 4841/2321/4250 2127/4695/4252 1102/1102/4244 2126/4694/4249
f 2128/4696/4251 4841/2321/4250 2126/4694/4249 1103/1103/4248
f 926/926/3435 1724/4292/3446 4842/2322/4253 2127/4695/4252
f 1724/4292/3446 917/917/3407 2122/4690/4239 4842/2322/4253
f 4842/2322/4253 2122/4690/4239 1101/1101/4236 2124/4692/4245
f 2127/4695/4252 4842/2322/4253 2124/4692/4245 1102/1102/4244
f 1027/1027/3807 1916/4484/3828 4843/2323/4254 2125/4693/4247
f 1916/4484/3828 1032/1032/3825 2129/4697/4255 4843/2323/4254
f 4843/2323/4254 2129/4697/4255 1104/1104/4256 2130/4698/4257
f 2125/4693/4247 4843/2323/4254 2130/4698/4257 1103/1103/4248
f 1032/1032/3825 1913/4481/3824 4844/2324/4258 2129/4697/4255
f 1913/4481/3824 1031/1031/3823 2131/4699/4259 4844/2324/4258
f 4844/2324/4258 2131/4699/4259 1105/1105/4260 2132/4700/4261
f 2129/4697/4255 4844/2324/4258 2132/4700/4261 1104/1104/4256
f 929/929/3447 1728/4296/3450 4845/2325/4262 2134/4702/4263
f 1728/4296/3450 932/932/3455 2133/4701/4264 4845/2325/4262
f 4845/2325/4262 2133/4701/4264 1104/1104/4256 2132/4700/4261
f 2134/4702/4263 4845/2325/4262 2132/4700/4261 1105/1105/4260
f 932/932/3455 1734/4302/3466 4846/2326/4265 2133/4701/4264
f 1734/4302/3466 923/923/3427 2128/4696/4251 4846/2326/4265
f 4846/2326/4265 2128/4696/4251 1103/1103/4248 2130/4698/4257
f 2133/4701/4264 4846/2326/4265 2130/4698/4257 1104/1104/4256
f 1031/1031/3823 1922/4490/3840 4847/2327/4266 2131/4699/4259
f 1922/4490/3840 1034/1034/3837 2135/4703/4267 4847/2327/4266
f 4847/2327/4266 2135/4703/4267 1106/1106/4268 2136/4704/4269
f 2131/4699/4259 4847/2327/4266 2136/4704/4269 1105/1105/4260
f 1034/1034/3837 1919/4487/3836 4848/2328/4270 2135/4703/4267
f 1919/4487/3836 991/991/3663 2069/4637/4132 4848/2328/4270
f 4848/2328/4270 2069/4637/4132 1084/1084/4136 2137/4705/4271
f 2135/4703/4267 4848/2328/4270 2137/4705/4271 1106/1106/4268
f 874/874/3265 1737/4305/3468 4849/2329/4272 2074/4642/4145
f 1737/4305/3468 936/936/3472 2138/4706/4273 4849/2329/4272
f 4849/2329/4272 2138/4706/4273 1106/1106/4268 2137/4705/4271
f 2074/4642/4145 4849/2329/4272 2137/4705/4271 1084/1084/4136
f 936/936/3472 1742/4310/3481 4850/2330/4274 2138/4706/4273
f 1742/4310/3481 929/929/3447 2134/4702/4263 4850/2330/4274
f 4850/2330/4274 2134/4702/4263 1105/1105/4260 2136/4704/4269
f 2138/4706/4273 4850/2330/4274 2136/4704/4269 1106/1106/4268
f 656/656/2537 3816/3840/2540 4851/2331/4275 2141/4709/4276
f 3816/3840/2540 655/655/2535 2139/4707/4277 4851/2331/4275
f 4851/2331/4275 2139/4707/4277 1107/1107/4278 2140/4708/4279
f 2141/4709/4276 4851/2331/4275 2140/4708/4279 1108/1108/4280
f 655/655/2535 3812/3836/2534 4852/2332/4281 2139/4707/4277
f 3812/3836/2534 654/654/2533 2142/4710/4282 4852/2332/4281
f 4852/2332/4281 2142/4710/4282 1109/1109/4283 2143/4711/4284
f 2139/4707/4277 4852/2332/4281 2143/4711/4284 1107/1107/4278
f 578/578/2282 3690/3714/2285 4853/2333/4285 2145/4713/4286
f 3690/3714/2285 581/581/2290 2144/4712/4287 4853/2333/4285
f 4853/2333/4285 2144/4712/4287 1107/1107/4278 2143/4711/4284
f 2145/4713/4286 4853/2333/4285 2143/4711/4284 1109/1109/4283
f 581/581/2290 3698/3722/2306 4854/2334/4288 2144/4712/4287
f 3698/3722/2306 586/586/2305 2146/4714/4289 4854/2334/4288
f 4854/2334/4288 2146/4714/4289 1108/1108/4280 2140/4708/4279
f 2144/4712/4287 4854/2334/4288 2140/4708/4279 1107/1107/4278
f 654/654/2533 1283/3851/2563 4855/2335/4290 2142/4710/4282
f 1283/3851/2563 664/664/2560 2147/4715/4291 4855/2335/4290
f 4855/2335/4290 2147/4715/4291 1110/1110/4292 2148/4716/4293
f 2142/4710/4282 4855/2335/4290 2148/4716/4293 1109/1109/4283
f 664/664/2560 1280/3848/2559 4856/2336/4294 2147/4715/4291
f 1280/3848/2559 663/663/2558 2149/4717/4295 4856/2336/4294
f 4856/2336/4294 2149/4717/4295 1111/1111/4296 2150/4718/4297
f 2147/4715/4291 4856/2336/4294 2150/4718/4297 1110/1110/4292
f 587/587/2307 3702/3726/2310 4857/2337/4298 2152/4720/4299
f 3702/3726/2310 590/590/2315 2151/4719/4300 4857/2337/4298
f 4857/2337/4298 2151/4719/4300 1110/1110/4292 2150/4718/4297
f 2152/4720/4299 4857/2337/4298 2150/4718/4297 1111/1111/4296
f 590/590/2315 3708/3732/2326 4858/2338/4301 2151/4719/4300
f 3708/3732/2326 578/578/2282 2145/4713/4286 4858/2338/4301
f 4858/2338/4301 2145/4713/4286 1109/1109/4283 2148/4716/4293
f 2151/4719/4300 4858/2338/4301 2148/4716/4293 1110/1110/4292
f 663/663/2558 1293/3861/2583 4859/2339/4302 2149/4717/4295
f 1293/3861/2583 670/670/2580 2153/4721/4303 4859/2339/4302
f 4859/2339/4302 2153/4721/4303 1112/1112/4304 2154/4722/4305
f 2149/4717/4295 4859/2339/4302 2154/4722/4305 1111/1111/4296
f 670/670/2580 1290/3858/2579 4860/2340/4306 2153/4721/4303
f 1290/3858/2579 669/669/2578 2155/4723/4307 4860/2340/4306
f 4860/2340/4306 2155/4723/4307 1113/1113/4308 2156/4724/4309
f 2153/4721/4303 4860/2340/4306 2156/4724/4309 1112/1112/4304
f 593/593/2327 3712/3736/2330 4861/2341/4310 2158/4726/4311
f 3712/3736/2330 596/596/2335 2157/4725/4312 4861/2341/4310
f 4861/2341/4310 2157/4725/4312 1112/1112/4304 2156/4724/4309
f 2158/4726/4311 4861/2341/4310 2156/4724/4309 1113/1113/4308
f 596/596/2335 3718/3742/2346 4862/2342/4313 2157/4725/4312
f 3718/3742/2346 587/587/2307 2152/4720/4299 4862/2342/4313
f 4862/2342/4313 2152/4720/4299 1111/1111/4296 2154/4722/4305
f 2157/4725/4312 4862/2342/4313 2154/4722/4305 1112/1112/4304
f 669/669/2578 1303/3871/2603 4863/2343/4314 2155/4723/4307
f 1303/3871/2603 676/676/2600 2159/4727/4315 4863/2343/4314
f 4863/2343/4314 2159/4727/4315 1114/1114/4316 2160/4728/4317
f 2155/4723/4307 4863/2343/4314 2160/4728/4317 1113/1113/4308
f 676/676/2600 1300/3868/2599 4864/2344/4318 2159/4727/4315
f 1300/3868/2599 675/675/2598 2161/4729/4319 4864/2344/4318
f 4864/2344/4318 2161/4729/4319 1115/1115/4320 2162/4730/4321
f 2159/4727/4315 4864/2344/4318 2162/4730/4321 1114/1114/4316
f 599/599/2347 3722/3746/2350 4865/2345/4322 2164/4732/4323
f 3722/3746/2350 602/602/2355 2163/4731/4324 4865/2345/4322
f 4865/2345/4322 2163/4731/4324 1114/1114/4316 2162/4730/4321
f 2164/4732/4323 4865/2345/4322 2162/4730/4321 1115/1115/4320
f 602/602/2355 3728/3752/2366 4866/2346/4325 2163/4731/4324
f 3728/3752/2366 593/593/2327 2158/4726/4311 4866/2346/4325
f 4866/2346/4325 2158/4726/4311 1113/1113/4308 2160/4728/4317
f 2163/4731/4324 4866/2346/4325 2160/4728/4317 1114/1114/4316
f 675/675/2598 1313/3881/2623 4867/2347/4326 2161/4729/4319
f 1313/3881/2623 682/682/2620 2165/4733/4327 4867/2347/4326
f 4867/2347/4326 2165/4733/4327 1116/1116/4328 2166/4734/4329
f 2161/4729/4319 4867/2347/4326 2166/4734/4329 1115/1115/4320
f 682/682/2620 1310/3878/2619 4868/2348/4330 2165/4733/4327
f 1310/3878/2619 681/681/2618 2167/4735/4331 4868/2348/4330
f 4868/2348/4330 2167/4735/4331 1117/1117/4332 2168/4736/4333
f 2165/4733/4327 4868/2348/4330 2168/4736/4333 1116/1116/4328
f 605/605/2367 3732/3756/2370 4869/2349/4334 2170/4738/4335
f 3732/3756/2370 608/608/2375 2169/4737/4336 4869/2349/4334
f 4869/2349/4334 2169/4737/4336 1116/1116/4328 2168/4736/4333
f 2170/4738/4335 4869/2349/4334 2168/4736/4333 1117/1117/4332
f 608/608/2375 3738/3762/2386 4870/2350/4337 2169/4737/4336
f 3738/3762/2386 599/599/2347 2164/4732/4323 4870/2350/4337
f 4870/2350/4337 2164/4732/4323 1115/1115/4320 2166/4734/4329
f 2169/4737/4336 4870/2350/4337 2166/4734/4329 1116/1116/4328
f 681/681/2618 1323/3891/2643 4871/2351/4338 2167/4735/4331
f 1323/3891/2643 688/688/2640 2171/4739/4339 4871/2351/4338
f 4871/2351/4338 2171/4739/4339 1118/1118/4340 2172/4740/4341
f 2167/4735/4331 4871/2351/4338 2172/4740/4341 1117/1117/4332
f 688/688/2640 1320/3888/2639 4872/2352/4342 2171/4739/4339
f 1320/3888/2639 687/687/2638 2173/4741/4343 4872/2352/4342
f 4872/2352/4342 2173/4741/4343 1119/1119/4344 2174/4742/4345
f 2171/4739/4339 4872/2352/4342 2174/4742/4345 1118/1118/4340
f 611/611/2387 3742/3766/2390 4873/2353/4346 2176/4744/4347
f 3742/3766/2390 614/614/2395 2175/4743/4348 4873/2353/4346
f 4873/2353/4346 2175/4743/4348 1118/1118/4340 2174/4742/4345
f 2176/4744/4347 4873/2353/4346 2174/4742/4345 1119/1119/4344
f 614/614/2395 3748/3772/2406 4874/2354/4349 2175/4743/4348
f 3748/3772/2406 605/605/2367 2170/4738/4335 4874/2354/4349
f 4874/2354/4349 2170/4738/4335 1117/1117/4332 2172/4740/4341
f 2175/4743/4348 4874/2354/4349 2172/4740/4341 1118/1118/4340
f 687/687/2638 1333/3901/2663 4875/2355/4350 2173/4741/4343
f 1333/3901/2663 694/694/2660 2177/4745/4351 4875/2355/4350
f 4875/2355/4350 2177/4745/4351 1120/1120/4352 2178/4746/4353
f 2173/4741/4343 4875/2355/4350 2178/4746/4353 1119/1119/4344
f 694/694/2660 1330/3898/2659 4876/2356/4354 2177/4745/4351
f 1330/3898/2659 693/693/2658 2179/4747/4355 4876/2356/4354
f 4876/2356/4354 2179/4747/4355 1121/1121/4356 2180/4748/4357
f 2177/4745/4351 4876/2356/4354 2180/4748/4357 1120/1120/4352
f 617/617/2407 3752/3776/2410 4877/2357/4358 2182/4750/4359
f 3752/3776/2410 620/620/2415 2181/4749/4360 4877/2357/4358
f 4877/2357/4358 2181/4749/4360 1120/1120/4352 2180/4748/4357
f 2182/4750/4359 4877/2357/4358 2180/4748/4357 1121/1121/4356
f 620/620/2415 3758/3782/2426 4878/2358/4361 2181/4749/4360
f 3758/3782/2426 611/611/2387 2176/4744/4347 4878/2358/4361
f 4878/2358/4361 2176/4744/4347 1119/1119/4344 2178/4746/4353
f 2181/4749/4360 4878/2358/4361 2178/4746/4353 1120/1120/4352
f 693/693/2658 1343/3911/2683 4879/2359/4362 2179/4747/4355
f 1343/3911/2683 700/700/2680 2183/4751/4363 4879/2359/4362
f 4879/2359/4362 2183/4751/4363 1122/1122/4364 2184/4752/4365
f 2179/4747/4355 4879/2359/4362 2184/4752/4365 1121/1121/4356
f 700/700/2680 1340/3908/2679 4880/2360/4366 2183/4751/4363
f 1340/3908/2679 699/699/2678 2185/4753/4367 4880/2360/4366
f 4880/2360/4366 2185/4753/4367 1123/1123/4368 2186/4754/4369
f 2183/4751/4363 4880/2360/4366 2186/4754/4369 1122/1122/4364
f 623/623/2427 3762/3786/2430 4881/2361/4370 2188/4756/4371
f 3762/3786/2430 626/626/2435 2187/4755/4372 4881/2361/4370
f 4881/2361/4370 2187/4755/4372 1122/1122/4364 2186/4754/4369
f 2188/4756/4371 4881/2361/4370 2186/4754/4369 1123/1123/4368
f 626/626/2435 3768/3792/2446 4882/2362/4373 2187/4755/4372
f 3768/3792/2446 617/617/2407 2182/4750/4359 4882/2362/4373
f 4882/2362/4373 2182/4750/4359 1121/1121/4356 2184/4752/4365
f 2187/4755/4372 4882/2362/4373 2184/4752/4365 1122/1122/4364
f 699/699/2678 1353/3921/2703 4883/2363/4374 2185/4753/4367
f 1353/3921/2703 706/706/2700 2189/4757/4375 4883/2363/4374
f 4883/2363/4374 2189/4757/4375 1124/1124/4376 2190/4758/4377
f 2185/4753/4367 4883/2363/4374 2190/4758/4377 1123/1123/4368
f 706/706/2700 1350/3918/2699 4884/2364/4378 2189/4757/4375
f 1350/3918/2699 705/705/2698 2191/4759/4379 4884/2364/4378
f 4884/2364/4378 2191/4759/4379 1125/1125/4380 2192/4760/4381
f 2189/4757/4375 4884/2364/4378 2192/4760/4381 1124/1124/4376
f 629/629/2447 3772/3796/2450 4885/2365/4382 2194/4762/4383
f 3772/3796/2450 632/632/2455 2193/4761/4384 4885/2365/4382
f 4885/2365/4382 2193/4761/4384 1124/1124/4376 2192/4760/4381
f 2194/4762/4383 4885/2365/4382 2192/4760/4381 1125/1125/4380
f 632/632/2455 3778/3802/2466 4886/2366/4385 2193/4761/4384
f 3778/3802/2466 623/623/2427 2188/4756/4371 4886/2366/4385
f 4886/2366/4385 2188/4756/4371 1123/1123/4368 2190/4758/4377
f 2193/4761/4384 4886/2366/4385 2190/4758/4377 1124/1124/4376
f 705/705/2698 1363/3931/2723 4887/2367/4386 2191/4759/4379
f 1363/3931/2723 712/712/2720 2195/4763/4387 4887/2367/4386
f 4887/2367/4386 2195/4763/4387 1126/1126/4388 2196/4764/4389
f 2191/4759/4379 4887/2367/4386 2196/4764/4389 1125/1125/4380
f 712/712/2720 1360/3928/2719 4888/2368/4390 2195/4763/4387
f 1360/3928/2719 711/711/2718 2197/4765/4391 4888/2368/4390
f 4888/2368/4390 2197/4765/4391 1127/1127/4392 2198/4766/4393
f 2195/4763/4387 4888/2368/4390 2198/4766/4393 1126/1126/4388
f 635/635/2467 3782/3806/2470 4889/2369/4394 2200/4768/4395
f 3782/3806/2470 638/638/2475 2199/4767/4396 4889/2369/4394
f 4889/2369/4394 2199/4767/4396 1126/1126/4388 2198/4766/4393
f 2200/4768/4395 4889/2369/4394 2198/4766/4393 1127/1127/4392
f 638/638/2475 3788/3812/2486 4890/2370/4397 2199/4767/4396
f 3788/3812/2486 629/629/2447 2194/4762/4383 4890/2370/4397
f 4890/2370/4397 2194/4762/4383 1125/1125/4380 2196/4764/4389
f 2199/4767/4396 4890/2370/4397 2196/4764/4389 1126/1126/4388
f 711/711/2718 1373/3941/2743 4891/2371/4398 2197/4765/4391
f 1373/3941/2743 718/718/2740 2201/4769/4399 4891/2371/4398
f 4891/2371/4398 2201/4769/4399 1128/1128/4400 2202/4770/4401
f 2197/4765/4391 4891/2371/4398 2202/4770/4401 1127/1127/4392
f 718/718/2740 1370/3938/2739 4892/2372/4402 2201/4769/4399
f 1370/3938/2739 717/717/2738 2203/4771/4403 4892/2372/4402
f 4892/2372/4402 2203/4771/4403 1129/1129/4404 2204/4772/4405
f 2201/4769/4399 4892/2372/4402 2204/4772/4405 1128/1128/4400
f 641/641/2487 3792/3816/2490 4893/2373/4406 2206/4774/4407
f 3792/3816/2490 644/644/2495 2205/4773/4408 4893/2373/4406
f 4893/2373/4406 2205/4773/4408 1128/1128/4400 2204/4772/4405
f 2206/4774/4407 4893/2373/4406 2204/4772/4405 1129/1129/4404
f 644/644/2495 3798/3822/2506 4894/2374/4409 2205/4773/4408
f 3798/3822/2506 635/635/2467 2200/4768/4395 4894/2374/4409
f 4894/2374/4409 2200/4768/4395 1127/1127/4392 2202/4770/4401
f 2205/4773/4408 4894/2374/4409 2202/4770/4401 1128/1128/4400
f 717/717/2738 1381/3949/2758 4895/2375/4410 2203/4771/4403
f 1381/3949/2758 721/721/2755 2207/4775/4411 4895/2375/4410
f 4895/2375/4410 2207/4775/4411 1130/1130/4412 2208/4776/4413
f 2203/4771/4403 4895/2375/4410 2208/4776/4413 1129/1129/4404
f 721/721/2755 1378/3946/2754 4896/2376/4414 2207/4775/4411
f 1378/3946/2754 656/656/2537 2141/4709/4276 4896/2376/4414
f 4896/2376/4414 2141/4709/4276 1108/1108/4280 2209/4777/4415
f 2207/4775/4411 4896/2376/4414 2209/4777/4415 1130/1130/4412
f 586/586/2305 3801/3825/2508 4897/2377/4416 2146/4714/4289
f 3801/3825/2508 648/648/2512 2210/4778/4417 4897/2377/4416
f 4897/2377/4416 2210/4778/4417 1130/1130/4412 2209/4777/4415
f 2146/4714/4289 4897/2377/4416 2209/4777/4415 1108/1108/4280
f 648/648/2512 3806/3830/2521 4898/2378/4418 2210/4778/4417
f 3806/3830/2521 641/641/2487 2206/4774/4407 4898/2378/4418
f 4898/2378/4418 2206/4774/4407 1129/1129/4404 2208/4776/4413
f 2210/4778/4417 4898/2378/4418 2208/4776/4413 1130/1130/4412
f 728/728/2777 1392/3960/2780 4899/2379/4419 2213/4781/4420
f 1392/3960/2780 727/727/2775 2211/4779/4421 4899/2379/4419
f 4899/2379/4419 2211/4779/4421 1131/1131/4422 2212/4780/4423
f 2213/4781/4420 4899/2379/4419 2212/4780/4423 1132/1132/4424
f 727/727/2775 1388/3956/2774 4900/2380/4425 2211/4779/4421
f 1388/3956/2774 726/726/2773 2214/4782/4426 4900/2380/4425
f 4900/2380/4425 2214/4782/4426 1133/1133/4427 2215/4783/4428
f 2211/4779/4421 4900/2380/4425 2215/4783/4428 1131/1131/4422
f 650/650/2522 3810/3834/2525 4901/2381/4429 2217/4785/4430
f 3810/3834/2525 653/653/2530 2216/4784/4431 4901/2381/4429
f 4901/2381/4429 2216/4784/4431 1131/1131/4422 2215/4783/4428
f 2217/4785/4430 4901/2381/4429 2215/4783/4428 1133/1133/4427
f 653/653/2530 3818/3842/2546 4902/2382/4432 2216/4784/4431
f 3818/3842/2546 658/658/2545 2218/4786/4433 4902/2382/4432
f 4902/2382/4432 2218/4786/4433 1132/1132/4424 2212/4780/4423
f 2216/4784/4431 4902/2382/4432 2212/4780/4423 1131/1131/4422
f 726/726/2773 1403/3971/2803 4903/2383/4434 2214/4782/4426
f 1403/3971/2803 736/736/2800 2219/4787/4435 4903/2383/4434
f 4903/2383/4434 2219/4787/4435 1134/1134/4436 2220/4788/4437
f 2214/4782/4426 4903/2383/4434 2220/4788/4437 1133/1133/4427
f 736/736/2800 1400/3968/2799 4904/2384/4438 2219/4787/4435
f 1400/3968/2799 735/735/2798 2221/4789/4439 4904/2384/4438
f 4904/2384/4438 2221/4789/4439 1135/1135/4440 2222/4790/4441
f 2219/4787/4435 4904/2384/4438 2222/4790/4441 1134/1134/4436
f 659/659/2547 1278/3846/2550 4905/2385/4442 2224/4792/4443
f 1278/3846/2550 662/662/2555 2223/4791/4444 4905/2385/4442
f 4905/2385/4442 2223/4791/4444 1134/1134/4436 2222/4790/4441
f 2224/4792/4443 4905/2385/4442 2222/4790/4441 1135/1135/4440
f 662/662/2555 1284/3852/2566 4906/2386/4445 2223/4791/4444
f 1284/3852/2566 650/650/2522 2217/4785/4430 4906/2386/4445
f 4906/2386/4445 2217/4785/4430 1133/1133/4427 2220/4788/4437
f 2223/4791/4444 4906/2386/4445 2220/4788/4437 1134/1134/4436
f 735/735/2798 1413/3981/2823 4907/2387/4446 2221/4789/4439
f 1413/3981/2823 742/742/2820 2225/4793/4447 4907/2387/4446
f 4907/2387/4446 2225/4793/4447 1136/1136/4448 2226/4794/4449
f 2221/4789/4439 4907/2387/4446 2226/4794/4449 1135/1135/4440
f 742/742/2820 1410/3978/2819 4908/2388/4450 2225/4793/4447
f 1410/3978/2819 741/741/2818 2227/4795/4451 4908/2388/4450
f 4908/2388/4450 2227/4795/4451 1137/1137/4452 2228/4796/4453
f 2225/4793/4447 4908/2388/4450 2228/4796/4453 1136/1136/4448
f 665/665/2567 1288/3856/2570 4909/2389/4454 2230/4798/4455
f 1288/3856/2570 668/668/2575 2229/4797/4456 4909/2389/4454
f 4909/2389/4454 2229/4797/4456 1136/1136/4448 2228/4796/4453
f 2230/4798/4455 4909/2389/4454 2228/4796/4453 1137/1137/4452
f 668/668/2575 1294/3862/2586 4910/2390/4457 2229/4797/4456
f 1294/3862/2586 659/659/2547 2224/4792/4443 4910/2390/4457
f 4910/2390/4457 2224/4792/4443 1135/1135/4440 2226/4794/4449
f 2229/4797/4456 4910/2390/4457 2226/4794/4449 1136/1136/4448
f 741/741/2818 1423/3991/2843 4911/2391/4458 2227/4795/4451
f 1423/3991/2843 748/748/2840 2231/4799/4459 4911/2391/4458
f 4911/2391/4458 2231/4799/4459 1138/1138/4460 2232/4800/4461
f 2227/4795/4451 4911/2391/4458 2232/4800/4461 1137/1137/4452
f 748/748/2840 1420/3988/2839 4912/2392/4462 2231/4799/4459
f 1420/3988/2839 747/747/2838 2233/4801/4463 4912/2392/4462
f 4912/2392/4462 2233/4801/4463 1139/1139/4464 2234/4802/4465
f 2231/4799/4459 4912/2392/4462 2234/4802/4465 1138/1138/4460
f 671/671/2587 1298/3866/2590 4913/2393/4466 2236/4804/4467
f 1298/3866/2590 674/674/2595 2235/4803/4468 4913/2393/4466
f 4913/2393/4466 2235/4803/4468 1138/1138/4460 2234/4802/4465
f 2236/4804/4467 4913/2393/4466 2234/4802/4465 1139/1139/4464
f 674/674/2595 1304/3872/2606 4914/2394/4469 2235/4803/4468
f 1304/3872/2606 665/665/2567 2230/4798/4455 4914/2394/4469
f 4914/2394/4469 2230/4798/4455 1137/1137/4452 2232/4800/4461
f 2235/4803/4468 4914/2394/4469 2232/4800/4461 1138/1138/4460
f 747/747/2838 1433/4001/2863 4915/2395/4470 2233/4801/4463
f 1433/4001/2863 754/754/2860 2237/4805/4471 4915/2395/4470
f 4915/2395/4470 2237/4805/4471 1140/1140/4472 2238/4806/4473
f 2233/4801/4463 4915/2395/4470 2238/4806/4473 1139/1139/4464
f 754/754/2860 1430/3998/2859 4916/2396/4474 2237/4805/4471
f 1430/3998/2859 753/753/2858 2239/4807/4475 4916/2396/4474
f 4916/2396/4474 2239/4807/4475 1141/1141/4476 2240/4808/4477
f 2237/4805/4471 4916/2396/4474 2240/4808/4477 1140/1140/4472
f 677/677/2607 1308/3876/2610 4917/2397/4478 2242/4810/4479
f 1308/3876/2610 680/680/2615 2241/4809/4480 4917/2397/4478
f 4917/2397/4478 2241/4809/4480 1140/1140/4472 2240/4808/4477
f 2242/4810/4479 4917/2397/4478 2240/4808/4477 1141/1141/4476
f 680/680/2615 1314/3882/2626 4918/2398/4481 2241/4809/4480
f 1314/3882/2626 671/671/2587 2236/4804/4467 4918/2398/4481
f 4918/2398/4481 2236/4804/4467 1139/1139/4464 2238/4806/4473
f 2241/4809/4480 4918/2398/4481 2238/4806/4473 1140/1140/4472
f 753/753/2858 1443/4011/2883 4919/2399/4482 2239/4807/4475
f 1443/4011/2883 760/760/2880 2243/4811/4483 4919/2399/4482
f 4919/2399/4482 2243/4811/4483 1142/1142/4484 2244/4812/4485
f 2239/4807/4475 4919/2399/4482 2244/4812/4485 1141/1141/4476
f 760/760/2880 1440/4008/2879 4920/2400/4486 2243/4811/4483
f 1440/4008/2879 759/759/2878 2245/4813/4487 4920/2400/4486
f 4920/2400/4486 2245/4813/4487 1143/1143/4488 2246/4814/4489
f 2243/4811/4483 4920/2400/4486 2246/4814/4489 1142/1142/4484
f 683/683/2627 1318/3886/2630 4921/2401/4490 2248/4816/4491
f 1318/3886/2630 686/686/2635 2247/4815/4492 4921/2401/4490
f 4921/2401/4490 2247/4815/4492 1142/1142/4484 2246/4814/4489
f 2248/4816/4491 4921/2401/4490 2246/4814/4489 1143/1143/4488
f 686/686/2635 1324/3892/2646 4922/2402/4493 2247/4815/4492
f 1324/3892/2646 677/677/2607 2242/4810/4479 4922/2402/4493
f 4922/2402/4493 2242/4810/4479 1141/1141/4476 2244/4812/4485
f 2247/4815/4492 4922/2402/4493 2244/4812/4485 1142/1142/4484
f 759/759/2878 1453/4021/2903 4923/2403/4494 2245/4813/4487
f 1453/4021/2903 766/766/2900 2249/4817/4495 4923/2403/4494
f 4923/2403/4494 2249/4817/4495 1144/1144/4496 2250/4818/4497
f 2245/4813/4487 4923/2403/4494 2250/4818/4497 1143/1143/4488
f 766/766/2900 1450/4018/2899 4924/2404/4498 2249/4817/4495
f 1450/4018/2899 765/765/2898 2251/4819/4499 4924/2404/4498
f 4924/2404/4498 2251/4819/4499 1145/1145/4500 2252/4820/4501
f 2249/4817/4495 4924/2404/4498 2252/4820/4501 1144/1144/4496
f 689/689/2647 1328/3896/2650 4925/2405/4502 2254/4822/4503
f 1328/3896/2650 692/692/2655 2253/4821/4504 4925/2405/4502
f 4925/2405/4502 2253/4821/4504 1144/1144/4496 2252/4820/4501
f 2254/4822/4503 4925/2405/4502 2252/4820/4501 1145/1145/4500
f 692/692/2655 1334/3902/2666 4926/2406/4505 2253/4821/4504
f 1334/3902/2666 683/683/2627 2248/4816/4491 4926/2406/4505
f 4926/2406/4505 2248/4816/4491 1143/1143/4488 2250/4818/4497
f 2253/4821/4504 4926/2406/4505 2250/4818/4497 1144/1144/4496
f 765/765/2898 1463/4031/2923 4927/2407/4506 2251/4819/4499
f 1463/4031/2923 772/772/2920 2255/4823/4507 4927/2407/4506
f 4927/2407/4506 2255/4823/4507 1146/1146/4508 2256/4824/4509
f 2251/4819/4499 4927/2407/4506 2256/4824/4509 1145/1145/4500
f 772/772/2920 1460/4028/2919 4928/2408/4510 2255/4823/4507
f 1460/4028/2919 771/771/2918 2257/4825/4511 4928/2408/4510
f 4928/2408/4510 2257/4825/4511 1147/1147/4512 2258/4826/4513
f 2255/4823/4507 4928/2408/4510 2258/4826/4513 1146/1146/4508
f 695/695/2667 1338/3906/2670 4929/2409/4514 2260/4828/4515
f 1338/3906/2670 698/698/2675 2259/4827/4516 4929/2409/4514
f 4929/2409/4514 2259/4827/4516 1146/1146/4508 2258/4826/4513
f 2260/4828/4515 4929/2409/4514 2258/4826/4513 1147/1147/4512
f 698/698/2675 1344/3912/2686 4930/2410/4517 2259/4827/4516
f 1344/3912/2686 689/689/2647 2254/4822/4503 4930/2410/4517
f 4930/2410/4517 2254/4822/4503 1145/1145/4500 2256/4824/4509
f 2259/4827/4516 4930/2410/4517 2256/4824/4509 1146/1146/4508
f 771/771/2918 1473/4041/2943 4931/2411/4518 2257/4825/4511
f 1473/4041/2943 778/778/2940 2261/4829/4519 4931/2411/4518
f 4931/2411/4518 2261/4829/4519 1148/1148/4520 2262/4830/4521
f 2257/4825/4511 4931/2411/4518 2262/4830/4521 1147/1147/4512
f 778/778/2940 1470/4038/2939 4932/2412/4522 2261/4829/4519
f 1470/4038/2939 777/777/2938 2263/4831/4523 4932/2412/4522
f 4932/2412/4522 2263/4831/4523 1149/1149/4524 2264/4832/4525
f 2261/4829/4519 4932/2412/4522 2264/4832/4525 1148/1148/4520
f 701/701/2687 1348/3916/2690 4933/2413/4526 2266/4834/4527
f 1348/3916/2690 704/704/2695 2265/4833/4528 4933/2413/4526
f 4933/2413/4526 2265/4833/4528 1148/1148/4520 2264/4832/4525
f 2266/4834/4527 4933/2413/4526 2264/4832/4525 1149/1149/4524
f 704/704/2695 1354/3922/2706 4934/2414/4529 2265/4833/4528
f 1354/3922/2706 695/695/2667 2260/4828/4515 4934/2414/4529
f 4934/2414/4529 2260/4828/4515 1147/1147/4512 2262/4830/4521
f 2265/4833/4528 4934/2414/4529 2262/4830/4521 1148/1148/4520
f 777/777/2938 1483/4051/2963 4935/2415/4530 2263/4831/4523
f 1483/4051/2963 784/784/2960 2267/4835/4531 4935/2415/4530
f 4935/2415/4530 2267/4835/4531 1150/1150/4532 2268/4836/4533
f 2263/4831/4523 4935/2415/4530 2268/4836/4533 1149/1149/4524
f 784/784/2960 1480/4048/2959 4936/2416/4534 2267/4835/4531
f 1480/4048/2959 783/783/2958 2269/4837/4535 4936/2416/4534
f 4936/2416/4534 2269/4837/4535 1151/1151/4536 2270/4838/4537
f 2267/4835/4531 4936/2416/4534 2270/4838/4537 1150/1150/4532
f 707/707/2707 1358/3926/2710 4937/2417/4538 2272/4840/4539
f 1358/3926/2710 710/710/2715 2271/4839/4540 4937/2417/4538
f 4937/2417/4538 2271/4839/4540 1150/1150/4532 2270/4838/4537
f 2272/4840/4539 4937/2417/4538 2270/4838/4537 1151/1151/4536
f 710/710/2715 1364/3932/2726 4938/2418/4541 2271/4839/4540
f 1364/3932/2726 701/701/2687 2266/4834/4527 4938/2418/4541
f 4938/2418/4541 2266/4834/4527 1149/1149/4524 2268/4836/4533
f 2271/4839/4540 4938/2418/4541 2268/4836/4533 1150/1150/4532
f 783/783/2958 1493/4061/2983 4939/2419/4542 2269/4837/4535
f 1493/4061/2983 790/790/2980 2273/4841/4543 4939/2419/4542
f 4939/2419/4542 2273/4841/4543 1152/1152/4544 2274/4842/4545
f 2269/4837/4535 4939/2419/4542 2274/4842/4545 1151/1151/4536
f 790/790/2980 1490/4058/2979 4940/2420/4546 2273/4841/4543
f 1490/4058/2979 789/789/2978 2275/4843/4547 4940/2420/4546
f 4940/2420/4546 2275/4843/4547 1153/1153/4548 2276/4844/4549
f 2273/4841/4543 4940/2420/4546 2276/4844/4549 1152/1152/4544
f 713/713/2727 1368/3936/2730 4941/2421/4550 2278/4846/4551
f 1368/3936/2730 716/716/2735 2277/4845/4552 4941/2421/4550
f 4941/2421/4550 2277/4845/4552 1152/1152/4544 2276/4844/4549
f 2278/4846/4551 4941/2421/4550 2276/4844/4549 1153/1153/4548
f 716/716/2735 1374/3942/2746 4942/2422/4553 2277/4845/4552
f 1374/3942/2746 707/707/2707 2272/4840/4539 4942/2422/4553
f 4942/2422/4553 2272/4840/4539 1151/1151/4536 2274/4842/4545
f 2277/4845/4552 4942/2422/4553 2274/4842/4545 1152/1152/4544
f 789/789/2978 1501/4069/2998 4943/2423/4554 2275/4843/4547
f 1501/4069/2998 793/793/2995 2279/4847/4555 4943/2423/4554
f 4943/2423/4554 2279/4847/4555 1154/1154/4556 2280/4848/4557
f 2275/4843/4547 4943/2423/4554 2280/4848/4557 1153/1153/4548
f 793/793/2995 1498/4066/2994 4944/2424/4558 2279/4847/4555
f 1498/4066/2994 728/728/2777 2213/4781/4420 4944/2424/4558
f 4944/2424/4558 2213/4781/4420 1132/1132/4424 2281/4849/4559
f 2279/4847/4555 4944/2424/4558 2281/4849/4559 1154/1154/4556
f 658/658/2545 1377/3945/2748 4945/2425/4560 2218/4786/4433
f 1377/3945/2748 720/720/2752 2282/4850/4561 4945/2425/4560
f 4945/2425/4560 2282/4850/4561 1154/1154/4556 2281/4849/4559
f 2218/4786/4433 4945/2425/4560 2281/4849/4559 1132/1132/4424
f 720/720/2752 1382/3950/2761 4946/2426/4562 2282/4850/4561
f 1382/3950/2761 713/713/2727 2278/4846/4551 4946/2426/4562
f 4946/2426/4562 2278/4846/4551 1153/1153/4548 2280/4848/4557
f 2282/4850/4561 4946/2426/4562 2280/4848/4557 1154/1154/4556
f 5/5/12 2551/2575/10 4947/2427/4563 2285/4853/4564
f 2551/2575/10 2/2/5 2283/4851/4565 4947/2427/4563
f 4947/2427/4563 2283/4851/4565 1155/1155/4566 2284/4852/4567
f 2285/4853/4564 4947/2427/4563 2284/4852/4567 1156/1156/4568
f 2/2/5 2547/2571/2 4948/2428/4569 2283/4851/4565
f 2547/2571/2 1/1/1 2286/4854/4570 4948/2428/4569
f 4948/2428/4569 2286/4854/4570 1157/1157/4571 2287/4855/4572
f 2283/4851/4565 4948/2428/4569 2287/4855/4572 1155/1155/4566
f 1158/1158/4573 2288/4856/4574 4949/2429/4575 2290/4858/4576
f 2288/4856/4574 1159/1159/4577 2289/4857/4578 4949/2429/4575
f 4949/2429/4575 2289/4857/4578 1155/1155/4566 2287/4855/4572
f 2290/4858/4576 4949/2429/4575 2287/4855/4572 1157/1157/4571
f 1159/1159/4577 2291/4859/4579 4950/2430/4580 2289/4857/4578
f 2291/4859/4579 1160/1160/4581 2292/4860/4582 4950/2430/4580
f 4950/2430/4580 2292/4860/4582 1156/1156/4568 2284/4852/4567
f 2289/4857/4578 4950/2430/4580 2284/4852/4567 1155/1155/4566
f 1160/1160/4581 2291/4859/4579 4951/2431/4583 2295/4864/4584
f 2291/4859/4579 1159/1159/4577 2293/4861/4585 4951/2431/4583
f 4951/2431/4583 2293/4861/4585 1161/1161/4586 2294/4862/4587
f 2295/4864/4584 4951/2431/4583 2294/4862/4587 1162/1163/4588
f 1159/1159/4577 2288/4856/4574 4952/2432/4589 2293/4861/4585
f 2288/4856/4574 1158/1158/4573 2296/4865/4590 4952/2432/4589
f 4952/2432/4589 2296/4865/4590 1163/1165/4591 2297/4866/4592
f 2293/4861/4585 4952/2432/4589 2297/4866/4592 1161/1161/4586
f 1164/1167/4593 2298/4868/4594 4953/2433/4595 2300/4870/4596
f 2298/4868/4594 1165/1168/4597 2299/4869/4598 4953/2433/4595
f 4953/2433/4595 2299/4869/4598 1161/1162/4586 2297/4867/4592
f 2300/4870/4596 4953/2433/4595 2297/4867/4592 1163/1166/4591
f 1165/1168/4597 2301/4871/4599 4954/2434/4600 2299/4869/4598
f 2301/4871/4599 1166/1169/4601 2302/4872/4602 4954/2434/4600
f 4954/2434/4600 2302/4872/4602 1162/1164/4588 2294/4863/4587
f 2299/4869/4598 4954/2434/4600 2294/4863/4587 1161/1162/4586
f 1166/1169/4601 2301/4871/4599 4955/2435/4603 2305/4875/4604
f 2301/4871/4599 1165/1168/4597 2303/4873/4605 4955/2435/4603
f 4955/2435/4603 2303/4873/4605 1167/1170/4606 2304/4874/4607
f 2305/4875/4604 4955/2435/4603 2304/4874/4607 1168/1171/4608
f 1165/1168/4597 2298/4868/4594 4956/2436/4609 2303/4873/4605
f 2298/4868/4594 1164/1167/4593 2306/4876/4610 4956/2436/4609
f 4956/2436/4609 2306/4876/4610 1169/1172/4611 2307/4877/4612
f 2303/4873/4605 4956/2436/4609 2307/4877/4612 1167/1170/4606
f 584/584/2297 3696/3720/2300 4957/2437/4613 2309/4879/4614
f 3696/3720/2300 583/583/2295 2308/4878/4615 4957/2437/4613
f 4957/2437/4613 2308/4878/4615 1167/1170/4606 2307/4877/4612
f 2309/4879/4614 4957/2437/4613 2307/4877/4612 1169/1172/4611
f 583/583/2295 3692/3716/2294 4958/2438/4616 2308/4878/4615
f 3692/3716/2294 582/582/2293 2310/4880/4617 4958/2438/4616
f 4958/2438/4616 2310/4880/4617 1168/1171/4608 2304/4874/4607
f 2308/4878/4615 4958/2438/4616 2304/4874/4607 1167/1170/4606
f 12/12/34 2562/2586/32 4959/2439/4618 2313/4883/4619
f 2562/2586/32 10/10/28 2311/4881/4620 4959/2439/4618
f 4959/2439/4618 2311/4881/4620 1170/1173/4621 2312/4882/4622
f 2313/4883/4619 4959/2439/4618 2312/4882/4622 1171/1174/4623
f 10/10/28 2559/2583/26 4960/2440/4624 2311/4881/4620
f 2559/2583/26 5/5/12 2285/4853/4564 4960/2440/4624
f 4960/2440/4624 2285/4853/4564 1156/1156/4568 2314/4884/4625
f 2311/4881/4620 4960/2440/4624 2314/4884/4625 1170/1173/4621
f 1160/1160/4581 2315/4885/4626 4961/2441/4627 2292/4860/4582
f 2315/4885/4626 1172/1175/4628 2316/4886/4629 4961/2441/4627
f 4961/2441/4627 2316/4886/4629 1170/1173/4621 2314/4884/4625
f 2292/4860/4582 4961/2441/4627 2314/4884/4625 1156/1156/4568
f 1172/1175/4628 2317/4887/4630 4962/2442/4631 2316/4886/4629
f 2317/4887/4630 1173/1176/4632 2318/4888/4633 4962/2442/4631
f 4962/2442/4631 2318/4888/4633 1171/1174/4623 2312/4882/4622
f 2316/4886/4629 4962/2442/4631 2312/4882/4622 1170/1173/4621
f 1173/1176/4632 2317/4887/4630 4963/2443/4634 2321/4892/4635
f 2317/4887/4630 1172/1175/4628 2319/4889/4636 4963/2443/4634
f 4963/2443/4634 2319/4889/4636 1174/1177/4637 2320/4890/4638
f 2321/4892/4635 4963/2443/4634 2320/4890/4638 1175/1179/4639
f 1172/1175/4628 2315/4885/4626 4964/2444/4640 2319/4889/4636
f 2315/4885/4626 1160/1160/4581 2295/4864/4584 4964/2444/4640
f 4964/2444/4640 2295/4864/4584 1162/1163/4588 2322/4893/4641
f 2319/4889/4636 4964/2444/4640 2322/4893/4641 1174/1177/4637
f 1166/1169/4601 2323/4895/4642 4965/2445/4643 2302/4872/4602
f 2323/4895/4642 1176/1181/4644 2324/4896/4645 4965/2445/4643
f 4965/2445/4643 2324/4896/4645 1174/1178/4637 2322/4894/4641
f 2302/4872/4602 4965/2445/4643 2322/4894/4641 1162/1164/4588
f 1176/1181/4644 2325/4897/4646 4966/2446/4647 2324/4896/4645
f 2325/4897/4646 1177/1182/4648 2326/4898/4649 4966/2446/4647
f 4966/2446/4647 2326/4898/4649 1175/1180/4639 2320/4891/4638
f 2324/4896/4645 4966/2446/4647 2320/4891/4638 1174/1178/4637
f 1177/1182/4648 2325/4897/4646 4967/2447/4650 2329/4901/4651
f 2325/4897/4646 1176/1181/4644 2327/4899/4652 4967/2447/4650
f 4967/2447/4650 2327/4899/4652 1178/1183/4653 2328/4900/4654
f 2329/4901/4651 4967/2447/4650 2328/4900/4654 1179/1184/4655
f 1176/1181/4644 2323/4895/4642 4968/2448/4656 2327/4899/4652
f 2323/4895/4642 1166/1169/4601 2305/4875/4604 4968/2448/4656
f 4968/2448/4656 2305/4875/4604 1168/1171/4608 2330/4902/4657
f 2327/4899/4652 4968/2448/4656 2330/4902/4657 1178/1183/4653
f 582/582/2293 3707/3731/2323 4969/2449/4658 2310/4880/4617
f 3707/3731/2323 592/592/2320 2331/4903/4659 4969/2449/4658
f 4969/2449/4658 2331/4903/4659 1178/1183/4653 2330/4902/4657
f 2310/4880/4617 4969/2449/4658 2330/4902/4657 1168/1171/4608
f 592/592/2320 3704/3728/2319 4970/2450/4660 2331/4903/4659
f 3704/3728/2319 591/591/2318 2332/4904/4661 4970/2450/4660
f 4970/2450/4660 2332/4904/4661 1179/1184/4655 2328/4900/4654
f 2331/4903/4659 4970/2450/4660 2328/4900/4654 1178/1183/4653
f 18/18/54 2572/2596/52 4971/2451/4662 2335/4907/4663
f 2572/2596/52 16/16/48 2333/4905/4664 4971/2451/4662
f 4971/2451/4662 2333/4905/4664 1180/1185/4665 2334/4906/4666
f 2335/4907/4663 4971/2451/4662 2334/4906/4666 1181/1186/4667
f 16/16/48 2569/2593/46 4972/2452/4668 2333/4905/4664
f 2569/2593/46 12/12/34 2313/4883/4619 4972/2452/4668
f 4972/2452/4668 2313/4883/4619 1171/1174/4623 2336/4908/4669
f 2333/4905/4664 4972/2452/4668 2336/4908/4669 1180/1185/4665
f 1173/1176/4632 2337/4909/4670 4973/2453/4671 2318/4888/4633
f 2337/4909/4670 1182/1187/4672 2338/4910/4673 4973/2453/4671
f 4973/2453/4671 2338/4910/4673 1180/1185/4665 2336/4908/4669
f 2318/4888/4633 4973/2453/4671 2336/4908/4669 1171/1174/4623
f 1182/1187/4672 2339/4911/4674 4974/2454/4675 2338/4910/4673
f 2339/4911/4674 1183/1188/4676 2340/4912/4677 4974/2454/4675
f 4974/2454/4675 2340/4912/4677 1181/1186/4667 2334/4906/4666
f 2338/4910/4673 4974/2454/4675 2334/4906/4666 1180/1185/4665
f 1183/1188/4676 2339/4911/4674 4975/2455/4678 2343/4916/4679
f 2339/4911/4674 1182/1187/4672 2341/4913/4680 4975/2455/4678
f 4975/2455/4678 2341/4913/4680 1184/1189/4681 2342/4914/4682
f 2343/4916/4679 4975/2455/4678 2342/4914/4682 1185/1191/4683
f 1182/1187/4672 2337/4909/4670 4976/2456/4684 2341/4913/4680
f 2337/4909/4670 1173/1176/4632 2321/4892/4635 4976/2456/4684
f 4976/2456/4684 2321/4892/4635 1175/1179/4639 2344/4917/4685
f 2341/4913/4680 4976/2456/4684 2344/4917/4685 1184/1189/4681
f 1177/1182/4648 2345/4919/4686 4977/2457/4687 2326/4898/4649
f 2345/4919/4686 1186/1193/4688 2346/4920/4689 4977/2457/4687
f 4977/2457/4687 2346/4920/4689 1184/1190/4681 2344/4918/4685
f 2326/4898/4649 4977/2457/4687 2344/4918/4685 1175/1180/4639
f 1186/1193/4688 2347/4921/4690 4978/2458/4691 2346/4920/4689
f 2347/4921/4690 1187/1194/4692 2348/4922/4693 4978/2458/4691
f 4978/2458/4691 2348/4922/4693 1185/1192/4683 2342/4915/4682
f 2346/4920/4689 4978/2458/4691 2342/4915/4682 1184/1190/4681
f 1187/1194/4692 2347/4921/4690 4979/2459/4694 2351/4925/4695
f 2347/4921/4690 1186/1193/4688 2349/4923/4696 4979/2459/4694
f 4979/2459/4694 2349/4923/4696 1188/1195/4697 2350/4924/4698
f 2351/4925/4695 4979/2459/4694 2350/4924/4698 1189/1196/4699
f 1186/1193/4688 2345/4919/4686 4980/2460/4700 2349/4923/4696
f 2345/4919/4686 1177/1182/4648 2329/4901/4651 4980/2460/4700
f 4980/2460/4700 2329/4901/4651 1179/1184/4655 2352/4926/4701
f 2349/4923/4696 4980/2460/4700 2352/4926/4701 1188/1195/4697
f 591/591/2318 3717/3741/2343 4981/2461/4702 2332/4904/4661
f 3717/3741/2343 598/598/2340 2353/4927/4703 4981/2461/4702
f 4981/2461/4702 2353/4927/4703 1188/1195/4697 2352/4926/4701
f 2332/4904/4661 4981/2461/4702 2352/4926/4701 1179/1184/4655
f 598/598/2340 3714/3738/2339 4982/2462/4704 2353/4927/4703
f 3714/3738/2339 597/597/2338 2354/4928/4705 4982/2462/4704
f 4982/2462/4704 2354/4928/4705 1189/1196/4699 2350/4924/4698
f 2353/4927/4703 4982/2462/4704 2350/4924/4698 1188/1195/4697
f 24/24/74 2582/2606/72 4983/2463/4706 2357/4931/4707
f 2582/2606/72 22/22/68 2355/4929/4708 4983/2463/4706
f 4983/2463/4706 2355/4929/4708 1190/1197/4709 2356/4930/4710
f 2357/4931/4707 4983/2463/4706 2356/4930/4710 1191/1198/4711
f 22/22/68 2579/2603/66 4984/2464/4712 2355/4929/4708
f 2579/2603/66 18/18/54 2335/4907/4663 4984/2464/4712
f 4984/2464/4712 2335/4907/4663 1181/1186/4667 2358/4932/4713
f 2355/4929/4708 4984/2464/4712 2358/4932/4713 1190/1197/4709
f 1183/1188/4676 2359/4933/4714 4985/2465/4715 2340/4912/4677
f 2359/4933/4714 1192/1199/4716 2360/4934/4717 4985/2465/4715
f 4985/2465/4715 2360/4934/4717 1190/1197/4709 2358/4932/4713
f 2340/4912/4677 4985/2465/4715 2358/4932/4713 1181/1186/4667
f 1192/1199/4716 2361/4935/4718 4986/2466/4719 2360/4934/4717
f 2361/4935/4718 1193/1200/4720 2362/4936/4721 4986/2466/4719
f 4986/2466/4719 2362/4936/4721 1191/1198/4711 2356/4930/4710
f 2360/4934/4717 4986/2466/4719 2356/4930/4710 1190/1197/4709
f 1193/1200/4720 2361/4935/4718 4987/2467/4722 2365/4940/4723
f 2361/4935/4718 1192/1199/4716 2363/4937/4724 4987/2467/4722
f 4987/2467/4722 2363/4937/4724 1194/1201/4725 2364/4938/4726
f 2365/4940/4723 4987/2467/4722 2364/4938/4726 1195/1203/4727
f 1192/1199/4716 2359/4933/4714 4988/2468/4728 2363/4937/4724
f 2359/4933/4714 1183/1188/4676 2343/4916/4679 4988/2468/4728
f 4988/2468/4728 2343/4916/4679 1185/1191/4683 2366/4941/4729
f 2363/4937/4724 4988/2468/4728 2366/4941/4729 1194/1201/4725
f 1187/1194/4692 2367/4943/4730 4989/2469/4731 2348/4922/4693
f 2367/4943/4730 1196/1205/4732 2368/4944/4733 4989/2469/4731
f 4989/2469/4731 2368/4944/4733 1194/1202/4725 2366/4942/4729
f 2348/4922/4693 4989/2469/4731 2366/4942/4729 1185/1192/4683
f 1196/1205/4732 2369/4945/4734 4990/2470/4735 2368/4944/4733
f 2369/4945/4734 1197/1206/4736 2370/4946/4737 4990/2470/4735
f 4990/2470/4735 2370/4946/4737 1195/1204/4727 2364/4939/4726
f 2368/4944/4733 4990/2470/4735 2364/4939/4726 1194/1202/4725
f 1197/1206/4736 2369/4945/4734 4991/2471/4738 2373/4949/4739
f 2369/4945/4734 1196/1205/4732 2371/4947/4740 4991/2471/4738
f 4991/2471/4738 2371/4947/4740 1198/1207/4741 2372/4948/4742
f 2373/4949/4739 4991/2471/4738 2372/4948/4742 1199/1208/4743
f 1196/1205/4732 2367/4943/4730 4992/2472/4744 2371/4947/4740
f 2367/4943/4730 1187/1194/4692 2351/4925/4695 4992/2472/4744
f 4992/2472/4744 2351/4925/4695 1189/1196/4699 2374/4950/4745
f 2371/4947/4740 4992/2472/4744 2374/4950/4745 1198/1207/4741
f 597/597/2338 3727/3751/2363 4993/2473/4746 2354/4928/4705
f 3727/3751/2363 604/604/2360 2375/4951/4747 4993/2473/4746
f 4993/2473/4746 2375/4951/4747 1198/1207/4741 2374/4950/4745
f 2354/4928/4705 4993/2473/4746 2374/4950/4745 1189/1196/4699
f 604/604/2360 3724/3748/2359 4994/2474/4748 2375/4951/4747
f 3724/3748/2359 603/603/2358 2376/4952/4749 4994/2474/4748
f 4994/2474/4748 2376/4952/4749 1199/1208/4743 2372/4948/4742
f 2375/4951/4747 4994/2474/4748 2372/4948/4742 1198/1207/4741
f 30/30/94 2592/2616/92 4995/2475/4750 2379/4955/4751
f 2592/2616/92 28/28/88 2377/4953/4752 4995/2475/4750
f 4995/2475/4750 2377/4953/4752 1200/1209/4753 2378/4954/4754
f 2379/4955/4751 4995/2475/4750 2378/4954/4754 1201/1210/4755
f 28/28/88 2589/2613/86 4996/2476/4756 2377/4953/4752
f 2589/2613/86 24/24/74 2357/4931/4707 4996/2476/4756
f 4996/2476/4756 2357/4931/4707 1191/1198/4711 2380/4956/4757
f 2377/4953/4752 4996/2476/4756 2380/4956/4757 1200/1209/4753
f 1193/1200/4720 2381/4957/4758 4997/2477/4759 2362/4936/4721
f 2381/4957/4758 1202/1211/4760 2382/4958/4761 4997/2477/4759
f 4997/2477/4759 2382/4958/4761 1200/1209/4753 2380/4956/4757
f 2362/4936/4721 4997/2477/4759 2380/4956/4757 1191/1198/4711
f 1202/1211/4760 2383/4959/4762 4998/2478/4763 2382/4958/4761
f 2383/4959/4762 1203/1212/4764 2384/4960/4765 4998/2478/4763
f 4998/2478/4763 2384/4960/4765 1201/1210/4755 2378/4954/4754
f 2382/4958/4761 4998/2478/4763 2378/4954/4754 1200/1209/4753
f 1203/1212/4764 2383/4959/4762 4999/2479/4766 2387/4964/4767
f 2383/4959/4762 1202/1211/4760 2385/4961/4768 4999/2479/4766
f 4999/2479/4766 2385/4961/4768 1204/1213/4769 2386/4962/4770
f 2387/4964/4767 4999/2479/4766 2386/4962/4770 1205/1215/4771
f 1202/1211/4760 2381/4957/4758 5000/2480/4772 2385/4961/4768
f 2381/4957/4758 1193/1200/4720 2365/4940/4723 5000/2480/4772
f 5000/2480/4772 2365/4940/4723 1195/1203/4727 2388/4965/4773
f 2385/4961/4768 5000/2480/4772 2388/4965/4773 1204/1213/4769
f 1197/1206/4736 2389/4967/4774 5001/2481/4775 2370/4946/4737
f 2389/4967/4774 1206/1217/4776 2390/4968/4777 5001/2481/4775
f 5001/2481/4775 2390/4968/4777 1204/1214/4769 2388/4966/4773
f 2370/4946/4737 5001/2481/4775 2388/4966/4773 1195/1204/4727
f 1206/1217/4776 2391/4969/4778 5002/2482/4779 2390/4968/4777
f 2391/4969/4778 1207/1218/4780 2392/4970/4781 5002/2482/4779
f 5002/2482/4779 2392/4970/4781 1205/1216/4771 2386/4963/4770
f 2390/4968/4777 5002/2482/4779 2386/4963/4770 1204/1214/4769
f 1207/1218/4780 2391/4969/4778 5003/2483/4782 2395/4973/4783
f 2391/4969/4778 1206/1217/4776 2393/4971/4784 5003/2483/4782
f 5003/2483/4782 2393/4971/4784 1208/1219/4785 2394/4972/4786
f 2395/4973/4783 5003/2483/4782 2394/4972/4786 1209/1220/4787
f 1206/1217/4776 2389/4967/4774 5004/2484/4788 2393/4971/4784
f 2389/4967/4774 1197/1206/4736 2373/4949/4739 5004/2484/4788
f 5004/2484/4788 2373/4949/4739 1199/1208/4743 2396/4974/4789
f 2393/4971/4784 5004/2484/4788 2396/4974/4789 1208/1219/4785
f 603/603/2358 3737/3761/2383 5005/2485/4790 2376/4952/4749
f 3737/3761/2383 610/610/2380 2397/4975/4791 5005/2485/4790
f 5005/2485/4790 2397/4975/4791 1208/1219/4785 2396/4974/4789
f 2376/4952/4749 5005/2485/4790 2396/4974/4789 1199/1208/4743
f 610/610/2380 3734/3758/2379 5006/2486/4792 2397/4975/4791
f 3734/3758/2379 609/609/2378 2398/4976/4793 5006/2486/4792
f 5006/2486/4792 2398/4976/4793 1209/1220/4787 2394/4972/4786
f 2397/4975/4791 5006/2486/4792 2394/4972/4786 1208/1219/4785
f 36/36/114 2602/2626/112 5007/2487/4794 2401/4979/4795
f 2602/2626/112 34/34/108 2399/4977/4796 5007/2487/4794
f 5007/2487/4794 2399/4977/4796 1210/1221/4797 2400/4978/4798
f 2401/4979/4795 5007/2487/4794 2400/4978/4798 1211/1222/4799
f 34/34/108 2599/2623/106 5008/2488/4800 2399/4977/4796
f 2599/2623/106 30/30/94 2379/4955/4751 5008/2488/4800
f 5008/2488/4800 2379/4955/4751 1201/1210/4755 2402/4980/4801
f 2399/4977/4796 5008/2488/4800 2402/4980/4801 1210/1221/4797
f 1203/1212/4764 2403/4981/4802 5009/2489/4803 2384/4960/4765
f 2403/4981/4802 1212/1223/4804 2404/4982/4805 5009/2489/4803
f 5009/2489/4803 2404/4982/4805 1210/1221/4797 2402/4980/4801
f 2384/4960/4765 5009/2489/4803 2402/4980/4801 1201/1210/4755
f 1212/1223/4804 2405/4983/4806 5010/2490/4807 2404/4982/4805
f 2405/4983/4806 1213/1224/4808 2406/4984/4809 5010/2490/4807
f 5010/2490/4807 2406/4984/4809 1211/1222/4799 2400/4978/4798
f 2404/4982/4805 5010/2490/4807 2400/4978/4798 1210/1221/4797
f 1213/1224/4808 2405/4983/4806 5011/2491/4810 2409/4988/4811
f 2405/4983/4806 1212/1223/4804 2407/4985/4812 5011/2491/4810
f 5011/2491/4810 2407/4985/4812 1214/1225/4813 2408/4986/4814
f 2409/4988/4811 5011/2491/4810 2408/4986/4814 1215/1227/4815
f 1212/1223/4804 2403/4981/4802 5012/2492/4816 2407/4985/4812
f 2403/4981/4802 1203/1212/4764 2387/4964/4767 5012/2492/4816
f 5012/2492/4816 2387/4964/4767 1205/1215/4771 2410/4989/4817
f 2407/4985/4812 5012/2492/4816 2410/4989/4817 1214/1225/4813
f 1207/1218/4780 2411/4991/4818 5013/2493/4819 2392/4970/4781
f 2411/4991/4818 1216/1229/4820 2412/4992/4821 5013/2493/4819
f 5013/2493/4819 2412/4992/4821 1214/1226/4813 2410/4990/4817
f 2392/4970/4781 5013/2493/4819 2410/4990/4817 1205/1216/4771
f 1216/1229/4820 2413/4993/4822 5014/2494/4823 2412/4992/4821
f 2413/4993/4822 1217/1230/4824 2414/4994/4825 5014/2494/4823
f 5014/2494/4823 2414/4994/4825 1215/1228/4815 2408/4987/4814
f 2412/4992/4821 5014/2494/4823 2408/4987/4814 1214/1226/4813
f 1217/1230/4824 2413/4993/4822 5015/2495/4826 2417/4997/4827
f 2413/4993/4822 1216/1229/4820 2415/4995/4828 5015/2495/4826
f 5015/2495/4826 2415/4995/4828 1218/1231/4829 2416/4996/4830
f 2417/4997/4827 5015/2495/4826 2416/4996/4830 1219/1232/4831
f 1216/1229/4820 2411/4991/4818 5016/2496/4832 2415/4995/4828
f 2411/4991/4818 1207/1218/4780 2395/4973/4783 5016/2496/4832
f 5016/2496/4832 2395/4973/4783 1209/1220/4787 2418/4998/4833
f 2415/4995/4828 5016/2496/4832 2418/4998/4833 1218/1231/4829
f 609/609/2378 3747/3771/2403 5017/2497/4834 2398/4976/4793
f 3747/3771/2403 616/616/2400 2419/4999/4835 5017/2497/4834
f 5017/2497/4834 2419/4999/4835 1218/1231/4829 2418/4998/4833
f 2398/4976/4793 5017/2497/4834 2418/4998/4833 1209/1220/4787
f 616/616/2400 3744/3768/2399 5018/2498/4836 2419/4999/4835
f 3744/3768/2399 615/615/2398 2420/5000/4837 5018/2498/4836
f 5018/2498/4836 2420/5000/4837 1219/1232/4831 2416/4996/4830
f 2419/4999/4835 5018/2498/4836 2416/4996/4830 1218/1231/4829
f 42/42/134 2612/2636/132 5019/2499/4838 2423/5003/4839
f 2612/2636/132 40/40/128 2421/5001/4840 5019/2499/4838
f 5019/2499/4838 2421/5001/4840 1220/1233/4841 2422/5002/4842
f 2423/5003/4839 5019/2499/4838 2422/5002/4842 1221/1234/4843
f 40/40/128 2609/2633/126 5020/2500/4844 2421/5001/4840
f 2609/2633/126 36/36/114 2401/4979/4795 5020/2500/4844
f 5020/2500/4844 2401/4979/4795 1211/1222/4799 2424/5004/4845
f 2421/5001/4840 5020/2500/4844 2424/5004/4845 1220/1233/4841
f 1213/1224/4808 2425/5005/4846 5021/2501/4847 2406/4984/4809
f 2425/5005/4846 1222/1235/4848 2426/5006/4849 5021/2501/4847
f 5021/2501/4847 2426/5006/4849 1220/1233/4841 2424/5004/4845
f 2406/4984/4809 5021/2501/4847 2424/5004/4845 1211/1222/4799
f 1222/1235/4848 2427/5007/4850 5022/2502/4851 2426/5006/4849
f 2427/5007/4850 1223/1236/4852 2428/5008/4853 5022/2502/4851
f 5022/2502/4851 2428/5008/4853 1221/1234/4843 2422/5002/4842
f 2426/5006/4849 5022/2502/4851 2422/5002/4842 1220/1233/4841
f 1223/1236/4852 2427/5007/4850 5023/2503/4854 2431/5012/4855
f 2427/5007/4850 1222/1235/4848 2429/5009/4856 5023/2503/4854
f 5023/2503/4854 2429/5009/4856 1224/1237/4857 2430/5010/4858
f 2431/5012/4855 5023/2503/4854 2430/5010/4858 1225/1239/4859
f 1222/1235/4848 2425/5005/4846 5024/2504/4860 2429/5009/4856
f 2425/5005/4846 1213/1224/4808 2409/4988/4811 5024/2504/4860
f 5024/2504/4860 2409/4988/4811 1215/1227/4815 2432/5013/4861
f 2429/5009/4856 5024/2504/4860 2432/5013/4861 1224/1237/4857
f 1217/1230/4824 2433/5015/4862 5025/2505/4863 2414/4994/4825
f 2433/5015/4862 1226/1241/4864 2434/5016/4865 5025/2505/4863
f 5025/2505/4863 2434/5016/4865 1224/1238/4857 2432/5014/4861
f 2414/4994/4825 5025/2505/4863 2432/5014/4861 1215/1228/4815
f 1226/1241/4864 2435/5017/4866 5026/2506/4867 2434/5016/4865
f 2435/5017/4866 1227/1242/4868 2436/5018/4869 5026/2506/4867
f 5026/2506/4867 2436/5018/4869 1225/1240/4859 2430/5011/4858
f 2434/5016/4865 5026/2506/4867 2430/5011/4858 1224/1238/4857
f 1227/1242/4868 2435/5017/4866 5027/2507/4870 2439/5021/4871
f 2435/5017/4866 1226/1241/4864 2437/5019/4872 5027/2507/4870
f 5027/2507/4870 2437/5019/4872 1228/1243/4873 2438/5020/4874
f 2439/5021/4871 5027/2507/4870 2438/5020/4874 1229/1244/4875
f 1226/1241/4864 2433/5015/4862 5028/2508/4876 2437/5019/4872
f 2433/5015/4862 1217/1230/4824 2417/4997/4827 5028/2508/4876
f 5028/2508/4876 2417/4997/4827 1219/1232/4831 2440/5022/4877
f 2437/5019/4872 5028/2508/4876 2440/5022/4877 1228/1243/4873
f 615/615/2398 3757/3781/2423 5029/2509/4878 2420/5000/4837
f 3757/3781/2423 622/622/2420 2441/5023/4879 5029/2509/4878
f 5029/2509/4878 2441/5023/4879 1228/1243/4873 2440/5022/4877
f 2420/5000/4837 5029/2509/4878 2440/5022/4877 1219/1232/4831
f 622/622/2420 3754/3778/2419 5030/2510/4880 2441/5023/4879
f 3754/3778/2419 621/621/2418 2442/5024/4881 5030/2510/4880
f 5030/2510/4880 2442/5024/4881 1229/1244/4875 2438/5020/4874
f 2441/5023/4879 5030/2510/4880 2438/5020/4874 1228/1243/4873
f 48/48/154 2622/2646/152 5031/2511/4882 2445/5027/4883
f 2622/2646/152 46/46/148 2443/5025/4884 5031/2511/4882
f 5031/2511/4882 2443/5025/4884 1230/1245/4885 2444/5026/4886
f 2445/5027/4883 5031/2511/4882 2444/5026/4886 1231/1246/4887
f 46/46/148 2619/2643/146 5032/2512/4888 2443/5025/4884
f 2619/2643/146 42/42/134 2423/5003/4839 5032/2512/4888
f 5032/2512/4888 2423/5003/4839 1221/1234/4843 2446/5028/4889
f 2443/5025/4884 5032/2512/4888 2446/5028/4889 1230/1245/4885
f 1223/1236/4852 2447/5029/4890 5033/2513/4891 2428/5008/4853
f 2447/5029/4890 1232/1247/4892 2448/5030/4893 5033/2513/4891
f 5033/2513/4891 2448/5030/4893 1230/1245/4885 2446/5028/4889
f 2428/5008/4853 5033/2513/4891 2446/5028/4889 1221/1234/4843
f 1232/1247/4892 2449/5031/4894 5034/2514/4895 2448/5030/4893
f 2449/5031/4894 1233/1248/4896 2450/5032/4897 5034/2514/4895
f 5034/2514/4895 2450/5032/4897 1231/1246/4887 2444/5026/4886
f 2448/5030/4893 5034/2514/4895 2444/5026/4886 1230/1245/4885
f 1233/1248/4896 2449/5031/4894 5035/2515/4898 2453/5036/4899
f 2449/5031/4894 1232/1247/4892 2451/5033/4900 5035/2515/4898
f 5035/2515/4898 2451/5033/4900 1234/1249/4901 2452/5034/4902
f 2453/5036/4899 5035/2515/4898 2452/5034/4902 1235/1251/4903
f 1232/1247/4892 2447/5029/4890 5036/2516/4904 2451/5033/4900
f 2447/5029/4890 1223/1236/4852 2431/5012/4855 5036/2516/4904
f 5036/2516/4904 2431/5012/4855 1225/1239/4859 2454/5037/4905
f 2451/5033/4900 5036/2516/4904 2454/5037/4905 1234/1249/4901
f 1227/1242/4868 2455/5039/4906 5037/2517/4907 2436/5018/4869
f 2455/5039/4906 1236/1253/4908 2456/5040/4909 5037/2517/4907
f 5037/2517/4907 2456/5040/4909 1234/1250/4901 2454/5038/4905
f 2436/5018/4869 5037/2517/4907 2454/5038/4905 1225/1240/4859
f 1236/1253/4908 2457/5041/4910 5038/2518/4911 2456/5040/4909
f 2457/5041/4910 1237/1254/4912 2458/5042/4913 5038/2518/4911
f 5038/2518/4911 2458/5042/4913 1235/1252/4903 2452/5035/4902
f 2456/5040/4909 5038/2518/4911 2452/5035/4902 1234/1250/4901
f 1237/1254/4912 2457/5041/4910 5039/2519/4914 2461/5045/4915
f 2457/5041/4910 1236/1253/4908 2459/5043/4916 5039/2519/4914
f 5039/2519/4914 2459/5043/4916 1238/1255/4917 2460/5044/4918
f 2461/5045/4915 5039/2519/4914 2460/5044/4918 1239/1256/4919
f 1236/1253/4908 2455/5039/4906 5040/2520/4920 2459/5043/4916
f 2455/5039/4906 1227/1242/4868 2439/5021/4871 5040/2520/4920
f 5040/2520/4920 2439/5021/4871 1229/1244/4875 2462/5046/4921
f 2459/5043/4916 5040/2520/4920 2462/5046/4921 1238/1255/4917
f 621/621/2418 3767/3791/2443 5041/2521/4922 2442/5024/4881
f 3767/3791/2443 628/628/2440 2463/5047/4923 5041/2521/4922
f 5041/2521/4922 2463/5047/4923 1238/1255/4917 2462/5046/4921
f 2442/5024/4881 5041/2521/4922 2462/5046/4921 1229/1244/4875
f 628/628/2440 3764/3788/2439 5042/2522/4924 2463/5047/4923
f 3764/3788/2439 627/627/2438 2464/5048/4925 5042/2522/4924
f 5042/2522/4924 2464/5048/4925 1239/1256/4919 2460/5044/4918
f 2463/5047/4923 5042/2522/4924 2460/5044/4918 1238/1255/4917
f 54/54/174 2632/2656/172 5043/2523/4926 2467/5051/4927
f 2632/2656/172 52/52/168 2465/5049/4928 5043/2523/4926
f 5043/2523/4926 2465/5049/4928 1240/1257/4929 2466/5050/4930
f 2467/5051/4927 5043/2523/4926 2466/5050/4930 1241/1258/4931
f 52/52/168 2629/2653/166 5044/2524/4932 2465/5049/4928
f 2629/2653/166 48/48/154 2445/5027/4883 5044/2524/4932
f 5044/2524/4932 2445/5027/4883 1231/1246/4887 2468/5052/4933
f 2465/5049/4928 5044/2524/4932 2468/5052/4933 1240/1257/4929
f 1233/1248/4896 2469/5053/4934 5045/2525/4935 2450/5032/4897
f 2469/5053/4934 1242/1259/4936 2470/5054/4937 5045/2525/4935
f 5045/2525/4935 2470/5054/4937 1240/1257/4929 2468/5052/4933
f 2450/5032/4897 5045/2525/4935 2468/5052/4933 1231/1246/4887
f 1242/1259/4936 2471/5055/4938 5046/2526/4939 2470/5054/4937
f 2471/5055/4938 1243/1260/4940 2472/5056/4941 5046/2526/4939
f 5046/2526/4939 2472/5056/4941 1241/1258/4931 2466/5050/4930
f 2470/5054/4937 5046/2526/4939 2466/5050/4930 1240/1257/4929
f 1243/1260/4940 2471/5055/4938 5047/2527/4942 2475/5060/4943
f 2471/5055/4938 1242/1259/4936 2473/5057/4944 5047/2527/4942
f 5047/2527/4942 2473/5057/4944 1244/1261/4945 2474/5058/4946
f 2475/5060/4943 5047/2527/4942 2474/5058/4946 1245/1263/4947
f 1242/1259/4936 2469/5053/4934 5048/2528/4948 2473/5057/4944
f 2469/5053/4934 1233/1248/4896 2453/5036/4899 5048/2528/4948
f 5048/2528/4948 2453/5036/4899 1235/1251/4903 2476/5061/4949
f 2473/5057/4944 5048/2528/4948 2476/5061/4949 1244/1261/4945
f 1237/1254/4912 2477/5063/4950 5049/2529/4951 2458/5042/4913
f 2477/5063/4950 1246/1265/4952 2478/5064/4953 5049/2529/4951
f 5049/2529/4951 2478/5064/4953 1244/1262/4945 2476/5062/4949
f 2458/5042/4913 5049/2529/4951 2476/5062/4949 1235/1252/4903
f 1246/1265/4952 2479/5065/4954 5050/2530/4955 2478/5064/4953
f 2479/5065/4954 1247/1266/4956 2480/5066/4957 5050/2530/4955
f 5050/2530/4955 2480/5066/4957 1245/1264/4947 2474/5059/4946
f 2478/5064/4953 5050/2530/4955 2474/5059/4946 1244/1262/4945
f 1247/1266/4956 2479/5065/4954 5051/2531/4958 2483/5069/4959
f 2479/5065/4954 1246/1265/4952 2481/5067/4960 5051/2531/4958
f 5051/2531/4958 2481/5067/4960 1248/1267/4961 2482/5068/4962
f 2483/5069/4959 5051/2531/4958 2482/5068/4962 1249/1268/4963
f 1246/1265/4952 2477/5063/4950 5052/2532/4964 2481/5067/4960
f 2477/5063/4950 1237/1254/4912 2461/5045/4915 5052/2532/4964
f 5052/2532/4964 2461/5045/4915 1239/1256/4919 2484/5070/4965
f 2481/5067/4960 5052/2532/4964 2484/5070/4965 1248/1267/4961
f 627/627/2438 3777/3801/2463 5053/2533/4966 2464/5048/4925
f 3777/3801/2463 634/634/2460 2485/5071/4967 5053/2533/4966
f 5053/2533/4966 2485/5071/4967 1248/1267/4961 2484/5070/4965
f 2464/5048/4925 5053/2533/4966 2484/5070/4965 1239/1256/4919
f 634/634/2460 3774/3798/2459 5054/2534/4968 2485/5071/4967
f 3774/3798/2459 633/633/2458 2486/5072/4969 5054/2534/4968
f 5054/2534/4968 2486/5072/4969 1249/1268/4963 2482/5068/4962
f 2485/5071/4967 5054/2534/4968 2482/5068/4962 1248/1267/4961
f 60/60/194 2642/2666/192 5055/2535/4970 2489/5075/4971
f 2642/2666/192 58/58/188 2487/5073/4972 5055/2535/4970
f 5055/2535/4970 2487/5073/4972 1250/1269/4973 2488/5074/4974
f 2489/5075/4971 5055/2535/4970 2488/5074/4974 1251/1270/4975
f 58/58/188 2639/2663/186 5056/2536/4976 2487/5073/4972
f 2639/2663/186 54/54/174 2467/5051/4927 5056/2536/4976
f 5056/2536/4976 2467/5051/4927 1241/1258/4931 2490/5076/4977
f 2487/5073/4972 5056/2536/4976 2490/5076/4977 1250/1269/4973
f 1243/1260/4940 2491/5077/4978 5057/2537/4979 2472/5056/4941
f 2491/5077/4978 1252/1271/4980 2492/5078/4981 5057/2537/4979
f 5057/2537/4979 2492/5078/4981 1250/1269/4973 2490/5076/4977
f 2472/5056/4941 5057/2537/4979 2490/5076/4977 1241/1258/4931
f 1252/1271/4980 2493/5079/4982 5058/2538/4983 2492/5078/4981
f 2493/5079/4982 1253/1272/4984 2494/5080/4985 5058/2538/4983
f 5058/2538/4983 2494/5080/4985 1251/1270/4975 2488/5074/4974
f 2492/5078/4981 5058/2538/4983 2488/5074/4974 1250/1269/4973
f 1253/1272/4984 2493/5079/4982 5059/2539/4986 2497/5084/4987
f 2493/5079/4982 1252/1271/4980 2495/5081/4988 5059/2539/4986
f 5059/2539/4986 2495/5081/4988 1254/1273/4989 2496/5082/4990
f 2497/5084/4987 5059/2539/4986 2496/5082/4990 1255/1275/4991
f 1252/1271/4980 2491/5077/4978 5060/2540/4992 2495/5081/4988
f 2491/5077/4978 1243/1260/4940 2475/5060/4943 5060/2540/4992
f 5060/2540/4992 2475/5060/4943 1245/1263/4947 2498/5085/4993
f 2495/5081/4988 5060/2540/4992 2498/5085/4993 1254/1273/4989
f 1247/1266/4956 2499/5087/4994 5061/2541/4995 2480/5066/4957
f 2499/5087/4994 1256/1277/4996 2500/5088/4997 5061/2541/4995
f 5061/2541/4995 2500/5088/4997 1254/1274/4989 2498/5086/4993
f 2480/5066/4957 5061/2541/4995 2498/5086/4993 1245/1264/4947
f 1256/1277/4996 2501/5089/4998 5062/2542/4999 2500/5088/4997
f 2501/5089/4998 1257/1278/5000 2502/5090/5001 5062/2542/4999
f 5062/2542/4999 2502/5090/5001 1255/1276/4991 2496/5083/4990
f 2500/5088/4997 5062/2542/4999 2496/5083/4990 1254/1274/4989
f 1257/1278/5000 2501/5089/4998 5063/2543/5002 2505/5093/5003
f 2501/5089/4998 1256/1277/4996 2503/5091/5004 5063/2543/5002
f 5063/2543/5002 2503/5091/5004 1258/1279/5005 2504/5092/5006
f 2505/5093/5003 5063/2543/5002 2504/5092/5006 1259/1280/5007
f 1256/1277/4996 2499/5087/4994 5064/2544/5008 2503/5091/5004
f 2499/5087/4994 1247/1266/4956 2483/5069/4959 5064/2544/5008
f 5064/2544/5008 2483/5069/4959 1249/1268/4963 2506/5094/5009
f 2503/5091/5004 5064/2544/5008 2506/5094/5009 1258/1279/5005
f 633/633/2458 3787/3811/2483 5065/2545/5010 2486/5072/4969
f 3787/3811/2483 640/640/2480 2507/5095/5011 5065/2545/5010
f 5065/2545/5010 2507/5095/5011 1258/1279/5005 2506/5094/5009
f 2486/5072/4969 5065/2545/5010 2506/5094/5009 1249/1268/4963
f 640/640/2480 3784/3808/2479 5066/2546/5012 2507/5095/5011
f 3784/3808/2479 639/639/2478 2508/5096/5013 5066/2546/5012
f 5066/2546/5012 2508/5096/5013 1259/1280/5007 2504/5092/5006
f 2507/5095/5011 5066/2546/5012 2504/5092/5006 1258/1279/5005
f 66/66/214 2652/2676/212 5067/2547/5014 2511/5099/5015
f 2652/2676/212 64/64/208 2509/5097/5016 5067/2547/5014
f 5067/2547/5014 2509/5097/5016 1260/1281/5017 2510/5098/5018
f 2511/5099/5015 5067/2547/5014 2510/5098/5018 1261/1282/5019
f 64/64/208 2649/2673/206 5068/2548/5020 2509/5097/5016
f 2649/2673/206 60/60/194 2489/5075/4971 5068/2548/5020
f 5068/2548/5020 2489/5075/4971 1251/1270/4975 2512/5100/5021
f 2509/5097/5016 5068/2548/5020 2512/5100/5021 1260/1281/5017
f 1253/1272/4984 2513/5101/5022 5069/2549/5023 2494/5080/4985
f 2513/5101/5022 1262/1283/5024 2514/5102/5025 5069/2549/5023
f 5069/2549/5023 2514/5102/5025 1260/1281/5017 2512/5100/5021
f 2494/5080/4985 5069/2549/5023 2512/5100/5021 1251/1270/4975
f 1262/1283/5024 2515/5103/5026 5070/2550/5027 2514/5102/5025
f 2515/5103/5026 1263/1284/5028 2516/5104/5029 5070/2550/5027
f 5070/2550/5027 2516/5104/5029 1261/1282/5019 2510/5098/5018
f 2514/5102/5025 5070/2550/5027 2510/5098/5018 1260/1281/5017
f 1263/1284/5028 2515/5103/5026 5071/2551/5030 2519/5108/5031
f 2515/5103/5026 1262/1283/5024 2517/5105/5032 5071/2551/5030
f 5071/2551/5030 2517/5105/5032 1264/1285/5033 2518/5106/5034
f 2519/5108/5031 5071/2551/5030 2518/5106/5034 1265/1287/5035
f 1262/1283/5024 2513/5101/5022 5072/2552/5036 2517/5105/5032
f 2513/5101/5022 1253/1272/4984 2497/5084/4987 5072/2552/5036
f 5072/2552/5036 2497/5084/4987 1255/1275/4991 2520/5109/5037
f 2517/5105/5032 5072/2552/5036 2520/5109/5037 1264/1285/5033
f 1257/1278/5000 2521/5111/5038 5073/2553/5039 2502/5090/5001
f 2521/5111/5038 1266/1289/5040 2522/5112/5041 5073/2553/5039
f 5073/2553/5039 2522/5112/5041 1264/1286/5033 2520/5110/5037
f 2502/5090/5001 5073/2553/5039 2520/5110/5037 1255/1276/4991
f 1266/1289/5040 2523/5113/5042 5074/2554/5043 2522/5112/5041
f 2523/5113/5042 1267/1290/5044 2524/5114/5045 5074/2554/5043
f 5074/2554/5043 2524/5114/5045 1265/1288/5035 2518/5107/5034
f 2522/5112/5041 5074/2554/5043 2518/5107/5034 1264/1286/5033
f 1267/1290/5044 2523/5113/5042 5075/2555/5046 2527/5117/5047
f 2523/5113/5042 1266/1289/5040 2525/5115/5048 5075/2555/5046
f 5075/2555/5046 2525/5115/5048 1268/1291/5049 2526/5116/5050
f 2527/5117/5047 5075/2555/5046 2526/5116/5050 1269/1292/5051
f 1266/1289/5040 2521/5111/5038 5076/2556/5052 2525/5115/5048
f 2521/5111/5038 1257/1278/5000 2505/5093/5003 5076/2556/5052
f 5076/2556/5052 2505/5093/5003 1259/1280/5007 2528/5118/5053
f 2525/5115/5048 5076/2556/5052 2528/5118/5053 1268/1291/5049
f 639/639/2478 3797/3821/2503 5077/2557/5054 2508/5096/5013
f 3797/3821/2503 646/646/2500 2529/5119/5055 5077/2557/5054
f 5077/2557/5054 2529/5119/5055 1268/1291/5049 2528/5118/5053
f 2508/5096/5013 5077/2557/5054 2528/5118/5053 1259/1280/5007
f 646/646/2500 3794/3818/2499 5078/2558/5056 2529/5119/5055
f 3794/3818/2499 645/645/2498 2530/5120/5057 5078/2558/5056
f 5078/2558/5056 2530/5120/5057 1269/1292/5051 2526/5116/5050
f 2529/5119/5055 5078/2558/5056 2526/5116/5050 1268/1291/5049
f 1/1/1 2662/2686/232 5079/2559/5058 2286/4854/4570
f 2662/2686/232 70/70/228 2531/5121/5059 5079/2559/5058
f 5079/2559/5058 2531/5121/5059 1270/1293/5060 2532/5122/5061
f 2286/4854/4570 5079/2559/5058 2532/5122/5061 1157/1157/4571
f 70/70/228 2659/2683/226 5080/2560/5062 2531/5121/5059
f 2659/2683/226 66/66/214 2511/5099/5015 5080/2560/5062
f 5080/2560/5062 2511/5099/5015 1261/1282/5019 2533/5123/5063
f 2531/5121/5059 5080/2560/5062 2533/5123/5063 1270/1293/5060
f 1263/1284/5028 2534/5124/5064 5081/2561/5065 2516/5104/5029
f 2534/5124/5064 1271/1294/5066 2535/5125/5067 5081/2561/5065
f 5081/2561/5065 2535/5125/5067 1270/1293/5060 2533/5123/5063
f 2516/5104/5029 5081/2561/5065 2533/5123/5063 1261/1282/5019
f 1271/1294/5066 2536/5126/5068 5082/2562/5069 2535/5125/5067
f 2536/5126/5068 1158/1158/4573 2290/4858/4576 5082/2562/5069
f 5082/2562/5069 2290/4858/4576 1157/1157/4571 2532/5122/5061
f 2535/5125/5067 5082/2562/5069 2532/5122/5061 1270/1293/5060
f 1158/1158/4573 2536/5126/5068 5083/2563/5070 2296/4865/4590
f 2536/5126/5068 1271/1294/5066 2537/5127/5071 5083/2563/5070
f 5083/2563/5070 2537/5127/5071 1272/1295/5072 2538/5128/5073
f 2296/4865/4590 5083/2563/5070 2538/5128/5073 1163/1165/4591
f 1271/1294/5066 2534/5124/5064 5084/2564/5074 2537/5127/5071
f 2534/5124/5064 1263/1284/5028 2519/5108/5031 5084/2564/5074
f 5084/2564/5074 2519/5108/5031 1265/1287/5035 2539/5130/5075
f 2537/5127/5071 5084/2564/5074 2539/5130/5075 1272/1295/5072
f 1267/1290/5044 2540/5132/5076 5085/2565/5077 2524/5114/5045
f 2540/5132/5076 1273/1297/5078 2541/5133/5079 5085/2565/5077
f 5085/2565/5077 2541/5133/5079 1272/1296/5072 2539/5131/5075
f 2524/5114/5045 5085/2565/5077 2539/5131/5075 1265/1288/5035
f 1273/1297/5078 2542/5134/5080 5086/2566/5081 2541/5133/5079
f 2542/5134/5080 1164/1167/4593 2300/4870/4596 5086/2566/5081
f 5086/2566/5081 2300/4870/4596 1163/1166/4591 2538/5129/5073
f 2541/5133/5079 5086/2566/5081 2538/5129/5073 1272/1296/5072
f 1164/1167/4593 2542/5134/5080 5087/2567/5082 2306/4876/4610
f 2542/5134/5080 1273/1297/5078 2543/5135/5083 5087/2567/5082
f 5087/2567/5082 2543/5135/5083 1274/1298/5084 2544/5136/5085
f 2306/4876/4610 5087/2567/5082 2544/5136/5085 1169/1172/4611
f 1273/1297/5078 2540/5132/5076 5088/2568/5086 2543/5135/5083
f 2540/5132/5076 1267/1290/5044 2527/5117/5047 5088/2568/5086
f 5088/2568/5086 2527/5117/5047 1269/1292/5051 2545/5137/5087
f 2543/5135/5083 5088/2568/5086 2545/5137/5087 1274/1298/5084
f 645/645/2498 3805/3829/2518 5089/2569/5088 2530/5120/5057
f 3805/3829/2518 649/649/2515 2546/5138/5089 5089/2569/5088
f 5089/2569/5088 2546/5138/5089 1274/1298/5084 2545/5137/5087
f 2530/5120/5057 5089/2569/5088 2545/5137/5087 1269/1292/5051
f 649/649/2515 3802/3826/2514 5090/2570/5090 2546/5138/5089
f 3802/3826/2514 584/584/2297 2309/4879/4614 5090/2570/5090
f 5090/2570/5090 2309/4879/4614 1169/1172/4611 2544/5136/5085
f 2546/5138/5089 5090/2570/5090 2544/5136/5085 1274/1298/5084
g default
v -0.109600 4.338600 -2.616650
v 0.435800 4.336700 -2.578450
v 0.384000 2.103300 -2.338250
v -0.110200 2.105000 -2.372850
v -0.650900 4.340400 -2.540550
v -0.600700 2.106700 -2.303850
v -1.164700 4.342100 -2.353550
v -1.066200 2.108200 -2.134450
v -1.628300 4.343500 -2.063850
v -1.486200 2.109500 -1.871950
v -2.021500 4.344600 -1.684050
v -1.842500 2.110500 -1.527850
v -2.327200 4.345400 -1.230850
v -2.119500 2.111200 -1.117250
v -2.532000 4.345800 -0.724050
v -2.305100 2.111600 -0.657950
v -2.626900 4.345800 -0.185650
v -2.391100 2.111600 -0.170150
v -2.607800 4.345400 0.360750
v -2.373800 2.111200 0.324950
v -2.475600 4.344600 0.891150
v -2.254000 2.110500 0.805550
v -2.235900 4.343500 1.382550
v -2.036900 2.109500 1.250750
v -1.899400 4.342100 1.813350
v -1.731900 2.108200 1.641150
v -1.480600 4.340400 2.164750
v -1.352400 2.106700 1.959550
v -0.997900 4.338600 2.421350
v -0.915100 2.105000 2.192050
v -0.472400 4.336700 2.572050
v -0.438900 2.103300 2.328650
v 0.072900 4.334800 2.610150
v 0.055200 2.101500 2.363150
v 0.614300 4.332900 2.534050
v 0.545700 2.099900 2.294250
v 1.128000 4.331300 2.347150
v 1.011200 2.098400 2.124850
v 1.591600 4.329900 2.057450
v 1.431300 2.097100 1.862350
v 1.984900 4.328700 1.677650
v 1.787600 2.096100 1.518250
v 2.290600 4.327900 1.224450
v 2.064600 2.095400 1.107550
v 2.495300 4.327500 0.717550
v 2.250200 2.095000 0.648250
v 2.590300 4.327500 0.179150
v 2.336200 2.095000 0.160450
v 2.571200 4.327900 -0.367150
v 2.318900 2.095400 -0.334550
v 2.439000 4.328700 -0.897550
v 2.199100 2.096100 -0.815250
v 2.199300 4.329900 -1.388950
v 1.981900 2.097100 -1.260450
v 1.862700 4.331300 -1.819750
v 1.676900 2.098400 -1.650750
v 1.444000 4.332900 -2.171150
v 1.297500 2.099900 -1.969150
v 0.961300 4.334800 -2.427750
v 0.860100 2.101500 -2.201750
v -0.109300 8.731300 -3.129550
v 0.543800 8.729100 -3.083950
v 0.534100 8.329600 -3.038950
v -0.109400 8.331900 -3.083950
v -0.109800 6.572200 -2.882650
v 0.491400 6.570100 -2.840650
v 0.325100 0.155200 -2.053750
v -0.108500 0.156800 -2.084050
v -0.757600 8.733500 -3.038450
v -0.748200 8.334100 -2.994150
v -0.706600 6.574200 -2.798750
v -0.538900 0.158200 -2.023650
v -1.372800 8.735500 -2.814550
v -1.354300 8.335999 -2.773550
v -1.272900 6.576000 -2.592650
v -0.947300 0.159500 -1.874950
v -1.928000 8.737200 -2.467650
v -1.901300 8.337700 -2.431650
v -1.784000 6.577600 -2.273350
v -1.315900 0.160700 -1.644650
v -2.398900 8.738600 -2.012850
v -2.365300 8.339000 -1.983650
v -2.217500 6.578900 -1.854650
v -1.628600 0.161600 -1.342750
v -2.765000 8.739500 -1.470150
v -2.726000 8.340000 -1.448850
v -2.554500 6.579700 -1.355050
v -1.871600 0.162200 -0.982350
v -3.010200 8.740000 -0.863150
v -2.967700 8.340400 -0.850750
v -2.780300 6.580200 -0.796250
v -2.034500 0.162500 -0.579350
v -3.123900 8.740000 -0.218450
v -3.079700 8.340400 -0.215550
v -2.885000 6.580200 -0.202650
v -2.109900 0.162500 -0.151350
v -3.101100 8.739500 0.435850
v -3.057200 8.340000 0.429150
v -2.863900 6.579700 0.399650
v -2.094800 0.162200 0.283050
v -2.942700 8.738600 1.071050
v -2.901100 8.339000 1.055050
v -2.718100 6.578900 0.984350
v -1.989600 0.161600 0.704750
v -2.655700 8.737200 1.659450
v -2.618400 8.337700 1.634750
v -2.453900 6.577600 1.526050
v -1.799100 0.160700 1.095350
v -2.252600 8.735500 2.175350
v -2.221200 8.335999 2.143050
v -2.082900 6.576000 2.000950
v -1.531500 0.159500 1.437850
v -1.751100 8.733500 2.596150
v -1.727100 8.334100 2.557750
v -1.621200 6.574200 2.388350
v -1.198500 0.158200 1.717250
v -1.173100 8.731300 2.903550
v -1.157600 8.331900 2.860550
v -1.089100 6.572200 2.671350
v -0.814800 0.156800 1.921350
v -0.543800 8.729100 3.083950
v -0.537500 8.329600 3.038350
v -0.509800 6.570100 2.837450
v -0.397000 0.155200 2.041150
v 0.109300 8.726800 3.129650
v 0.106000 8.327400 3.083350
v 0.091400 6.568000 2.879450
v 0.036600 0.153700 2.071450
v 0.757500 8.724600 3.038550
v 0.744700 8.325200 2.993550
v 0.688200 6.566000 2.795550
v 0.467000 0.152300 2.010950
v 1.372700 8.722600 2.814550
v 1.350900 8.323300 2.772950
v 1.254600 6.564100 2.589450
v 0.875400 0.150900 1.862250
v 1.927900 8.720900 2.467650
v 1.897900 8.321600 2.431150
v 1.765700 6.562600 2.270050
v 1.244000 0.149800 1.631950
v 2.398800 8.719500 2.012950
v 2.361900 8.320300 1.983050
v 2.199200 6.561300 1.851450
v 1.556700 0.148900 1.330050
v 2.764900 8.718600 1.470150
v 2.722600 8.319300 1.448250
v 2.536200 6.560500 1.351850
v 1.799700 0.148300 0.969750
v 3.010100 8.718100 0.863150
v 2.964200 8.318900 0.850150
v 2.762000 6.560000 0.793050
v 1.962500 0.148000 0.566750
v 3.123800 8.718100 0.218450
v 3.076200 8.318900 0.214950
v 2.866600 6.560000 0.199450
v 2.038000 0.148000 0.138650
v 3.101000 8.718600 -0.435850
v 3.053700 8.319300 -0.429750
v 2.845600 6.560500 -0.402850
v 2.022800 0.148300 -0.295650
v 2.942600 8.719500 -1.071050
v 2.897700 8.320300 -1.055550
v 2.699800 6.561300 -0.987550
v 1.917700 0.148900 -0.717350
v 2.655600 8.720900 -1.659450
v 2.614900 8.321600 -1.635350
v 2.435600 6.562600 -1.529250
v 1.727200 0.149800 -1.108050
v 2.252600 8.722600 -2.175350
v 2.217800 8.323300 -2.143650
v 2.064500 6.564100 -2.004150
v 1.459600 0.150900 -1.450550
v 1.751100 8.724600 -2.596150
v 1.723700 8.325200 -2.558250
v 1.602900 6.566000 -2.391550
v 1.126600 0.152300 -1.729950
v 1.173100 8.726800 -2.903450
v 1.154100 8.327400 -2.861150
v 1.070800 6.568000 -2.674550
v 0.742900 0.153700 -1.933950
v -0.112100 8.731400 -3.210650
v 0.557800 8.729100 -3.163850
v -0.777200 8.733600 -3.117250
v -1.408400 8.735700 -2.887450
v -1.977900 8.737400 -2.531550
v -2.461000 8.738800 -2.065050
v -2.836600 8.739799 -1.508250
v -3.088200 8.740300 -0.885550
v -3.204800 8.740300 -0.224050
v -3.181400 8.739799 0.447150
v -3.018900 8.738800 1.098850
v -2.724500 8.737400 1.702450
v -2.311000 8.735700 2.231750
v -1.796500 8.733600 2.663450
v -1.203500 8.731400 2.978750
v -0.557900 8.729100 3.163850
v 0.112100 8.726700 3.210650
v 0.777200 8.724500 3.117250
v 1.408300 8.722400 2.887550
v 1.977900 8.720700 2.531650
v 2.461000 8.719300 2.065050
v 2.836600 8.718300 1.508250
v 3.088100 8.717800 0.885550
v 3.204800 8.717800 0.224150
v 3.181300 8.718300 -0.447150
v 3.018900 8.719300 -1.098750
v 2.724400 8.720700 -1.702450
v 2.310900 8.722400 -2.231650
v 1.796500 8.724500 -2.663350
v 1.203500 8.726700 -2.978750
v -0.113500 8.771500 -3.250750
v -0.113500 8.917100 -3.250750
v 0.564800 8.914700 -3.203250
v 0.564800 8.769100 -3.203250
v -0.786900 8.773800 -3.156050
v -0.786900 8.919400 -3.156050
v -1.425900 8.775800 -2.923450
v -1.425900 8.921400 -2.923450
v -2.002600 8.777600 -2.563150
v -2.002600 8.923200 -2.563150
v -2.491700 8.779000 -2.090750
v -2.491700 8.924600 -2.090750
v -2.872000 8.780000 -1.527050
v -2.872000 8.925600 -1.527050
v -3.126700 8.780500 -0.896550
v -3.126700 8.926100 -0.896550
v -3.244800 8.780500 -0.226850
v -3.244800 8.926100 -0.226850
v -3.221100 8.780000 0.452750
v -3.221100 8.925600 0.452750
v -3.056600 8.779000 1.112550
v -3.056600 8.924600 1.112550
v -2.758500 8.777600 1.723650
v -2.758500 8.923200 1.723650
v -2.339800 8.775800 2.259550
v -2.339800 8.921400 2.259550
v -1.818900 8.773800 2.696650
v -1.818900 8.919400 2.696650
v -1.218500 8.771500 3.015850
v -1.218500 8.917100 3.015850
v -0.564900 8.769100 3.203250
v -0.564900 8.914700 3.203250
v 0.113500 8.766700 3.250750
v 0.113500 8.912300 3.250750
v 0.786900 8.764500 3.156050
v 0.786900 8.910100 3.156050
v 1.425800 8.762400 2.923550
v 1.425800 8.908000 2.923550
v 2.002500 8.760600 2.563150
v 2.002500 8.906200 2.563150
v 2.491700 8.759200 2.090850
v 2.491700 8.904800 2.090850
v 2.871900 8.758200 1.527050
v 2.871900 8.903800 1.527050
v 3.126600 8.757700 0.896550
v 3.126600 8.903400 0.896550
v 3.244700 8.757700 0.226950
v 3.244700 8.903400 0.226950
v 3.221000 8.758200 -0.452650
v 3.221000 8.903800 -0.452650
v 3.056500 8.759200 -1.112450
v 3.056500 8.904800 -1.112450
v 2.758400 8.760600 -1.723650
v 2.758400 8.906200 -1.723650
v 2.339800 8.762400 -2.259550
v 2.339800 8.908000 -2.259550
v 1.818900 8.764500 -2.696650
v 1.818900 8.910100 -2.696650
v 1.218400 8.766700 -3.015850
v 1.218400 8.912300 -3.015850
v -0.112100 8.957100 -3.210650
v -0.105900 8.957000 -3.030350
v 0.526500 8.954800 -2.986150
v 0.557800 8.954800 -3.163850
v -0.777200 8.959400 -3.117250
v -0.733600 8.959100 -2.942150
v -1.408400 8.961400 -2.887450
v -1.329300 8.960999 -2.725350
v -1.977900 8.963200 -2.531550
v -1.866800 8.962700 -2.389450
v -2.461000 8.964600 -2.065050
v -2.322800 8.964000 -1.949050
v -2.836600 8.965500 -1.508250
v -2.677300 8.964900 -1.423550
v -3.088200 8.966000 -0.885550
v -2.914800 8.965400 -0.835750
v -3.204800 8.966000 -0.224050
v -3.024800 8.965400 -0.211550
v -3.181400 8.965500 0.447150
v -3.002700 8.964900 0.422050
v -3.018900 8.964600 1.098850
v -2.849400 8.964000 1.037050
v -2.724500 8.963200 1.702450
v -2.571500 8.962700 1.606850
v -2.311000 8.961400 2.231750
v -2.181200 8.960999 2.106350
v -1.796500 8.959400 2.663450
v -1.695600 8.959100 2.513850
v -1.203500 8.957100 2.978750
v -1.135900 8.957000 2.811450
v -0.557900 8.954800 3.163850
v -0.526600 8.954800 2.986150
v 0.112100 8.952400 3.210650
v 0.105800 8.952600 3.030350
v 0.777200 8.950200 3.117250
v 0.733500 8.950500 2.942150
v 1.408300 8.948200 2.887550
v 1.329200 8.948500 2.725350
v 1.977900 8.946400 2.531650
v 1.866800 8.946900 2.389450
v 2.461000 8.945000 2.065050
v 2.322800 8.945600 1.949050
v 2.836500 8.944000 1.508250
v 2.677200 8.944600 1.423550
v 3.088100 8.943600 0.885550
v 2.914700 8.944200 0.835850
v 3.204800 8.943600 0.224150
v 3.024800 8.944200 0.211550
v 3.181300 8.944000 -0.447150
v 3.002700 8.944600 -0.421950
v 3.018900 8.945000 -1.098750
v 2.849300 8.945600 -1.037050
v 2.724400 8.946400 -1.702450
v 2.571400 8.946900 -1.606850
v 2.310900 8.948200 -2.231650
v 2.181200 8.948500 -2.106350
v 1.796500 8.950200 -2.663350
v 1.695600 8.950500 -2.513850
v 1.203500 8.952400 -2.978750
v 1.135900 8.952600 -2.811450
v -0.104300 8.917300 -2.984650
v -0.063800 0.808100 -1.825950
v 0.317200 0.806700 -1.799350
v 0.518600 8.915100 -2.941150
v -0.722500 8.919400 -2.897750
v -0.442000 0.809300 -1.772850
v -1.309200 8.921300 -2.684250
v -0.801000 0.810500 -1.642150
v -1.838700 8.922900 -2.353350
v -1.124900 0.811500 -1.439750
v -2.287800 8.924200 -1.919650
v -1.399700 0.812300 -1.174450
v -2.636900 8.925100 -1.402050
v -1.613300 0.812800 -0.857750
v -2.870800 8.925600 -0.823150
v -1.756300 0.813100 -0.503650
v -2.979200 8.925600 -0.208350
v -1.822700 0.813100 -0.127450
v -2.957400 8.925100 0.415650
v -1.809300 0.812800 0.254250
v -2.806400 8.924200 1.021450
v -1.716900 0.812300 0.624950
v -2.532700 8.922900 1.582650
v -1.549500 0.811500 0.968250
v -2.148300 8.921300 2.074650
v -1.314300 0.810500 1.269250
v -1.670100 8.919400 2.475950
v -1.021700 0.809300 1.514750
v -1.118800 8.917300 2.769050
v -0.684500 0.808100 1.694050
v -0.518600 8.915100 2.941150
v -0.317300 0.806700 1.799350
v 0.104200 8.912900 2.984650
v 0.063700 0.805400 1.825950
v 0.722500 8.910800 2.897750
v 0.442000 0.804100 1.772850
v 1.309100 8.908900 2.684250
v 0.800900 0.803000 1.642150
v 1.838600 8.907300 2.353350
v 1.124800 0.802000 1.439750
v 2.287700 8.906000 1.919650
v 1.399600 0.801200 1.174450
v 2.636900 8.905100 1.402050
v 1.613200 0.800600 0.857750
v 2.870700 8.904700 0.823150
v 1.756300 0.800400 0.503650
v 2.979200 8.904700 0.208350
v 1.822600 0.800400 0.127450
v 2.957400 8.905100 -0.415650
v 1.809300 0.800600 -0.254250
v 2.806300 8.906000 -1.021450
v 1.716900 0.801200 -0.624850
v 2.532600 8.907300 -1.582550
v 1.549400 0.802000 -0.968250
v 2.148300 8.908900 -2.074550
v 1.314300 0.803000 -1.269150
v 1.670000 8.910800 -2.475950
v 1.021700 0.804100 -1.514750
v 1.118700 8.912900 -2.769050
v 0.684400 0.805400 -1.694050
v -0.112900 8.735900 -3.232950
v 0.561700 8.733500 -3.185750
v -0.782600 8.738100 -3.138750
v -1.418100 8.740200 -2.907450
v -1.991600 8.742000 -2.549150
v -2.478100 8.743400 -2.079350
v -2.856300 8.744300 -1.518650
v -3.109600 8.744800 -0.891650
v -3.227000 8.744800 -0.225650
v -3.203400 8.744300 0.450250
v -3.039800 8.743400 1.106450
v -2.743400 8.742000 1.714250
v -2.327000 8.740200 2.247150
v -1.809000 8.738100 2.681850
v -1.211800 8.735900 2.999350
v -0.561800 8.733500 3.185750
v 0.112900 8.731100 3.232950
v 0.782600 8.728900 3.138850
v 1.418000 8.726800 2.907550
v 1.991600 8.725100 2.549150
v 2.478000 8.723700 2.079350
v 2.856200 8.722700 1.518750
v 3.109500 8.722200 0.891650
v 3.227000 8.722200 0.225650
v 3.203400 8.722700 -0.450250
v 3.039800 8.723700 -1.106350
v 2.743300 8.725100 -1.714250
v 2.327000 8.726800 -2.247150
v 1.808900 8.728900 -2.681850
v 1.211800 8.731100 -2.999350
v -0.113400 8.939400 -3.246250
v 0.564000 8.937000 -3.198850
v -0.785800 8.941600 -3.151750
v -1.424000 8.943700 -2.919450
v -1.999800 8.945500 -2.559650
v -2.488300 8.946900 -2.087950
v -2.868000 8.947800 -1.524950
v -3.122400 8.948300 -0.895350
v -3.240400 8.948300 -0.226550
v -3.216700 8.947800 0.452050
v -3.052400 8.946900 1.110950
v -2.754700 8.945500 1.721350
v -2.336600 8.943700 2.256450
v -1.816400 8.941600 2.692950
v -1.216800 8.939400 3.011750
v -0.564100 8.937000 3.198950
v 0.113300 8.934600 3.246250
v 0.785800 8.932300 3.151750
v 1.423900 8.930300 2.919550
v 1.999800 8.928500 2.559650
v 2.488300 8.927100 2.087950
v 2.868000 8.926100 1.524950
v 3.122400 8.925600 0.895350
v 3.240300 8.925600 0.226550
v 3.216600 8.926100 -0.452050
v 3.052300 8.927100 -1.110950
v 2.754600 8.928500 -1.721350
v 2.336600 8.930300 -2.256450
v 1.816400 8.932300 -2.692950
v 1.216800 8.934600 -3.011750
v -0.105000 8.952600 -3.007450
v 0.522500 8.950400 -2.963650
v -0.728000 8.954700 -2.919950
v -1.319200 8.956600 -2.704750
v -1.852800 8.958200 -2.371350
v -2.305300 8.959500 -1.934350
v -2.657100 8.960400 -1.412750
v -2.892800 8.960900 -0.829450
v -3.002000 8.960900 -0.209950
v -2.980100 8.960400 0.418850
v -2.827900 8.959500 1.029250
v -2.552100 8.958200 1.594750
v -2.164800 8.956600 2.090450
v -1.682800 8.954700 2.494850
v -1.127300 8.952600 2.790250
v -0.522600 8.950400 2.963650
v 0.105000 8.948200 3.007550
v 0.728000 8.946100 2.919950
v 1.319200 8.944200 2.704750
v 1.852700 8.942500 2.371350
v 2.305200 8.941200 1.934350
v 2.657000 8.940300 1.412850
v 2.892700 8.939800 0.829450
v 3.002000 8.939800 0.209950
v 2.980000 8.940300 -0.418850
v 2.827800 8.941200 -1.029250
v 2.552000 8.942500 -1.594650
v 2.164700 8.944100 -2.090450
v 1.682800 8.946100 -2.494850
v 1.127300 8.948200 -2.790150
v -0.113400 8.749200 -3.246250
v 0.564000 8.746900 -3.198850
v -0.785800 8.751500 -3.151750
v -1.424000 8.753600 -2.919450
v -1.999800 8.755300 -2.559650
v -2.488300 8.756700 -2.087950
v -2.868000 8.757700 -1.524950
v -3.122400 8.758200 -0.895350
v -3.240400 8.758200 -0.226550
v -3.216700 8.757700 0.452050
v -3.052400 8.756700 1.110950
v -2.754700 8.755300 1.721350
v -2.336600 8.753600 2.256450
v -1.816400 8.751500 2.692950
v -1.216800 8.749200 3.011750
v -0.564100 8.746900 3.198950
v 0.113300 8.744500 3.246250
v 0.785800 8.742200 3.151750
v 1.423900 8.740100 2.919550
v 1.999800 8.738400 2.559650
v 2.488300 8.737000 2.087950
v 2.868000 8.736000 1.524950
v 3.122400 8.735500 0.895350
v 3.240300 8.735500 0.226550
v 3.216600 8.736000 -0.452050
v 3.052300 8.737000 -1.110950
v 2.754600 8.738400 -1.721250
v 2.336600 8.740100 -2.256450
v 1.816400 8.742200 -2.692950
v 1.216800 8.744500 -3.011750
v -0.112900 8.952700 -3.232950
v 0.561700 8.950300 -3.185750
v -0.782600 8.955000 -3.138750
v -1.418100 8.957000 -2.907450
v -1.991600 8.958800 -2.549150
v -2.478100 8.960200 -2.079350
v -2.856300 8.961100 -1.518650
v -3.109600 8.961600 -0.891650
v -3.227000 8.961600 -0.225650
v -3.203400 8.961100 0.450250
v -3.039800 8.960200 1.106450
v -2.743400 8.958800 1.714250
v -2.327000 8.957000 2.247150
v -1.809000 8.955000 2.681850
v -1.211800 8.952700 2.999350
v -0.561800 8.950300 3.185750
v 0.112900 8.948000 3.232950
v 0.782600 8.945700 3.138850
v 1.418000 8.943600 2.907550
v 1.991600 8.941900 2.549150
v 2.478000 8.940500 2.079350
v 2.856200 8.939500 1.518750
v 3.109500 8.939000 0.891650
v 3.227000 8.939000 0.225650
v 3.203400 8.939500 -0.450250
v 3.039800 8.940500 -1.106350
v 2.743300 8.941900 -1.714250
v 2.327000 8.943600 -2.247150
v 1.808900 8.945700 -2.681850
v 1.211800 8.948000 -2.999350
v -0.104500 8.939300 -2.992250
v 0.519900 8.937200 -2.948550
v -0.724400 8.941400 -2.905150
v -1.312500 8.943300 -2.691050
v -1.843400 8.945000 -2.359350
v -2.293600 8.946300 -1.924550
v -2.643600 8.947200 -1.405650
v -2.878100 8.947600 -0.825250
v -2.986800 8.947600 -0.208850
v -2.965000 8.947200 0.416750
v -2.813500 8.946300 1.024050
v -2.539200 8.945000 1.586650
v -2.153800 8.943300 2.079850
v -1.674300 8.941400 2.482250
v -1.121600 8.939300 2.776050
v -0.520000 8.937200 2.948650
v 0.104500 8.935000 2.992250
v 0.724300 8.932900 2.905150
v 1.312500 8.931000 2.691050
v 1.843300 8.929300 2.359350
v 2.293600 8.927999 1.924550
v 2.643600 8.927100 1.405650
v 2.878100 8.926700 0.825250
v 2.986700 8.926700 0.208850
v 2.964900 8.927100 -0.416650
v 2.813500 8.927999 -1.024050
v 2.539100 8.929300 -1.586650
v 2.153700 8.931000 -2.079850
v 1.674200 8.932900 -2.482250
v 1.121600 8.935000 -2.776050
v 0.294500 0.006700 -1.884150
v 0.093000 0.006700 -0.741750
v -0.062700 0.007200 -0.752650
v -0.103200 0.008100 -1.911950
v 0.677600 0.005300 -1.774250
v 0.243100 0.006100 -0.698750
v 1.029600 0.003900 -1.587150
v 0.380900 0.005600 -0.625450
v 1.334900 0.002700 -1.330950
v 0.500500 0.005100 -0.525150
v 1.580300 0.001700 -1.016850
v 0.596600 0.004700 -0.402150
v 1.755100 0.000900 -0.658550
v 0.665000 0.004400 -0.261850
v 1.851500 0.000300 -0.271750
v 0.702800 0.004200 -0.110350
v 1.865400 0.000000 0.126550
v 0.708200 0.004100 0.045650
v 1.796200 0.000000 0.519150
v 0.681100 0.004100 0.199350
v 1.646900 0.000300 0.888650
v 0.622700 0.004200 0.344150
v 1.424000 0.000900 1.219150
v 0.535400 0.004400 0.473550
v 1.137200 0.001700 1.496050
v 0.423100 0.004700 0.581950
v 0.799200 0.002700 1.707250
v 0.290700 0.005100 0.664650
v 0.424600 0.003900 1.843550
v 0.144000 0.005600 0.718050
v 0.029900 0.005300 1.899050
v -0.010600 0.006100 0.739750
v -0.367700 0.006700 1.871250
v -0.166300 0.006700 0.728850
v -0.750900 0.008100 1.761450
v -0.316300 0.007200 0.685850
v -1.102800 0.009400 1.574250
v -0.454100 0.007700 0.612550
v -1.408200 0.010600 1.318050
v -0.573700 0.008200 0.512250
v -1.653600 0.011700 1.003950
v -0.669800 0.008600 0.389250
v -1.828300 0.012500 0.645650
v -0.738300 0.008900 0.248950
v -1.924700 0.013000 0.258950
v -0.776000 0.009200 0.097450
v -1.938600 0.013300 -0.139450
v -0.781500 0.009300 -0.058550
v -1.869400 0.013300 -0.531950
v -0.754400 0.009300 -0.212250
v -1.720100 0.013000 -0.901550
v -0.695900 0.009200 -0.356950
v -1.497200 0.012500 -1.232050
v -0.608600 0.008900 -0.486350
v -1.210500 0.011700 -1.508950
v -0.496300 0.008600 -0.594850
v -0.872400 0.010600 -1.720150
v -0.363900 0.008200 -0.677550
v -0.497900 0.009400 -1.856450
v -0.217200 0.007700 -0.730950
v -0.106100 0.024600 -1.997850
v 0.309500 0.023200 -1.968750
v -0.518600 0.026000 -1.939850
v -0.910000 0.027300 -1.797350
v -1.263300 0.028400 -1.576650
v -1.562900 0.029200 -1.287250
v -1.795900 0.029800 -0.941850
v -1.951900 0.030100 -0.555650
v -2.024300 0.030100 -0.145450
v -2.009700 0.029800 0.270850
v -1.909000 0.029200 0.675050
v -1.726300 0.028400 1.049450
v -1.469900 0.027300 1.377750
v -1.150800 0.026000 1.645550
v -0.783000 0.024600 1.841050
v -0.382500 0.023200 1.955850
v 0.033000 0.021700 1.984950
v 0.445500 0.020300 1.926950
v 0.837000 0.019100 1.784550
v 1.190200 0.018000 1.563750
v 1.489900 0.017100 1.274350
v 1.722800 0.016500 0.929050
v 1.878800 0.016200 0.542850
v 1.951200 0.016200 0.132550
v 1.936600 0.016500 -0.283750
v 1.835900 0.017100 -0.687950
v 1.653300 0.018000 -1.062350
v 1.396800 0.019100 -1.390550
v 1.077700 0.020300 -1.658350
v 0.709900 0.021700 -1.853950
v -0.107900 0.074200 -2.055150
v 0.319700 0.072700 -2.025250
v -0.532300 0.075600 -1.995550
v -0.935000 0.076900 -1.848950
v -1.298400 0.078100 -1.621850
v -1.606700 0.079000 -1.324150
v -1.846400 0.079600 -0.968850
v -2.006900 0.079900 -0.571450
v -2.081400 0.079900 -0.149350
v -2.066400 0.079600 0.278950
v -1.962700 0.079000 0.694750
v -1.774800 0.078100 1.079950
v -1.511000 0.076900 1.417650
v -1.182700 0.075600 1.693150
v -0.804300 0.074200 1.894350
v -0.392300 0.072700 2.012550
v 0.035200 0.071200 2.042450
v 0.459600 0.069800 1.982750
v 0.862400 0.068500 1.836150
v 1.225800 0.067300 1.609050
v 1.534100 0.066500 1.311350
v 1.773700 0.065800 0.956050
v 1.934300 0.065500 0.558650
v 2.008700 0.065500 0.136650
v 1.993800 0.065800 -0.291650
v 1.890100 0.066500 -0.707550
v 1.702200 0.067300 -1.092750
v 1.438300 0.068500 -1.430450
v 1.110000 0.069800 -1.705950
v 0.731600 0.071200 -1.907150
vt 0.206200 0.200900
vt 0.184700 0.200900
vt 0.180700 0.106200
vt 0.202600 0.106100
vt 0.227500 0.200800
vt 0.224600 0.106000
vt 0.248700 0.200600
vt 0.246700 0.105900
vt 0.269900 0.200500
vt 0.268600 0.105800
vt 0.291000 0.200400
vt 0.290500 0.105700
vt 0.312300 0.200300
vt 0.312100 0.105600
vt 0.333300 0.200200
vt 0.333800 0.105400
vt 0.354200 0.200100
vt 0.355500 0.105400
vt 0.375000 0.200100
vt 0.377200 0.105400
vt 0.395900 0.200100
vt 0.398900 0.105400
vt 0.416800 0.200200
vt 0.420600 0.105500
vt 0.437600 0.200300
vt 0.442300 0.105600
vt 0.458800 0.200400
vt 0.464000 0.105700
vt 0.480200 0.200400
vt 0.485900 0.105700
vt 0.502000 0.200400
vt 0.507900 0.105700
vt 0.524000 0.200300
vt 0.529900 0.105600
vt 0.546300 0.200000
vt 0.551900 0.105300
vt 0.568900 0.199400
vt 0.573900 0.104700
vt 0.591800 0.198400
vt 0.595900 0.103800
vt 0.615000 0.196900
vt 0.617800 0.102200
vt 0.638500 0.194600
vt 0.639600 0.100100
vt 0.662200 0.191500
vt 0.661500 0.097000
vt 0.024000 0.195600
vt 0.000500 0.192800
vt 0.001800 0.098500
vt 0.024000 0.101300
vt 0.047500 0.197900
vt 0.046200 0.103500
vt 0.070800 0.199400
vt 0.068300 0.105000
vt 0.094000 0.200300
vt 0.090500 0.105800
vt 0.117000 0.200700
vt 0.112800 0.106200
vt 0.139700 0.200800
vt 0.135200 0.106300
vt 0.162400 0.200800
vt 0.157800 0.106300
vt 0.214700 0.386600
vt 0.193700 0.386200
vt 0.193000 0.369400
vt 0.214000 0.369700
vt 0.210700 0.295100
vt 0.190000 0.295000
vt 0.174900 0.022100
vt 0.198000 0.022000
vt 0.235200 0.386400
vt 0.234400 0.369500
vt 0.231200 0.295000
vt 0.220900 0.021900
vt 0.255100 0.386100
vt 0.254500 0.369200
vt 0.251600 0.294800
vt 0.243600 0.021800
vt 0.274800 0.385900
vt 0.274300 0.369100
vt 0.271900 0.294700
vt 0.266200 0.021600
vt 0.294300 0.385800
vt 0.293900 0.368900
vt 0.292100 0.294500
vt 0.288700 0.021400
vt 0.313700 0.385700
vt 0.313400 0.368800
vt 0.312200 0.294400
vt 0.311000 0.021300
vt 0.333000 0.385700
vt 0.332900 0.368800
vt 0.332200 0.294400
vt 0.333500 0.021300
vt 0.352300 0.385600
vt 0.352200 0.368700
vt 0.352100 0.294300
vt 0.356000 0.021200
vt 0.371500 0.385600
vt 0.371600 0.368700
vt 0.372000 0.294300
vt 0.378400 0.021200
vt 0.390900 0.385600
vt 0.391100 0.368700
vt 0.392000 0.294300
vt 0.400900 0.021300
vt 0.410600 0.385600
vt 0.410800 0.368700
vt 0.412100 0.294500
vt 0.423300 0.021400
vt 0.430700 0.385700
vt 0.431000 0.368800
vt 0.432400 0.294500
vt 0.445700 0.021500
vt 0.450900 0.385700
vt 0.451300 0.368900
vt 0.453000 0.294500
vt 0.468000 0.021600
vt 0.471500 0.385800
vt 0.472000 0.368900
vt 0.473900 0.294600
vt 0.490300 0.021600
vt 0.492600 0.385700
vt 0.493100 0.368900
vt 0.495100 0.294600
vt 0.512500 0.021700
vt 0.514400 0.385600
vt 0.514800 0.368700
vt 0.516900 0.294400
vt 0.534500 0.021600
vt 0.536800 0.385300
vt 0.537200 0.368400
vt 0.539200 0.294100
vt 0.556400 0.021400
vt 0.560000 0.384800
vt 0.560400 0.367900
vt 0.562100 0.293500
vt 0.578000 0.020900
vt 0.584100 0.383900
vt 0.584400 0.367000
vt 0.585600 0.292600
vt 0.599400 0.020100
vt 0.609000 0.382600
vt 0.609100 0.365600
vt 0.609700 0.291100
vt 0.620500 0.018800
vt 0.634800 0.380500
vt 0.634700 0.363600
vt 0.634300 0.288900
vt 0.641300 0.016900
vt 0.660900 0.377100
vt 0.660600 0.360200
vt 0.659200 0.285700
vt 0.661800 0.014200
vt 0.030300 0.380800
vt 0.004600 0.377500
vt 0.004300 0.360600
vt 0.029800 0.363900
vt 0.027900 0.289600
vt 0.003200 0.286600
vt 0.001300 0.015600
vt 0.022800 0.018400
vt 0.055900 0.382900
vt 0.055200 0.366100
vt 0.052300 0.291800
vt 0.044000 0.020400
vt 0.081000 0.384300
vt 0.080100 0.367500
vt 0.076500 0.293300
vt 0.065300 0.021500
vt 0.105300 0.385200
vt 0.104400 0.368300
vt 0.100200 0.294200
vt 0.086800 0.022100
vt 0.128800 0.385700
vt 0.127800 0.368800
vt 0.123400 0.294700
vt 0.108500 0.022300
vt 0.151500 0.385800
vt 0.150500 0.369000
vt 0.146100 0.294800
vt 0.130500 0.022200
vt 0.173000 0.385800
vt 0.172200 0.369000
vt 0.168200 0.294800
vt 0.152700 0.022200
vt 0.214200 0.393900
vt 0.193200 0.393500
vt 0.234700 0.393700
vt 0.254800 0.393400
vt 0.274600 0.393200
vt 0.294200 0.393000
vt 0.313600 0.393000
vt 0.333000 0.392900
vt 0.352400 0.392900
vt 0.371700 0.392800
vt 0.391300 0.392800
vt 0.411000 0.392700
vt 0.431000 0.392700
vt 0.451400 0.392800
vt 0.472100 0.392900
vt 0.493300 0.392800
vt 0.515200 0.392700
vt 0.537700 0.392400
vt 0.561000 0.391900
vt 0.585200 0.391200
vt 0.610100 0.390100
vt 0.635800 0.388300
vt 0.662200 0.385500
vt 0.029100 0.388400
vt 0.002900 0.385100
vt 0.054800 0.390200
vt 0.079800 0.391300
vt 0.104100 0.392100
vt 0.127600 0.392600
vt 0.150200 0.392800
vt 0.172100 0.392900
vt 0.213300 0.406300
vt 0.213100 0.415000
vt 0.192000 0.415100
vt 0.192200 0.406300
vt 0.233900 0.406300
vt 0.233800 0.415000
vt 0.254200 0.406300
vt 0.254100 0.415100
vt 0.274200 0.406300
vt 0.274100 0.415200
vt 0.293900 0.406300
vt 0.293900 0.415300
vt 0.313500 0.406400
vt 0.313500 0.415400
vt 0.333100 0.406400
vt 0.333100 0.415400
vt 0.352500 0.406300
vt 0.352600 0.415300
vt 0.372100 0.406200
vt 0.372200 0.415200
vt 0.391700 0.406000
vt 0.391900 0.415000
vt 0.411600 0.405900
vt 0.411800 0.414800
vt 0.431700 0.405700
vt 0.431900 0.414700
vt 0.452200 0.405700
vt 0.452400 0.414600
vt 0.473100 0.405600
vt 0.473300 0.414500
vt 0.494500 0.405500
vt 0.494700 0.414400
vt 0.516400 0.405500
vt 0.516600 0.414400
vt 0.539100 0.405400
vt 0.539300 0.414400
vt 0.562400 0.405300
vt 0.562600 0.414500
vt 0.586600 0.405300
vt 0.586700 0.414900
vt 0.611500 0.405400
vt 0.611500 0.415400
vt 0.637300 0.405400
vt 0.637300 0.416100
vt 0.663900 0.405000
vt 0.663800 0.416800
vt 0.027200 0.404200
vt 0.027100 0.414700
vt 0.000500 0.415400
vt 0.000600 0.403800
vt 0.053000 0.404600
vt 0.052800 0.414400
vt 0.078100 0.404900
vt 0.077800 0.414300
vt 0.102300 0.405200
vt 0.102100 0.414300
vt 0.125800 0.405500
vt 0.125500 0.414600
vt 0.148600 0.405900
vt 0.148300 0.414800
vt 0.170700 0.406200
vt 0.170400 0.415000
vt 0.213200 0.424600
vt 0.213300 0.433600
vt 0.192300 0.434400
vt 0.192000 0.425100
vt 0.233900 0.424800
vt 0.233900 0.433900
vt 0.254200 0.425100
vt 0.254100 0.434400
vt 0.274200 0.425500
vt 0.274000 0.434800
vt 0.293900 0.425800
vt 0.293800 0.435100
vt 0.313600 0.425900
vt 0.313400 0.435200
vt 0.333100 0.425900
vt 0.332900 0.435300
vt 0.352600 0.425900
vt 0.352400 0.435200
vt 0.372100 0.425700
vt 0.371900 0.435100
vt 0.391800 0.425500
vt 0.391500 0.434900
vt 0.411700 0.425300
vt 0.411400 0.434700
vt 0.431800 0.425100
vt 0.431400 0.434500
vt 0.452200 0.425000
vt 0.451800 0.434300
vt 0.473100 0.424800
vt 0.472600 0.434200
vt 0.494400 0.424800
vt 0.493800 0.434200
vt 0.516300 0.424900
vt 0.515600 0.434400
vt 0.538800 0.425300
vt 0.537900 0.434800
vt 0.561900 0.425900
vt 0.560900 0.435600
vt 0.585800 0.427100
vt 0.584500 0.436900
vt 0.610300 0.428900
vt 0.608600 0.439000
vt 0.635400 0.431900
vt 0.633200 0.442200
vt 0.661100 0.436400
vt 0.657900 0.447400
vt 0.028500 0.429500
vt 0.030700 0.440000
vt 0.006100 0.445400
vt 0.002800 0.434400
vt 0.053900 0.427000
vt 0.055300 0.437100
vt 0.078600 0.425800
vt 0.079600 0.435700
vt 0.102600 0.425300
vt 0.103300 0.435000
vt 0.125900 0.425300
vt 0.126400 0.434900
vt 0.148600 0.425400
vt 0.148900 0.435000
vt 0.170600 0.425600
vt 0.170900 0.435200
vt 0.214000 0.441500
vt 0.196700 0.771400
vt 0.173100 0.771500
vt 0.193800 0.441700
vt 0.234500 0.441600
vt 0.219800 0.771500
vt 0.254500 0.441800
vt 0.243500 0.771800
vt 0.274400 0.442100
vt 0.266900 0.772100
vt 0.294000 0.442300
vt 0.290600 0.772300
vt 0.313400 0.442500
vt 0.314300 0.772500
vt 0.332800 0.442500
vt 0.338000 0.772500
vt 0.352100 0.442500
vt 0.361500 0.772400
vt 0.371500 0.442400
vt 0.384900 0.772300
vt 0.391000 0.442200
vt 0.408100 0.772000
vt 0.410700 0.442000
vt 0.431000 0.771800
vt 0.430600 0.441900
vt 0.453700 0.771500
vt 0.450900 0.441700
vt 0.476000 0.771200
vt 0.471500 0.441700
vt 0.497800 0.771000
vt 0.492600 0.441800
vt 0.519300 0.771000
vt 0.514300 0.442200
vt 0.540300 0.771100
vt 0.536300 0.442900
vt 0.561200 0.771400
vt 0.559200 0.444100
vt 0.581200 0.772000
vt 0.582500 0.445800
vt 0.600800 0.773100
vt 0.606500 0.448400
vt 0.619900 0.774600
vt 0.630800 0.451900
vt 0.638700 0.776600
vt 0.655300 0.456500
vt 0.657300 0.779300
vt 0.033100 0.450100
vt 0.027300 0.775800
vt 0.008000 0.778400
vt 0.008800 0.454400
vt 0.057600 0.446900
vt 0.046400 0.773900
vt 0.081600 0.444800
vt 0.066200 0.772700
vt 0.105100 0.443500
vt 0.086600 0.772000
vt 0.127900 0.442700
vt 0.107900 0.771700
vt 0.150100 0.442300
vt 0.129600 0.771600
vt 0.171900 0.442000
vt 0.151600 0.771600
vt 0.213800 0.398500
vt 0.192800 0.398000
vt 0.234300 0.398200
vt 0.254500 0.398000
vt 0.274400 0.397800
vt 0.294100 0.397700
vt 0.313600 0.397700
vt 0.333000 0.397700
vt 0.352400 0.397600
vt 0.371900 0.397500
vt 0.391500 0.397400
vt 0.411300 0.397300
vt 0.431300 0.397300
vt 0.451700 0.397300
vt 0.472500 0.397400
vt 0.493900 0.397300
vt 0.515800 0.397200
vt 0.538400 0.396900
vt 0.561700 0.396600
vt 0.585900 0.396000
vt 0.610800 0.395200
vt 0.636500 0.394000
vt 0.663000 0.391800
vt 0.028200 0.393600
vt 0.001900 0.390900
vt 0.054000 0.395100
vt 0.079000 0.396000
vt 0.103300 0.396600
vt 0.126700 0.397100
vt 0.149500 0.397400
vt 0.171400 0.397500
vt 0.213100 0.418500
vt 0.192000 0.418700
vt 0.233800 0.418600
vt 0.254100 0.418800
vt 0.274100 0.419000
vt 0.293900 0.419200
vt 0.313500 0.419300
vt 0.333100 0.419300
vt 0.352600 0.419200
vt 0.372200 0.419000
vt 0.391900 0.418800
vt 0.411800 0.418600
vt 0.431900 0.418500
vt 0.452400 0.418300
vt 0.473300 0.418200
vt 0.494700 0.418200
vt 0.516600 0.418200
vt 0.539200 0.418300
vt 0.562500 0.418600
vt 0.586500 0.419200
vt 0.611300 0.420200
vt 0.636900 0.421700
vt 0.663300 0.423800
vt 0.027300 0.420000
vt 0.000800 0.422100
vt 0.053000 0.419000
vt 0.077900 0.418500
vt 0.102100 0.418300
vt 0.125500 0.418400
vt 0.148300 0.418600
vt 0.170400 0.418800
vt 0.213500 0.436200
vt 0.192600 0.437100
vt 0.234000 0.436600
vt 0.254200 0.437100
vt 0.274100 0.437500
vt 0.293800 0.437800
vt 0.313400 0.438000
vt 0.332900 0.438000
vt 0.352300 0.438000
vt 0.371800 0.437800
vt 0.391400 0.437700
vt 0.411200 0.437500
vt 0.431200 0.437300
vt 0.451600 0.437100
vt 0.472300 0.437000
vt 0.493500 0.437100
vt 0.515200 0.437300
vt 0.537500 0.437900
vt 0.560400 0.438800
vt 0.583800 0.440300
vt 0.607800 0.442500
vt 0.632200 0.445900
vt 0.656700 0.451300
vt 0.031600 0.443900
vt 0.007300 0.449500
vt 0.056100 0.440800
vt 0.080200 0.439100
vt 0.103800 0.438200
vt 0.126800 0.437900
vt 0.149300 0.437900
vt 0.171300 0.438100
vt 0.213500 0.402500
vt 0.192400 0.402200
vt 0.234100 0.402300
vt 0.254300 0.402200
vt 0.274300 0.402100
vt 0.294000 0.402100
vt 0.313600 0.402100
vt 0.333000 0.402100
vt 0.352500 0.402000
vt 0.372000 0.401900
vt 0.391600 0.401700
vt 0.411500 0.401600
vt 0.431500 0.401500
vt 0.452000 0.401500
vt 0.472900 0.401500
vt 0.494200 0.401500
vt 0.516200 0.401300
vt 0.538800 0.401200
vt 0.562200 0.400900
vt 0.586300 0.400600
vt 0.611300 0.400200
vt 0.637000 0.399600
vt 0.663600 0.398300
vt 0.027600 0.398800
vt 0.001000 0.397000
vt 0.053400 0.399800
vt 0.078400 0.400400
vt 0.102700 0.400900
vt 0.126200 0.401300
vt 0.148900 0.401600
vt 0.171000 0.401800
vt 0.213100 0.421600
vt 0.192000 0.421900
vt 0.233800 0.421700
vt 0.254100 0.422000
vt 0.274100 0.422300
vt 0.293900 0.422500
vt 0.313600 0.422600
vt 0.333100 0.422700
vt 0.352600 0.422600
vt 0.372200 0.422400
vt 0.391900 0.422200
vt 0.411800 0.422000
vt 0.431900 0.421800
vt 0.452400 0.421700
vt 0.473200 0.421600
vt 0.494600 0.421500
vt 0.516500 0.421600
vt 0.539100 0.421800
vt 0.562300 0.422300
vt 0.586300 0.423200
vt 0.610900 0.424700
vt 0.636300 0.426900
vt 0.662400 0.430200
vt 0.027700 0.424900
vt 0.001600 0.428400
vt 0.053300 0.423100
vt 0.078200 0.422200
vt 0.102300 0.421900
vt 0.125700 0.421900
vt 0.148400 0.422100
vt 0.170500 0.422300
vt 0.213700 0.438500
vt 0.193000 0.439500
vt 0.234200 0.439000
vt 0.254400 0.439500
vt 0.274200 0.439900
vt 0.293900 0.440200
vt 0.313400 0.440300
vt 0.332800 0.440300
vt 0.352200 0.440300
vt 0.371700 0.440200
vt 0.391200 0.440000
vt 0.411000 0.439800
vt 0.430900 0.439700
vt 0.451300 0.439500
vt 0.472000 0.439500
vt 0.493100 0.439600
vt 0.514800 0.439900
vt 0.537000 0.440500
vt 0.559800 0.441600
vt 0.583200 0.443300
vt 0.607100 0.445700
vt 0.631400 0.449200
vt 0.655800 0.454300
vt 0.032400 0.447100
vt 0.008300 0.452600
vt 0.056800 0.444000
vt 0.080900 0.442100
vt 0.104400 0.441000
vt 0.127300 0.440400
vt 0.149700 0.440400
vt 0.171700 0.440500
vt 0.226600 0.919600
vt 0.163800 0.899200
vt 0.165700 0.890500
vt 0.231400 0.897400
vt 0.217400 0.940300
vt 0.160200 0.907300
vt 0.204100 0.958700
vt 0.155000 0.914500
vt 0.187200 0.973800
vt 0.148400 0.920400
vt 0.167600 0.985200
vt 0.140700 0.924900
vt 0.146000 0.992200
vt 0.132300 0.927600
vt 0.123400 0.994600
vt 0.123400 0.928500
vt 0.100900 0.992200
vt 0.114600 0.927600
vt 0.079300 0.985200
vt 0.106100 0.924900
vt 0.059600 0.973800
vt 0.098400 0.920400
vt 0.042800 0.958700
vt 0.091800 0.914500
vt 0.029400 0.940300
vt 0.086600 0.907300
vt 0.020200 0.919600
vt 0.083000 0.899200
vt 0.015500 0.897400
vt 0.081200 0.890500
vt 0.015500 0.874700
vt 0.081200 0.881600
vt 0.020200 0.852500
vt 0.083000 0.872900
vt 0.029400 0.831800
vt 0.086600 0.864800
vt 0.042800 0.813400
vt 0.091800 0.857600
vt 0.059600 0.798200
vt 0.098400 0.851600
vt 0.079300 0.786900
vt 0.106100 0.847200
vt 0.100900 0.779900
vt 0.114600 0.844500
vt 0.123400 0.777500
vt 0.123400 0.843500
vt 0.146000 0.779900
vt 0.132300 0.844500
vt 0.167600 0.786900
vt 0.140700 0.847200
vt 0.187200 0.798200
vt 0.148400 0.851600
vt 0.204100 0.813400
vt 0.155000 0.857600
vt 0.217400 0.831800
vt 0.160200 0.864800
vt 0.226600 0.852500
vt 0.163800 0.872900
vt 0.231400 0.874700
vt 0.165700 0.881600
vt 0.199100 0.013600
vt 0.176700 0.013400
vt 0.176800 0.009800
vt 0.199100 0.009900
vt 0.221500 0.013400
vt 0.221400 0.009800
vt 0.244000 0.013200
vt 0.243800 0.009600
vt 0.266400 0.012900
vt 0.266100 0.009400
vt 0.288800 0.012700
vt 0.288500 0.009200
vt 0.311100 0.012600
vt 0.310900 0.009000
vt 0.333500 0.012500
vt 0.333200 0.008900
vt 0.355800 0.012500
vt 0.355500 0.008900
vt 0.378100 0.012500
vt 0.377800 0.009000
vt 0.400400 0.012600
vt 0.400100 0.009000
vt 0.422700 0.012600
vt 0.422300 0.009100
vt 0.444900 0.012700
vt 0.444500 0.009200
vt 0.467000 0.012800
vt 0.466600 0.009300
vt 0.489000 0.012900
vt 0.488600 0.009400
vt 0.510900 0.013000
vt 0.510400 0.009400
vt 0.532700 0.012900
vt 0.532100 0.009300
vt 0.554300 0.012700
vt 0.553700 0.009100
vt 0.575700 0.012300
vt 0.574900 0.008700
vt 0.596800 0.011500
vt 0.595900 0.007900
vt 0.617700 0.010200
vt 0.616500 0.006500
vt 0.638100 0.008000
vt 0.636600 0.004300
vt 0.657800 0.004100
vt 0.655700 0.000500
vt 0.025900 0.010600
vt 0.006200 0.006200
vt 0.008600 0.003000
vt 0.027400 0.007600
vt 0.046700 0.012900
vt 0.047500 0.009900
vt 0.067800 0.013900
vt 0.068300 0.010700
vt 0.089200 0.014100
vt 0.089500 0.010700
vt 0.110800 0.013900
vt 0.110900 0.010400
vt 0.132600 0.013500
vt 0.132600 0.010100
vt 0.154600 0.013200
vt 0.154600 0.009700
vt 0.198600 0.017400
vt 0.176000 0.017200
vt 0.221300 0.017200
vt 0.243800 0.016900
vt 0.266300 0.016700
vt 0.288800 0.016500
vt 0.311100 0.016400
vt 0.333500 0.016300
vt 0.355900 0.016300
vt 0.378300 0.016300
vt 0.400600 0.016400
vt 0.422900 0.016500
vt 0.445200 0.016600
vt 0.467400 0.016700
vt 0.489500 0.016800
vt 0.511500 0.016800
vt 0.533400 0.016700
vt 0.555100 0.016500
vt 0.576600 0.016100
vt 0.597900 0.015300
vt 0.618900 0.014000
vt 0.639700 0.011900
vt 0.659900 0.008500
vt 0.024400 0.013800
vt 0.003800 0.010200
vt 0.045400 0.016100
vt 0.066700 0.017200
vt 0.088200 0.017600
vt 0.109900 0.017500
vt 0.131800 0.017300
vt 0.153900 0.017000
vt 0.327700 0.983200
vt 0.307000 0.976500
vt 0.288200 0.965600
vt 0.272000 0.951100
vt 0.259200 0.933500
vt 0.250400 0.913600
vt 0.245900 0.892400
vt 0.245900 0.870600
vt 0.250400 0.849400
vt 0.259200 0.829500
vt 0.272000 0.811900
vt 0.288200 0.797400
vt 0.307000 0.786500
vt 0.327700 0.779800
vt 0.349300 0.777500
vt 0.370900 0.779800
vt 0.391600 0.786500
vt 0.410400 0.797400
vt 0.426600 0.811900
vt 0.439400 0.829500
vt 0.448200 0.849400
vt 0.452700 0.870600
vt 0.452700 0.892400
vt 0.448200 0.913600
vt 0.439400 0.933500
vt 0.426600 0.951100
vt 0.410400 0.965600
vt 0.391600 0.976500
vt 0.370900 0.983200
vt 0.349300 0.985500
vn -0.035059 -0.113596 -0.992908
vn 0.172129 -0.114460 -0.978402
vn 0.171847 -0.125896 -0.977046
vn -0.035031 -0.125027 -0.991535
vn -0.240755 -0.112774 -0.964012
vn -0.240457 -0.124180 -0.962684
vn -0.435883 -0.112035 -0.893003
vn -0.435345 -0.123415 -0.891764
vn -0.612077 -0.111401 -0.782912
vn -0.611261 -0.122756 -0.781851
vn -0.761463 -0.110893 -0.638652
vn -0.760441 -0.122231 -0.637800
vn -0.877574 -0.110538 -0.466524
vn -0.876407 -0.121874 -0.465894
vn -0.955398 -0.110360 -0.273926
vn -0.954127 -0.121691 -0.273558
vn -0.991470 -0.110363 -0.069336
vn -0.990150 -0.121683 -0.069253
vn -0.984217 -0.110538 0.138196
vn -0.982909 -0.121866 0.137978
vn -0.933968 -0.110880 0.339719
vn -0.932726 -0.122229 0.339237
vn -0.842929 -0.111383 0.526369
vn -0.841802 -0.122754 0.525643
vn -0.715047 -0.112026 0.690042
vn -0.714082 -0.123422 0.689097
vn -0.555911 -0.112777 0.823556
vn -0.555179 -0.124186 0.822408
vn -0.372545 -0.113604 0.921035
vn -0.372080 -0.125015 0.919743
vn -0.172889 -0.114461 0.978268
vn -0.172699 -0.125887 0.976897
vn 0.034308 -0.115310 0.992737
vn 0.034213 -0.126767 0.991342
vn 0.239878 -0.116124 0.963833
vn 0.239519 -0.127611 0.962469
vn 0.435036 -0.116873 0.892796
vn 0.434396 -0.128388 0.891525
vn 0.611180 -0.117516 0.782719
vn 0.610269 -0.129044 0.781613
vn 0.760549 -0.118029 0.638462
vn 0.759444 -0.129560 0.637542
vn 0.876691 -0.118386 0.466260
vn 0.875411 -0.129918 0.465593
vn 0.954475 -0.118561 0.273718
vn 0.953079 -0.130100 0.273340
vn 0.990531 -0.118557 0.069229
vn 0.989088 -0.130104 0.069116
vn 0.983290 -0.118378 -0.138304
vn 0.981858 -0.129922 -0.138114
vn 0.933051 -0.118027 -0.339830
vn 0.931701 -0.129560 -0.339334
vn 0.841996 -0.117520 -0.526528
vn 0.840771 -0.129031 -0.525790
vn 0.714194 -0.116881 -0.690120
vn 0.713137 -0.128375 -0.689171
vn 0.555129 -0.116139 -0.823616
vn 0.554303 -0.127616 -0.822473
vn 0.371730 -0.115322 -0.921150
vn 0.371174 -0.126774 -0.919869
vn -0.034119 -0.319267 -0.947051
vn 0.163460 -0.320152 -0.933158
vn 0.172127 -0.114422 -0.978407
vn -0.035070 -0.113540 -0.992914
vn -0.035084 -0.116047 -0.992624
vn 0.172040 -0.116924 -0.978126
vn 0.170959 -0.154622 -0.973070
vn -0.035032 -0.153712 -0.987495
vn -0.230263 -0.318557 -0.919511
vn -0.240707 -0.112694 -0.964033
vn -0.240681 -0.115211 -0.963742
vn -0.239605 -0.152831 -0.958766
vn -0.416441 -0.317824 -0.851801
vn -0.435881 -0.111923 -0.893018
vn -0.435766 -0.114449 -0.892754
vn -0.433719 -0.152043 -0.888128
vn -0.584442 -0.317205 -0.746866
vn -0.612035 -0.111259 -0.782965
vn -0.611890 -0.113794 -0.782715
vn -0.608873 -0.151366 -0.778693
vn -0.726954 -0.316736 -0.609274
vn -0.761448 -0.110743 -0.638696
vn -0.761256 -0.113283 -0.638480
vn -0.757468 -0.150826 -0.635211
vn -0.837741 -0.316406 -0.445058
vn -0.877594 -0.110385 -0.466523
vn -0.877342 -0.112928 -0.466388
vn -0.872971 -0.150461 -0.463987
vn -0.911980 -0.316167 -0.261401
vn -0.955408 -0.110191 -0.273960
vn -0.955135 -0.112749 -0.273869
vn -0.950359 -0.150279 -0.272461
vn -0.946397 -0.316124 -0.066318
vn -0.991487 -0.110192 -0.069365
vn -0.991201 -0.112757 -0.069328
vn -0.986234 -0.150266 -0.069011
vn -0.939454 -0.316358 0.131695
vn -0.984226 -0.110397 0.138247
vn -0.983945 -0.112938 0.138190
vn -0.979024 -0.150457 0.137387
vn -0.891489 -0.316753 0.323907
vn -0.933968 -0.110766 0.339757
vn -0.933709 -0.113291 0.339636
vn -0.929040 -0.150849 0.337830
vn -0.804593 -0.317269 0.501966
vn -0.842907 -0.111278 0.526426
vn -0.842692 -0.113800 0.526231
vn -0.838489 -0.151396 0.523465
vn -0.682610 -0.317936 0.657998
vn -0.715027 -0.111926 0.690079
vn -0.714853 -0.114442 0.689847
vn -0.711291 -0.152067 0.686251
vn -0.530901 -0.318630 0.785251
vn -0.555949 -0.112697 0.823541
vn -0.555797 -0.115205 0.823297
vn -0.553089 -0.152844 0.818982
vn -0.355925 -0.319363 0.878251
vn -0.372533 -0.113543 0.921047
vn -0.372457 -0.116046 0.920765
vn -0.370740 -0.153702 0.915930
vn -0.165549 -0.320120 0.932801
vn -0.172847 -0.114429 0.978279
vn -0.172837 -0.116918 0.977986
vn -0.172148 -0.154602 0.972863
vn 0.031988 -0.320956 0.946554
vn 0.034332 -0.115335 0.992733
vn 0.034293 -0.117792 0.992446
vn 0.033914 -0.155504 0.987253
vn 0.228118 -0.321843 0.918901
vn 0.239957 -0.116183 0.963806
vn 0.239821 -0.118621 0.963543
vn 0.238423 -0.156383 0.958488
vn 0.414140 -0.322605 0.851125
vn 0.435071 -0.116929 0.892771
vn 0.434905 -0.119376 0.892529
vn 0.432479 -0.157184 0.887837
vn 0.582030 -0.323229 0.746166
vn 0.611189 -0.117585 0.782701
vn 0.610994 -0.120025 0.782483
vn 0.607596 -0.157855 0.778401
vn 0.724448 -0.323707 0.608596
vn 0.760562 -0.118110 0.638433
vn 0.760314 -0.120535 0.638274
vn 0.756183 -0.158383 0.634903
vn 0.835152 -0.324085 0.444398
vn 0.876685 -0.118458 0.466253
vn 0.876418 -0.120886 0.466132
vn 0.871670 -0.158751 0.463670
vn 0.909285 -0.324290 0.260839
vn 0.954472 -0.118637 0.273693
vn 0.954187 -0.121067 0.273623
vn 0.949021 -0.158945 0.272206
vn 0.943654 -0.324307 0.065888
vn 0.990520 -0.118651 0.069226
vn 0.990230 -0.121063 0.069198
vn 0.984890 -0.158938 0.068784
vn 0.936773 -0.324101 -0.131967
vn 0.983281 -0.118478 -0.138280
vn 0.982991 -0.120882 -0.138260
vn 0.977687 -0.158741 -0.137584
vn 0.888901 -0.323702 -0.324149
vn 0.933045 -0.118116 -0.339816
vn 0.932766 -0.120530 -0.339737
vn 0.927746 -0.158375 -0.337942
vn 0.802167 -0.323164 -0.502088
vn 0.842025 -0.117602 -0.526463
vn 0.841755 -0.120020 -0.526350
vn 0.837188 -0.157837 -0.523644
vn 0.680312 -0.322493 -0.658159
vn 0.714205 -0.116956 -0.690096
vn 0.713976 -0.119371 -0.689920
vn 0.710046 -0.157160 -0.686393
vn 0.528616 -0.321804 -0.785498
vn 0.555160 -0.116173 -0.823591
vn 0.554970 -0.118613 -0.823371
vn 0.551874 -0.156377 -0.819135
vn 0.353836 -0.321038 -0.878484
vn 0.371798 -0.115308 -0.921125
vn 0.371636 -0.117790 -0.920876
vn 0.369505 -0.155520 -0.916122
vn -0.005100 -0.998785 -0.049016
vn 0.004838 -0.998844 -0.047821
vn -0.015183 -0.998747 -0.047677
vn -0.024804 -0.998710 -0.044306
vn -0.033527 -0.998673 -0.039095
vn -0.040713 -0.998662 -0.031887
vn -0.046074 -0.998667 -0.023286
vn -0.049690 -0.998669 -0.013862
vn -0.051449 -0.998668 -0.003965
vn -0.051298 -0.998665 0.006120
vn -0.049186 -0.998661 0.016039
vn -0.044868 -0.998673 0.025269
vn -0.038437 -0.998711 0.033142
vn -0.030565 -0.998748 0.039599
vn -0.021574 -0.998784 0.044338
vn -0.011802 -0.998843 0.046618
vn -0.001789 -0.998891 0.047055
vn 0.008137 -0.998914 0.045884
vn 0.017624 -0.998938 0.042575
vn 0.026360 -0.998949 0.037498
vn 0.033736 -0.998961 0.030635
vn 0.039276 -0.998983 0.022136
vn 0.042984 -0.998995 0.012718
vn 0.044745 -0.998995 0.002763
vn 0.044459 -0.998984 -0.007375
vn 0.042175 -0.998961 -0.017254
vn 0.037592 -0.998949 -0.026218
vn 0.031124 -0.998937 -0.033995
vn 0.023355 -0.998913 -0.040329
vn 0.014419 -0.998891 -0.044819
vn -0.034796 -0.026334 -0.999048
vn -0.034927 0.026339 -0.999043
vn 0.173548 0.026263 -0.984475
vn 0.173695 -0.026274 -0.984449
vn -0.241818 -0.026184 -0.969968
vn -0.241974 0.026199 -0.969929
vn -0.438126 -0.026144 -0.898534
vn -0.438256 0.026150 -0.898470
vn -0.615436 -0.026152 -0.787753
vn -0.615513 0.026166 -0.787692
vn -0.765762 -0.026190 -0.642590
vn -0.765808 0.026211 -0.642535
vn -0.882625 -0.026318 -0.469340
vn -0.882643 0.026349 -0.469306
vn -0.960935 -0.026252 -0.275525
vn -0.960939 0.026287 -0.275508
vn -0.997223 -0.026074 -0.069757
vn -0.997221 0.026109 -0.069775
vn -0.989924 -0.026180 0.139156
vn -0.989929 0.026212 0.139119
vn -0.939337 -0.026315 0.341984
vn -0.939360 0.026336 0.341920
vn -0.847724 -0.026233 0.529789
vn -0.847775 0.026246 0.529707
vn -0.719049 -0.026198 0.694465
vn -0.719150 0.026204 0.694361
vn -0.558915 -0.026220 0.828811
vn -0.559049 0.026235 0.828719
vn -0.374405 -0.026065 0.926899
vn -0.374528 0.026068 0.926849
vn -0.173559 -0.026019 0.984480
vn -0.173707 0.026009 0.984454
vn 0.034997 -0.026210 0.999044
vn 0.034809 0.026195 0.999051
vn 0.241936 -0.026214 0.969938
vn 0.241780 0.026212 0.969977
vn 0.438260 -0.026074 0.898470
vn 0.438166 0.026061 0.898516
vn 0.615445 -0.026106 0.787748
vn 0.615370 0.026079 0.787807
vn 0.765796 -0.026180 0.642550
vn 0.765745 0.026149 0.642613
vn 0.882697 -0.026040 0.469221
vn 0.882668 0.026007 0.469277
vn 0.960946 -0.025888 0.275521
vn 0.960939 0.025866 0.275550
vn 0.997221 -0.025967 0.069829
vn 0.997224 0.025944 0.069799
vn 0.989940 -0.026128 -0.139052
vn 0.989932 0.026095 -0.139116
vn 0.939386 -0.026274 -0.341852
vn 0.939361 0.026179 -0.341928
vn 0.847800 -0.026342 -0.529661
vn 0.847771 0.026164 -0.529717
vn 0.719169 -0.026297 -0.694338
vn 0.719096 0.026193 -0.694417
vn 0.559031 -0.026158 -0.828734
vn 0.558898 0.026157 -0.828824
vn 0.374490 -0.026112 -0.926863
vn 0.374317 0.026097 -0.926934
vn 0.002586 0.999691 -0.024721
vn 0.004107 0.999808 0.019158
vn 0.000232 0.999822 0.018861
vn 0.007871 0.999669 -0.024491
vn -0.002638 0.999713 -0.023809
vn 0.007959 0.999794 0.018681
vn -0.007594 0.999728 -0.022043
vn 0.011678 0.999780 0.017427
vn -0.012056 0.999741 -0.019304
vn 0.015128 0.999766 0.015482
vn -0.015945 0.999751 -0.015635
vn 0.017963 0.999757 0.012816
vn -0.019056 0.999754 -0.011340
vn 0.020029 0.999755 0.009443
vn -0.021180 0.999755 -0.006469
vn 0.021371 0.999755 0.005731
vn -0.022113 0.999755 -0.001163
vn 0.022046 0.999755 0.001924
vn -0.021790 0.999754 0.004134
vn 0.022053 0.999755 -0.002019
vn -0.020335 0.999751 0.009236
vn 0.021263 0.999757 -0.005897
vn -0.017927 0.999741 0.014016
vn 0.019513 0.999766 -0.009367
vn -0.014666 0.999728 0.018114
vn 0.016931 0.999780 -0.012387
vn -0.010616 0.999713 0.021468
vn 0.013867 0.999794 -0.014838
vn -0.006029 0.999691 0.024118
vn 0.010408 0.999808 -0.016600
vn -0.000973 0.999669 0.025707
vn 0.006673 0.999822 -0.017646
vn 0.004337 0.999650 0.026084
vn 0.002806 0.999836 -0.017883
vn 0.009636 0.999631 0.025414
vn -0.001058 0.999848 -0.017427
vn 0.014677 0.999614 0.023607
vn -0.004747 0.999857 -0.016229
vn 0.019162 0.999602 0.020719
vn -0.008084 0.999867 -0.014169
vn 0.022961 0.999593 0.016913
vn -0.010822 0.999876 -0.011443
vn 0.025886 0.999586 0.012535
vn -0.013098 0.999881 -0.008176
vn 0.027975 0.999579 0.007689
vn -0.014836 0.999880 -0.004571
vn 0.028921 0.999579 0.002350
vn -0.015504 0.999880 -0.000786
vn 0.028609 0.999586 -0.002929
vn -0.015101 0.999881 0.003199
vn 0.027357 0.999593 -0.008043
vn -0.014085 0.999876 0.007055
vn 0.025087 0.999602 -0.012913
vn -0.012533 0.999865 0.010618
vn 0.021862 0.999614 -0.017166
vn -0.010172 0.999853 0.013776
vn 0.017758 0.999630 -0.020586
vn -0.007021 0.999846 0.016096
vn 0.013005 0.999650 -0.023038
vn -0.003477 0.999836 0.017756
vn 0.035285 0.142210 0.989207
vn 0.016021 0.929023 0.369676
vn -0.061010 0.929263 0.364346
vn -0.171123 0.142223 0.974931
vn 0.240100 0.142199 0.960277
vn 0.092457 0.928797 0.358870
vn 0.434455 0.142185 0.889400
vn 0.164995 0.928581 0.332437
vn 0.609784 0.142172 0.779712
vn 0.230407 0.928416 0.291472
vn 0.758497 0.142160 0.635982
vn 0.285939 0.928256 0.237865
vn 0.874107 0.142153 0.464467
vn 0.329050 0.928175 0.173832
vn 0.951523 0.142152 0.272759
vn 0.357908 0.928138 0.102284
vn 0.987428 0.142158 0.069120
vn 0.371391 0.928104 0.026299
vn 0.980241 0.142162 -0.137542
vn 0.368634 0.928185 -0.050822
vn 0.930293 0.142167 -0.338148
vn 0.350048 0.928260 -0.125698
vn 0.839694 0.142175 -0.524118
vn 0.316239 0.928400 -0.195106
vn 0.712439 0.142185 -0.687178
vn 0.268731 0.928587 -0.255950
vn 0.554059 0.142198 -0.820243
vn 0.209598 0.928815 -0.305567
vn 0.371450 0.142211 -0.917497
vn 0.141496 0.929005 -0.341950
vn 0.172571 0.142229 -0.974675
vn 0.067256 0.929263 -0.363245
vn -0.033850 0.142241 -0.989253
vn -0.009778 0.929503 -0.368685
vn -0.238807 0.142255 -0.960591
vn -0.086273 0.929721 -0.358018
vn -0.433434 0.142269 -0.889885
vn -0.158902 0.929939 -0.331607
vn -0.609007 0.142282 -0.780299
vn -0.224432 0.930116 -0.290714
vn -0.757985 0.142292 -0.636563
vn -0.280076 0.930236 -0.237103
vn -0.873859 0.142298 -0.464890
vn -0.323252 0.930367 -0.172988
vn -0.951462 0.142296 -0.272894
vn -0.352288 0.930387 -0.101362
vn -0.987415 0.142293 -0.069021
vn -0.365676 0.930400 -0.025253
vn -0.980159 0.142291 0.137989
vn -0.362942 0.930359 0.052004
vn -0.929987 0.142290 0.338937
vn -0.344263 0.930243 0.127010
vn -0.839174 0.142282 0.524922
vn -0.310334 0.930116 0.196412
vn -0.711666 0.142266 0.687962
vn -0.262744 0.929937 0.257260
vn -0.552972 0.142253 0.820967
vn -0.203541 0.929713 0.306929
vn -0.370119 0.142236 0.918031
vn -0.135281 0.929495 0.343131
vn -0.019149 -0.885905 -0.463471
vn 0.077519 -0.886062 -0.457039
vn -0.115271 -0.885426 -0.450259
vn -0.206054 -0.885222 -0.417042
vn -0.287755 -0.885387 -0.365084
vn -0.357178 -0.885333 -0.297674
vn -0.411359 -0.885130 -0.217551
vn -0.447286 -0.885201 -0.127883
vn -0.463521 -0.885479 -0.032800
vn -0.460212 -0.885513 0.063819
vn -0.437251 -0.885418 0.157629
vn -0.395386 -0.885333 0.244653
vn -0.336393 -0.885184 0.321386
vn -0.262394 -0.885383 0.383728
vn -0.176486 -0.885988 0.428809
vn -0.083432 -0.886344 0.455449
vn 0.013199 -0.886510 0.462521
vn 0.109009 -0.886897 0.448923
vn 0.200027 -0.887175 0.415825
vn 0.282480 -0.887213 0.364772
vn 0.352275 -0.887294 0.297676
vn 0.406600 -0.887364 0.217398
vn 0.443009 -0.887425 0.127356
vn 0.459864 -0.887417 0.031867
vn 0.456516 -0.887323 -0.065199
vn 0.433045 -0.887201 -0.159206
vn 0.389991 -0.887325 -0.246094
vn 0.329644 -0.887622 -0.321655
vn 0.255494 -0.887307 -0.383940
vn 0.170546 -0.886451 -0.430254
vn -0.030065 0.438757 -0.898103
vn 0.157540 0.438073 -0.885027
vn -0.216034 0.438957 -0.872150
vn -0.392972 0.438769 -0.808118
vn -0.552499 0.438417 -0.708897
vn -0.687908 0.438512 -0.578351
vn -0.792952 0.439175 -0.422318
vn -0.863257 0.439754 -0.247798
vn -0.895649 0.440351 -0.062477
vn -0.888866 0.440727 0.125206
vn -0.843659 0.439975 0.307672
vn -0.761367 0.438973 0.477098
vn -0.645575 0.438774 0.625068
vn -0.501278 0.438913 0.745705
vn -0.335248 0.438638 0.833790
vn -0.154496 0.438143 0.885529
vn 0.032656 0.437753 0.898502
vn 0.218652 0.437757 0.872101
vn 0.395370 0.437731 0.807511
vn 0.554383 0.437730 0.707850
vn 0.689219 0.437924 0.577235
vn 0.794080 0.437811 0.421614
vn 0.864266 0.437799 0.247742
vn 0.896972 0.437630 0.062627
vn 0.890719 0.437098 -0.124758
vn 0.845356 0.437164 -0.307019
vn 0.762975 0.437741 -0.475659
vn 0.647262 0.438793 -0.623308
vn 0.503489 0.438905 -0.744219
vn 0.338093 0.438026 -0.832963
vn 0.017286 0.913956 0.405445
vn -0.066970 0.914496 0.399014
vn 0.100987 0.913790 0.393433
vn 0.180355 0.913836 0.363836
vn 0.251935 0.913702 0.318868
vn 0.312510 0.913613 0.260093
vn 0.359752 0.913503 0.189978
vn 0.392078 0.913090 0.111986
vn 0.407138 0.912909 0.028921
vn 0.403440 0.913317 -0.055583
vn 0.382591 0.913629 -0.137502
vn 0.345929 0.913613 -0.213647
vn 0.294265 0.913629 -0.280519
vn 0.229647 0.913722 -0.335223
vn 0.154939 0.913956 -0.375071
vn 0.073499 0.914277 -0.398366
vn -0.010950 0.914494 -0.404453
vn -0.094817 0.914802 -0.392615
vn -0.174395 0.915129 -0.363491
vn -0.246859 0.914925 -0.319333
vn -0.308301 0.914781 -0.261010
vn -0.355464 0.915111 -0.190310
vn -0.386914 0.915377 -0.111273
vn -0.401216 0.915563 -0.027760
vn -0.398606 0.915336 0.057210
vn -0.379121 0.914725 0.139805
vn -0.341602 0.914728 0.215827
vn -0.288202 0.915121 0.281944
vn -0.223205 0.914959 0.336197
vn -0.148438 0.914736 0.375798
vn -0.032975 -0.438494 -0.898129
vn 0.154580 -0.438354 -0.885410
vn -0.218663 -0.438441 -0.871754
vn -0.395087 -0.438482 -0.807242
vn -0.554046 -0.438347 -0.707732
vn -0.689124 -0.437902 -0.577365
vn -0.794092 -0.437613 -0.421798
vn -0.864310 -0.437688 -0.247787
vn -0.896637 -0.438283 -0.062853
vn -0.889765 -0.439165 0.124311
vn -0.844469 -0.439369 0.306311
vn -0.762426 -0.438902 0.475471
vn -0.647259 -0.438485 0.623528
vn -0.503610 -0.438386 0.744442
vn -0.337991 -0.438370 0.832823
vn -0.157401 -0.438441 0.884870
vn 0.029815 -0.438280 0.898344
vn 0.216108 -0.438007 0.872609
vn 0.393037 -0.438279 0.808352
vn 0.552310 -0.439260 0.708523
vn 0.687512 -0.439958 0.577724
vn 0.792903 -0.439619 0.421948
vn 0.863586 -0.439108 0.247797
vn 0.896351 -0.438938 0.062350
vn 0.889730 -0.438904 -0.125472
vn 0.843913 -0.439208 -0.308068
vn 0.761375 -0.439301 -0.476783
vn 0.645366 -0.439364 -0.624869
vn 0.501264 -0.439166 -0.745565
vn 0.335363 -0.438541 -0.833795
vn -0.013131 0.886682 -0.462193
vn 0.083464 0.886363 -0.455406
vn -0.109252 0.886706 -0.449241
vn -0.200079 0.887014 -0.416142
vn -0.282169 0.887412 -0.364528
vn -0.352277 0.887368 -0.297455
vn -0.406987 0.887211 -0.217297
vn -0.443213 0.887321 -0.127374
vn -0.459525 0.887593 -0.031875
vn -0.456024 0.887584 0.065086
vn -0.432578 0.887445 0.159112
vn -0.389955 0.887355 0.246040
vn -0.330474 0.886976 0.322583
vn -0.256391 0.886652 0.384854
vn -0.170395 0.886767 0.429663
vn -0.077288 0.886655 0.455927
vn 0.019298 0.886015 0.463255
vn 0.115217 0.885365 0.450392
vn 0.206129 0.885116 0.417229
vn 0.288079 0.885142 0.365423
vn 0.357191 0.885293 0.297777
vn 0.411139 0.885229 0.217565
vn 0.448191 0.884708 0.128130
vn 0.465228 0.884578 0.032925
vn 0.461263 0.884961 -0.063882
vn 0.437780 0.885153 -0.157648
vn 0.395291 0.885404 -0.244551
vn 0.335721 0.885664 -0.320766
vn 0.261833 0.885780 -0.383195
vn 0.176536 0.885956 -0.428855
vn 0.030973 0.551473 0.833618
vn -0.142985 0.551263 0.821988
vn 0.203715 0.551521 0.808904
vn 0.367088 0.551511 0.749054
vn 0.514493 0.551808 0.656357
vn 0.639402 0.551970 0.535251
vn 0.736440 0.552062 0.391003
vn 0.801501 0.552141 0.229645
vn 0.831637 0.552252 0.058293
vn 0.825427 0.552578 -0.115447
vn 0.783644 0.552378 -0.284218
vn 0.707884 0.552050 -0.440615
vn 0.601278 0.551408 -0.578285
vn 0.468106 0.550963 -0.690881
vn 0.314314 0.551368 -0.772788
vn 0.146877 0.552080 -0.820753
vn -0.027259 0.552433 -0.833112
vn -0.199866 0.552219 -0.809387
vn -0.364061 0.552196 -0.750026
vn -0.511943 0.552746 -0.657561
vn -0.637755 0.552825 -0.536333
vn -0.735383 0.552949 -0.391740
vn -0.800301 0.553857 -0.229696
vn -0.830629 0.553822 -0.057756
vn -0.824963 0.553060 0.116452
vn -0.782618 0.552968 0.285895
vn -0.705826 0.552974 0.442751
vn -0.598329 0.552528 0.580272
vn -0.464728 0.551619 0.692636
vn -0.310858 0.551047 0.774412
vn 0.000207 -0.999769 -0.021508
vn -0.003456 -0.999994 -0.000615
vn -0.003439 -0.999994 -0.000615
vn -0.004122 -0.999754 -0.021804
vn 0.004398 -0.999784 -0.020310
vn -0.003468 -0.999994 -0.000617
vn 0.008381 -0.999798 -0.018242
vn -0.003462 -0.999994 -0.000612
vn 0.011871 -0.999812 -0.015364
vn -0.003450 -0.999994 -0.000603
vn 0.014610 -0.999824 -0.011818
vn -0.003443 -0.999994 -0.000598
vn 0.016487 -0.999833 -0.007842
vn -0.003448 -0.999994 -0.000605
vn 0.017519 -0.999840 -0.003561
vn -0.003456 -0.999994 -0.000609
vn 0.017674 -0.999843 0.000872
vn -0.003459 -0.999994 -0.000609
vn 0.016908 -0.999843 0.005226
vn -0.003459 -0.999994 -0.000611
vn 0.015243 -0.999840 0.009338
vn -0.003456 -0.999994 -0.000609
vn 0.012810 -0.999833 0.013011
vn -0.003447 -0.999994 -0.000611
vn 0.009689 -0.999823 0.016102
vn -0.003439 -0.999994 -0.000616
vn 0.005900 -0.999812 0.018497
vn -0.003449 -0.999994 -0.000613
vn 0.001634 -0.999799 0.020003
vn -0.003463 -0.999994 -0.000609
vn -0.002814 -0.999784 0.020594
vn -0.003470 -0.999994 -0.000607
vn -0.007162 -0.999769 0.020281
vn -0.003458 -0.999994 -0.000604
vn -0.011331 -0.999754 0.019084
vn -0.003442 -0.999994 -0.000598
vn -0.015294 -0.999739 0.016991
vn -0.003450 -0.999994 -0.000602
vn -0.018779 -0.999724 0.014103
vn -0.003463 -0.999994 -0.000613
vn -0.021479 -0.999713 0.010646
vn -0.003462 -0.999994 -0.000605
vn -0.023365 -0.999705 0.006679
vn -0.003455 -0.999994 -0.000601
vn -0.024436 -0.999699 0.002341
vn -0.003448 -0.999994 -0.000609
vn -0.024587 -0.999696 -0.002083
vn -0.003444 -0.999994 -0.000607
vn -0.023818 -0.999696 -0.006451
vn -0.003444 -0.999994 -0.000607
vn -0.022163 -0.999699 -0.010558
vn -0.003449 -0.999994 -0.000607
vn -0.019673 -0.999705 -0.014268
vn -0.003452 -0.999994 -0.000617
vn -0.016541 -0.999713 -0.017350
vn -0.003460 -0.999994 -0.000616
vn -0.012820 -0.999724 -0.019673
vn -0.003464 -0.999994 -0.000608
vn -0.008563 -0.999739 -0.021201
vn -0.003448 -0.999994 -0.000615
vn -0.018304 -0.899286 -0.436978
vn 0.072704 -0.899609 -0.430602
vn -0.108760 -0.899007 -0.424214
vn -0.194614 -0.898691 -0.393040
vn -0.272186 -0.898309 -0.344899
vn -0.337992 -0.898036 -0.281589
vn -0.389235 -0.897844 -0.205845
vn -0.423458 -0.897786 -0.121099
vn -0.439311 -0.897797 -0.031075
vn -0.436099 -0.897876 0.060306
vn -0.413966 -0.898010 0.149030
vn -0.373767 -0.898292 0.231020
vn -0.317428 -0.898621 0.302852
vn -0.247347 -0.898947 0.361544
vn -0.166659 -0.899286 0.404363
vn -0.078933 -0.899676 0.429364
vn 0.012103 -0.899975 0.435774
vn 0.102591 -0.900164 0.423296
vn 0.188365 -0.900436 0.392088
vn 0.265651 -0.900812 0.343464
vn 0.331281 -0.901009 0.280065
vn 0.382317 -0.901136 0.204422
vn 0.416432 -0.901241 0.119785
vn 0.432236 -0.901265 0.029889
vn 0.429024 -0.901208 -0.061335
vn 0.407043 -0.901032 -0.149855
vn 0.367123 -0.900787 -0.231955
vn 0.311179 -0.900397 -0.304060
vn 0.241299 -0.900081 -0.362806
vn 0.160478 -0.899893 -0.405512
vn -0.031289 -0.536152 -0.843542
vn 0.144577 -0.537000 -0.831101
vn -0.205970 -0.535607 -0.818963
vn -0.371791 -0.535100 -0.758577
vn -0.521357 -0.534487 -0.665214
vn -0.648250 -0.534049 -0.542737
vn -0.746916 -0.533750 -0.396520
vn -0.813002 -0.533622 -0.232968
vn -0.843662 -0.533606 -0.059163
vn -0.837482 -0.533755 0.117173
vn -0.794757 -0.534072 0.288319
vn -0.717397 -0.534551 0.446762
vn -0.608850 -0.535003 0.585726
vn -0.473722 -0.535483 0.699175
vn -0.317901 -0.536444 0.781771
vn -0.148364 -0.537399 0.830175
vn 0.027592 -0.537992 0.842498
vn 0.202183 -0.538490 0.818016
vn 0.367841 -0.539055 0.757702
vn 0.517274 -0.539755 0.664148
vn 0.644015 -0.540221 0.541669
vn 0.742598 -0.540491 0.395497
vn 0.808680 -0.540544 0.232055
vn 0.839275 -0.540543 0.058565
vn 0.833134 -0.540416 -0.117637
vn 0.790507 -0.540128 -0.288723
vn 0.713101 -0.539948 -0.447149
vn 0.604539 -0.539489 -0.586075
vn 0.469690 -0.538665 -0.699451
vn 0.314064 -0.537839 -0.782364
s 1
g Cup
usemtl cup_Mat
f 5091/5139/5091 5092/5140/5092 5093/5141/5093 5094/5142/5094
f 5095/5143/5095 5091/5139/5091 5094/5142/5094 5096/5144/5096
f 5097/5145/5097 5095/5143/5095 5096/5144/5096 5098/5146/5098
f 5099/5147/5099 5097/5145/5097 5098/5146/5098 5100/5148/5100
f 5101/5149/5101 5099/5147/5099 5100/5148/5100 5102/5150/5102
f 5103/5151/5103 5101/5149/5101 5102/5150/5102 5104/5152/5104
f 5105/5153/5105 5103/5151/5103 5104/5152/5104 5106/5154/5106
f 5107/5155/5107 5105/5153/5105 5106/5154/5106 5108/5156/5108
f 5109/5157/5109 5107/5155/5107 5108/5156/5108 5110/5158/5110
f 5111/5159/5111 5109/5157/5109 5110/5158/5110 5112/5160/5112
f 5113/5161/5113 5111/5159/5111 5112/5160/5112 5114/5162/5114
f 5115/5163/5115 5113/5161/5113 5114/5162/5114 5116/5164/5116
f 5117/5165/5117 5115/5163/5115 5116/5164/5116 5118/5166/5118
f 5119/5167/5119 5117/5165/5117 5118/5166/5118 5120/5168/5120
f 5121/5169/5121 5119/5167/5119 5120/5168/5120 5122/5170/5122
f 5123/5171/5123 5121/5169/5121 5122/5170/5122 5124/5172/5124
f 5125/5173/5125 5123/5171/5123 5124/5172/5124 5126/5174/5126
f 5127/5175/5127 5125/5173/5125 5126/5174/5126 5128/5176/5128
f 5129/5177/5129 5127/5175/5127 5128/5176/5128 5130/5178/5130
f 5131/5179/5131 5129/5177/5129 5130/5178/5130 5132/5180/5132
f 5133/5181/5133 5131/5179/5131 5132/5180/5132 5134/5182/5134
f 5135/5183/5135 5133/5181/5133 5134/5182/5134 5136/5184/5136
f 5137/5185/5137 5135/5186/5135 5136/5187/5136 5138/5188/5138
f 5139/5189/5139 5137/5185/5137 5138/5188/5138 5140/5190/5140
f 5141/5191/5141 5139/5189/5139 5140/5190/5140 5142/5192/5142
f 5143/5193/5143 5141/5191/5141 5142/5192/5142 5144/5194/5144
f 5145/5195/5145 5143/5193/5143 5144/5194/5144 5146/5196/5146
f 5147/5197/5147 5145/5195/5145 5146/5196/5146 5148/5198/5148
f 5149/5199/5149 5147/5197/5147 5148/5198/5148 5150/5200/5150
f 5092/5140/5092 5149/5199/5149 5150/5200/5150 5093/5141/5093
f 5151/5201/5151 5152/5202/5152 5153/5203/5153 5154/5204/5154
f 5155/5205/5155 5156/5206/5156 5092/5140/5092 5091/5139/5091
f 5157/5207/5157 5158/5208/5158 5094/5142/5094 5093/5141/5093
f 5159/5209/5159 5151/5201/5151 5154/5204/5154 5160/5210/5160
f 5161/5211/5161 5155/5205/5155 5091/5139/5091 5095/5143/5095
f 5158/5208/5158 5162/5212/5162 5096/5144/5096 5094/5142/5094
f 5163/5213/5163 5159/5209/5159 5160/5210/5160 5164/5214/5164
f 5165/5215/5165 5161/5211/5161 5095/5143/5095 5097/5145/5097
f 5162/5212/5162 5166/5216/5166 5098/5146/5098 5096/5144/5096
f 5167/5217/5167 5163/5213/5163 5164/5214/5164 5168/5218/5168
f 5169/5219/5169 5165/5215/5165 5097/5145/5097 5099/5147/5099
f 5166/5216/5166 5170/5220/5170 5100/5148/5100 5098/5146/5098
f 5171/5221/5171 5167/5217/5167 5168/5218/5168 5172/5222/5172
f 5173/5223/5173 5169/5219/5169 5099/5147/5099 5101/5149/5101
f 5170/5220/5170 5174/5224/5174 5102/5150/5102 5100/5148/5100
f 5175/5225/5175 5171/5221/5171 5172/5222/5172 5176/5226/5176
f 5177/5227/5177 5173/5223/5173 5101/5149/5101 5103/5151/5103
f 5174/5224/5174 5178/5228/5178 5104/5152/5104 5102/5150/5102
f 5179/5229/5179 5175/5225/5175 5176/5226/5176 5180/5230/5180
f 5181/5231/5181 5177/5227/5177 5103/5151/5103 5105/5153/5105
f 5178/5228/5178 5182/5232/5182 5106/5154/5106 5104/5152/5104
f 5183/5233/5183 5179/5229/5179 5180/5230/5180 5184/5234/5184
f 5185/5235/5185 5181/5231/5181 5105/5153/5105 5107/5155/5107
f 5182/5232/5182 5186/5236/5186 5108/5156/5108 5106/5154/5106
f 5187/5237/5187 5183/5233/5183 5184/5234/5184 5188/5238/5188
f 5189/5239/5189 5185/5235/5185 5107/5155/5107 5109/5157/5109
f 5186/5236/5186 5190/5240/5190 5110/5158/5110 5108/5156/5108
f 5191/5241/5191 5187/5237/5187 5188/5238/5188 5192/5242/5192
f 5193/5243/5193 5189/5239/5189 5109/5157/5109 5111/5159/5111
f 5190/5240/5190 5194/5244/5194 5112/5160/5112 5110/5158/5110
f 5195/5245/5195 5191/5241/5191 5192/5242/5192 5196/5246/5196
f 5197/5247/5197 5193/5243/5193 5111/5159/5111 5113/5161/5113
f 5194/5244/5194 5198/5248/5198 5114/5162/5114 5112/5160/5112
f 5199/5249/5199 5195/5245/5195 5196/5246/5196 5200/5250/5200
f 5201/5251/5201 5197/5247/5197 5113/5161/5113 5115/5163/5115
f 5198/5248/5198 5202/5252/5202 5116/5164/5116 5114/5162/5114
f 5203/5253/5203 5199/5249/5199 5200/5250/5200 5204/5254/5204
f 5205/5255/5205 5201/5251/5201 5115/5163/5115 5117/5165/5117
f 5202/5252/5202 5206/5256/5206 5118/5166/5118 5116/5164/5116
f 5207/5257/5207 5203/5253/5203 5204/5254/5204 5208/5258/5208
f 5209/5259/5209 5205/5255/5205 5117/5165/5117 5119/5167/5119
f 5206/5256/5206 5210/5260/5210 5120/5168/5120 5118/5166/5118
f 5211/5261/5211 5207/5257/5207 5208/5258/5208 5212/5262/5212
f 5213/5263/5213 5209/5259/5209 5119/5167/5119 5121/5169/5121
f 5210/5260/5210 5214/5264/5214 5122/5170/5122 5120/5168/5120
f 5215/5265/5215 5211/5261/5211 5212/5262/5212 5216/5266/5216
f 5217/5267/5217 5213/5263/5213 5121/5169/5121 5123/5171/5123
f 5214/5264/5214 5218/5268/5218 5124/5172/5124 5122/5170/5122
f 5219/5269/5219 5215/5265/5215 5216/5266/5216 5220/5270/5220
f 5221/5271/5221 5217/5267/5217 5123/5171/5123 5125/5173/5125
f 5218/5268/5218 5222/5272/5222 5126/5174/5126 5124/5172/5124
f 5223/5273/5223 5219/5269/5219 5220/5270/5220 5224/5274/5224
f 5225/5275/5225 5221/5271/5221 5125/5173/5125 5127/5175/5127
f 5222/5272/5222 5226/5276/5226 5128/5176/5128 5126/5174/5126
f 5227/5277/5227 5223/5273/5223 5224/5274/5224 5228/5278/5228
f 5229/5279/5229 5225/5275/5225 5127/5175/5127 5129/5177/5129
f 5226/5276/5226 5230/5280/5230 5130/5178/5130 5128/5176/5128
f 5231/5281/5231 5227/5277/5227 5228/5278/5228 5232/5282/5232
f 5233/5283/5233 5229/5279/5229 5129/5177/5129 5131/5179/5131
f 5230/5280/5230 5234/5284/5234 5132/5180/5132 5130/5178/5130
f 5235/5285/5235 5231/5281/5231 5232/5282/5232 5236/5286/5236
f 5237/5287/5237 5233/5283/5233 5131/5179/5131 5133/5181/5133
f 5234/5284/5234 5238/5288/5238 5134/5182/5134 5132/5180/5132
f 5239/5289/5239 5235/5285/5235 5236/5286/5236 5240/5290/5240
f 5241/5291/5241 5237/5287/5237 5133/5181/5133 5135/5183/5135
f 5238/5288/5238 5242/5292/5242 5136/5184/5136 5134/5182/5134
f 5243/5293/5243 5239/5294/5239 5240/5295/5240 5244/5296/5244
f 5245/5297/5245 5241/5298/5241 5135/5186/5135 5137/5185/5137
f 5242/5299/5242 5246/5300/5246 5138/5188/5138 5136/5187/5136
f 5247/5301/5247 5243/5293/5243 5244/5296/5244 5248/5302/5248
f 5249/5303/5249 5245/5297/5245 5137/5185/5137 5139/5189/5139
f 5246/5300/5246 5250/5304/5250 5140/5190/5140 5138/5188/5138
f 5251/5305/5251 5247/5301/5247 5248/5302/5248 5252/5306/5252
f 5253/5307/5253 5249/5303/5249 5139/5189/5139 5141/5191/5141
f 5250/5304/5250 5254/5308/5254 5142/5192/5142 5140/5190/5140
f 5255/5309/5255 5251/5305/5251 5252/5306/5252 5256/5310/5256
f 5257/5311/5257 5253/5307/5253 5141/5191/5141 5143/5193/5143
f 5254/5308/5254 5258/5312/5258 5144/5194/5144 5142/5192/5142
f 5259/5313/5259 5255/5309/5255 5256/5310/5256 5260/5314/5260
f 5261/5315/5261 5257/5311/5257 5143/5193/5143 5145/5195/5145
f 5258/5312/5258 5262/5316/5262 5146/5196/5146 5144/5194/5144
f 5263/5317/5263 5259/5313/5259 5260/5314/5260 5264/5318/5264
f 5265/5319/5265 5261/5315/5261 5145/5195/5145 5147/5197/5147
f 5262/5316/5262 5266/5320/5266 5148/5198/5148 5146/5196/5146
f 5267/5321/5267 5263/5317/5263 5264/5318/5264 5268/5322/5268
f 5269/5323/5269 5265/5319/5265 5147/5197/5147 5149/5199/5149
f 5266/5320/5266 5270/5324/5270 5150/5200/5150 5148/5198/5148
f 5152/5202/5152 5267/5321/5267 5268/5322/5268 5153/5203/5153
f 5156/5206/5156 5269/5323/5269 5149/5199/5149 5092/5140/5092
f 5270/5324/5270 5157/5207/5157 5093/5141/5093 5150/5200/5150
f 5151/5201/5151 5271/5325/5271 5272/5326/5272 5152/5202/5152
f 5159/5209/5159 5273/5327/5273 5271/5325/5271 5151/5201/5151
f 5163/5213/5163 5274/5328/5274 5273/5327/5273 5159/5209/5159
f 5167/5217/5167 5275/5329/5275 5274/5328/5274 5163/5213/5163
f 5171/5221/5171 5276/5330/5276 5275/5329/5275 5167/5217/5167
f 5175/5225/5175 5277/5331/5277 5276/5330/5276 5171/5221/5171
f 5179/5229/5179 5278/5332/5278 5277/5331/5277 5175/5225/5175
f 5183/5233/5183 5279/5333/5279 5278/5332/5278 5179/5229/5179
f 5187/5237/5187 5280/5334/5280 5279/5333/5279 5183/5233/5183
f 5191/5241/5191 5281/5335/5281 5280/5334/5280 5187/5237/5187
f 5195/5245/5195 5282/5336/5282 5281/5335/5281 5191/5241/5191
f 5199/5249/5199 5283/5337/5283 5282/5336/5282 5195/5245/5195
f 5203/5253/5203 5284/5338/5284 5283/5337/5283 5199/5249/5199
f 5207/5257/5207 5285/5339/5285 5284/5338/5284 5203/5253/5203
f 5211/5261/5211 5286/5340/5286 5285/5339/5285 5207/5257/5207
f 5215/5265/5215 5287/5341/5287 5286/5340/5286 5211/5261/5211
f 5219/5269/5219 5288/5342/5288 5287/5341/5287 5215/5265/5215
f 5223/5273/5223 5289/5343/5289 5288/5342/5288 5219/5269/5219
f 5227/5277/5227 5290/5344/5290 5289/5343/5289 5223/5273/5223
f 5231/5281/5231 5291/5345/5291 5290/5344/5290 5227/5277/5227
f 5235/5285/5235 5292/5346/5292 5291/5345/5291 5231/5281/5231
f 5239/5289/5239 5293/5347/5293 5292/5346/5292 5235/5285/5235
f 5243/5293/5243 5294/5348/5294 5293/5349/5293 5239/5294/5239
f 5247/5301/5247 5295/5350/5295 5294/5348/5294 5243/5293/5243
f 5251/5305/5251 5296/5351/5296 5295/5350/5295 5247/5301/5247
f 5255/5309/5255 5297/5352/5297 5296/5351/5296 5251/5305/5251
f 5259/5313/5259 5298/5353/5298 5297/5352/5297 5255/5309/5255
f 5263/5317/5263 5299/5354/5299 5298/5353/5298 5259/5313/5259
f 5267/5321/5267 5300/5355/5300 5299/5354/5299 5263/5317/5263
f 5152/5202/5152 5272/5326/5272 5300/5355/5300 5267/5321/5267
f 5301/5356/5301 5302/5357/5302 5303/5358/5303 5304/5359/5304
f 5305/5360/5305 5306/5361/5306 5302/5357/5302 5301/5356/5301
f 5307/5362/5307 5308/5363/5308 5306/5361/5306 5305/5360/5305
f 5309/5364/5309 5310/5365/5310 5308/5363/5308 5307/5362/5307
f 5311/5366/5311 5312/5367/5312 5310/5365/5310 5309/5364/5309
f 5313/5368/5313 5314/5369/5314 5312/5367/5312 5311/5366/5311
f 5315/5370/5315 5316/5371/5316 5314/5369/5314 5313/5368/5313
f 5317/5372/5317 5318/5373/5318 5316/5371/5316 5315/5370/5315
f 5319/5374/5319 5320/5375/5320 5318/5373/5318 5317/5372/5317
f 5321/5376/5321 5322/5377/5322 5320/5375/5320 5319/5374/5319
f 5323/5378/5323 5324/5379/5324 5322/5377/5322 5321/5376/5321
f 5325/5380/5325 5326/5381/5326 5324/5379/5324 5323/5378/5323
f 5327/5382/5327 5328/5383/5328 5326/5381/5326 5325/5380/5325
f 5329/5384/5329 5330/5385/5330 5328/5383/5328 5327/5382/5327
f 5331/5386/5331 5332/5387/5332 5330/5385/5330 5329/5384/5329
f 5333/5388/5333 5334/5389/5334 5332/5387/5332 5331/5386/5331
f 5335/5390/5335 5336/5391/5336 5334/5389/5334 5333/5388/5333
f 5337/5392/5337 5338/5393/5338 5336/5391/5336 5335/5390/5335
f 5339/5394/5339 5340/5395/5340 5338/5393/5338 5337/5392/5337
f 5341/5396/5341 5342/5397/5342 5340/5395/5340 5339/5394/5339
f 5343/5398/5343 5344/5399/5344 5342/5397/5342 5341/5396/5341
f 5345/5400/5345 5346/5401/5346 5344/5399/5344 5343/5398/5343
f 5347/5402/5347 5348/5403/5348 5346/5404/5346 5345/5405/5345
f 5349/5406/5349 5350/5407/5350 5348/5403/5348 5347/5402/5347
f 5351/5408/5351 5352/5409/5352 5350/5407/5350 5349/5406/5349
f 5353/5410/5353 5354/5411/5354 5352/5409/5352 5351/5408/5351
f 5355/5412/5355 5356/5413/5356 5354/5411/5354 5353/5410/5353
f 5357/5414/5357 5358/5415/5358 5356/5413/5356 5355/5412/5355
f 5359/5416/5359 5360/5417/5360 5358/5415/5358 5357/5414/5357
f 5304/5359/5304 5303/5358/5303 5360/5417/5360 5359/5416/5359
f 5361/5418/5361 5362/5419/5362 5363/5420/5363 5364/5421/5364
f 5365/5422/5365 5366/5423/5366 5362/5419/5362 5361/5418/5361
f 5367/5424/5367 5368/5425/5368 5366/5423/5366 5365/5422/5365
f 5369/5426/5369 5370/5427/5370 5368/5425/5368 5367/5424/5367
f 5371/5428/5371 5372/5429/5372 5370/5427/5370 5369/5426/5369
f 5373/5430/5373 5374/5431/5374 5372/5429/5372 5371/5428/5371
f 5375/5432/5375 5376/5433/5376 5374/5431/5374 5373/5430/5373
f 5377/5434/5377 5378/5435/5378 5376/5433/5376 5375/5432/5375
f 5379/5436/5379 5380/5437/5380 5378/5435/5378 5377/5434/5377
f 5381/5438/5381 5382/5439/5382 5380/5437/5380 5379/5436/5379
f 5383/5440/5383 5384/5441/5384 5382/5439/5382 5381/5438/5381
f 5385/5442/5385 5386/5443/5386 5384/5441/5384 5383/5440/5383
f 5387/5444/5387 5388/5445/5388 5386/5443/5386 5385/5442/5385
f 5389/5446/5389 5390/5447/5390 5388/5445/5388 5387/5444/5387
f 5391/5448/5391 5392/5449/5392 5390/5447/5390 5389/5446/5389
f 5393/5450/5393 5394/5451/5394 5392/5449/5392 5391/5448/5391
f 5395/5452/5395 5396/5453/5396 5394/5451/5394 5393/5450/5393
f 5397/5454/5397 5398/5455/5398 5396/5453/5396 5395/5452/5395
f 5399/5456/5399 5400/5457/5400 5398/5455/5398 5397/5454/5397
f 5401/5458/5401 5402/5459/5402 5400/5457/5400 5399/5456/5399
f 5403/5460/5403 5404/5461/5404 5402/5459/5402 5401/5458/5401
f 5405/5462/5405 5406/5463/5406 5404/5461/5404 5403/5460/5403
f 5407/5464/5407 5408/5465/5408 5406/5466/5406 5405/5467/5405
f 5409/5468/5409 5410/5469/5410 5408/5465/5408 5407/5464/5407
f 5411/5470/5411 5412/5471/5412 5410/5469/5410 5409/5468/5409
f 5413/5472/5413 5414/5473/5414 5412/5471/5412 5411/5470/5411
f 5415/5474/5415 5416/5475/5416 5414/5473/5414 5413/5472/5413
f 5417/5476/5417 5418/5477/5418 5416/5475/5416 5415/5474/5415
f 5419/5478/5419 5420/5479/5420 5418/5477/5418 5417/5476/5417
f 5364/5421/5364 5363/5420/5363 5420/5479/5420 5419/5478/5419
f 5421/5480/5421 5422/5481/5422 5423/5482/5423 5424/5483/5424
f 5425/5484/5425 5426/5485/5426 5422/5481/5422 5421/5480/5421
f 5427/5486/5427 5428/5487/5428 5426/5485/5426 5425/5484/5425
f 5429/5488/5429 5430/5489/5430 5428/5487/5428 5427/5486/5427
f 5431/5490/5431 5432/5491/5432 5430/5489/5430 5429/5488/5429
f 5433/5492/5433 5434/5493/5434 5432/5491/5432 5431/5490/5431
f 5435/5494/5435 5436/5495/5436 5434/5493/5434 5433/5492/5433
f 5437/5496/5437 5438/5497/5438 5436/5495/5436 5435/5494/5435
f 5439/5498/5439 5440/5499/5440 5438/5497/5438 5437/5496/5437
f 5441/5500/5441 5442/5501/5442 5440/5499/5440 5439/5498/5439
f 5443/5502/5443 5444/5503/5444 5442/5501/5442 5441/5500/5441
f 5445/5504/5445 5446/5505/5446 5444/5503/5444 5443/5502/5443
f 5447/5506/5447 5448/5507/5448 5446/5505/5446 5445/5504/5445
f 5449/5508/5449 5450/5509/5450 5448/5507/5448 5447/5506/5447
f 5451/5510/5451 5452/5511/5452 5450/5509/5450 5449/5508/5449
f 5453/5512/5453 5454/5513/5454 5452/5511/5452 5451/5510/5451
f 5455/5514/5455 5456/5515/5456 5454/5513/5454 5453/5512/5453
f 5457/5516/5457 5458/5517/5458 5456/5515/5456 5455/5514/5455
f 5459/5518/5459 5460/5519/5460 5458/5517/5458 5457/5516/5457
f 5461/5520/5461 5462/5521/5462 5460/5519/5460 5459/5518/5459
f 5463/5522/5463 5464/5523/5464 5462/5521/5462 5461/5520/5461
f 5465/5524/5465 5466/5525/5466 5464/5523/5464 5463/5522/5463
f 5467/5526/5467 5468/5527/5468 5466/5528/5466 5465/5529/5465
f 5469/5530/5469 5470/5531/5470 5468/5527/5468 5467/5526/5467
f 5471/5532/5471 5472/5533/5472 5470/5531/5470 5469/5530/5469
f 5473/5534/5473 5474/5535/5474 5472/5533/5472 5471/5532/5471
f 5475/5536/5475 5476/5537/5476 5474/5535/5474 5473/5534/5473
f 5477/5538/5477 5478/5539/5478 5476/5537/5476 5475/5536/5475
f 5479/5540/5479 5480/5541/5480 5478/5539/5478 5477/5538/5477
f 5424/5483/5424 5423/5482/5423 5480/5541/5480 5479/5540/5479
f 5481/5542/5481 5482/5543/5482 5272/5326/5272 5271/5325/5271
f 5483/5544/5483 5481/5542/5481 5271/5325/5271 5273/5327/5273
f 5484/5545/5484 5483/5544/5483 5273/5327/5273 5274/5328/5274
f 5485/5546/5485 5484/5545/5484 5274/5328/5274 5275/5329/5275
f 5486/5547/5486 5485/5546/5485 5275/5329/5275 5276/5330/5276
f 5487/5548/5487 5486/5547/5486 5276/5330/5276 5277/5331/5277
f 5488/5549/5488 5487/5548/5487 5277/5331/5277 5278/5332/5278
f 5489/5550/5489 5488/5549/5488 5278/5332/5278 5279/5333/5279
f 5490/5551/5490 5489/5550/5489 5279/5333/5279 5280/5334/5280
f 5491/5552/5491 5490/5551/5490 5280/5334/5280 5281/5335/5281
f 5492/5553/5492 5491/5552/5491 5281/5335/5281 5282/5336/5282
f 5493/5554/5493 5492/5553/5492 5282/5336/5282 5283/5337/5283
f 5494/5555/5494 5493/5554/5493 5283/5337/5283 5284/5338/5284
f 5495/5556/5495 5494/5555/5494 5284/5338/5284 5285/5339/5285
f 5496/5557/5496 5495/5556/5495 5285/5339/5285 5286/5340/5286
f 5497/5558/5497 5496/5557/5496 5286/5340/5286 5287/5341/5287
f 5498/5559/5498 5497/5558/5497 5287/5341/5287 5288/5342/5288
f 5499/5560/5499 5498/5559/5498 5288/5342/5288 5289/5343/5289
f 5500/5561/5500 5499/5560/5499 5289/5343/5289 5290/5344/5290
f 5501/5562/5501 5500/5561/5500 5290/5344/5290 5291/5345/5291
f 5502/5563/5502 5501/5562/5501 5291/5345/5291 5292/5346/5292
f 5503/5564/5503 5502/5563/5502 5292/5346/5292 5293/5347/5293
f 5504/5565/5504 5503/5566/5503 5293/5349/5293 5294/5348/5294
f 5505/5567/5505 5504/5565/5504 5294/5348/5294 5295/5350/5295
f 5506/5568/5506 5505/5567/5505 5295/5350/5295 5296/5351/5296
f 5507/5569/5507 5506/5568/5506 5296/5351/5296 5297/5352/5297
f 5508/5570/5508 5507/5569/5507 5297/5352/5297 5298/5353/5298
f 5509/5571/5509 5508/5570/5508 5298/5353/5298 5299/5354/5299
f 5510/5572/5510 5509/5571/5509 5299/5354/5299 5300/5355/5300
f 5482/5543/5482 5510/5572/5510 5300/5355/5300 5272/5326/5272
f 5511/5573/5511 5512/5574/5512 5303/5358/5303 5302/5357/5302
f 5513/5575/5513 5511/5573/5511 5302/5357/5302 5306/5361/5306
f 5514/5576/5514 5513/5575/5513 5306/5361/5306 5308/5363/5308
f 5515/5577/5515 5514/5576/5514 5308/5363/5308 5310/5365/5310
f 5516/5578/5516 5515/5577/5515 5310/5365/5310 5312/5367/5312
f 5517/5579/5517 5516/5578/5516 5312/5367/5312 5314/5369/5314
f 5518/5580/5518 5517/5579/5517 5314/5369/5314 5316/5371/5316
f 5519/5581/5519 5518/5580/5518 5316/5371/5316 5318/5373/5318
f 5520/5582/5520 5519/5581/5519 5318/5373/5318 5320/5375/5320
f 5521/5583/5521 5520/5582/5520 5320/5375/5320 5322/5377/5322
f 5522/5584/5522 5521/5583/5521 5322/5377/5322 5324/5379/5324
f 5523/5585/5523 5522/5584/5522 5324/5379/5324 5326/5381/5326
f 5524/5586/5524 5523/5585/5523 5326/5381/5326 5328/5383/5328
f 5525/5587/5525 5524/5586/5524 5328/5383/5328 5330/5385/5330
f 5526/5588/5526 5525/5587/5525 5330/5385/5330 5332/5387/5332
f 5527/5589/5527 5526/5588/5526 5332/5387/5332 5334/5389/5334
f 5528/5590/5528 5527/5589/5527 5334/5389/5334 5336/5391/5336
f 5529/5591/5529 5528/5590/5528 5336/5391/5336 5338/5393/5338
f 5530/5592/5530 5529/5591/5529 5338/5393/5338 5340/5395/5340
f 5531/5593/5531 5530/5592/5530 5340/5395/5340 5342/5397/5342
f 5532/5594/5532 5531/5593/5531 5342/5397/5342 5344/5399/5344
f 5533/5595/5533 5532/5594/5532 5344/5399/5344 5346/5401/5346
f 5534/5596/5534 5533/5597/5533 5346/5404/5346 5348/5403/5348
f 5535/5598/5535 5534/5596/5534 5348/5403/5348 5350/5407/5350
f 5536/5599/5536 5535/5598/5535 5350/5407/5350 5352/5409/5352
f 5537/5600/5537 5536/5599/5536 5352/5409/5352 5354/5411/5354
f 5538/5601/5538 5537/5600/5537 5354/5411/5354 5356/5413/5356
f 5539/5602/5539 5538/5601/5538 5356/5413/5356 5358/5415/5358
f 5540/5603/5540 5539/5602/5539 5358/5415/5358 5360/5417/5360
f 5512/5574/5512 5540/5603/5540 5360/5417/5360 5303/5358/5303
f 5541/5604/5541 5542/5605/5542 5363/5420/5363 5362/5419/5362
f 5543/5606/5543 5541/5604/5541 5362/5419/5362 5366/5423/5366
f 5544/5607/5544 5543/5606/5543 5366/5423/5366 5368/5425/5368
f 5545/5608/5545 5544/5607/5544 5368/5425/5368 5370/5427/5370
f 5546/5609/5546 5545/5608/5545 5370/5427/5370 5372/5429/5372
f 5547/5610/5547 5546/5609/5546 5372/5429/5372 5374/5431/5374
f 5548/5611/5548 5547/5610/5547 5374/5431/5374 5376/5433/5376
f 5549/5612/5549 5548/5611/5548 5376/5433/5376 5378/5435/5378
f 5550/5613/5550 5549/5612/5549 5378/5435/5378 5380/5437/5380
f 5551/5614/5551 5550/5613/5550 5380/5437/5380 5382/5439/5382
f 5552/5615/5552 5551/5614/5551 5382/5439/5382 5384/5441/5384
f 5553/5616/5553 5552/5615/5552 5384/5441/5384 5386/5443/5386
f 5554/5617/5554 5553/5616/5553 5386/5443/5386 5388/5445/5388
f 5555/5618/5555 5554/5617/5554 5388/5445/5388 5390/5447/5390
f 5556/5619/5556 5555/5618/5555 5390/5447/5390 5392/5449/5392
f 5557/5620/5557 5556/5619/5556 5392/5449/5392 5394/5451/5394
f 5558/5621/5558 5557/5620/5557 5394/5451/5394 5396/5453/5396
f 5559/5622/5559 5558/5621/5558 5396/5453/5396 5398/5455/5398
f 5560/5623/5560 5559/5622/5559 5398/5455/5398 5400/5457/5400
f 5561/5624/5561 5560/5623/5560 5400/5457/5400 5402/5459/5402
f 5562/5625/5562 5561/5624/5561 5402/5459/5402 5404/5461/5404
f 5563/5626/5563 5562/5625/5562 5404/5461/5404 5406/5463/5406
f 5564/5627/5564 5563/5628/5563 5406/5466/5406 5408/5465/5408
f 5565/5629/5565 5564/5627/5564 5408/5465/5408 5410/5469/5410
f 5566/5630/5566 5565/5629/5565 5410/5469/5410 5412/5471/5412
f 5567/5631/5567 5566/5630/5566 5412/5471/5412 5414/5473/5414
f 5568/5632/5568 5567/5631/5567 5414/5473/5414 5416/5475/5416
f 5569/5633/5569 5568/5632/5568 5416/5475/5416 5418/5477/5418
f 5570/5634/5570 5569/5633/5569 5418/5477/5418 5420/5479/5420
f 5542/5605/5542 5570/5634/5570 5420/5479/5420 5363/5420/5363
f 5571/5635/5571 5572/5636/5572 5482/5543/5482 5481/5542/5481
f 5301/5356/5301 5304/5359/5304 5572/5636/5572 5571/5635/5571
f 5573/5637/5573 5571/5635/5571 5481/5542/5481 5483/5544/5483
f 5305/5360/5305 5301/5356/5301 5571/5635/5571 5573/5637/5573
f 5574/5638/5574 5573/5637/5573 5483/5544/5483 5484/5545/5484
f 5307/5362/5307 5305/5360/5305 5573/5637/5573 5574/5638/5574
f 5575/5639/5575 5574/5638/5574 5484/5545/5484 5485/5546/5485
f 5309/5364/5309 5307/5362/5307 5574/5638/5574 5575/5639/5575
f 5576/5640/5576 5575/5639/5575 5485/5546/5485 5486/5547/5486
f 5311/5366/5311 5309/5364/5309 5575/5639/5575 5576/5640/5576
f 5577/5641/5577 5576/5640/5576 5486/5547/5486 5487/5548/5487
f 5313/5368/5313 5311/5366/5311 5576/5640/5576 5577/5641/5577
f 5578/5642/5578 5577/5641/5577 5487/5548/5487 5488/5549/5488
f 5315/5370/5315 5313/5368/5313 5577/5641/5577 5578/5642/5578
f 5579/5643/5579 5578/5642/5578 5488/5549/5488 5489/5550/5489
f 5317/5372/5317 5315/5370/5315 5578/5642/5578 5579/5643/5579
f 5580/5644/5580 5579/5643/5579 5489/5550/5489 5490/5551/5490
f 5319/5374/5319 5317/5372/5317 5579/5643/5579 5580/5644/5580
f 5581/5645/5581 5580/5644/5580 5490/5551/5490 5491/5552/5491
f 5321/5376/5321 5319/5374/5319 5580/5644/5580 5581/5645/5581
f 5582/5646/5582 5581/5645/5581 5491/5552/5491 5492/5553/5492
f 5323/5378/5323 5321/5376/5321 5581/5645/5581 5582/5646/5582
f 5583/5647/5583 5582/5646/5582 5492/5553/5492 5493/5554/5493
f 5325/5380/5325 5323/5378/5323 5582/5646/5582 5583/5647/5583
f 5584/5648/5584 5583/5647/5583 5493/5554/5493 5494/5555/5494
f 5327/5382/5327 5325/5380/5325 5583/5647/5583 5584/5648/5584
f 5585/5649/5585 5584/5648/5584 5494/5555/5494 5495/5556/5495
f 5329/5384/5329 5327/5382/5327 5584/5648/5584 5585/5649/5585
f 5586/5650/5586 5585/5649/5585 5495/5556/5495 5496/5557/5496
f 5331/5386/5331 5329/5384/5329 5585/5649/5585 5586/5650/5586
f 5587/5651/5587 5586/5650/5586 5496/5557/5496 5497/5558/5497
f 5333/5388/5333 5331/5386/5331 5586/5650/5586 5587/5651/5587
f 5588/5652/5588 5587/5651/5587 5497/5558/5497 5498/5559/5498
f 5335/5390/5335 5333/5388/5333 5587/5651/5587 5588/5652/5588
f 5589/5653/5589 5588/5652/5588 5498/5559/5498 5499/5560/5499
f 5337/5392/5337 5335/5390/5335 5588/5652/5588 5589/5653/5589
f 5590/5654/5590 5589/5653/5589 5499/5560/5499 5500/5561/5500
f 5339/5394/5339 5337/5392/5337 5589/5653/5589 5590/5654/5590
f 5591/5655/5591 5590/5654/5590 5500/5561/5500 5501/5562/5501
f 5341/5396/5341 5339/5394/5339 5590/5654/5590 5591/5655/5591
f 5592/5656/5592 5591/5655/5591 5501/5562/5501 5502/5563/5502
f 5343/5398/5343 5341/5396/5341 5591/5655/5591 5592/5656/5592
f 5593/5657/5593 5592/5656/5592 5502/5563/5502 5503/5564/5503
f 5345/5400/5345 5343/5398/5343 5592/5656/5592 5593/5657/5593
f 5594/5658/5594 5593/5659/5593 5503/5566/5503 5504/5565/5504
f 5347/5402/5347 5345/5405/5345 5593/5659/5593 5594/5658/5594
f 5595/5660/5595 5594/5658/5594 5504/5565/5504 5505/5567/5505
f 5349/5406/5349 5347/5402/5347 5594/5658/5594 5595/5660/5595
f 5596/5661/5596 5595/5660/5595 5505/5567/5505 5506/5568/5506
f 5351/5408/5351 5349/5406/5349 5595/5660/5595 5596/5661/5596
f 5597/5662/5597 5596/5661/5596 5506/5568/5506 5507/5569/5507
f 5353/5410/5353 5351/5408/5351 5596/5661/5596 5597/5662/5597
f 5598/5663/5598 5597/5662/5597 5507/5569/5507 5508/5570/5508
f 5355/5412/5355 5353/5410/5353 5597/5662/5597 5598/5663/5598
f 5599/5664/5599 5598/5663/5598 5508/5570/5508 5509/5571/5509
f 5357/5414/5357 5355/5412/5355 5598/5663/5598 5599/5664/5599
f 5600/5665/5600 5599/5664/5599 5509/5571/5509 5510/5572/5510
f 5359/5416/5359 5357/5414/5357 5599/5664/5599 5600/5665/5600
f 5572/5636/5572 5600/5665/5600 5510/5572/5510 5482/5543/5482
f 5304/5359/5304 5359/5416/5359 5600/5665/5600 5572/5636/5572
f 5601/5666/5601 5602/5667/5602 5512/5574/5512 5511/5573/5511
f 5361/5418/5361 5364/5421/5364 5602/5667/5602 5601/5666/5601
f 5603/5668/5603 5601/5666/5601 5511/5573/5511 5513/5575/5513
f 5365/5422/5365 5361/5418/5361 5601/5666/5601 5603/5668/5603
f 5604/5669/5604 5603/5668/5603 5513/5575/5513 5514/5576/5514
f 5367/5424/5367 5365/5422/5365 5603/5668/5603 5604/5669/5604
f 5605/5670/5605 5604/5669/5604 5514/5576/5514 5515/5577/5515
f 5369/5426/5369 5367/5424/5367 5604/5669/5604 5605/5670/5605
f 5606/5671/5606 5605/5670/5605 5515/5577/5515 5516/5578/5516
f 5371/5428/5371 5369/5426/5369 5605/5670/5605 5606/5671/5606
f 5607/5672/5607 5606/5671/5606 5516/5578/5516 5517/5579/5517
f 5373/5430/5373 5371/5428/5371 5606/5671/5606 5607/5672/5607
f 5608/5673/5608 5607/5672/5607 5517/5579/5517 5518/5580/5518
f 5375/5432/5375 5373/5430/5373 5607/5672/5607 5608/5673/5608
f 5609/5674/5609 5608/5673/5608 5518/5580/5518 5519/5581/5519
f 5377/5434/5377 5375/5432/5375 5608/5673/5608 5609/5674/5609
f 5610/5675/5610 5609/5674/5609 5519/5581/5519 5520/5582/5520
f 5379/5436/5379 5377/5434/5377 5609/5674/5609 5610/5675/5610
f 5611/5676/5611 5610/5675/5610 5520/5582/5520 5521/5583/5521
f 5381/5438/5381 5379/5436/5379 5610/5675/5610 5611/5676/5611
f 5612/5677/5612 5611/5676/5611 5521/5583/5521 5522/5584/5522
f 5383/5440/5383 5381/5438/5381 5611/5676/5611 5612/5677/5612
f 5613/5678/5613 5612/5677/5612 5522/5584/5522 5523/5585/5523
f 5385/5442/5385 5383/5440/5383 5612/5677/5612 5613/5678/5613
f 5614/5679/5614 5613/5678/5613 5523/5585/5523 5524/5586/5524
f 5387/5444/5387 5385/5442/5385 5613/5678/5613 5614/5679/5614
f 5615/5680/5615 5614/5679/5614 5524/5586/5524 5525/5587/5525
f 5389/5446/5389 5387/5444/5387 5614/5679/5614 5615/5680/5615
f 5616/5681/5616 5615/5680/5615 5525/5587/5525 5526/5588/5526
f 5391/5448/5391 5389/5446/5389 5615/5680/5615 5616/5681/5616
f 5617/5682/5617 5616/5681/5616 5526/5588/5526 5527/5589/5527
f 5393/5450/5393 5391/5448/5391 5616/5681/5616 5617/5682/5617
f 5618/5683/5618 5617/5682/5617 5527/5589/5527 5528/5590/5528
f 5395/5452/5395 5393/5450/5393 5617/5682/5617 5618/5683/5618
f 5619/5684/5619 5618/5683/5618 5528/5590/5528 5529/5591/5529
f 5397/5454/5397 5395/5452/5395 5618/5683/5618 5619/5684/5619
f 5620/5685/5620 5619/5684/5619 5529/5591/5529 5530/5592/5530
f 5399/5456/5399 5397/5454/5397 5619/5684/5619 5620/5685/5620
f 5621/5686/5621 5620/5685/5620 5530/5592/5530 5531/5593/5531
f 5401/5458/5401 5399/5456/5399 5620/5685/5620 5621/5686/5621
f 5622/5687/5622 5621/5686/5621 5531/5593/5531 5532/5594/5532
f 5403/5460/5403 5401/5458/5401 5621/5686/5621 5622/5687/5622
f 5623/5688/5623 5622/5687/5622 5532/5594/5532 5533/5595/5533
f 5405/5462/5405 5403/5460/5403 5622/5687/5622 5623/5688/5623
f 5624/5689/5624 5623/5690/5623 5533/5597/5533 5534/5596/5534
f 5407/5464/5407 5405/5467/5405 5623/5690/5623 5624/5689/5624
f 5625/5691/5625 5624/5689/5624 5534/5596/5534 5535/5598/5535
f 5409/5468/5409 5407/5464/5407 5624/5689/5624 5625/5691/5625
f 5626/5692/5626 5625/5691/5625 5535/5598/5535 5536/5599/5536
f 5411/5470/5411 5409/5468/5409 5625/5691/5625 5626/5692/5626
f 5627/5693/5627 5626/5692/5626 5536/5599/5536 5537/5600/5537
f 5413/5472/5413 5411/5470/5411 5626/5692/5626 5627/5693/5627
f 5628/5694/5628 5627/5693/5627 5537/5600/5537 5538/5601/5538
f 5415/5474/5415 5413/5472/5413 5627/5693/5627 5628/5694/5628
f 5629/5695/5629 5628/5694/5628 5538/5601/5538 5539/5602/5539
f 5417/5476/5417 5415/5474/5415 5628/5694/5628 5629/5695/5629
f 5630/5696/5630 5629/5695/5629 5539/5602/5539 5540/5603/5540
f 5419/5478/5419 5417/5476/5417 5629/5695/5629 5630/5696/5630
f 5602/5667/5602 5630/5696/5630 5540/5603/5540 5512/5574/5512
f 5364/5421/5364 5419/5478/5419 5630/5696/5630 5602/5667/5602
f 5631/5697/5631 5632/5698/5632 5542/5605/5542 5541/5604/5541
f 5421/5480/5421 5424/5483/5424 5632/5698/5632 5631/5697/5631
f 5633/5699/5633 5631/5697/5631 5541/5604/5541 5543/5606/5543
f 5425/5484/5425 5421/5480/5421 5631/5697/5631 5633/5699/5633
f 5634/5700/5634 5633/5699/5633 5543/5606/5543 5544/5607/5544
f 5427/5486/5427 5425/5484/5425 5633/5699/5633 5634/5700/5634
f 5635/5701/5635 5634/5700/5634 5544/5607/5544 5545/5608/5545
f 5429/5488/5429 5427/5486/5427 5634/5700/5634 5635/5701/5635
f 5636/5702/5636 5635/5701/5635 5545/5608/5545 5546/5609/5546
f 5431/5490/5431 5429/5488/5429 5635/5701/5635 5636/5702/5636
f 5637/5703/5637 5636/5702/5636 5546/5609/5546 5547/5610/5547
f 5433/5492/5433 5431/5490/5431 5636/5702/5636 5637/5703/5637
f 5638/5704/5638 5637/5703/5637 5547/5610/5547 5548/5611/5548
f 5435/5494/5435 5433/5492/5433 5637/5703/5637 5638/5704/5638
f 5639/5705/5639 5638/5704/5638 5548/5611/5548 5549/5612/5549
f 5437/5496/5437 5435/5494/5435 5638/5704/5638 5639/5705/5639
f 5640/5706/5640 5639/5705/5639 5549/5612/5549 5550/5613/5550
f 5439/5498/5439 5437/5496/5437 5639/5705/5639 5640/5706/5640
f 5641/5707/5641 5640/5706/5640 5550/5613/5550 5551/5614/5551
f 5441/5500/5441 5439/5498/5439 5640/5706/5640 5641/5707/5641
f 5642/5708/5642 5641/5707/5641 5551/5614/5551 5552/5615/5552
f 5443/5502/5443 5441/5500/5441 5641/5707/5641 5642/5708/5642
f 5643/5709/5643 5642/5708/5642 5552/5615/5552 5553/5616/5553
f 5445/5504/5445 5443/5502/5443 5642/5708/5642 5643/5709/5643
f 5644/5710/5644 5643/5709/5643 5553/5616/5553 5554/5617/5554
f 5447/5506/5447 5445/5504/5445 5643/5709/5643 5644/5710/5644
f 5645/5711/5645 5644/5710/5644 5554/5617/5554 5555/5618/5555
f 5449/5508/5449 5447/5506/5447 5644/5710/5644 5645/5711/5645
f 5646/5712/5646 5645/5711/5645 5555/5618/5555 5556/5619/5556
f 5451/5510/5451 5449/5508/5449 5645/5711/5645 5646/5712/5646
f 5647/5713/5647 5646/5712/5646 5556/5619/5556 5557/5620/5557
f 5453/5512/5453 5451/5510/5451 5646/5712/5646 5647/5713/5647
f 5648/5714/5648 5647/5713/5647 5557/5620/5557 5558/5621/5558
f 5455/5514/5455 5453/5512/5453 5647/5713/5647 5648/5714/5648
f 5649/5715/5649 5648/5714/5648 5558/5621/5558 5559/5622/5559
f 5457/5516/5457 5455/5514/5455 5648/5714/5648 5649/5715/5649
f 5650/5716/5650 5649/5715/5649 5559/5622/5559 5560/5623/5560
f 5459/5518/5459 5457/5516/5457 5649/5715/5649 5650/5716/5650
f 5651/5717/5651 5650/5716/5650 5560/5623/5560 5561/5624/5561
f 5461/5520/5461 5459/5518/5459 5650/5716/5650 5651/5717/5651
f 5652/5718/5652 5651/5717/5651 5561/5624/5561 5562/5625/5562
f 5463/5522/5463 5461/5520/5461 5651/5717/5651 5652/5718/5652
f 5653/5719/5653 5652/5718/5652 5562/5625/5562 5563/5626/5563
f 5465/5524/5465 5463/5522/5463 5652/5718/5652 5653/5719/5653
f 5654/5720/5654 5653/5721/5653 5563/5628/5563 5564/5627/5564
f 5467/5526/5467 5465/5529/5465 5653/5721/5653 5654/5720/5654
f 5655/5722/5655 5654/5720/5654 5564/5627/5564 5565/5629/5565
f 5469/5530/5469 5467/5526/5467 5654/5720/5654 5655/5722/5655
f 5656/5723/5656 5655/5722/5655 5565/5629/5565 5566/5630/5566
f 5471/5532/5471 5469/5530/5469 5655/5722/5655 5656/5723/5656
f 5657/5724/5657 5656/5723/5656 5566/5630/5566 5567/5631/5567
f 5473/5534/5473 5471/5532/5471 5656/5723/5656 5657/5724/5657
f 5658/5725/5658 5657/5724/5657 5567/5631/5567 5568/5632/5568
f 5475/5536/5475 5473/5534/5473 5657/5724/5657 5658/5725/5658
f 5659/5726/5659 5658/5725/5658 5568/5632/5568 5569/5633/5569
f 5477/5538/5477 5475/5536/5475 5658/5725/5658 5659/5726/5659
f 5660/5727/5660 5659/5726/5659 5569/5633/5569 5570/5634/5570
f 5479/5540/5479 5477/5538/5477 5659/5726/5659 5660/5727/5660
f 5632/5698/5632 5660/5727/5660 5570/5634/5570 5542/5605/5542
f 5424/5483/5424 5479/5540/5479 5660/5727/5660 5632/5698/5632
f 5661/5728/5661 5662/5729/5662 5663/5730/5663 5664/5731/5664
f 5665/5732/5665 5666/5733/5666 5662/5729/5662 5661/5728/5661
f 5667/5734/5667 5668/5735/5668 5666/5733/5666 5665/5732/5665
f 5669/5736/5669 5670/5737/5670 5668/5735/5668 5667/5734/5667
f 5671/5738/5671 5672/5739/5672 5670/5737/5670 5669/5736/5669
f 5673/5740/5673 5674/5741/5674 5672/5739/5672 5671/5738/5671
f 5675/5742/5675 5676/5743/5676 5674/5741/5674 5673/5740/5673
f 5677/5744/5677 5678/5745/5678 5676/5743/5676 5675/5742/5675
f 5679/5746/5679 5680/5747/5680 5678/5745/5678 5677/5744/5677
f 5681/5748/5681 5682/5749/5682 5680/5747/5680 5679/5746/5679
f 5683/5750/5683 5684/5751/5684 5682/5749/5682 5681/5748/5681
f 5685/5752/5685 5686/5753/5686 5684/5751/5684 5683/5750/5683
f 5687/5754/5687 5688/5755/5688 5686/5753/5686 5685/5752/5685
f 5689/5756/5689 5690/5757/5690 5688/5755/5688 5687/5754/5687
f 5691/5758/5691 5692/5759/5692 5690/5757/5690 5689/5756/5689
f 5693/5760/5693 5694/5761/5694 5692/5759/5692 5691/5758/5691
f 5695/5762/5695 5696/5763/5696 5694/5761/5694 5693/5760/5693
f 5697/5764/5697 5698/5765/5698 5696/5763/5696 5695/5762/5695
f 5699/5766/5699 5700/5767/5700 5698/5765/5698 5697/5764/5697
f 5701/5768/5701 5702/5769/5702 5700/5767/5700 5699/5766/5699
f 5703/5770/5703 5704/5771/5704 5702/5769/5702 5701/5768/5701
f 5705/5772/5705 5706/5773/5706 5704/5771/5704 5703/5770/5703
f 5707/5774/5707 5708/5775/5708 5706/5773/5706 5705/5772/5705
f 5709/5776/5709 5710/5777/5710 5708/5775/5708 5707/5774/5707
f 5711/5778/5711 5712/5779/5712 5710/5777/5710 5709/5776/5709
f 5713/5780/5713 5714/5781/5714 5712/5779/5712 5711/5778/5711
f 5715/5782/5715 5716/5783/5716 5714/5781/5714 5713/5780/5713
f 5717/5784/5717 5718/5785/5718 5716/5783/5716 5715/5782/5715
f 5719/5786/5719 5720/5787/5720 5718/5785/5718 5717/5784/5717
f 5664/5731/5664 5663/5730/5663 5720/5787/5720 5719/5786/5719
f 5721/5788/5721 5722/5789/5722 5661/5790/5661 5664/5791/5664
f 5723/5792/5723 5721/5788/5721 5664/5791/5664 5719/5793/5719
f 5724/5794/5724 5723/5792/5723 5719/5793/5719 5717/5795/5717
f 5725/5796/5725 5724/5794/5724 5717/5795/5717 5715/5797/5715
f 5726/5798/5726 5725/5796/5725 5715/5797/5715 5713/5799/5713
f 5727/5800/5727 5726/5798/5726 5713/5799/5713 5711/5801/5711
f 5728/5802/5728 5727/5800/5727 5711/5801/5711 5709/5803/5709
f 5729/5804/5729 5728/5802/5728 5709/5803/5709 5707/5805/5707
f 5730/5806/5730 5729/5804/5729 5707/5805/5707 5705/5807/5705
f 5731/5808/5731 5730/5806/5730 5705/5807/5705 5703/5809/5703
f 5732/5810/5732 5731/5808/5731 5703/5809/5703 5701/5811/5701
f 5733/5812/5733 5732/5810/5732 5701/5811/5701 5699/5813/5699
f 5734/5814/5734 5733/5812/5733 5699/5813/5699 5697/5815/5697
f 5735/5816/5735 5734/5814/5734 5697/5815/5697 5695/5817/5695
f 5736/5818/5736 5735/5816/5735 5695/5817/5695 5693/5819/5693
f 5737/5820/5737 5736/5818/5736 5693/5819/5693 5691/5821/5691
f 5738/5822/5738 5737/5820/5737 5691/5821/5691 5689/5823/5689
f 5739/5824/5739 5738/5822/5738 5689/5823/5689 5687/5825/5687
f 5740/5826/5740 5739/5824/5739 5687/5825/5687 5685/5827/5685
f 5741/5828/5741 5740/5826/5740 5685/5827/5685 5683/5829/5683
f 5742/5830/5742 5741/5828/5741 5683/5829/5683 5681/5831/5681
f 5743/5832/5743 5742/5830/5742 5681/5831/5681 5679/5833/5679
f 5744/5834/5744 5743/5835/5743 5679/5836/5679 5677/5837/5677
f 5745/5838/5745 5744/5834/5744 5677/5837/5677 5675/5839/5675
f 5746/5840/5746 5745/5838/5745 5675/5839/5675 5673/5841/5673
f 5747/5842/5747 5746/5840/5746 5673/5841/5673 5671/5843/5671
f 5748/5844/5748 5747/5842/5747 5671/5843/5671 5669/5845/5669
f 5749/5846/5749 5748/5844/5748 5669/5845/5669 5667/5847/5667
f 5750/5848/5750 5749/5846/5749 5667/5847/5667 5665/5849/5665
f 5722/5789/5722 5750/5848/5750 5665/5849/5665 5661/5790/5661
f 5751/5850/5751 5752/5851/5752 5722/5789/5722 5721/5788/5721
f 5158/5208/5158 5157/5207/5157 5752/5851/5752 5751/5850/5751
f 5753/5852/5753 5751/5850/5751 5721/5788/5721 5723/5792/5723
f 5162/5212/5162 5158/5208/5158 5751/5850/5751 5753/5852/5753
f 5754/5853/5754 5753/5852/5753 5723/5792/5723 5724/5794/5724
f 5166/5216/5166 5162/5212/5162 5753/5852/5753 5754/5853/5754
f 5755/5854/5755 5754/5853/5754 5724/5794/5724 5725/5796/5725
f 5170/5220/5170 5166/5216/5166 5754/5853/5754 5755/5854/5755
f 5756/5855/5756 5755/5854/5755 5725/5796/5725 5726/5798/5726
f 5174/5224/5174 5170/5220/5170 5755/5854/5755 5756/5855/5756
f 5757/5856/5757 5756/5855/5756 5726/5798/5726 5727/5800/5727
f 5178/5228/5178 5174/5224/5174 5756/5855/5756 5757/5856/5757
f 5758/5857/5758 5757/5856/5757 5727/5800/5727 5728/5802/5728
f 5182/5232/5182 5178/5228/5178 5757/5856/5757 5758/5857/5758
f 5759/5858/5759 5758/5857/5758 5728/5802/5728 5729/5804/5729
f 5186/5236/5186 5182/5232/5182 5758/5857/5758 5759/5858/5759
f 5760/5859/5760 5759/5858/5759 5729/5804/5729 5730/5806/5730
f 5190/5240/5190 5186/5236/5186 5759/5858/5759 5760/5859/5760
f 5761/5860/5761 5760/5859/5760 5730/5806/5730 5731/5808/5731
f 5194/5244/5194 5190/5240/5190 5760/5859/5760 5761/5860/5761
f 5762/5861/5762 5761/5860/5761 5731/5808/5731 5732/5810/5732
f 5198/5248/5198 5194/5244/5194 5761/5860/5761 5762/5861/5762
f 5763/5862/5763 5762/5861/5762 5732/5810/5732 5733/5812/5733
f 5202/5252/5202 5198/5248/5198 5762/5861/5762 5763/5862/5763
f 5764/5863/5764 5763/5862/5763 5733/5812/5733 5734/5814/5734
f 5206/5256/5206 5202/5252/5202 5763/5862/5763 5764/5863/5764
f 5765/5864/5765 5764/5863/5764 5734/5814/5734 5735/5816/5735
f 5210/5260/5210 5206/5256/5206 5764/5863/5764 5765/5864/5765
f 5766/5865/5766 5765/5864/5765 5735/5816/5735 5736/5818/5736
f 5214/5264/5214 5210/5260/5210 5765/5864/5765 5766/5865/5766
f 5767/5866/5767 5766/5865/5766 5736/5818/5736 5737/5820/5737
f 5218/5268/5218 5214/5264/5214 5766/5865/5766 5767/5866/5767
f 5768/5867/5768 5767/5866/5767 5737/5820/5737 5738/5822/5738
f 5222/5272/5222 5218/5268/5218 5767/5866/5767 5768/5867/5768
f 5769/5868/5769 5768/5867/5768 5738/5822/5738 5739/5824/5739
f 5226/5276/5226 5222/5272/5222 5768/5867/5768 5769/5868/5769
f 5770/5869/5770 5769/5868/5769 5739/5824/5739 5740/5826/5740
f 5230/5280/5230 5226/5276/5226 5769/5868/5769 5770/5869/5770
f 5771/5870/5771 5770/5869/5770 5740/5826/5740 5741/5828/5741
f 5234/5284/5234 5230/5280/5230 5770/5869/5770 5771/5870/5771
f 5772/5871/5772 5771/5870/5771 5741/5828/5741 5742/5830/5742
f 5238/5288/5238 5234/5284/5234 5771/5870/5771 5772/5871/5772
f 5773/5872/5773 5772/5871/5772 5742/5830/5742 5743/5832/5743
f 5242/5292/5242 5238/5288/5238 5772/5871/5772 5773/5872/5773
f 5774/5873/5774 5773/5874/5773 5743/5835/5743 5744/5834/5744
f 5246/5300/5246 5242/5299/5242 5773/5874/5773 5774/5873/5774
f 5775/5875/5775 5774/5873/5774 5744/5834/5744 5745/5838/5745
f 5250/5304/5250 5246/5300/5246 5774/5873/5774 5775/5875/5775
f 5776/5876/5776 5775/5875/5775 5745/5838/5745 5746/5840/5746
f 5254/5308/5254 5250/5304/5250 5775/5875/5775 5776/5876/5776
f 5777/5877/5777 5776/5876/5776 5746/5840/5746 5747/5842/5747
f 5258/5312/5258 5254/5308/5254 5776/5876/5776 5777/5877/5777
f 5778/5878/5778 5777/5877/5777 5747/5842/5747 5748/5844/5748
f 5262/5316/5262 5258/5312/5258 5777/5877/5777 5778/5878/5778
f 5779/5879/5779 5778/5878/5778 5748/5844/5748 5749/5846/5749
f 5266/5320/5266 5262/5316/5262 5778/5878/5778 5779/5879/5779
f 5780/5880/5780 5779/5879/5779 5749/5846/5749 5750/5848/5750
f 5270/5324/5270 5266/5320/5266 5779/5879/5779 5780/5880/5780
f 5752/5851/5752 5780/5880/5780 5750/5848/5750 5722/5789/5722
f 5157/5207/5157 5270/5324/5270 5780/5880/5780 5752/5851/5752
f 5670/5737/5670 5672/5739/5672 5674/5741/5674 5676/5743/5676 5678/5745/5678 5680/5747/5680 5682/5749/5682 5684/5751/5684 5686/5753/5686 5688/5755/5688 5690/5757/5690 5692/5759/5692 5694/5761/5694 5696/5763/5696 5698/5765/5698 5700/5767/5700 5702/5769/5702 5704/5771/5704 5706/5773/5706 5708/5775/5708 5710/5777/5710 5712/5779/5712 5714/5781/5714 5716/5783/5716 5718/5785/5718 5720/5787/5720 5663/5730/5663 5662/5729/5662 5666/5733/5666 5668/5735/5668
f 5422/5881/5422 5426/5882/5426 5428/5883/5428 5430/5884/5430 5432/5885/5432 5434/5886/5434 5436/5887/5436 5438/5888/5438 5440/5889/5440 5442/5890/5442 5444/5891/5444 5446/5892/5446 5448/5893/5448 5450/5894/5450 5452/5895/5452 5454/5896/5454 5456/5897/5456 5458/5898/5458 5460/5899/5460 5462/5900/5462 5464/5901/5464 5466/5902/5466 5468/5903/5468 5470/5904/5470 5472/5905/5472 5474/5906/5474 5476/5907/5476 5478/5908/5478 5480/5909/5480 5423/5910/5423
f 5153/5203/5153 5156/5206/5156 5155/5205/5155 5154/5204/5154
f 5154/5204/5154 5155/5205/5155 5161/5211/5161 5160/5210/5160
f 5160/5210/5160 5161/5211/5161 5165/5215/5165 5164/5214/5164
f 5164/5214/5164 5165/5215/5165 5169/5219/5169 5168/5218/5168
f 5168/5218/5168 5169/5219/5169 5173/5223/5173 5172/5222/5172
f 5172/5222/5172 5173/5223/5173 5177/5227/5177 5176/5226/5176
f 5176/5226/5176 5177/5227/5177 5181/5231/5181 5180/5230/5180
f 5180/5230/5180 5181/5231/5181 5185/5235/5185 5184/5234/5184
f 5184/5234/5184 5185/5235/5185 5189/5239/5189 5188/5238/5188
f 5188/5238/5188 5189/5239/5189 5193/5243/5193 5192/5242/5192
f 5192/5242/5192 5193/5243/5193 5197/5247/5197 5196/5246/5196
f 5196/5246/5196 5197/5247/5197 5201/5251/5201 5200/5250/5200
f 5200/5250/5200 5201/5251/5201 5205/5255/5205 5204/5254/5204
f 5204/5254/5204 5205/5255/5205 5209/5259/5209 5208/5258/5208
f 5208/5258/5208 5209/5259/5209 5213/5263/5213 5212/5262/5212
f 5212/5262/5212 5213/5263/5213 5217/5267/5217 5216/5266/5216
f 5216/5266/5216 5217/5267/5217 5221/5271/5221 5220/5270/5220
f 5220/5270/5220 5221/5271/5221 5225/5275/5225 5224/5274/5224
f 5224/5274/5224 5225/5275/5225 5229/5279/5229 5228/5278/5228
f 5228/5278/5228 5229/5279/5229 5233/5283/5233 5232/5282/5232
f 5232/5282/5232 5233/5283/5233 5237/5287/5237 5236/5286/5236
f 5236/5286/5236 5237/5287/5237 5241/5291/5241 5240/5290/5240
f 5240/5295/5240 5241/5298/5241 5245/5297/5245 5244/5296/5244
f 5244/5296/5244 5245/5297/5245 5249/5303/5249 5248/5302/5248
f 5248/5302/5248 5249/5303/5249 5253/5307/5253 5252/5306/5252
f 5252/5306/5252 5253/5307/5253 5257/5311/5257 5256/5310/5256
f 5256/5310/5256 5257/5311/5257 5261/5315/5261 5260/5314/5260
f 5260/5314/5260 5261/5315/5261 5265/5319/5265 5264/5318/5264
f 5264/5318/5264 5265/5319/5265 5269/5323/5269 5268/5322/5268
f 5268/5322/5268 5269/5323/5269 5156/5206/5156 5153/5203/5153
