# This file uses centimeters as units for non-parametric coordinates.

mtllib Box_01.mtl
adobe_mdllib Box_01.mdl
g default1
v -55.284695 111.968750 -65.190338
v 55.397411 111.968750 -65.190346
v -55.164841 112.198586 -0.915781
v 55.339325 112.198586 -0.915779
v 55.339325 110.897476 -71.576851
v -55.164841 110.897476 -71.576851
v -54.995060 109.996513 -71.296631
v 55.146931 109.996513 -71.296631
v -55.144493 111.036888 -65.036819
v 55.217861 111.036888 -65.036819
v -54.995060 111.252037 -0.814085
v 55.146931 111.252037 -0.814085
v 55.397411 111.827095 -66.056160
v 55.217861 110.898575 -65.882370
v -55.144493 110.898575 -65.882370
v -55.284695 111.827087 -66.056160
v 55.397411 111.058807 -70.668945
v 55.217861 110.148331 -70.385414
v -55.144493 110.148331 -70.385414
v -55.284695 111.058800 -70.668945
v 55.419876 111.646370 -66.022331
v 55.419876 110.881592 -70.613747
v 55.348663 110.726837 -71.542847
v -55.228333 110.726837 -71.542854
v -55.378357 110.881592 -70.613754
v -55.378357 111.646370 -66.022324
v -55.378357 111.787369 -65.160454
v -55.228333 112.022797 -0.814336
v 55.348663 112.022797 -0.814335
v 55.419876 111.787369 -65.160461
v 55.252235 111.025826 -65.906189
v 55.252235 110.273117 -70.424271
v 55.217861 110.010490 -71.212746
v 55.181259 110.120796 -71.338531
v 54.934128 109.991859 -71.324593
v -54.546757 109.991859 -71.324593
v -55.034756 110.120796 -71.338539
v -55.144493 110.010490 -71.212746
v -55.184292 110.273117 -70.424271
v -55.184292 111.025826 -65.906189
v -55.144493 111.029640 -65.095688
v -55.184292 111.164604 -65.057854
v -55.144493 111.039459 -64.975510
v -55.144493 111.144341 -33.318687
v -55.034756 111.383202 -0.814128
v -54.546757 111.252464 -0.684044
v 54.934128 111.252464 -0.684044
v 55.181259 111.383202 -0.814128
v 55.217861 111.144341 -33.318687
v 55.217861 111.039459 -64.975510
v 55.252235 111.164604 -65.057854
v 55.217861 111.029640 -65.095688
v 55.419876 112.021385 -1.205209
v 55.397411 112.207634 -1.205448
v 55.217861 111.250740 -1.204210
v -55.378357 112.021385 -1.205209
v -55.144493 111.250740 -1.204210
v -55.284695 112.207634 -1.205448
v 0.332461 112.209076 -0.814398
v 0.332213 111.981407 -65.192413
v 0.332213 111.839706 -66.058510
v 0.332213 111.071175 -70.672783
v 0.332461 110.903343 -71.602356
v 0.336007 110.722092 -71.571373
v 0.350691 109.991859 -71.324593
v 0.336007 112.023270 -0.684042
v 0.350691 111.252464 -0.684044
v -54.834202 110.903343 -71.602356
v -55.284695 110.917656 -71.516426
v -54.838108 111.071175 -70.672783
v -54.838108 111.981407 -65.192413
v -55.284695 111.971375 -65.128563
v -54.778252 110.722092 -71.571373
v -55.272896 110.866379 -71.589897
v -55.378357 110.741081 -71.457329
v -55.423035 111.021690 -70.657372
v 55.458466 111.021690 -70.657372
v 55.419876 110.741089 -71.457329
v 55.387203 110.866379 -71.589905
v 55.397411 110.917656 -71.516434
v -55.423035 111.930756 -65.184074
v -55.378357 111.789993 -65.098770
v -55.272896 112.170067 -0.814383
v -54.778252 112.023270 -0.684042
v -54.834202 112.209076 -0.814401
v 55.419876 111.789993 -65.098770
v 55.458466 111.930763 -65.184074
v 55.397411 111.971375 -65.128563
v 55.135025 110.722092 -71.571373
v 55.183571 110.903343 -71.602356
v 55.135025 112.023270 -0.684042
v 55.387203 112.170067 -0.814383
v 55.183571 112.209076 -0.814401
v 55.186962 111.981407 -65.192413
v 55.186962 111.071175 -70.672783
v 55.419876 111.779976 -65.220200
v 55.458466 111.789238 -66.049080
v 55.397411 111.961311 -65.250290
v -55.423035 111.789238 -66.049080
v -55.378357 111.779976 -65.220200
v -55.284695 111.961311 -65.250290
v -54.838108 111.839706 -66.058510
v 55.186962 111.839706 -66.058510
v 55.419876 111.904861 -33.381256
v 55.397411 112.088661 -33.396381
v -55.378357 111.904861 -33.381256
v -55.284695 112.088661 -33.396381
v -54.838108 110.929985 -71.520554
v -54.838108 111.984039 -65.130646
v -54.822483 110.861610 -71.618515
v -55.423038 110.880669 -71.504044
v 55.458473 110.880669 -71.504051
v -55.423038 111.933388 -65.122330
v -54.822487 112.170540 -0.684044
v 55.458473 111.933388 -65.122337
v 55.173405 110.861610 -71.618515
v 55.173401 112.170540 -0.684044
v 55.186962 111.984039 -65.130646
v 55.186962 110.929977 -71.520561
v 55.458473 111.923332 -65.244003
v -55.423038 111.923332 -65.244003
v -54.838108 111.973976 -65.252396
v 55.186962 111.973976 -65.252396
v 55.458473 112.050163 -33.393211
v -55.423038 112.050163 -33.393211
v -54.838108 112.101486 -33.397430
v 55.186962 112.101486 -33.397430
v 55.252235 110.134819 -71.254372
v 54.968315 110.116119 -71.366585
v -54.586151 110.116119 -71.366585
v -55.184292 110.134819 -71.254372
v -55.184292 111.157326 -65.116875
v -55.184292 111.167175 -64.996490
v -55.184292 111.273758 -33.329334
v -54.586151 111.383636 -0.684044
v 54.968311 111.383636 -0.684044
v 55.252235 111.273758 -33.329334
v 55.252235 111.167175 -64.996490
v 55.252235 111.157326 -65.116875
v 55.458473 112.168625 -1.205400
v 55.252235 111.381882 -1.204381
v -55.184292 111.381882 -1.204381
v -55.423038 112.168625 -1.205400
v -54.838108 112.220634 -1.205468
v 55.186962 112.220634 -1.205468
v 0.332212 112.220634 -1.205468
v 0.332212 112.101486 -33.397430
v 0.332212 111.984039 -65.130646
v 0.332212 111.973976 -65.252396
v 0.332212 110.929985 -71.520561
v 0.333203 110.861610 -71.618515
v 0.348193 110.116119 -71.366585
v 0.348193 111.383636 -0.684044
v 0.333204 112.170540 -0.684044
v -55.316341 112.282776 4.386886
v 55.298073 112.247772 4.386886
v -55.316341 112.282776 -7.707033
v 55.298073 112.247772 -7.707033
v 55.424603 65.941101 4.332802
v 55.424603 65.941101 -7.581342
v -55.425060 54.828762 4.332802
v -55.425060 54.828762 -7.581342
v -55.490448 112.456017 4.332802
v 55.472244 112.420883 4.332802
v 55.472244 112.420883 -7.581342
v -55.490448 112.456017 -7.581342
v 55.757885 66.027496 4.290736
v 55.757885 66.027496 -7.483582
v -55.758156 54.937183 -7.483582
v -55.758156 54.937183 4.290736
v 55.405350 112.354401 -7.707033
v 55.638500 65.941353 -7.581342
v 55.638500 65.941360 4.332802
v 55.405350 112.354401 4.386886
v -55.423576 112.389481 4.386886
v -55.638889 54.829082 4.332802
v -55.638889 54.829086 -7.581342
v -55.423576 112.389481 -7.707033
v 55.638756 65.830963 -1.373644
v 55.771854 65.941536 -1.373644
v 55.481045 112.429634 -1.373644
v -55.499245 112.464775 -1.373644
v -55.639221 54.690559 -1.373644
v -55.772194 54.829315 -1.373644
v -55.425060 54.690559 -1.373644
v 55.424603 65.830963 -7.204267
v 55.638756 65.830963 -7.204267
v 55.771854 65.941536 -7.204267
v 55.481045 112.429634 -7.204267
v -55.499237 112.464775 -7.204267
v -55.639221 54.690559 -7.204267
v -55.772194 54.829315 -7.204267
v -55.719578 54.829208 -7.581342
v -55.425060 54.690559 -7.204267
v -55.537228 54.828934 -7.581342
v 55.424603 88.797646 4.386886
v 55.585995 88.850403 4.386886
v 55.686630 88.883301 4.332802
v 55.686630 88.883301 -7.581342
v 55.585995 88.850403 -7.707033
v 55.424603 88.797646 -7.707033
v -0.071475 112.442703 4.386886
v -0.071611 112.549782 4.386886
v -0.071706 112.616547 4.332802
v -0.071702 112.616547 -7.581342
v -0.071611 112.549782 -7.707033
v -0.071475 112.442703 -7.707033
v -55.425060 89.227371 -7.707033
v -55.585880 89.280708 -7.707033
v -55.686150 89.313965 -7.581342
v -55.686150 89.313965 4.332802
v -55.585880 89.280708 4.386886
v -55.425060 89.227371 4.386886
v -55.425060 55.243382 -7.707033
v -55.637939 55.244663 -7.707033
v -55.770660 55.245461 -7.581342
v -55.770660 55.245461 4.332802
v -55.637939 55.244663 4.386886
v -55.425060 55.243382 4.386886
v 55.481049 112.429634 4.170549
v 55.090736 112.616547 4.332802
v 55.601349 111.833900 4.332802
v -55.499245 112.464775 4.170549
v -55.601295 111.974419 4.332802
v 54.918480 112.442703 4.386886
v 55.354343 112.303703 4.386886
v 55.024582 112.549782 4.386886
v 55.354343 112.303703 -7.707033
v 54.918480 112.442703 -7.707033
v 55.024582 112.549782 -7.707033
v 55.424603 111.662971 4.386886
v 55.533470 111.768257 4.386886
v 55.424603 65.830963 4.170549
v 55.638756 65.830963 4.170549
v 55.536800 65.941238 4.332802
v 55.424603 111.662971 -7.707033
v 55.533470 111.768257 -7.707033
v -55.425060 111.802979 -7.707033
v -55.533619 111.908577 -7.707033
v -55.372597 112.338745 -7.707033
v -55.425060 54.690559 4.170549
v -55.537228 54.828934 4.332802
v -55.639221 54.690559 4.170549
v -55.425060 111.802979 4.386886
v -55.372597 112.338745 4.386886
v -55.533619 111.908577 4.386886
v 55.445831 112.394638 -7.707033
v 55.601349 111.833900 -7.581342
v 55.771854 65.941536 4.170549
v 55.719212 65.941452 4.332802
v 55.445831 112.394638 4.386886
v -55.464035 112.429749 4.386886
v -55.719578 54.829208 4.332802
v -55.772194 54.829315 4.170549
v -55.601295 111.974419 -7.581342
v -55.464035 112.429749 -7.707033
v 55.090736 112.616547 -7.581342
v -54.990185 112.442703 -7.707033
v -55.096424 112.549782 -7.707033
v -55.162670 112.616547 -7.581342
v -55.162670 112.616547 4.332802
v -55.096424 112.549782 4.386886
v -54.990185 112.442703 4.386886
v 55.424603 66.271515 4.386886
v 55.637741 66.272522 4.386886
v 55.770641 66.273163 4.332802
v 55.637741 66.272522 -7.707033
v 55.770641 66.273163 -7.581342
v 55.719212 65.941452 -7.581342
v 55.424603 66.271515 -7.707033
v 55.536800 65.941238 -7.581342
v 55.424603 65.830963 -1.373644
v 55.099442 112.625336 4.170549
v 55.610287 111.842545 4.170549
v -55.610222 111.983078 4.170549
v 54.974133 112.498871 4.386886
v 54.974133 112.498871 -7.707033
v 55.481705 111.718193 4.386886
v 55.536934 65.830963 4.170549
v 55.481705 111.718193 -7.707033
v -55.481998 111.858368 -7.707033
v -55.537388 54.690559 4.170549
v -55.481998 111.858368 4.386886
v 55.574551 111.807983 -7.707033
v 55.719559 65.830963 4.170549
v 55.574547 111.807983 4.386886
v 55.064613 112.590187 4.386886
v -55.574581 111.948418 4.386886
v -55.720016 54.690559 4.170549
v -55.574581 111.948418 -7.707033
v 55.064613 112.590187 -7.707033
v -55.045910 112.498871 -7.707033
v -55.136513 112.590187 -7.707033
v -55.171391 112.625336 4.170549
v -55.136513 112.590187 4.386886
v -55.045910 112.498871 4.386886
v 55.536400 66.272041 4.386886
v 55.718166 66.272911 4.386886
v 55.788132 66.273239 4.170549
v 55.718166 66.272911 -7.707033
v 55.536400 66.272041 -7.707033
v 55.536934 65.830963 -1.373644
v 55.719559 65.830963 -1.373645
v 55.788132 66.273239 -1.373644
v 55.610287 111.842545 -1.373644
v 55.099442 112.625336 -1.373645
v -55.171391 112.625336 -1.373645
v -55.610222 111.983078 -1.373645
v -55.720016 54.690559 -1.373644
v -55.537388 54.690559 -1.373644
v 55.536934 65.830963 -7.204267
v 55.719559 65.830963 -7.204267
v 55.788132 66.273239 -7.204267
v 55.610287 111.842545 -7.204267
v 55.099442 112.625336 -7.204267
v -55.171391 112.625336 -7.204267
v -55.610222 111.983078 -7.204267
v -55.720016 54.690559 -7.204267
v -55.537388 54.690559 -7.204267
v 55.509258 88.825325 4.386886
v 55.646896 88.870316 4.386886
v 55.699875 88.887634 4.170549
v 55.699875 88.887634 -1.373644
v 55.699875 88.887634 -7.204267
v 55.646896 88.870316 -7.707033
v 55.509258 88.825325 -7.707033
v -0.071547 112.498871 4.386886
v -0.071664 112.590187 4.386886
v -0.071718 112.625336 4.170549
v -0.071718 112.625336 -1.373644
v -0.071714 112.625336 -7.204267
v -0.071664 112.590187 -7.707033
v -0.071547 112.498871 -7.707033
v -55.509415 89.255348 -7.707033
v -55.646561 89.300835 -7.707033
v -55.699345 89.318344 -7.204267
v -55.699352 89.318344 -1.373645
v -55.699352 89.318344 4.170549
v -55.646561 89.300835 4.386886
v -55.509415 89.255348 4.386886
v -55.536720 55.244053 -7.707033
v -55.718258 55.245144 -7.707033
v -55.788132 55.245567 -7.204267
v -55.788132 55.245567 -1.373645
v -55.788132 55.245567 4.170549
v -55.718258 55.245144 4.386886
v -55.536720 55.244053 4.386886
v 55.705521 88.461693 -27.186689
v 55.705521 106.669891 -28.955393
v 55.705521 104.133942 -55.062168
v 55.705521 85.925735 -53.293465
v -55.356869 111.921539 65.170631
v 55.303558 111.921539 65.170631
v -55.293144 111.922195 -0.323715
v 55.172493 111.922195 -0.323715
v -55.293144 110.889923 71.587120
v 55.172497 110.889923 71.587120
v -55.111378 110.209335 71.375465
v 55.196968 110.209335 71.375465
v 55.362591 111.212914 65.052750
v -55.187618 111.212914 65.052750
v 55.196968 111.206779 -0.350372
v -55.111378 111.206779 -0.350372
v -55.298233 110.734329 71.552559
v 55.278103 110.734329 71.552559
v 55.444130 111.752274 65.142471
v 55.278103 111.760887 -0.350326
v -55.298233 111.760887 -0.350326
v -55.374660 111.752274 65.142471
v -55.187618 111.172707 65.406578
v 55.444130 111.763351 32.107166
v 55.362591 111.216476 32.063198
v 55.303562 111.934990 32.120964
v -55.356869 111.934982 32.120964
v -55.374660 111.763351 32.107166
v -55.187618 111.216476 32.063198
v 55.444130 111.760895 -0.247785
v 55.362591 111.206810 -0.247971
v 55.205036 111.261887 -0.350367
v 55.296467 111.886253 -0.350316
v 55.303562 111.934776 -0.247728
v -55.356869 111.934776 -0.247729
v -55.374660 111.760887 -0.247785
v -55.187618 111.206810 -0.247971
v -0.270050 110.205872 71.396927
v -0.323668 110.730827 71.574318
v -0.340496 110.899094 71.608131
v -0.342060 111.937279 65.173248
v -0.340496 111.934776 -0.350311
v -0.323669 111.760880 -0.384507
v -0.270050 111.206772 -0.384505
v 54.700096 110.205872 71.396927
v 54.780025 110.730827 71.574318
v 54.805115 110.899094 71.608131
v 54.807449 111.937279 65.173248
v 54.805115 111.934776 -0.350311
v 54.780025 111.760880 -0.384507
v 54.700096 111.206772 -0.384505
v -55.127422 110.899094 71.608131
v -55.356869 110.909676 71.542580
v -55.132862 111.937279 65.173248
v -55.356869 111.935196 64.771805
v -55.340511 110.853119 71.592628
v -55.068962 110.730827 71.574318
v 55.296467 110.853119 71.592628
v 55.444126 110.744873 71.487282
v 55.303562 110.909676 71.542580
v -55.374660 110.744873 71.487282
v 55.462585 111.874306 65.162773
v 55.444130 111.765846 64.744148
v 55.303562 111.935204 64.771812
v -55.068962 111.760880 -0.384507
v -55.340511 111.886253 -0.350316
v -55.127422 111.934776 -0.350309
v -55.374660 111.765846 64.744148
v -55.416977 111.874306 65.162773
v -55.129959 110.261551 71.393082
v -54.882656 110.205872 71.396927
v 55.205036 110.261551 71.393082
v 55.362591 110.219727 71.311089
v 55.370697 111.266548 65.061668
v 55.362591 111.226227 64.656013
v -54.882656 111.206772 -0.384505
v -55.129959 111.261887 -0.350367
v -55.187618 111.226227 64.656013
v -55.206219 111.266548 65.061668
v -55.187614 110.219727 71.311089
v 55.444126 111.207985 68.618614
v 55.362591 110.676315 68.482101
v 55.303562 111.374840 68.661453
v -55.356869 111.374840 68.661453
v -55.374660 111.207993 68.618614
v -55.187614 110.676315 68.482101
v 55.444130 111.711464 65.499939
v 55.362591 111.172707 65.406578
v 55.303562 111.880547 65.529236
v -55.356869 111.880547 65.529236
v -55.374660 111.711472 65.499939
v -55.132862 110.925003 71.547722
v -55.132862 111.950951 64.774376
v -55.111111 110.849594 71.614464
v 55.462585 110.863686 71.527153
v -55.416977 110.863693 71.527145
v 55.462585 111.887939 64.764084
v -55.111115 111.886246 -0.384505
v -55.416977 111.887939 64.764084
v -54.901184 110.258080 71.414574
v 55.370697 110.271950 71.328613
v 55.370697 111.279892 64.664780
v -54.901184 111.261879 -0.384505
v -55.206219 111.279892 64.664780
v -55.206215 110.271950 71.328613
v 55.370697 110.729195 68.495682
v 55.462582 111.328285 68.649490
v -55.132862 111.390358 68.665436
v -55.416977 111.328285 68.649498
v -55.206215 110.729195 68.495682
v 55.370697 111.226288 65.415863
v 55.462585 111.833366 65.521065
v -55.132862 111.896271 65.531967
v -55.416977 111.833366 65.521065
v -55.206219 111.226288 65.415863
v 55.370697 111.270859 32.067570
v 55.462585 111.887093 32.117111
v -55.132862 111.950951 32.122246
v -55.416977 111.887093 32.117111
v -55.206219 111.270859 32.067570
v 55.370697 111.261917 -0.247952
v 55.462585 111.886253 -0.247744
v -55.132862 111.950951 -0.247723
v -55.416977 111.886253 -0.247744
v -55.206219 111.261917 -0.247952
v -0.275383 110.258080 71.414574
v -0.335802 110.849594 71.614464
v -0.342059 110.925011 71.547722
v -0.342059 111.390358 68.665436
v -0.342059 111.896271 65.531967
v -0.342059 111.950951 64.774376
v -0.342059 111.950951 32.122246
v -0.342059 111.950951 -0.247723
v -0.335800 111.886246 -0.384505
v -0.275383 111.261879 -0.384505
v 54.708046 110.258080 71.414574
v 54.798115 110.849594 71.614464
v 54.807449 110.925011 71.547722
v 54.807449 111.390358 68.665436
v 54.807449 111.896271 65.531967
v 54.807449 111.950951 64.774376
v 54.807449 111.950951 32.122246
v 54.807449 111.950951 -0.247723
v 54.798115 111.886246 -0.384505
v 54.708046 111.261879 -0.384505
v -55.346436 0.153228 71.552315
v 55.376251 0.153222 71.552315
v -55.386852 110.910889 71.588570
v 55.418182 110.910889 71.588570
v -55.386852 110.910889 -71.579544
v 55.418182 110.910889 -71.579544
v -55.346439 0.153228 -71.536293
v 55.376251 0.153225 -71.536293
v -55.438816 110.910889 0.036048
v 55.472103 110.910889 71.448738
v 55.418186 0.086191 71.448746
v -55.386852 0.086191 71.448746
v -55.386852 0.344767 71.588570
v -55.386852 55.324707 71.588570
v -55.438816 110.910889 71.448738
v -55.386852 110.435387 71.588570
v -55.230961 110.910889 71.635170
v -55.230953 0.086191 71.588570
v -55.230953 0.086191 -71.579544
v -55.230961 110.910889 -71.635170
v 0.008820 110.910889 71.635170
v 0.008821 0.086191 71.588570
v 0.008821 0.086191 -71.579544
v 0.008820 110.910889 -71.635170
v 55.418186 110.435387 71.588570
v 55.256420 110.910889 71.635170
v 55.256420 110.910889 -71.635170
v 55.418186 110.435387 -71.579544
v 55.256428 0.086191 -71.579544
v 55.418186 0.086191 -71.412689
v 55.472103 110.910889 -71.412689
v -55.438816 110.910889 -71.412689
v -55.386852 110.435387 -71.579544
v -55.386852 0.344767 -71.579544
v -55.386852 0.086191 -71.412689
v 55.418186 0.344767 71.588570
v 55.256428 0.086191 71.588570
v 55.418186 0.344767 -71.579544
v -55.386852 55.324707 -71.579544
v 55.418186 55.324707 71.588570
v 55.418186 55.324707 -71.579544
v 55.472103 110.910889 0.036048
v 55.418186 0.086191 0.036050
v -55.386852 0.086191 0.036048
v 55.256420 110.435387 71.635170
v 55.256420 110.435387 -71.635170
v 55.256420 0.000000 -71.412689
v 55.472103 110.435387 -71.412689
v -55.438816 110.435387 -71.412689
v -55.438816 0.344767 -71.412689
v 55.256420 0.344767 71.635170
v 55.472103 0.344767 -71.412689
v 55.256420 0.344767 -71.635170
v -55.438816 55.324707 -71.412689
v 55.256420 55.324707 71.635170
v 55.472103 55.324707 -71.412689
v 55.256420 55.324707 -71.635170
v 55.472103 110.435387 0.036048
v 55.472103 55.324707 0.036046
v 55.472103 0.344767 0.036046
v 55.256420 0.000000 0.036046
v -55.438816 0.344767 0.036046
v -55.438816 55.324707 0.036046
v -55.438816 110.435387 0.036046
v 55.472103 110.435387 71.448738
v 55.472103 55.324707 71.448738
v 55.472103 0.344767 71.448738
v 55.256420 0.000000 71.448738
v -55.438816 0.344767 71.448738
v -55.438816 55.324707 71.448738
v -55.438816 110.435387 71.448738
v -55.230961 110.435387 71.635170
v -55.230961 55.324707 71.635170
v -55.230961 0.344767 71.635170
v -55.230961 0.000000 71.448738
v -55.230961 0.000000 0.036046
v -55.230961 0.000000 -71.412689
v -55.230961 0.344767 -71.635170
v -55.230961 55.324707 -71.635170
v -55.230961 110.435387 -71.635170
v 0.008820 110.435387 71.635170
v 0.008820 55.324707 71.635170
v 0.008820 0.344767 71.635170
v 0.008820 0.000000 71.448738
v 0.008820 0.000000 0.036046
v 0.008820 0.000000 -71.412689
v 0.008820 0.344767 -71.635170
v 0.008820 55.324707 -71.635170
v 0.008820 110.435387 -71.635170
vt 0.968205 0.497089
vt 0.968009 0.497693
vt 0.964371 0.497100
vt 0.964555 0.496496
vt 0.967143 0.500308
vt 0.963563 0.499725
vt 0.944576 0.493879
vt 0.944691 0.493263
vt 0.966965 0.500846
vt 0.963397 0.500262
vt 0.944087 0.496553
vt 0.941119 0.493317
vt 0.941218 0.492697
vt 0.943985 0.497103
vt 0.940683 0.496000
vt 0.940860 0.493283
vt 0.940959 0.492662
vt 0.940594 0.496550
vt 0.940428 0.495969
vt 0.940595 0.493275
vt 0.940692 0.492656
vt 0.940341 0.496519
vt 0.940165 0.495961
vt 0.803939 0.493282
vt 0.803989 0.492656
vt 0.940076 0.496511
vt 0.803728 0.496002
vt 0.665309 0.493291
vt 0.665311 0.492656
vt 0.803683 0.496561
vt 0.665316 0.496047
vt 0.663626 0.493290
vt 0.663626 0.492333
vt 0.665318 0.496613
vt 0.663633 0.496047
vt 0.663635 0.496613
vt 0.964556 0.011189
vt 0.964369 0.010582
vt 0.968003 0.009989
vt 0.968202 0.010596
vt 0.944686 0.014420
vt 0.944574 0.013807
vt 0.963563 0.007958
vt 0.967141 0.007371
vt 0.968376 0.009927
vt 0.968575 0.010534
vt 0.964606 0.011347
vt 0.968259 0.010748
vt 0.941216 0.014982
vt 0.941117 0.014362
vt 0.944085 0.011127
vt 0.944717 0.014584
vt 0.963395 0.007420
vt 0.966966 0.006840
vt 0.967501 0.007315
vt 0.940957 0.015019
vt 0.940858 0.014399
vt 0.940679 0.011683
vt 0.941241 0.015146
vt 0.943986 0.010583
vt 0.967326 0.006778
vt 0.940691 0.015030
vt 0.940593 0.014411
vt 0.940426 0.011713
vt 0.940988 0.015190
vt 0.940592 0.011133
vt 0.803989 0.015028
vt 0.803941 0.014402
vt 0.940160 0.011719
vt 0.940716 0.015195
vt 0.940339 0.011163
vt 0.804007 0.015197
vt 0.665315 0.014981
vt 0.665311 0.014399
vt 0.803729 0.011685
vt 0.940074 0.011175
vt 0.665314 0.015195
vt 0.663628 0.015136
vt 0.663631 0.014393
vt 0.665321 0.011639
vt 0.803687 0.011123
vt 0.663066 0.015028
vt 0.663068 0.014390
vt 0.663641 0.011639
vt 0.665323 0.011076
vt 0.663079 0.011637
vt 0.663643 0.011070
vt 0.663081 0.011074
vt 0.968261 0.490136
vt 0.964604 0.490136
vt 0.964604 0.252435
vt 0.968261 0.252435
vt 0.968242 0.492062
vt 0.964592 0.492062
vt 0.944727 0.252435
vt 0.944727 0.490136
vt 0.968261 0.016106
vt 0.964604 0.016106
vt 0.968609 0.490117
vt 0.968609 0.252435
vt 0.968568 0.491544
vt 0.968186 0.492656
vt 0.964541 0.492656
vt 0.944715 0.492062
vt 0.944727 0.016106
vt 0.941253 0.490136
vt 0.941253 0.252435
vt 0.968609 0.016119
vt 0.968242 0.015196
vt 0.964592 0.015196
vt 0.968558 0.492012
vt 0.944683 0.492656
vt 0.941240 0.492062
vt 0.941253 0.016106
vt 0.944715 0.015196
vt 0.940994 0.490136
vt 0.940994 0.252435
vt 0.968568 0.015449
vt 0.941215 0.492656
vt 0.940988 0.492062
vt 0.940994 0.016106
vt 0.941240 0.015196
vt 0.940729 0.490136
vt 0.940729 0.252435
vt 0.968186 0.014931
vt 0.968558 0.015241
vt 0.940716 0.492062
vt 0.940729 0.016106
vt 0.804007 0.490136
vt 0.804007 0.252435
vt 0.804007 0.492062
vt 0.804007 0.016106
vt 0.665314 0.490136
vt 0.665314 0.252435
vt 0.665314 0.492062
vt 0.665314 0.016106
vt 0.663628 0.490117
vt 0.663628 0.252435
vt 0.664064 0.491544
vt 0.663628 0.016119
vt 0.663066 0.490066
vt 0.663066 0.252435
vt 0.664064 0.015449
vt 0.663066 0.016164
vt 0.968786 0.490066
vt 0.968786 0.252435
vt 0.968773 0.492012
vt 0.968786 0.016156
vt 0.969392 0.489877
vt 0.969392 0.252423
vt 0.969367 0.491822
vt 0.969392 0.016333
vt 0.968773 0.015247
vt 0.972007 0.489056
vt 0.972007 0.252372
vt 0.971982 0.490988
vt 0.969304 0.492466
vt 0.968710 0.492656
vt 0.972007 0.017041
vt 0.969367 0.015411
vt 0.972538 0.252360
vt 0.972538 0.488879
vt 0.972512 0.490812
vt 0.971919 0.491633
vt 0.972538 0.017192
vt 0.971982 0.016131
vt 0.972462 0.491456
vt 0.972512 0.016283
vt 0.663066 0.492008
vt 0.662431 0.491812
vt 0.662431 0.489873
vt 0.659674 0.490978
vt 0.659677 0.489045
vt 0.662431 0.252422
vt 0.659109 0.490808
vt 0.659112 0.488878
vt 0.659677 0.252372
vt 0.662431 0.016329
vt 0.659112 0.252359
vt 0.659677 0.017046
vt 0.659112 0.017195
vt 0.556673 0.226092
vt 0.532015 0.226092
vt 0.532015 0.223481
vt 0.556673 0.223481
vt 0.531293 0.226093
vt 0.531293 0.223443
vt 0.532015 0.121386
vt 0.556673 0.121386
vt 0.582606 0.226092
vt 0.582606 0.223481
vt 0.531053 0.226092
vt 0.531053 0.223327
vt 0.531293 0.121366
vt 0.532015 0.020805
vt 0.556673 0.020805
vt 0.582606 0.121386
vt 0.584283 0.223443
vt 0.584283 0.226093
vt 0.531053 0.121309
vt 0.531293 0.020804
vt 0.532015 0.019329
vt 0.556673 0.019329
vt 0.582606 0.020805
vt 0.584283 0.121366
vt 0.584842 0.226092
vt 0.584842 0.223328
vt 0.531053 0.020803
vt 0.531480 0.019711
vt 0.532015 0.018838
vt 0.556673 0.018838
vt 0.582606 0.019329
vt 0.584283 0.020804
vt 0.584843 0.121308
vt 0.531293 0.019329
vt 0.582606 0.018838
vt 0.583849 0.019711
vt 0.584842 0.020803
vt 0.584283 0.019329
vt 0.531293 0.719693
vt 0.532015 0.719693
vt 0.532015 0.721836
vt 0.531293 0.721874
vt 0.556673 0.719693
vt 0.556673 0.721836
vt 0.532016 0.822641
vt 0.531294 0.822660
vt 0.531034 0.721990
vt 0.531053 0.719693
vt 0.582606 0.719693
vt 0.582606 0.721835
vt 0.556674 0.822640
vt 0.532017 0.974184
vt 0.531296 0.974185
vt 0.531070 0.822718
vt 0.584283 0.719693
vt 0.584283 0.721874
vt 0.582607 0.822640
vt 0.556676 0.974184
vt 0.532017 0.976036
vt 0.531483 0.975556
vt 0.531043 0.974186
vt 0.584842 0.719693
vt 0.584861 0.721989
vt 0.584284 0.822659
vt 0.582609 0.974184
vt 0.556676 0.976035
vt 0.532018 0.976652
vt 0.531164 0.976036
vt 0.584828 0.822718
vt 0.584286 0.974184
vt 0.582609 0.976035
vt 0.556676 0.976653
vt 0.584857 0.974186
vt 0.583851 0.975555
vt 0.582609 0.976653
vt 0.584286 0.976036
vt 0.532015 0.227789
vt 0.531293 0.227829
vt 0.556673 0.227789
vt 0.532015 0.473171
vt 0.531293 0.473171
vt 0.531053 0.227944
vt 0.582606 0.227789
vt 0.556673 0.473171
vt 0.532015 0.718236
vt 0.531293 0.718197
vt 0.531053 0.473171
vt 0.584283 0.227829
vt 0.582606 0.473171
vt 0.556673 0.718236
vt 0.531053 0.718081
vt 0.584842 0.227945
vt 0.584283 0.473171
vt 0.582606 0.718236
vt 0.584842 0.473171
vt 0.584283 0.718197
vt 0.584842 0.718080
vt 0.532015 0.018025
vt 0.532015 0.017526
vt 0.556673 0.017525
vt 0.556673 0.018025
vt 0.531293 0.017525
vt 0.531293 0.018025
vt 0.582606 0.017525
vt 0.582606 0.018025
vt 0.532015 0.018478
vt 0.556673 0.018478
vt 0.531293 0.018477
vt 0.584283 0.017525
vt 0.584283 0.018025
vt 0.582606 0.018478
vt 0.531293 0.018836
vt 0.584283 0.018477
vt 0.584283 0.018836
vt 0.556676 0.977964
vt 0.532017 0.977963
vt 0.532017 0.977464
vt 0.556676 0.977465
vt 0.531296 0.977963
vt 0.531296 0.977464
vt 0.532018 0.977011
vt 0.556676 0.977012
vt 0.582609 0.977965
vt 0.582609 0.977466
vt 0.531296 0.977012
vt 0.582609 0.977013
vt 0.584286 0.977965
vt 0.584286 0.977467
vt 0.531296 0.976653
vt 0.584286 0.977014
vt 0.584286 0.976656
vt 0.530397 0.228594
vt 0.529531 0.226905
vt 0.530081 0.225535
vt 0.530647 0.228346
vt 0.530384 0.222685
vt 0.530639 0.222929
vt 0.530308 0.225760
vt 0.530874 0.228122
vt 0.530647 0.473171
vt 0.530398 0.473170
vt 0.530064 0.120988
vt 0.530440 0.121110
vt 0.530870 0.223151
vt 0.530489 0.225938
vt 0.530874 0.473171
vt 0.530647 0.717677
vt 0.530398 0.717430
vt 0.530245 0.020802
vt 0.529748 0.020801
vt 0.530782 0.121221
vt 0.530874 0.717902
vt 0.529870 0.720500
vt 0.529935 0.719131
vt 0.530695 0.020803
vt 0.529743 0.019332
vt 0.530242 0.019330
vt 0.530161 0.719357
vt 0.530348 0.722635
vt 0.530602 0.722390
vt 0.530694 0.019329
vt 0.530340 0.719537
vt 0.530832 0.722167
vt 0.530100 0.823043
vt 0.530476 0.822919
vt 0.531053 0.019329
vt 0.530815 0.822807
vt 0.529726 0.974190
vt 0.530223 0.974189
vt 0.530673 0.974187
vt 0.529722 0.976035
vt 0.530220 0.976035
vt 0.530673 0.976035
vt 0.585892 0.226429
vt 0.585815 0.225535
vt 0.585249 0.228348
vt 0.585023 0.228122
vt 0.585257 0.222929
vt 0.585027 0.223152
vt 0.586066 0.225287
vt 0.585499 0.228594
vt 0.585249 0.473170
vt 0.585023 0.473170
vt 0.585713 0.226250
vt 0.585512 0.222685
vt 0.585114 0.121221
vt 0.585455 0.121111
vt 0.585499 0.473170
vt 0.585249 0.717676
vt 0.585023 0.717902
vt 0.585832 0.120988
vt 0.585651 0.020802
vt 0.585199 0.020802
vt 0.585499 0.717429
vt 0.585962 0.719129
vt 0.585547 0.720027
vt 0.586148 0.020801
vt 0.585653 0.019330
vt 0.585202 0.019329
vt 0.586210 0.718880
vt 0.585293 0.722389
vt 0.585063 0.722167
vt 0.585366 0.719848
vt 0.586152 0.019332
vt 0.584842 0.019328
vt 0.585548 0.722635
vt 0.585422 0.822920
vt 0.585081 0.822807
vt 0.585798 0.823043
vt 0.585679 0.974188
vt 0.585228 0.974187
vt 0.586176 0.974190
vt 0.585680 0.976035
vt 0.585229 0.976035
vt 0.586181 0.976034
vt 0.584869 0.976036
vt 0.530348 0.720026
vt 0.530528 0.719848
vt 0.530120 0.720252
vt 0.529686 0.718880
vt 0.585736 0.719356
vt 0.585557 0.719537
vt 0.585775 0.720252
vt 0.586024 0.720500
vt 0.530005 0.226428
vt 0.530184 0.226248
vt 0.529779 0.226655
vt 0.529830 0.225287
vt 0.585587 0.225760
vt 0.585407 0.225938
vt 0.586118 0.226656
vt 0.586366 0.226907
vt 0.104812 0.718179
vt 0.104812 0.541579
vt 0.227981 0.541579
vt 0.227981 0.718179
vt 0.636717 0.506174
vt 0.636888 0.505656
vt 0.649246 0.507652
vt 0.649114 0.508169
vt 0.637576 0.503622
vt 0.649777 0.505593
vt 0.662679 0.509824
vt 0.662590 0.510349
vt 0.637645 0.503395
vt 0.649834 0.505365
vt 0.663045 0.507728
vt 0.664220 0.510001
vt 0.664131 0.510552
vt 0.663083 0.507500
vt 0.664567 0.507905
vt 0.665938 0.510058
vt 0.665849 0.510583
vt 0.664605 0.507677
vt 0.666279 0.507968
vt 0.806530 0.510049
vt 0.806492 0.510585
vt 0.666316 0.507728
vt 0.806701 0.507927
vt 0.945916 0.510046
vt 0.945916 0.510583
vt 0.806720 0.507693
vt 0.945916 0.507892
vt 0.946358 0.510046
vt 0.946358 0.510582
vt 0.945916 0.507658
vt 0.946358 0.507892
vt 0.946358 0.507658
vt 0.636891 0.993109
vt 0.636717 0.992597
vt 0.649115 0.990595
vt 0.649247 0.991116
vt 0.636607 0.993156
vt 0.636436 0.992644
vt 0.636651 0.992401
vt 0.649064 0.990395
vt 0.662591 0.988419
vt 0.662683 0.988946
vt 0.637573 0.995149
vt 0.649777 0.993177
vt 0.637295 0.995193
vt 0.662557 0.988217
vt 0.664135 0.988246
vt 0.664224 0.988769
vt 0.663043 0.991037
vt 0.649837 0.993406
vt 0.637649 0.995373
vt 0.637371 0.995416
vt 0.664100 0.988010
vt 0.665853 0.988185
vt 0.665938 0.988710
vt 0.664571 0.990863
vt 0.663084 0.991267
vt 0.665818 0.987980
vt 0.806490 0.988187
vt 0.806534 0.988721
vt 0.666279 0.990803
vt 0.664609 0.991093
vt 0.806473 0.987982
vt 0.945915 0.988214
vt 0.945914 0.988729
vt 0.806705 0.990842
vt 0.666317 0.991037
vt 0.945915 0.987980
vt 0.946356 0.988188
vt 0.946356 0.988729
vt 0.945914 0.990879
vt 0.806723 0.991076
vt 0.946356 0.990879
vt 0.945914 0.991116
vt 0.946356 0.991116
vt 0.636394 0.987704
vt 0.636370 0.986990
vt 0.636629 0.987014
vt 0.636653 0.987981
vt 0.636370 0.750972
vt 0.636629 0.750984
vt 0.649063 0.987981
vt 0.649044 0.987014
vt 0.636717 0.988240
vt 0.636432 0.987912
vt 0.636370 0.513412
vt 0.636629 0.513407
vt 0.649044 0.750984
vt 0.662553 0.987981
vt 0.662546 0.987014
vt 0.636394 0.511832
vt 0.636653 0.511266
vt 0.649044 0.513407
vt 0.662546 0.750984
vt 0.664087 0.987014
vt 0.636301 0.511295
vt 0.636717 0.510584
vt 0.649063 0.511266
vt 0.662546 0.513407
vt 0.664087 0.750984
vt 0.665805 0.987014
vt 0.649114 0.510584
vt 0.662553 0.511266
vt 0.664087 0.513407
vt 0.665805 0.750984
vt 0.806467 0.987014
vt 0.662590 0.510584
vt 0.664100 0.511266
vt 0.665805 0.513407
vt 0.806467 0.750984
vt 0.945916 0.987014
vt 0.665818 0.511266
vt 0.806467 0.513407
vt 0.945916 0.750984
vt 0.946358 0.986990
vt 0.946238 0.987703
vt 0.806473 0.511266
vt 0.945916 0.513407
vt 0.946358 0.750972
vt 0.946504 0.986919
vt 0.946431 0.987907
vt 0.945916 0.511266
vt 0.946358 0.513413
vt 0.946504 0.750958
vt 0.946238 0.511834
vt 0.946504 0.513450
vt 0.946431 0.511302
vt 0.636170 0.987909
vt 0.636158 0.986920
vt 0.635659 0.987729
vt 0.635646 0.986738
vt 0.636158 0.750954
vt 0.633622 0.987003
vt 0.633609 0.986017
vt 0.635646 0.750900
vt 0.636158 0.513439
vt 0.633398 0.986920
vt 0.633382 0.985936
vt 0.633609 0.750691
vt 0.635646 0.513518
vt 0.633382 0.750669
vt 0.633609 0.513828
vt 0.635659 0.511374
vt 0.633382 0.513862
vt 0.633622 0.511687
vt 0.635706 0.510657
vt 0.636217 0.510578
vt 0.633397 0.511722
vt 0.633666 0.510973
vt 0.633442 0.511008
vt 0.947034 0.986740
vt 0.947034 0.750906
vt 0.947034 0.987725
vt 0.947034 0.513530
vt 0.949194 0.986007
vt 0.949194 0.750703
vt 0.949194 0.987005
vt 0.947034 0.511396
vt 0.949194 0.513846
vt 0.949421 0.750678
vt 0.949421 0.985932
vt 0.949421 0.986917
vt 0.949194 0.511699
vt 0.949421 0.513871
vt 0.949421 0.511737
vt 0.499980 0.000499
vt 0.499980 0.000827
vt 0.499041 0.000827
vt 0.499041 0.000499
vt 0.499980 0.141350
vt 0.499041 0.141350
vt 0.390655 0.000499
vt 0.390655 0.000827
vt 0.499980 0.281797
vt 0.499041 0.281797
vt 0.390655 0.141350
vt 0.282522 0.000499
vt 0.282522 0.000827
vt 0.499980 0.282073
vt 0.499042 0.282073
vt 0.390655 0.281797
vt 0.282522 0.141349
vt 0.282016 0.000827
vt 0.282150 0.000585
vt 0.390655 0.282073
vt 0.282522 0.281797
vt 0.282016 0.141349
vt 0.282522 0.282073
vt 0.282016 0.281797
vt 0.282045 0.282117
vt 0.499979 0.640726
vt 0.499979 0.781249
vt 0.499044 0.781249
vt 0.499044 0.640726
vt 0.499981 0.781577
vt 0.499044 0.781577
vt 0.390655 0.781249
vt 0.390654 0.640727
vt 0.499979 0.500274
vt 0.499044 0.500274
vt 0.390654 0.781577
vt 0.282522 0.781249
vt 0.282522 0.640727
vt 0.390654 0.500275
vt 0.499979 0.500000
vt 0.499044 0.500000
vt 0.282523 0.781577
vt 0.282013 0.781249
vt 0.282013 0.640727
vt 0.282522 0.500275
vt 0.390654 0.500000
vt 0.282149 0.781574
vt 0.282013 0.500275
vt 0.282522 0.500000
vt 0.282044 0.499958
vt 0.000436 0.282391
vt 0.000763 0.282391
vt 0.000763 0.391050
vt 0.000436 0.391050
vt 0.000521 0.282155
vt 0.000763 0.282073
vt 0.141286 0.282391
vt 0.141286 0.391050
vt 0.000763 0.499693
vt 0.000435 0.499693
vt 0.141286 0.282073
vt 0.281738 0.282391
vt 0.281738 0.391050
vt 0.141286 0.499693
vt 0.000521 0.499920
vt 0.000763 0.500000
vt 0.281738 0.282073
vt 0.282013 0.282391
vt 0.282013 0.391050
vt 0.281738 0.499693
vt 0.141286 0.500000
vt 0.282013 0.499693
vt 0.281738 0.500000
vt 0.499044 0.282391
vt 0.390654 0.282391
vt 0.499979 0.282391
vt 0.499044 0.391050
vt 0.390654 0.391050
vt 0.282522 0.282391
vt 0.499979 0.391050
vt 0.390654 0.499693
vt 0.499044 0.499693
vt 0.282522 0.391050
vt 0.499979 0.499693
vt 0.282522 0.499693
vt 0.499982 0.890524
vt 0.499983 0.999182
vt 0.499044 0.999182
vt 0.499044 0.890524
vt 0.499983 0.999500
vt 0.499044 0.999500
vt 0.390654 0.999182
vt 0.390654 0.890525
vt 0.499982 0.781883
vt 0.499044 0.781883
vt 0.390654 0.999500
vt 0.282525 0.999182
vt 0.282525 0.890525
vt 0.390654 0.781884
vt 0.282525 0.999500
vt 0.282018 0.999182
vt 0.282018 0.890525
vt 0.282525 0.781884
vt 0.282153 0.999418
vt 0.282018 0.781884
vn -0.000230 0.984153 -0.177320
vn -0.000230 0.986412 -0.164292
vn 0.000000 0.986412 -0.164291
vn 0.000000 0.984089 -0.177675
vn -0.000324 0.842683 -0.538410
vn -0.000230 0.984153 -0.177320
vn 0.000000 0.984089 -0.177675
vn 0.000000 0.820020 -0.572335
vn -0.000230 0.984153 -0.177320
vn -0.000324 0.842683 -0.538410
vn -0.059763 0.810571 -0.582583
vn -0.090231 0.979077 -0.182390
vn -0.000230 0.986412 -0.164292
vn -0.000230 0.984153 -0.177320
vn -0.090231 0.979077 -0.182390
vn -0.086606 0.982705 -0.163675
vn -0.000230 0.996599 -0.082406
vn -0.000229 0.999993 -0.003777
vn 0.000000 0.999993 -0.003777
vn 0.000000 0.996597 -0.082423
vn -0.000230 0.996599 -0.082406
vn -0.086780 0.992831 -0.082195
vn -0.085550 0.996327 -0.003758
vn -0.000229 0.999993 -0.003777
vn -0.000229 0.999993 -0.003777
vn -0.085550 0.996327 -0.003758
vn -0.087432 0.996164 -0.003682
vn -0.000231 0.999993 -0.003701
vn -0.000229 0.999993 -0.003777
vn -0.000231 0.999993 -0.003701
vn 0.000000 0.999993 -0.003701
vn 0.000000 0.999993 -0.003777
vn -0.000635 -0.120993 -0.992653
vn -0.000324 0.842683 -0.538410
vn 0.000000 0.820020 -0.572335
vn 0.000000 -0.168415 -0.985716
vn -0.000641 -0.320330 -0.947306
vn -0.000635 -0.120993 -0.992653
vn 0.000000 -0.168415 -0.985716
vn 0.000000 -0.320154 -0.947366
vn -0.000635 -0.120993 -0.992653
vn -0.000641 -0.320330 -0.947306
vn -0.201069 -0.369974 -0.907023
vn -0.236026 -0.165178 -0.957605
vn -0.000324 0.842683 -0.538410
vn -0.000635 -0.120993 -0.992653
vn -0.236026 -0.165178 -0.957605
vn -0.059763 0.810571 -0.582583
vn -0.059763 0.810571 -0.582583
vn -0.236026 -0.165178 -0.957605
vn -0.876782 0.440909 -0.191972
vn -0.090231 0.979077 -0.182390
vn -0.236026 -0.165178 -0.957605
vn -0.201069 -0.369974 -0.907023
vn -0.938308 -0.332401 -0.095334
vn -0.876782 0.440909 -0.191972
vn -0.876782 0.440909 -0.191972
vn -0.938308 -0.332401 -0.095334
vn -0.955855 -0.289846 0.048281
vn -0.872259 0.482399 -0.080346
vn -0.090231 0.979077 -0.182390
vn -0.876782 0.440909 -0.191972
vn -0.872259 0.482399 -0.080346
vn -0.086606 0.982705 -0.163675
vn 0.182330 0.969877 -0.161538
vn 0.988679 0.148010 -0.024650
vn 0.987330 0.128584 -0.092985
vn 0.186052 0.965931 -0.179893
vn 0.988679 0.148010 -0.024650
vn 0.966504 -0.253163 0.042171
vn 0.960628 -0.276093 -0.031079
vn 0.987330 0.128584 -0.092985
vn 0.987330 0.128584 -0.092985
vn 0.960628 -0.276093 -0.031079
vn 0.381064 -0.388144 -0.839127
vn 0.421920 -0.215790 -0.880578
vn 0.186052 0.965931 -0.179893
vn 0.987330 0.128584 -0.092985
vn 0.421920 -0.215790 -0.880578
vn 0.147910 0.800024 -0.581450
vn -0.086780 0.992831 -0.082195
vn -0.882396 0.468973 -0.037980
vn -0.857801 0.513979 -0.001937
vn -0.085550 0.996327 -0.003758
vn -0.882396 0.468973 -0.037980
vn -0.955568 -0.293747 0.024533
vn -0.955316 -0.295584 0.001068
vn -0.857801 0.513979 -0.001937
vn -0.857801 0.513979 -0.001937
vn -0.955316 -0.295584 0.001068
vn -0.955845 -0.293870 0.001035
vn -0.890851 0.454293 -0.001683
vn -0.087432 0.996164 -0.003682
vn -0.085550 0.996327 -0.003758
vn -0.857801 0.513979 -0.001937
vn -0.890851 0.454293 -0.001683
vn -0.083598 0.991953 0.095082
vn -0.655247 0.351716 0.668541
vn -0.002222 0.648465 0.761241
vn -0.000319 0.995692 0.092725
vn -0.655247 0.351716 0.668541
vn -0.670455 -0.202705 0.713723
vn -0.002943 -0.000885 0.999995
vn -0.002222 0.648465 0.761241
vn -0.002222 0.648465 0.761241
vn -0.002943 -0.000885 0.999995
vn 0.000000 0.000000 1.000000
vn 0.000000 0.574473 0.818524
vn 0.000000 0.995417 0.095628
vn -0.000319 0.995692 0.092725
vn -0.002222 0.648465 0.761241
vn 0.000000 0.574473 0.818524
vn 0.985363 0.170471 -0.000644
vn 0.179005 0.983841 -0.003712
vn 0.185770 0.982587 -0.003632
vn 0.992584 0.121557 -0.000456
vn 0.966091 -0.258201 0.000933
vn 0.985363 0.170471 -0.000644
vn 0.992584 0.121557 -0.000456
vn 0.966496 -0.256679 0.000904
vn 0.985363 0.170471 -0.000644
vn 0.966091 -0.258201 0.000933
vn 0.966282 -0.256592 0.021435
vn 0.990963 0.133742 -0.010265
vn 0.179005 0.983841 -0.003712
vn 0.985363 0.170471 -0.000644
vn 0.990963 0.133742 -0.010265
vn 0.183672 0.979631 -0.081161
vn 0.147910 0.800024 -0.581450
vn 0.421920 -0.215790 -0.880578
vn 0.000617 -0.127253 -0.991870
vn 0.000317 0.839876 -0.542778
vn 0.421920 -0.215790 -0.880578
vn 0.381064 -0.388144 -0.839127
vn 0.000627 -0.320305 -0.947314
vn 0.000617 -0.127253 -0.991870
vn 0.002100 0.639420 0.768855
vn 0.002861 -0.000746 0.999996
vn 0.864641 -0.226177 0.448597
vn 0.872413 0.149153 0.465456
vn 0.000318 0.995655 0.093118
vn 0.002100 0.639420 0.768855
vn 0.872413 0.149153 0.465456
vn 0.191308 0.977846 0.084957
vn 0.183672 0.979631 -0.081161
vn 0.000232 0.996596 -0.082441
vn 0.000230 0.999993 -0.003777
vn 0.179005 0.983841 -0.003712
vn 0.185770 0.982587 -0.003632
vn 0.179005 0.983841 -0.003712
vn 0.000230 0.999993 -0.003777
vn 0.000233 0.999993 -0.003701
vn 0.147910 0.800024 -0.581450
vn 0.000317 0.839876 -0.542778
vn 0.000231 0.984145 -0.177368
vn 0.186052 0.965931 -0.179893
vn 0.186052 0.965931 -0.179893
vn 0.000231 0.984145 -0.177368
vn 0.000232 0.986412 -0.164291
vn 0.182330 0.969877 -0.161538
vn 0.183672 0.979631 -0.081161
vn 0.990963 0.133742 -0.010265
vn 0.992407 0.121384 -0.019835
vn 0.185580 0.969735 -0.158661
vn 0.990963 0.133742 -0.010265
vn 0.966282 -0.256592 0.021435
vn 0.966492 -0.253328 0.041454
vn 0.992407 0.121384 -0.019835
vn 0.992407 0.121384 -0.019835
vn 0.966492 -0.253328 0.041454
vn 0.966501 -0.253175 0.042173
vn 0.993014 0.116395 -0.019385
vn 0.185580 0.969735 -0.158661
vn 0.992407 0.121384 -0.019835
vn 0.993014 0.116395 -0.019385
vn 0.186220 0.969158 -0.161418
vn -0.087522 0.982626 -0.163662
vn -0.893024 0.443894 -0.073935
vn -0.889849 0.450272 -0.073648
vn -0.087367 0.983105 -0.160847
vn -0.893024 0.443894 -0.073935
vn -0.955851 -0.289858 0.048284
vn -0.955841 -0.290026 0.047460
vn -0.889849 0.450272 -0.073648
vn -0.889849 0.450272 -0.073648
vn -0.955841 -0.290026 0.047460
vn -0.955568 -0.293747 0.024533
vn -0.882396 0.468973 -0.037980
vn -0.087367 0.983105 -0.160847
vn -0.889849 0.450272 -0.073648
vn -0.882396 0.468973 -0.037980
vn -0.086780 0.992831 -0.082195
vn -0.000231 0.986880 -0.161457
vn -0.000230 0.996599 -0.082406
vn 0.000000 0.996597 -0.082423
vn 0.000000 0.986880 -0.161453
vn -0.000231 0.986412 -0.164292
vn -0.000231 0.986880 -0.161457
vn 0.000000 0.986880 -0.161453
vn 0.000000 0.986412 -0.164293
vn -0.000231 0.986880 -0.161457
vn -0.000231 0.986412 -0.164292
vn -0.087522 0.982626 -0.163662
vn -0.087367 0.983105 -0.160847
vn -0.000230 0.996599 -0.082406
vn -0.000231 0.986880 -0.161457
vn -0.087367 0.983105 -0.160847
vn -0.086780 0.992831 -0.082195
vn 0.186220 0.969158 -0.161418
vn 0.000233 0.986412 -0.164293
vn 0.000233 0.986881 -0.161450
vn 0.185580 0.969735 -0.158661
vn 0.185580 0.969735 -0.158661
vn 0.000233 0.986881 -0.161450
vn 0.000232 0.996596 -0.082441
vn 0.183672 0.979631 -0.081161
vn 0.992584 0.121557 -0.000456
vn 0.185770 0.982587 -0.003632
vn 0.187054 0.982345 -0.003088
vn 0.992675 0.120807 0.001598
vn 0.966496 -0.256679 0.000904
vn 0.992584 0.121557 -0.000456
vn 0.992675 0.120807 0.001598
vn 0.966916 -0.255079 0.002991
vn -0.890851 0.454293 -0.001683
vn -0.955845 -0.293870 0.001035
vn -0.956383 -0.292068 0.005286
vn -0.892327 0.451385 0.001994
vn -0.087432 0.996164 -0.003682
vn -0.890851 0.454293 -0.001683
vn -0.892327 0.451385 0.001994
vn -0.088160 0.996101 -0.003139
vn -0.000231 0.999993 -0.003701
vn -0.087432 0.996164 -0.003682
vn -0.088160 0.996101 -0.003139
vn -0.000232 0.999995 -0.003305
vn -0.000231 0.999993 -0.003701
vn -0.000232 0.999995 -0.003305
vn 0.000000 0.999995 -0.003302
vn 0.000000 0.999993 -0.003701
vn 0.187054 0.982345 -0.003088
vn 0.185770 0.982587 -0.003632
vn 0.000233 0.999993 -0.003701
vn 0.000234 0.999995 -0.003304
vn 0.186220 0.969158 -0.161418
vn 0.993014 0.116395 -0.019385
vn 0.988679 0.148010 -0.024650
vn 0.182330 0.969877 -0.161538
vn 0.993014 0.116395 -0.019385
vn 0.966501 -0.253175 0.042173
vn 0.966504 -0.253163 0.042171
vn 0.988679 0.148010 -0.024650
vn -0.086606 0.982705 -0.163675
vn -0.872259 0.482399 -0.080346
vn -0.893024 0.443894 -0.073935
vn -0.087522 0.982626 -0.163662
vn -0.872259 0.482399 -0.080346
vn -0.955855 -0.289846 0.048281
vn -0.955851 -0.289858 0.048284
vn -0.893024 0.443894 -0.073935
vn 0.000000 0.986412 -0.164293
vn 0.000000 0.986412 -0.164291
vn -0.000230 0.986412 -0.164292
vn -0.000231 0.986412 -0.164292
vn -0.000231 0.986412 -0.164292
vn -0.000230 0.986412 -0.164292
vn -0.086606 0.982705 -0.163675
vn -0.087522 0.982626 -0.163662
vn 0.186220 0.969158 -0.161418
vn 0.182330 0.969877 -0.161538
vn 0.000232 0.986412 -0.164291
vn 0.000233 0.986412 -0.164293
vn 0.966504 -0.253163 0.042171
vn 0.966501 -0.253175 0.042173
vn 0.966499 -0.253181 0.042176
vn 0.966502 -0.253170 0.042174
vn 0.966499 -0.253181 0.042176
vn 0.966496 -0.253191 0.042178
vn 0.966499 -0.253183 0.042177
vn 0.966502 -0.253170 0.042174
vn 0.381064 -0.388144 -0.839127
vn 0.960628 -0.276093 -0.031079
vn 0.961260 -0.274450 -0.025639
vn 0.345701 -0.384144 -0.856110
vn 0.960628 -0.276093 -0.031079
vn 0.966504 -0.253163 0.042171
vn 0.966502 -0.253170 0.042174
vn 0.961260 -0.274450 -0.025639
vn 0.961260 -0.274450 -0.025639
vn 0.966502 -0.253170 0.042174
vn 0.966499 -0.253183 0.042177
vn 0.961354 -0.274196 -0.024809
vn 0.345701 -0.384144 -0.856110
vn 0.961260 -0.274450 -0.025639
vn 0.961354 -0.274196 -0.024809
vn 0.335781 -0.382930 -0.860590
vn 0.000627 -0.320305 -0.947314
vn 0.381064 -0.388144 -0.839127
vn 0.345701 -0.384144 -0.856110
vn 0.000420 -0.320263 -0.947329
vn 0.000420 -0.320263 -0.947329
vn 0.345701 -0.384144 -0.856110
vn 0.335781 -0.382930 -0.860590
vn 0.000375 -0.320229 -0.947340
vn -0.201069 -0.369974 -0.907023
vn -0.000641 -0.320330 -0.947306
vn -0.000401 -0.320276 -0.947324
vn -0.167608 -0.362653 -0.916728
vn -0.000401 -0.320276 -0.947324
vn -0.000641 -0.320330 -0.947306
vn 0.000000 -0.320154 -0.947366
vn 0.000000 -0.320161 -0.947363
vn 0.000000 -0.320143 -0.947369
vn -0.000351 -0.320247 -0.947334
vn -0.000401 -0.320276 -0.947324
vn 0.000000 -0.320161 -0.947363
vn -0.167608 -0.362653 -0.916728
vn -0.000401 -0.320276 -0.947324
vn -0.000351 -0.320247 -0.947334
vn -0.159172 -0.360752 -0.918979
vn -0.955855 -0.289846 0.048281
vn -0.938308 -0.332401 -0.095334
vn -0.937667 -0.333272 -0.098537
vn -0.955854 -0.289849 0.048285
vn -0.938308 -0.332401 -0.095334
vn -0.201069 -0.369974 -0.907023
vn -0.167608 -0.362653 -0.916728
vn -0.937667 -0.333272 -0.098537
vn -0.937667 -0.333272 -0.098537
vn -0.167608 -0.362653 -0.916728
vn -0.159172 -0.360752 -0.918979
vn -0.937338 -0.333714 -0.100167
vn -0.955854 -0.289849 0.048285
vn -0.937667 -0.333272 -0.098537
vn -0.937338 -0.333714 -0.100167
vn -0.955859 -0.289830 0.048291
vn -0.955850 -0.289860 0.048287
vn -0.955851 -0.289858 0.048284
vn -0.955855 -0.289846 0.048281
vn -0.955854 -0.289849 0.048285
vn -0.955850 -0.289860 0.048287
vn -0.955854 -0.289849 0.048285
vn -0.955859 -0.289830 0.048291
vn -0.955855 -0.289842 0.048292
vn -0.955568 -0.293747 0.024533
vn -0.955841 -0.290026 0.047460
vn -0.955841 -0.290032 0.047435
vn -0.955552 -0.293866 0.023749
vn -0.955841 -0.290026 0.047460
vn -0.955851 -0.289858 0.048284
vn -0.955850 -0.289860 0.048287
vn -0.955841 -0.290032 0.047435
vn -0.955841 -0.290032 0.047435
vn -0.955850 -0.289860 0.048287
vn -0.955855 -0.289842 0.048292
vn -0.955842 -0.290029 0.047426
vn -0.955552 -0.293866 0.023749
vn -0.955841 -0.290032 0.047435
vn -0.955842 -0.290029 0.047426
vn -0.955556 -0.293876 0.023460
vn -0.955316 -0.295584 0.001068
vn -0.955320 -0.295570 0.001046
vn -0.955879 -0.293760 0.001019
vn -0.955845 -0.293870 0.001035
vn -0.955316 -0.295584 0.001068
vn -0.955568 -0.293747 0.024533
vn -0.955552 -0.293866 0.023749
vn -0.955320 -0.295570 0.001046
vn -0.955320 -0.295570 0.001046
vn -0.955552 -0.293866 0.023749
vn -0.955556 -0.293876 0.023460
vn -0.955331 -0.295537 0.001006
vn -0.955320 -0.295570 0.001046
vn -0.955331 -0.295537 0.001006
vn -0.955889 -0.293726 0.000981
vn -0.955879 -0.293760 0.001019
vn -0.955845 -0.293870 0.001035
vn -0.955879 -0.293760 0.001019
vn -0.956380 -0.292072 0.005627
vn -0.956383 -0.292068 0.005286
vn -0.955879 -0.293760 0.001019
vn -0.955889 -0.293726 0.000981
vn -0.956375 -0.292087 0.005680
vn -0.956380 -0.292072 0.005627
vn -0.002943 -0.000885 0.999995
vn -0.001849 -0.000559 0.999998
vn 0.000000 -0.000002 1.000000
vn 0.000000 0.000000 1.000000
vn -0.002943 -0.000885 0.999995
vn -0.670455 -0.202705 0.713723
vn -0.615584 -0.186052 0.765794
vn -0.001849 -0.000559 0.999998
vn -0.001849 -0.000559 0.999998
vn -0.615584 -0.186052 0.765794
vn -0.602223 -0.181994 0.777306
vn -0.001633 -0.000491 0.999999
vn -0.001849 -0.000559 0.999998
vn -0.001633 -0.000491 0.999999
vn 0.000000 0.000000 1.000000
vn 0.000000 -0.000002 1.000000
vn 0.864641 -0.226177 0.448597
vn 0.002861 -0.000746 0.999996
vn 0.001949 -0.000511 0.999998
vn 0.844973 -0.221004 0.487009
vn 0.844973 -0.221004 0.487009
vn 0.001949 -0.000511 0.999998
vn 0.001763 -0.000460 0.999998
vn 0.839945 -0.219677 0.496220
vn 0.966519 -0.256592 0.000890
vn 0.966496 -0.256679 0.000904
vn 0.966916 -0.255079 0.002991
vn 0.966913 -0.255089 0.003047
vn 0.966901 -0.255133 0.003031
vn 0.966519 -0.256594 0.000857
vn 0.966519 -0.256592 0.000890
vn 0.966913 -0.255089 0.003047
vn 0.966282 -0.256592 0.021435
vn 0.966091 -0.258201 0.000933
vn 0.966088 -0.258210 0.000914
vn 0.966267 -0.256705 0.020738
vn 0.966519 -0.256592 0.000890
vn 0.966088 -0.258210 0.000914
vn 0.966091 -0.258201 0.000933
vn 0.966496 -0.256679 0.000904
vn 0.966519 -0.256594 0.000857
vn 0.966087 -0.258217 0.000878
vn 0.966088 -0.258210 0.000914
vn 0.966519 -0.256592 0.000890
vn 0.966267 -0.256705 0.020738
vn 0.966088 -0.258210 0.000914
vn 0.966087 -0.258217 0.000878
vn 0.966270 -0.256716 0.020485
vn 0.966501 -0.253175 0.042173
vn 0.966492 -0.253328 0.041454
vn 0.966491 -0.253335 0.041432
vn 0.966499 -0.253181 0.042176
vn 0.966492 -0.253328 0.041454
vn 0.966282 -0.256592 0.021435
vn 0.966267 -0.256705 0.020738
vn 0.966491 -0.253335 0.041432
vn 0.966491 -0.253335 0.041432
vn 0.966267 -0.256705 0.020738
vn 0.966270 -0.256716 0.020485
vn 0.966497 -0.253314 0.041422
vn 0.966499 -0.253181 0.042176
vn 0.966491 -0.253335 0.041432
vn 0.966497 -0.253314 0.041422
vn 0.966496 -0.253191 0.042178
vn 0.191308 0.977846 0.084957
vn 0.872413 0.149153 0.465456
vn 0.992675 0.120807 0.001598
vn 0.187054 0.982345 -0.003088
vn 0.872413 0.149153 0.465456
vn 0.864641 -0.226177 0.448597
vn 0.966916 -0.255079 0.002991
vn 0.992675 0.120807 0.001598
vn 0.966913 -0.255089 0.003047
vn 0.966916 -0.255079 0.002991
vn 0.864641 -0.226177 0.448597
vn 0.844973 -0.221004 0.487009
vn 0.966901 -0.255133 0.003031
vn 0.966913 -0.255089 0.003047
vn 0.844973 -0.221004 0.487009
vn 0.839945 -0.219677 0.496220
vn -0.670455 -0.202705 0.713723
vn -0.956383 -0.292068 0.005286
vn -0.956380 -0.292072 0.005627
vn -0.615584 -0.186052 0.765794
vn -0.615584 -0.186052 0.765794
vn -0.956380 -0.292072 0.005627
vn -0.956375 -0.292087 0.005680
vn -0.602223 -0.181994 0.777306
vn -0.892327 0.451385 0.001994
vn -0.956383 -0.292068 0.005286
vn -0.670455 -0.202705 0.713723
vn -0.655247 0.351716 0.668541
vn -0.088160 0.996101 -0.003139
vn -0.892327 0.451385 0.001994
vn -0.655247 0.351716 0.668541
vn -0.083598 0.991953 0.095082
vn -0.000232 0.999995 -0.003305
vn -0.088160 0.996101 -0.003139
vn -0.083598 0.991953 0.095082
vn -0.000319 0.995692 0.092725
vn -0.000232 0.999995 -0.003305
vn -0.000319 0.995692 0.092725
vn 0.000000 0.995417 0.095628
vn 0.000000 0.999995 -0.003302
vn 0.187054 0.982345 -0.003088
vn 0.000234 0.999995 -0.003304
vn 0.000318 0.995655 0.093118
vn 0.191308 0.977846 0.084957
vn 0.000234 0.999995 -0.003304
vn 0.000000 0.999995 -0.003302
vn 0.000000 0.995417 0.095628
vn 0.000318 0.995655 0.093118
vn 0.000233 0.999993 -0.003701
vn 0.000000 0.999993 -0.003701
vn 0.000000 0.999995 -0.003302
vn 0.000234 0.999995 -0.003304
vn 0.000232 0.996596 -0.082441
vn 0.000000 0.996597 -0.082423
vn 0.000000 0.999993 -0.003777
vn 0.000230 0.999993 -0.003777
vn 0.000233 0.999993 -0.003701
vn 0.000230 0.999993 -0.003777
vn 0.000000 0.999993 -0.003777
vn 0.000000 0.999993 -0.003701
vn 0.000233 0.986881 -0.161450
vn 0.000000 0.986880 -0.161453
vn 0.000000 0.996597 -0.082423
vn 0.000232 0.996596 -0.082441
vn 0.000233 0.986412 -0.164293
vn 0.000000 0.986412 -0.164293
vn 0.000000 0.986880 -0.161453
vn 0.000233 0.986881 -0.161450
vn 0.000000 0.986412 -0.164293
vn 0.000233 0.986412 -0.164293
vn 0.000232 0.986412 -0.164291
vn 0.000000 0.986412 -0.164291
vn 0.000231 0.984145 -0.177368
vn 0.000000 0.984089 -0.177675
vn 0.000000 0.986412 -0.164291
vn 0.000232 0.986412 -0.164291
vn 0.000317 0.839876 -0.542778
vn 0.000000 0.820020 -0.572335
vn 0.000000 0.984089 -0.177675
vn 0.000231 0.984145 -0.177368
vn 0.000617 -0.127253 -0.991870
vn 0.000000 -0.168415 -0.985716
vn 0.000000 0.820020 -0.572335
vn 0.000317 0.839876 -0.542778
vn 0.000627 -0.320305 -0.947314
vn 0.000000 -0.320154 -0.947366
vn 0.000000 -0.168415 -0.985716
vn 0.000617 -0.127253 -0.991870
vn 0.000420 -0.320263 -0.947329
vn 0.000000 -0.320161 -0.947363
vn 0.000000 -0.320154 -0.947366
vn 0.000627 -0.320305 -0.947314
vn 0.000375 -0.320229 -0.947340
vn 0.000000 -0.320143 -0.947369
vn 0.000000 -0.320161 -0.947363
vn 0.000420 -0.320263 -0.947329
vn 0.002861 -0.000746 0.999996
vn 0.000000 0.000000 1.000000
vn 0.000000 -0.000002 1.000000
vn 0.001949 -0.000511 0.999998
vn 0.001949 -0.000511 0.999998
vn 0.000000 -0.000002 1.000000
vn 0.000000 0.000000 1.000000
vn 0.001763 -0.000460 0.999998
vn 0.002100 0.639420 0.768855
vn 0.000000 0.574473 0.818524
vn 0.000000 0.000000 1.000000
vn 0.002861 -0.000746 0.999996
vn 0.000318 0.995655 0.093118
vn 0.000000 0.995417 0.095628
vn 0.000000 0.574473 0.818524
vn 0.002100 0.639420 0.768855
vn 0.818915 0.537788 0.200406
vn 0.837411 0.546570 0.002091
vn 0.003528 0.999993 0.001495
vn 0.003691 0.990550 0.137099
vn 0.003528 0.999993 0.001495
vn 0.837411 0.546570 0.002091
vn 0.837451 0.546513 0.000000
vn 0.003523 0.999994 0.000000
vn 0.837451 0.546513 0.000000
vn 0.837411 0.546570 0.002091
vn 0.999955 0.009301 0.001885
vn 0.999957 0.009295 0.000000
vn 0.837411 0.546570 0.002091
vn 0.818915 0.537788 0.200406
vn 0.984892 0.009356 0.172917
vn 0.999955 0.009301 0.001885
vn 0.999955 0.009301 0.001885
vn 0.984892 0.009356 0.172917
vn 0.972099 0.003612 0.234542
vn 0.999990 0.003900 0.002312
vn 0.999957 0.009295 0.000000
vn 0.999955 0.009301 0.001885
vn 0.999990 0.003900 0.002312
vn 0.999992 0.003903 0.000000
vn -0.807377 0.554730 0.201041
vn -0.825628 0.564211 0.002100
vn -0.999961 0.008650 0.001881
vn -0.985032 0.008671 0.172154
vn -0.999961 0.008650 0.001881
vn -0.825628 0.564211 0.002100
vn -0.825667 0.564157 0.000000
vn -0.999963 0.008645 0.000000
vn -0.999961 0.008650 0.001881
vn -0.999963 0.008645 0.000000
vn -0.999995 0.003136 0.000000
vn -0.999992 0.003134 0.002377
vn -0.985032 0.008671 0.172154
vn -0.999961 0.008650 0.001881
vn -0.999992 0.003134 0.002377
vn -0.971223 0.002910 0.238156
vn 0.000000 0.000000 1.000000
vn 0.000000 0.000000 1.000000
vn 0.000000 0.000000 1.000000
vn 0.000000 0.000000 1.000000
vn 0.000000 0.000000 1.000000
vn 0.000000 0.000000 1.000000
vn 0.000000 0.000000 1.000000
vn 0.000000 0.000000 1.000000
vn 0.000003 0.000000 -1.000000
vn -0.000003 0.000000 -1.000000
vn 0.000000 0.000000 -1.000000
vn 0.000000 0.000000 -1.000000
vn -0.000003 0.000000 -1.000000
vn -0.000005 0.000000 -1.000000
vn 0.000000 0.000000 -1.000000
vn 0.000000 0.000000 -1.000000
vn 0.000000 0.000000 1.000000
vn 0.000000 0.000000 1.000000
vn 0.000000 0.000000 1.000000
vn 0.000000 0.000000 1.000000
vn 0.000000 0.000000 1.000000
vn 0.000000 0.000000 1.000000
vn 0.000000 0.000000 1.000000
vn 0.000000 0.000000 1.000000
vn 0.000000 0.000000 1.000000
vn 0.000000 0.000000 1.000000
vn 0.000000 0.000000 1.000000
vn 0.000000 0.000000 1.000000
vn 0.000000 0.000000 1.000000
vn 0.000000 0.000000 1.000000
vn 0.000000 0.000000 1.000000
vn -0.000003 0.000000 1.000000
vn 0.000521 -0.441201 0.897408
vn 0.000017 -0.999814 0.019297
vn 0.000017 -0.999814 0.019307
vn 0.000522 -0.440799 0.897606
vn 0.000017 -0.999814 0.019307
vn 0.000017 -0.999814 0.019297
vn 0.000000 -1.000000 0.000000
vn 0.000000 -1.000000 0.000000
vn 0.000017 -0.999813 0.019326
vn 0.000017 -0.999814 0.019307
vn 0.000000 -1.000000 0.000000
vn 0.000000 -1.000000 0.000000
vn 0.000522 -0.440799 0.897606
vn 0.000017 -0.999814 0.019307
vn 0.000017 -0.999813 0.019326
vn 0.000522 -0.440448 0.897778
vn -0.000002 0.000000 -1.000000
vn -0.000001 0.000000 -1.000000
vn 0.000000 0.000000 -1.000000
vn 0.000000 0.000000 -1.000000
vn -0.000001 0.000000 -1.000000
vn -0.000005 0.000000 -1.000000
vn -0.000003 0.000000 -1.000000
vn 0.000000 0.000000 -1.000000
vn 0.000000 0.000000 -1.000000
vn -0.000003 0.000000 -1.000000
vn 0.000003 0.000000 -1.000000
vn 0.000000 0.000000 -1.000000
vn 0.000000 0.000000 -1.000000
vn 0.000000 0.000000 -1.000000
vn 0.000000 0.000000 -1.000000
vn 0.000000 0.000000 -1.000000
vn -0.000003 0.000000 -1.000000
vn 0.000000 0.000000 -1.000000
vn 0.000000 0.000000 -1.000000
vn 0.000001 0.000000 -1.000000
vn 0.000000 0.000000 -1.000000
vn 0.000000 0.000000 -1.000000
vn 0.000003 0.000000 -1.000000
vn -0.000001 0.000000 -1.000000
vn 0.000005 0.000000 -1.000000
vn 0.000000 0.000000 -1.000000
vn -0.000001 0.000000 -1.000000
vn -0.000001 0.000000 -1.000000
vn 0.000001 0.000000 -1.000000
vn 0.000000 0.000000 -1.000000
vn 0.000005 0.000000 -1.000000
vn 0.000001 0.000000 -1.000000
vn 0.000000 -1.000000 0.000000
vn -0.000021 -0.999707 0.024210
vn -0.000021 -0.999707 0.024222
vn 0.000000 -1.000000 0.000000
vn -0.000021 -0.999707 0.024210
vn -0.000548 -0.364972 0.931018
vn -0.000545 -0.364533 0.931190
vn -0.000021 -0.999707 0.024222
vn -0.000021 -0.999707 0.024222
vn -0.000545 -0.364533 0.931190
vn -0.000546 -0.364210 0.931317
vn -0.000021 -0.999706 0.024245
vn -0.000021 -0.999707 0.024222
vn -0.000021 -0.999706 0.024245
vn 0.000000 -1.000000 0.000000
vn 0.000000 -1.000000 0.000000
vn 0.000006 0.000000 1.000000
vn -0.000005 0.000000 1.000000
vn -0.000001 0.000000 1.000000
vn -0.000002 0.000000 1.000000
vn -0.000005 0.000000 1.000000
vn 0.000000 0.000000 1.000000
vn 0.000000 0.000000 1.000000
vn -0.000001 0.000000 1.000000
vn -0.000001 0.000000 1.000000
vn 0.000000 0.000000 1.000000
vn 0.000000 0.000000 1.000000
vn 0.000009 0.000000 1.000000
vn -0.000001 0.000000 1.000000
vn 0.000009 0.000000 1.000000
vn -0.000002 0.000000 1.000000
vn -0.000002 0.000000 1.000000
vn 0.000003 0.000000 -1.000000
vn 0.727686 0.465587 -0.503689
vn 0.909161 0.007080 -0.416384
vn 0.000000 0.000000 -1.000000
vn 0.727686 0.465587 -0.503689
vn 0.833094 0.545389 -0.092228
vn 0.996591 0.009280 -0.081974
vn 0.909161 0.007080 -0.416384
vn 0.909161 0.007080 -0.416384
vn 0.996591 0.009280 -0.081974
vn 0.994578 0.003696 -0.103928
vn 0.785557 0.002698 -0.618783
vn 0.000000 0.000000 -1.000000
vn 0.909161 0.007080 -0.416384
vn 0.785557 0.002698 -0.618783
vn 0.000000 0.000000 -1.000000
vn 0.000522 -0.440448 0.897778
vn 0.000017 -0.999813 0.019326
vn 0.636672 -0.771032 0.012585
vn 0.417440 -0.431473 0.799734
vn 0.636672 -0.771032 0.012585
vn 0.000017 -0.999813 0.019326
vn 0.000000 -1.000000 0.000000
vn 0.639003 -0.769204 0.000000
vn 0.988024 -0.154253 0.003951
vn 0.636672 -0.771032 0.012585
vn 0.639003 -0.769204 0.000000
vn 0.988193 -0.153212 0.000000
vn 0.417440 -0.431473 0.799734
vn 0.636672 -0.771032 0.012585
vn 0.988024 -0.154253 0.003951
vn 0.942460 -0.125547 0.309849
vn 0.818915 0.537788 0.200406
vn 0.514719 0.323674 0.793914
vn 0.700298 0.004852 0.713834
vn 0.984892 0.009356 0.172917
vn 0.514719 0.323674 0.793914
vn 0.000000 0.000000 1.000000
vn 0.000000 0.000000 1.000000
vn 0.700298 0.004852 0.713834
vn 0.700298 0.004852 0.713834
vn 0.000000 0.000000 1.000000
vn -0.000003 0.000000 1.000000
vn 0.477905 0.001642 0.878410
vn 0.984892 0.009356 0.172917
vn 0.700298 0.004852 0.713834
vn 0.477905 0.001642 0.878410
vn 0.972099 0.003612 0.234542
vn 0.000000 0.000000 1.000000
vn 0.514719 0.323674 0.793914
vn 0.001954 0.783784 0.621031
vn 0.000000 0.000000 1.000000
vn 0.514719 0.323674 0.793914
vn 0.818915 0.537788 0.200406
vn 0.003691 0.990550 0.137099
vn 0.001954 0.783784 0.621031
vn 0.000009 0.000000 1.000000
vn -0.703064 0.004582 0.711112
vn -0.481660 0.001297 0.876357
vn -0.000002 0.000000 1.000000
vn 0.000009 0.000000 1.000000
vn 0.000000 0.000000 1.000000
vn -0.506114 0.334578 0.794925
vn -0.703064 0.004582 0.711112
vn -0.703064 0.004582 0.711112
vn -0.506114 0.334578 0.794925
vn -0.807377 0.554730 0.201041
vn -0.985032 0.008671 0.172154
vn -0.703064 0.004582 0.711112
vn -0.985032 0.008671 0.172154
vn -0.971223 0.002910 0.238156
vn -0.481660 0.001297 0.876357
vn -0.000021 -0.999706 0.024245
vn -0.719374 -0.694486 0.013785
vn -0.721995 -0.691898 0.000000
vn 0.000000 -1.000000 0.000000
vn -0.000021 -0.999706 0.024245
vn -0.000546 -0.364210 0.931317
vn -0.442758 -0.362994 0.819878
vn -0.719374 -0.694486 0.013785
vn -0.719374 -0.694486 0.013785
vn -0.442758 -0.362994 0.819878
vn -0.945226 -0.094855 0.312331
vn -0.992416 -0.122863 0.003992
vn -0.719374 -0.694486 0.013785
vn -0.992416 -0.122863 0.003992
vn -0.992552 -0.121820 0.000000
vn -0.721995 -0.691898 0.000000
vn 0.000001 0.000000 -1.000000
vn 0.000005 0.000000 -1.000000
vn -0.910355 0.006614 -0.413776
vn -0.716662 0.481115 -0.504900
vn -0.910355 0.006614 -0.413776
vn 0.000005 0.000000 -1.000000
vn -0.000001 0.000000 -1.000000
vn -0.786407 0.002143 -0.617705
vn -0.996622 0.008607 -0.081678
vn -0.910355 0.006614 -0.413776
vn -0.786407 0.002143 -0.617705
vn -0.994324 0.002975 -0.106351
vn -0.716662 0.481115 -0.504900
vn -0.910355 0.006614 -0.413776
vn -0.996622 0.008607 -0.081678
vn -0.821395 0.562801 -0.092550
vn 0.833094 0.545389 -0.092228
vn 0.727686 0.465587 -0.503689
vn 0.002785 0.941983 -0.335648
vn 0.003621 0.997879 -0.064989
vn 0.727686 0.465587 -0.503689
vn 0.000003 0.000000 -1.000000
vn 0.000000 0.000000 -1.000000
vn 0.002785 0.941983 -0.335648
vn 0.000000 0.000000 -1.000000
vn 0.000000 0.000000 -1.000000
vn 0.000000 0.000000 -1.000000
vn 0.000000 0.000000 -1.000000
vn 0.000000 0.000000 -1.000000
vn -0.000003 0.000000 -1.000000
vn 0.000001 0.000000 -1.000000
vn 0.000000 0.000000 -1.000000
vn 0.000000 0.000000 -1.000000
vn 0.000001 0.000000 -1.000000
vn 0.000001 0.000000 -1.000000
vn 0.000000 0.000000 -1.000000
vn 0.000000 0.000000 -1.000000
vn 0.000000 0.000000 -1.000000
vn 0.000000 0.000000 -1.000000
vn 0.000000 0.000000 -1.000000
vn -0.002282 0.942176 -0.335111
vn -0.002980 0.997885 -0.064930
vn 0.000000 0.997566 -0.069730
vn 0.000000 0.883212 -0.468973
vn 0.000000 0.000000 -1.000000
vn -0.002282 0.942176 -0.335111
vn 0.000000 0.883212 -0.468973
vn 0.000000 0.000000 -1.000000
vn -0.002282 0.942176 -0.335111
vn 0.000000 0.000000 -1.000000
vn 0.000001 0.000000 -1.000000
vn -0.716662 0.481115 -0.504900
vn -0.002980 0.997885 -0.064930
vn -0.002282 0.942176 -0.335111
vn -0.716662 0.481115 -0.504900
vn -0.821395 0.562801 -0.092550
vn -0.807377 0.554730 0.201041
vn -0.003039 0.990577 0.136927
vn -0.002901 0.999995 0.001494
vn -0.825628 0.564211 0.002100
vn -0.002901 0.999995 0.001494
vn -0.003039 0.990577 0.136927
vn 0.000000 0.987061 0.160348
vn 0.000000 0.999999 0.001540
vn -0.002897 0.999996 0.000000
vn -0.002901 0.999995 0.001494
vn 0.000000 0.999999 0.001540
vn 0.000000 1.000000 0.000000
vn -0.825667 0.564157 0.000000
vn -0.825628 0.564211 0.002100
vn -0.002901 0.999995 0.001494
vn -0.002897 0.999996 0.000000
vn 0.000000 0.000000 1.000000
vn 0.000000 0.000000 1.000000
vn -0.001595 0.784318 0.620357
vn -0.506114 0.334578 0.794925
vn -0.001595 0.784318 0.620357
vn 0.000000 0.000000 1.000000
vn 0.000000 0.000000 1.000000
vn 0.000000 0.629596 0.776922
vn -0.003039 0.990577 0.136927
vn -0.001595 0.784318 0.620357
vn 0.000000 0.629596 0.776922
vn 0.000000 0.987061 0.160348
vn -0.506114 0.334578 0.794925
vn -0.001595 0.784318 0.620357
vn -0.003039 0.990577 0.136927
vn -0.807377 0.554730 0.201041
vn 0.000000 0.000000 1.000000
vn 0.000000 0.000000 1.000000
vn 0.000000 0.000000 1.000000
vn 0.000000 0.000000 1.000000
vn 0.000000 0.000000 1.000000
vn 0.000000 0.000000 1.000000
vn 0.000000 0.000000 1.000000
vn 0.000000 0.000000 1.000000
vn 0.000000 0.000000 1.000000
vn 0.000000 0.000000 1.000000
vn 0.000000 0.000000 1.000000
vn 0.000000 0.000000 1.000000
vn 0.000000 0.000000 1.000000
vn 0.000000 0.000000 1.000000
vn 0.000000 0.000000 1.000000
vn 0.000000 0.000000 1.000000
vn 0.000008 -0.002707 0.999996
vn 0.000521 -0.441201 0.897408
vn 0.000522 -0.440799 0.897606
vn 0.000008 -0.002688 0.999996
vn 0.000008 -0.002688 0.999996
vn 0.000522 -0.440799 0.897606
vn 0.000522 -0.440448 0.897778
vn 0.000004 -0.002685 0.999996
vn 0.419065 -0.000830 0.907956
vn 0.000004 -0.002685 0.999996
vn 0.000522 -0.440448 0.897778
vn 0.417440 -0.431473 0.799734
vn 0.961708 0.002614 0.274065
vn 0.419065 -0.000830 0.907956
vn 0.417440 -0.431473 0.799734
vn 0.942460 -0.125547 0.309849
vn 0.999991 0.003137 0.002695
vn 0.961708 0.002614 0.274065
vn 0.942460 -0.125547 0.309849
vn 0.988024 -0.154253 0.003951
vn 0.999991 0.003137 0.002695
vn 0.988024 -0.154253 0.003951
vn 0.988193 -0.153212 0.000000
vn 0.999995 0.003137 0.000000
vn 0.000890 -0.751802 -0.659388
vn 0.000018 -0.006240 -0.999981
vn 0.731125 -0.001246 -0.682242
vn 0.587929 -0.601912 -0.540408
vn 0.587929 -0.601912 -0.540408
vn 0.731125 -0.001246 -0.682242
vn 0.992541 0.002687 -0.121880
vn 0.980344 -0.148792 -0.129560
vn 0.000891 -0.752451 -0.658648
vn 0.000016 -0.006289 -0.999980
vn 0.000018 -0.006248 -0.999981
vn 0.000885 -0.752120 -0.659025
vn 0.000885 -0.752120 -0.659025
vn 0.000018 -0.006248 -0.999981
vn 0.000018 -0.006240 -0.999981
vn 0.000890 -0.751802 -0.659388
vn 0.000000 -1.000000 0.000000
vn 0.000000 -1.000000 0.000000
vn 0.000036 -0.999843 -0.017740
vn 0.000036 -0.999843 -0.017749
vn 0.000000 -1.000000 0.000000
vn 0.000000 -1.000000 0.000000
vn 0.000036 -0.999843 -0.017749
vn 0.000036 -0.999842 -0.017767
vn 0.639003 -0.769204 0.000000
vn 0.000000 -1.000000 0.000000
vn 0.000036 -0.999842 -0.017767
vn 0.636506 -0.771171 -0.012472
vn 0.988193 -0.153212 0.000000
vn 0.639003 -0.769204 0.000000
vn 0.636506 -0.771171 -0.012472
vn 0.988017 -0.154303 -0.003729
vn 0.999995 0.003137 0.000000
vn 0.988193 -0.153212 0.000000
vn 0.988017 -0.154303 -0.003729
vn 0.999992 0.003136 -0.002478
vn 0.837415 0.546564 -0.001946
vn 0.837451 0.546513 0.000000
vn 0.999957 0.009295 0.000000
vn 0.999955 0.009297 -0.001766
vn 0.999955 0.009297 -0.001766
vn 0.999957 0.009295 0.000000
vn 0.999992 0.003903 0.000000
vn 0.999990 0.003897 -0.002129
vn 0.003523 0.999994 0.000000
vn 0.837451 0.546513 0.000000
vn 0.837415 0.546564 -0.001946
vn 0.003527 0.999993 -0.001401
vn -0.002901 0.999995 -0.001400
vn -0.002897 0.999996 0.000000
vn 0.000000 1.000000 0.000000
vn 0.000000 0.999999 -0.001415
vn -0.825635 0.564201 -0.001954
vn -0.825667 0.564157 0.000000
vn -0.002897 0.999996 0.000000
vn -0.002901 0.999995 -0.001400
vn -0.999963 0.008645 0.000000
vn -0.825667 0.564157 0.000000
vn -0.825635 0.564201 -0.001954
vn -0.999961 0.008646 -0.001762
vn -0.999963 0.008645 0.000000
vn -0.999961 0.008646 -0.001762
vn -0.999993 0.003131 -0.002192
vn -0.999995 0.003136 0.000000
vn 0.000000 -1.000000 0.000000
vn -0.721995 -0.691898 0.000000
vn -0.719103 -0.694766 -0.013868
vn -0.000045 -0.999752 -0.022291
vn -0.721995 -0.691898 0.000000
vn -0.992552 -0.121820 0.000000
vn -0.992409 -0.122925 -0.003756
vn -0.719103 -0.694766 -0.013868
vn -0.000046 -0.999752 -0.022256
vn 0.000000 -1.000000 0.000000
vn 0.000000 -1.000000 0.000000
vn -0.000046 -0.999752 -0.022267
vn 0.000000 -1.000000 0.000000
vn 0.000000 -1.000000 0.000000
vn -0.000045 -0.999752 -0.022291
vn -0.000046 -0.999752 -0.022267
vn 0.000036 -0.999843 -0.017740
vn 0.000891 -0.752451 -0.658648
vn 0.000885 -0.752120 -0.659025
vn 0.000036 -0.999843 -0.017749
vn 0.000036 -0.999843 -0.017749
vn 0.000885 -0.752120 -0.659025
vn 0.000890 -0.751802 -0.659388
vn 0.000036 -0.999842 -0.017767
vn 0.636506 -0.771171 -0.012472
vn 0.000036 -0.999842 -0.017767
vn 0.000890 -0.751802 -0.659388
vn 0.587929 -0.601912 -0.540408
vn 0.988017 -0.154303 -0.003729
vn 0.636506 -0.771171 -0.012472
vn 0.587929 -0.601912 -0.540408
vn 0.980344 -0.148792 -0.129560
vn 0.992541 0.002687 -0.121880
vn 0.999992 0.003136 -0.002478
vn 0.988017 -0.154303 -0.003729
vn 0.980344 -0.148792 -0.129560
vn 0.996591 0.009280 -0.081974
vn 0.999955 0.009297 -0.001766
vn 0.999990 0.003897 -0.002129
vn 0.994578 0.003696 -0.103928
vn 0.996591 0.009280 -0.081974
vn 0.833094 0.545389 -0.092228
vn 0.837415 0.546564 -0.001946
vn 0.999955 0.009297 -0.001766
vn 0.837415 0.546564 -0.001946
vn 0.833094 0.545389 -0.092228
vn 0.003621 0.997879 -0.064989
vn 0.003527 0.999993 -0.001401
vn -0.002980 0.997885 -0.064930
vn -0.002901 0.999995 -0.001400
vn 0.000000 0.999999 -0.001415
vn 0.000000 0.997566 -0.069730
vn -0.825635 0.564201 -0.001954
vn -0.002901 0.999995 -0.001400
vn -0.002980 0.997885 -0.064930
vn -0.821395 0.562801 -0.092550
vn -0.999961 0.008646 -0.001762
vn -0.825635 0.564201 -0.001954
vn -0.821395 0.562801 -0.092550
vn -0.996622 0.008607 -0.081678
vn -0.999961 0.008646 -0.001762
vn -0.996622 0.008607 -0.081678
vn -0.994324 0.002975 -0.106351
vn -0.999993 0.003131 -0.002192
vn -0.001007 -0.672560 -0.740042
vn -0.000045 -0.999752 -0.022291
vn -0.719103 -0.694766 -0.013868
vn -0.630914 -0.524929 -0.571312
vn -0.630914 -0.524929 -0.571312
vn -0.719103 -0.694766 -0.013868
vn -0.992409 -0.122925 -0.003756
vn -0.984332 -0.114892 -0.133756
vn -0.001015 -0.673404 -0.739274
vn -0.000046 -0.999752 -0.022256
vn -0.000046 -0.999752 -0.022267
vn -0.001012 -0.672940 -0.739696
vn -0.001012 -0.672940 -0.739696
vn -0.000046 -0.999752 -0.022267
vn -0.000045 -0.999752 -0.022291
vn -0.001007 -0.672560 -0.740042
vn 0.000008 -0.002688 0.999996
vn 0.000000 0.000000 1.000000
vn 0.000000 0.000000 1.000000
vn 0.000008 -0.002707 0.999996
vn -0.000003 0.000000 1.000000
vn 0.000000 0.000000 1.000000
vn 0.000008 -0.002688 0.999996
vn 0.000004 -0.002685 0.999996
vn 0.419065 -0.000830 0.907956
vn 0.477905 0.001642 0.878410
vn -0.000003 0.000000 1.000000
vn 0.000004 -0.002685 0.999996
vn 0.961708 0.002614 0.274065
vn 0.972099 0.003612 0.234542
vn 0.477905 0.001642 0.878410
vn 0.419065 -0.000830 0.907956
vn 0.999991 0.003137 0.002695
vn 0.999990 0.003900 0.002312
vn 0.972099 0.003612 0.234542
vn 0.961708 0.002614 0.274065
vn 0.999990 0.003900 0.002312
vn 0.999991 0.003137 0.002695
vn 0.999995 0.003137 0.000000
vn 0.999992 0.003903 0.000000
vn 0.999992 0.003903 0.000000
vn 0.999995 0.003137 0.000000
vn 0.999992 0.003136 -0.002478
vn 0.999990 0.003897 -0.002129
vn 0.992541 0.002687 -0.121880
vn 0.994578 0.003696 -0.103928
vn 0.999990 0.003897 -0.002129
vn 0.999992 0.003136 -0.002478
vn 0.000018 -0.006240 -0.999981
vn 0.000000 0.000000 -1.000000
vn 0.785557 0.002698 -0.618783
vn 0.731125 -0.001246 -0.682242
vn 0.731125 -0.001246 -0.682242
vn 0.785557 0.002698 -0.618783
vn 0.994578 0.003696 -0.103928
vn 0.992541 0.002687 -0.121880
vn 0.000016 -0.006289 -0.999980
vn -0.000002 0.000000 -1.000000
vn 0.000000 0.000000 -1.000000
vn 0.000018 -0.006248 -0.999981
vn 0.000018 -0.006248 -0.999981
vn 0.000000 0.000000 -1.000000
vn 0.000000 0.000000 -1.000000
vn 0.000018 -0.006240 -0.999981
vn 0.000000 0.000000 1.000000
vn 0.000000 0.000000 1.000000
vn 0.000000 0.000000 1.000000
vn 0.000000 0.000000 1.000000
vn 0.000000 0.000000 1.000000
vn 0.000000 0.000000 1.000000
vn 0.000000 0.000000 1.000000
vn 0.000000 0.000000 1.000000
vn 0.001954 0.783784 0.621031
vn 0.000000 0.629596 0.776922
vn 0.000000 0.000000 1.000000
vn 0.000000 0.000000 1.000000
vn 0.003691 0.990550 0.137099
vn 0.000000 0.987061 0.160348
vn 0.000000 0.629596 0.776922
vn 0.001954 0.783784 0.621031
vn 0.003528 0.999993 0.001495
vn 0.000000 0.999999 0.001540
vn 0.000000 0.987061 0.160348
vn 0.003691 0.990550 0.137099
vn 0.003523 0.999994 0.000000
vn 0.000000 1.000000 0.000000
vn 0.000000 0.999999 0.001540
vn 0.003528 0.999993 0.001495
vn 0.003527 0.999993 -0.001401
vn 0.000000 0.999999 -0.001415
vn 0.000000 1.000000 0.000000
vn 0.003523 0.999994 0.000000
vn 0.003621 0.997879 -0.064989
vn 0.000000 0.997566 -0.069730
vn 0.000000 0.999999 -0.001415
vn 0.003527 0.999993 -0.001401
vn 0.002785 0.941983 -0.335648
vn 0.000000 0.883212 -0.468973
vn 0.000000 0.997566 -0.069730
vn 0.003621 0.997879 -0.064989
vn 0.000000 0.000000 -1.000000
vn 0.000000 0.000000 -1.000000
vn 0.000000 0.883212 -0.468973
vn 0.002785 0.941983 -0.335648
vn 0.000000 0.000000 -1.000000
vn 0.000000 0.000000 -1.000000
vn 0.000000 0.000000 -1.000000
vn 0.000000 0.000000 -1.000000
vn 0.000000 0.000000 -1.000000
vn 0.000000 0.000000 -1.000000
vn 0.000000 0.000000 -1.000000
vn 0.000000 0.000000 -1.000000
vn -0.000001 0.000000 -1.000000
vn 0.000003 0.000000 -1.000000
vn -0.000011 -0.004194 -0.999991
vn -0.000016 -0.004160 -0.999991
vn -0.000001 0.000000 -1.000000
vn -0.000001 0.000000 -1.000000
vn -0.000016 -0.004160 -0.999991
vn -0.000018 -0.004156 -0.999991
vn -0.786407 0.002143 -0.617705
vn -0.000001 0.000000 -1.000000
vn -0.000018 -0.004156 -0.999991
vn -0.731792 -0.000852 -0.681527
vn -0.994324 0.002975 -0.106351
vn -0.786407 0.002143 -0.617705
vn -0.731792 -0.000852 -0.681527
vn -0.992589 0.001806 -0.121510
vn -0.999993 0.003131 -0.002192
vn -0.994324 0.002975 -0.106351
vn -0.992589 0.001806 -0.121510
vn -0.999995 0.002112 -0.002473
vn -0.999995 0.003136 0.000000
vn -0.999993 0.003131 -0.002192
vn -0.999995 0.002112 -0.002473
vn -0.999998 0.002112 0.000000
vn -0.999992 0.003134 0.002377
vn -0.999995 0.003136 0.000000
vn -0.999998 0.002112 0.000000
vn -0.999994 0.002112 0.002690
vn -0.971223 0.002910 0.238156
vn -0.999992 0.003134 0.002377
vn -0.999994 0.002112 0.002690
vn -0.961871 0.001756 0.273497
vn -0.000002 0.000000 1.000000
vn -0.481660 0.001297 0.876357
vn -0.419529 -0.000552 0.907742
vn -0.000012 -0.001788 0.999998
vn -0.481660 0.001297 0.876357
vn -0.971223 0.002910 0.238156
vn -0.961871 0.001756 0.273497
vn -0.419529 -0.000552 0.907742
vn 0.000002 -0.001805 0.999998
vn 0.000006 0.000000 1.000000
vn -0.000002 0.000000 1.000000
vn -0.000007 -0.001790 0.999998
vn -0.000002 0.000000 1.000000
vn -0.000002 0.000000 1.000000
vn -0.000012 -0.001788 0.999998
vn -0.000007 -0.001790 0.999998
vn -0.000011 -0.004194 -0.999991
vn -0.001015 -0.673404 -0.739274
vn -0.001012 -0.672940 -0.739696
vn -0.000016 -0.004160 -0.999991
vn -0.000016 -0.004160 -0.999991
vn -0.001012 -0.672940 -0.739696
vn -0.001007 -0.672560 -0.740042
vn -0.000018 -0.004156 -0.999991
vn -0.731792 -0.000852 -0.681527
vn -0.000018 -0.004156 -0.999991
vn -0.001007 -0.672560 -0.740042
vn -0.630914 -0.524929 -0.571312
vn -0.992589 0.001806 -0.121510
vn -0.731792 -0.000852 -0.681527
vn -0.630914 -0.524929 -0.571312
vn -0.984332 -0.114892 -0.133756
vn -0.992409 -0.122925 -0.003756
vn -0.999995 0.002112 -0.002473
vn -0.992589 0.001806 -0.121510
vn -0.984332 -0.114892 -0.133756
vn -0.992409 -0.122925 -0.003756
vn -0.992552 -0.121820 0.000000
vn -0.999998 0.002112 0.000000
vn -0.999995 0.002112 -0.002473
vn -0.992552 -0.121820 0.000000
vn -0.992416 -0.122863 0.003992
vn -0.999994 0.002112 0.002690
vn -0.999998 0.002112 0.000000
vn -0.961871 0.001756 0.273497
vn -0.999994 0.002112 0.002690
vn -0.992416 -0.122863 0.003992
vn -0.945226 -0.094855 0.312331
vn -0.000546 -0.364210 0.931317
vn -0.000012 -0.001788 0.999998
vn -0.419529 -0.000552 0.907742
vn -0.442758 -0.362994 0.819878
vn -0.442758 -0.362994 0.819878
vn -0.419529 -0.000552 0.907742
vn -0.961871 0.001756 0.273497
vn -0.945226 -0.094855 0.312331
vn -0.000548 -0.364972 0.931018
vn 0.000002 -0.001805 0.999998
vn -0.000007 -0.001790 0.999998
vn -0.000545 -0.364533 0.931190
vn -0.000545 -0.364533 0.931190
vn -0.000007 -0.001790 0.999998
vn -0.000012 -0.001788 0.999998
vn -0.000546 -0.364210 0.931317
vn 1.000000 0.000000 0.000000
vn 1.000000 0.000000 0.000000
vn 1.000000 0.000000 0.000000
vn 1.000000 0.000000 0.000000
vn -0.148500 0.635862 0.757382
vn -0.000369 0.716151 0.697945
vn -0.000288 0.986395 0.164393
vn -0.212799 0.963473 0.162595
vn -0.000288 0.986395 0.164393
vn -0.000369 0.716151 0.697945
vn 0.000000 0.662779 0.748815
vn 0.000000 0.986350 0.164665
vn -0.000290 0.987216 0.159388
vn -0.000288 0.986395 0.164393
vn 0.000000 0.986350 0.164665
vn 0.000000 0.987216 0.159388
vn -0.218892 0.963275 0.155525
vn -0.212799 0.963473 0.162595
vn -0.000288 0.986395 0.164393
vn -0.000290 0.987216 0.159388
vn -0.216113 0.973825 0.070430
vn -0.000288 0.997405 0.071989
vn -0.000286 1.000000 0.000414
vn -0.210001 0.977701 0.000404
vn -0.000286 1.000000 0.000414
vn -0.000288 0.997405 0.071989
vn 0.000000 0.997406 0.071986
vn 0.000000 1.000000 0.000414
vn -0.000290 1.000000 0.000000
vn -0.000286 1.000000 0.000414
vn 0.000000 1.000000 0.000414
vn 0.000000 1.000000 0.000000
vn -0.219242 0.975671 -0.000006
vn -0.210001 0.977701 0.000404
vn -0.000286 1.000000 0.000414
vn -0.000290 1.000000 0.000000
vn -0.148500 0.635862 0.757382
vn -0.334574 -0.237571 0.911932
vn -0.000467 -0.156373 0.987698
vn -0.000369 0.716151 0.697945
vn -0.334574 -0.237571 0.911932
vn -0.289622 -0.396863 0.870987
vn -0.000501 -0.320308 0.947313
vn -0.000467 -0.156373 0.987698
vn -0.000467 -0.156373 0.987698
vn -0.000501 -0.320308 0.947313
vn 0.000000 -0.320144 0.947369
vn 0.000000 -0.196946 0.980414
vn -0.000369 0.716151 0.697945
vn -0.000467 -0.156373 0.987698
vn 0.000000 -0.196946 0.980414
vn 0.000000 0.662779 0.748815
vn 0.057310 0.655465 0.753048
vn 0.160952 -0.152901 0.975047
vn 0.742877 0.654674 0.139772
vn 0.096475 0.981465 0.165590
vn 0.160952 -0.152901 0.975047
vn 0.134185 -0.335289 0.932510
vn 0.986008 -0.163699 0.031480
vn 0.742877 0.654674 0.139772
vn 0.742877 0.654674 0.139772
vn 0.986008 -0.163699 0.031480
vn 0.989055 -0.145659 -0.023513
vn 0.772104 0.627372 0.101290
vn 0.096475 0.981465 0.165590
vn 0.742877 0.654674 0.139772
vn 0.772104 0.627372 0.101290
vn 0.096886 0.982572 0.158638
vn -0.988343 0.145426 0.045046
vn -0.212799 0.963473 0.162595
vn -0.218892 0.963275 0.155525
vn -0.994468 0.103701 0.016744
vn -0.944598 -0.327037 -0.027968
vn -0.988343 0.145426 0.045046
vn -0.994468 0.103701 0.016744
vn -0.946145 -0.319606 -0.051593
vn -0.988343 0.145426 0.045046
vn -0.944598 -0.327037 -0.027968
vn -0.289622 -0.396863 0.870987
vn -0.334574 -0.237571 0.911932
vn -0.212799 0.963473 0.162595
vn -0.988343 0.145426 0.045046
vn -0.334574 -0.237571 0.911932
vn -0.148500 0.635862 0.757382
vn 0.096115 0.992782 0.071736
vn 0.762263 0.645638 0.045897
vn 0.735467 0.677560 0.000249
vn 0.094797 0.995497 0.000409
vn 0.762263 0.645638 0.045897
vn 0.988969 -0.147727 -0.010802
vn 0.988920 -0.148452 -0.000046
vn 0.735467 0.677560 0.000249
vn 0.735467 0.677560 0.000249
vn 0.988920 -0.148452 -0.000046
vn 0.989060 -0.147517 0.000022
vn 0.773576 0.633704 -0.000007
vn 0.094797 0.995497 0.000409
vn 0.735467 0.677560 0.000249
vn 0.773576 0.633704 -0.000007
vn 0.096994 0.995285 -0.000006
vn -0.000710 0.247418 -0.968909
vn -0.000379 0.920557 -0.390609
vn 0.000000 0.904000 -0.427532
vn 0.000000 0.193047 -0.981189
vn -0.000795 -0.000266 -1.000000
vn -0.000710 0.247418 -0.968909
vn 0.000000 0.193047 -0.981189
vn 0.000000 0.000000 -1.000000
vn -0.000710 0.247418 -0.968909
vn -0.000795 -0.000266 -1.000000
vn -0.438497 -0.147802 -0.886496
vn -0.475471 0.076226 -0.876423
vn -0.000379 0.920557 -0.390609
vn -0.000710 0.247418 -0.968909
vn -0.475471 0.076226 -0.876423
vn -0.170888 0.881669 -0.439837
vn -0.987701 0.156357 0.000035
vn -0.210001 0.977701 0.000404
vn -0.219242 0.975671 -0.000006
vn -0.994672 0.103091 0.000007
vn -0.945522 -0.325557 -0.000100
vn -0.987701 0.156357 0.000035
vn -0.994672 0.103091 0.000007
vn -0.946167 -0.323679 0.000049
vn -0.987701 0.156357 0.000035
vn -0.945522 -0.325557 -0.000100
vn -0.945752 -0.324027 -0.023671
vn -0.992995 0.117918 0.007473
vn -0.210001 0.977701 0.000404
vn -0.987701 0.156357 0.000035
vn -0.992995 0.117918 0.007473
vn -0.216113 0.973825 0.070430
vn -0.289622 -0.396863 0.870987
vn -0.241511 -0.386284 0.890201
vn -0.000285 -0.320228 0.947340
vn -0.000501 -0.320308 0.947313
vn -0.241511 -0.386284 0.890201
vn -0.234624 -0.384687 0.892730
vn -0.000261 -0.320245 0.947335
vn -0.000285 -0.320228 0.947340
vn -0.000285 -0.320228 0.947340
vn -0.000261 -0.320245 0.947335
vn 0.000000 -0.320190 0.947353
vn 0.000000 -0.320140 0.947370
vn -0.000501 -0.320308 0.947313
vn -0.000285 -0.320228 0.947340
vn 0.000000 -0.320140 0.947370
vn 0.000000 -0.320144 0.947369
vn 0.986008 -0.163699 0.031480
vn 0.986327 -0.162459 0.027687
vn 0.989057 -0.145647 -0.023510
vn 0.989055 -0.145659 -0.023513
vn 0.986008 -0.163699 0.031480
vn 0.134185 -0.335289 0.932510
vn 0.122097 -0.334143 0.934580
vn 0.986327 -0.162459 0.027687
vn 0.986327 -0.162459 0.027687
vn 0.122097 -0.334143 0.934580
vn 0.119929 -0.333938 0.934934
vn 0.986352 -0.162338 0.027494
vn 0.986327 -0.162459 0.027687
vn 0.986352 -0.162338 0.027494
vn 0.989058 -0.145642 -0.023505
vn 0.989057 -0.145647 -0.023510
vn 0.988920 -0.148452 -0.000046
vn 0.988922 -0.148436 -0.000025
vn 0.989072 -0.147435 0.000028
vn 0.989060 -0.147517 0.000022
vn 0.988920 -0.148452 -0.000046
vn 0.988969 -0.147727 -0.010802
vn 0.988965 -0.147792 -0.010320
vn 0.988922 -0.148436 -0.000025
vn 0.988922 -0.148436 -0.000025
vn 0.988965 -0.147792 -0.010320
vn 0.988966 -0.147788 -0.010213
vn 0.988921 -0.148441 -0.000008
vn 0.988922 -0.148436 -0.000025
vn 0.988921 -0.148441 -0.000008
vn 0.989076 -0.147403 0.000042
vn 0.989072 -0.147435 0.000028
vn -0.438497 -0.147802 -0.886496
vn -0.000795 -0.000266 -1.000000
vn -0.000447 -0.000153 -1.000000
vn -0.363886 -0.122629 -0.923336
vn -0.000447 -0.000153 -1.000000
vn -0.000795 -0.000266 -1.000000
vn 0.000000 0.000000 -1.000000
vn 0.000000 -0.000003 -1.000000
vn 0.000000 0.000000 -1.000000
vn -0.000411 -0.000138 -1.000000
vn -0.000447 -0.000153 -1.000000
vn 0.000000 -0.000003 -1.000000
vn -0.363886 -0.122629 -0.923336
vn -0.000447 -0.000153 -1.000000
vn -0.000411 -0.000138 -1.000000
vn -0.354693 -0.119545 -0.927309
vn -0.945752 -0.324027 -0.023671
vn -0.945522 -0.325557 -0.000100
vn -0.945520 -0.325565 -0.000056
vn -0.945724 -0.324180 -0.022659
vn -0.945520 -0.325565 -0.000056
vn -0.945522 -0.325557 -0.000100
vn -0.946167 -0.323679 0.000049
vn -0.946207 -0.323562 0.000061
vn -0.946187 -0.323620 0.000093
vn -0.945507 -0.325603 -0.000018
vn -0.945520 -0.325565 -0.000056
vn -0.946207 -0.323562 0.000061
vn -0.945724 -0.324180 -0.022659
vn -0.945520 -0.325565 -0.000056
vn -0.945507 -0.325603 -0.000018
vn -0.945728 -0.324184 -0.022439
vn -0.289622 -0.396863 0.870987
vn -0.944598 -0.327037 -0.027968
vn -0.944612 -0.326979 -0.028175
vn -0.241511 -0.386284 0.890201
vn -0.944612 -0.326979 -0.028175
vn -0.944598 -0.327037 -0.027968
vn -0.946145 -0.319606 -0.051593
vn -0.946144 -0.319610 -0.051591
vn -0.946131 -0.319650 -0.051586
vn -0.944592 -0.327045 -0.028076
vn -0.944612 -0.326979 -0.028175
vn -0.946144 -0.319610 -0.051591
vn -0.241511 -0.386284 0.890201
vn -0.944612 -0.326979 -0.028175
vn -0.944592 -0.327045 -0.028076
vn -0.234624 -0.384687 0.892730
vn 0.989055 -0.145659 -0.023513
vn 0.989057 -0.145647 -0.023510
vn 0.989058 -0.145753 -0.022791
vn 0.989057 -0.145754 -0.022833
vn 0.989057 -0.145647 -0.023510
vn 0.989058 -0.145642 -0.023505
vn 0.989054 -0.145788 -0.022776
vn 0.989058 -0.145753 -0.022791
vn 0.772104 0.627372 0.101290
vn 0.989055 -0.145659 -0.023513
vn 0.989057 -0.145754 -0.022833
vn 0.773920 0.625666 0.097930
vn 0.096886 0.982572 0.158638
vn 0.772104 0.627372 0.101290
vn 0.773920 0.625666 0.097930
vn 0.096970 0.983301 0.154002
vn -0.000290 0.987957 0.154726
vn -0.000290 0.987216 0.159388
vn 0.000000 0.987216 0.159388
vn 0.000000 0.987957 0.154726
vn -0.219315 0.963903 0.150971
vn -0.218892 0.963275 0.155525
vn -0.000290 0.987216 0.159388
vn -0.000290 0.987957 0.154726
vn -0.994468 0.103701 0.016744
vn -0.218892 0.963275 0.155525
vn -0.219315 0.963903 0.150971
vn -0.994741 0.101201 0.015766
vn -0.946145 -0.319606 -0.051593
vn -0.994468 0.103701 0.016744
vn -0.994741 0.101201 0.015766
vn -0.946152 -0.319822 -0.050100
vn -0.946144 -0.319610 -0.051591
vn -0.946145 -0.319606 -0.051593
vn -0.946152 -0.319822 -0.050100
vn -0.946150 -0.319841 -0.050014
vn -0.946141 -0.319873 -0.049990
vn -0.946131 -0.319650 -0.051586
vn -0.946144 -0.319610 -0.051591
vn -0.946150 -0.319841 -0.050014
vn 0.988969 -0.147727 -0.010802
vn 0.989057 -0.145754 -0.022833
vn 0.989058 -0.145753 -0.022791
vn 0.988965 -0.147792 -0.010320
vn 0.988965 -0.147792 -0.010320
vn 0.989058 -0.145753 -0.022791
vn 0.989054 -0.145788 -0.022776
vn 0.988966 -0.147788 -0.010213
vn 0.773920 0.625666 0.097930
vn 0.989057 -0.145754 -0.022833
vn 0.988969 -0.147727 -0.010802
vn 0.762263 0.645638 0.045897
vn 0.096970 0.983301 0.154002
vn 0.773920 0.625666 0.097930
vn 0.762263 0.645638 0.045897
vn 0.096115 0.992782 0.071736
vn -0.000288 0.997405 0.071989
vn -0.000290 0.987957 0.154726
vn 0.000000 0.987957 0.154726
vn 0.000000 0.997406 0.071986
vn -0.219315 0.963903 0.150971
vn -0.000290 0.987957 0.154726
vn -0.000288 0.997405 0.071989
vn -0.216113 0.973825 0.070430
vn -0.216113 0.973825 0.070430
vn -0.992995 0.117918 0.007473
vn -0.994741 0.101201 0.015766
vn -0.219315 0.963903 0.150971
vn -0.992995 0.117918 0.007473
vn -0.945752 -0.324027 -0.023671
vn -0.946152 -0.319822 -0.050100
vn -0.994741 0.101201 0.015766
vn -0.946150 -0.319841 -0.050014
vn -0.946152 -0.319822 -0.050100
vn -0.945752 -0.324027 -0.023671
vn -0.945724 -0.324180 -0.022659
vn -0.946141 -0.319873 -0.049990
vn -0.946150 -0.319841 -0.050014
vn -0.945724 -0.324180 -0.022659
vn -0.945728 -0.324184 -0.022439
vn 0.989060 -0.147517 0.000022
vn 0.989072 -0.147435 0.000028
vn 0.989195 -0.146510 -0.005387
vn 0.989195 -0.146526 -0.004828
vn 0.989072 -0.147435 0.000028
vn 0.989076 -0.147403 0.000042
vn 0.989201 -0.146463 -0.005450
vn 0.989195 -0.146510 -0.005387
vn 0.773576 0.633704 -0.000007
vn 0.989060 -0.147517 0.000022
vn 0.989195 -0.146526 -0.004828
vn 0.776145 0.630547 -0.003054
vn 0.096994 0.995285 -0.000006
vn 0.773576 0.633704 -0.000007
vn 0.776145 0.630547 -0.003054
vn 0.097768 0.995209 -0.000655
vn -0.000292 1.000000 -0.000481
vn -0.000290 1.000000 0.000000
vn 0.000000 1.000000 0.000000
vn 0.000000 1.000000 -0.000498
vn -0.220823 0.975314 -0.000649
vn -0.219242 0.975671 -0.000006
vn -0.000290 1.000000 0.000000
vn -0.000292 1.000000 -0.000481
vn -0.994672 0.103091 0.000007
vn -0.219242 0.975671 -0.000006
vn -0.220823 0.975314 -0.000649
vn -0.994763 0.102195 -0.001891
vn -0.946167 -0.323679 0.000049
vn -0.994672 0.103091 0.000007
vn -0.994763 0.102195 -0.001891
vn -0.946843 -0.321691 -0.002030
vn -0.946207 -0.323562 0.000061
vn -0.946167 -0.323679 0.000049
vn -0.946843 -0.321691 -0.002030
vn -0.946836 -0.321709 -0.002403
vn -0.946799 -0.321818 -0.002424
vn -0.946187 -0.323620 0.000093
vn -0.946207 -0.323562 0.000061
vn -0.946836 -0.321709 -0.002403
vn 0.211779 -0.030933 -0.976828
vn 0.989195 -0.146526 -0.004828
vn 0.989195 -0.146510 -0.005387
vn 0.188862 -0.027571 -0.981617
vn 0.188862 -0.027571 -0.981617
vn 0.989195 -0.146510 -0.005387
vn 0.989201 -0.146463 -0.005450
vn 0.185905 -0.027142 -0.982193
vn 0.776145 0.630547 -0.003054
vn 0.989195 -0.146526 -0.004828
vn 0.211779 -0.030933 -0.976828
vn 0.236523 0.229062 -0.944239
vn 0.097768 0.995209 -0.000655
vn 0.776145 0.630547 -0.003054
vn 0.236523 0.229062 -0.944239
vn 0.064307 0.897975 -0.435322
vn -0.000379 0.920557 -0.390609
vn -0.000292 1.000000 -0.000481
vn 0.000000 1.000000 -0.000498
vn 0.000000 0.904000 -0.427532
vn -0.220823 0.975314 -0.000649
vn -0.000292 1.000000 -0.000481
vn -0.000379 0.920557 -0.390609
vn -0.170888 0.881669 -0.439837
vn -0.170888 0.881669 -0.439837
vn -0.475471 0.076226 -0.876423
vn -0.994763 0.102195 -0.001891
vn -0.220823 0.975314 -0.000649
vn -0.475471 0.076226 -0.876423
vn -0.438497 -0.147802 -0.886496
vn -0.946843 -0.321691 -0.002030
vn -0.994763 0.102195 -0.001891
vn -0.946836 -0.321709 -0.002403
vn -0.946843 -0.321691 -0.002030
vn -0.438497 -0.147802 -0.886496
vn -0.363886 -0.122629 -0.923336
vn -0.946799 -0.321818 -0.002424
vn -0.946836 -0.321709 -0.002403
vn -0.363886 -0.122629 -0.923336
vn -0.354693 -0.119545 -0.927309
vn 0.000000 -0.320140 0.947370
vn 0.000000 -0.320190 0.947353
vn 0.000324 -0.320257 0.947331
vn 0.000338 -0.320185 0.947355
vn 0.000000 -0.320144 0.947369
vn 0.000000 -0.320140 0.947370
vn 0.000338 -0.320185 0.947355
vn 0.000433 -0.320201 0.947350
vn 0.000000 -0.196946 0.980414
vn 0.000000 -0.320144 0.947369
vn 0.000433 -0.320201 0.947350
vn 0.000417 -0.180250 0.983621
vn 0.000000 0.662779 0.748815
vn 0.000000 -0.196946 0.980414
vn 0.000417 -0.180250 0.983621
vn 0.000349 0.685827 0.727764
vn 0.000000 0.986350 0.164665
vn 0.000000 0.662779 0.748815
vn 0.000349 0.685827 0.727764
vn 0.000286 0.986369 0.164546
vn 0.000000 0.987216 0.159388
vn 0.000000 0.986350 0.164665
vn 0.000286 0.986369 0.164546
vn 0.000287 0.987216 0.159389
vn 0.000000 0.987957 0.154726
vn 0.000000 0.987216 0.159388
vn 0.000287 0.987216 0.159389
vn 0.000287 0.987957 0.154727
vn 0.000000 0.997406 0.071986
vn 0.000000 0.987957 0.154726
vn 0.000287 0.987957 0.154727
vn 0.000285 0.997406 0.071984
vn 0.000000 1.000000 0.000414
vn 0.000000 0.997406 0.071986
vn 0.000285 0.997406 0.071984
vn 0.000284 1.000000 0.000414
vn 0.000000 1.000000 0.000000
vn 0.000000 1.000000 0.000414
vn 0.000284 1.000000 0.000414
vn 0.000287 1.000000 0.000000
vn 0.000000 1.000000 -0.000498
vn 0.000000 1.000000 0.000000
vn 0.000287 1.000000 0.000000
vn 0.000289 1.000000 -0.000490
vn 0.000000 0.904000 -0.427532
vn 0.000000 1.000000 -0.000498
vn 0.000289 1.000000 -0.000490
vn 0.000361 0.911207 -0.411949
vn 0.000000 0.193047 -0.981189
vn 0.000000 0.904000 -0.427532
vn 0.000361 0.911207 -0.411949
vn 0.000634 0.215503 -0.976503
vn 0.000000 0.000000 -1.000000
vn 0.000000 0.193047 -0.981189
vn 0.000634 0.215503 -0.976503
vn 0.000685 -0.000099 -1.000000
vn 0.000000 -0.000003 -1.000000
vn 0.000000 0.000000 -1.000000
vn 0.000685 -0.000099 -1.000000
vn 0.000532 -0.000080 -1.000000
vn 0.000513 -0.000074 -1.000000
vn 0.000000 0.000000 -1.000000
vn 0.000000 -0.000003 -1.000000
vn 0.000532 -0.000080 -1.000000
vn 0.000338 -0.320185 0.947355
vn 0.000324 -0.320257 0.947331
vn 0.119929 -0.333938 0.934934
vn 0.122097 -0.334143 0.934580
vn 0.000433 -0.320201 0.947350
vn 0.000338 -0.320185 0.947355
vn 0.122097 -0.334143 0.934580
vn 0.134185 -0.335289 0.932510
vn 0.000417 -0.180250 0.983621
vn 0.000433 -0.320201 0.947350
vn 0.134185 -0.335289 0.932510
vn 0.160952 -0.152901 0.975047
vn 0.000349 0.685827 0.727764
vn 0.000417 -0.180250 0.983621
vn 0.160952 -0.152901 0.975047
vn 0.057310 0.655465 0.753048
vn 0.000286 0.986369 0.164546
vn 0.000349 0.685827 0.727764
vn 0.057310 0.655465 0.753048
vn 0.096475 0.981465 0.165590
vn 0.000286 0.986369 0.164546
vn 0.096475 0.981465 0.165590
vn 0.096886 0.982572 0.158638
vn 0.000287 0.987216 0.159389
vn 0.000287 0.987216 0.159389
vn 0.096886 0.982572 0.158638
vn 0.096970 0.983301 0.154002
vn 0.000287 0.987957 0.154727
vn 0.000285 0.997406 0.071984
vn 0.000287 0.987957 0.154727
vn 0.096970 0.983301 0.154002
vn 0.096115 0.992782 0.071736
vn 0.000284 1.000000 0.000414
vn 0.000285 0.997406 0.071984
vn 0.096115 0.992782 0.071736
vn 0.094797 0.995497 0.000409
vn 0.000284 1.000000 0.000414
vn 0.094797 0.995497 0.000409
vn 0.096994 0.995285 -0.000006
vn 0.000287 1.000000 0.000000
vn 0.000287 1.000000 0.000000
vn 0.096994 0.995285 -0.000006
vn 0.097768 0.995209 -0.000655
vn 0.000289 1.000000 -0.000490
vn 0.000361 0.911207 -0.411949
vn 0.000289 1.000000 -0.000490
vn 0.097768 0.995209 -0.000655
vn 0.064307 0.897975 -0.435322
vn 0.064307 0.897975 -0.435322
vn 0.236523 0.229062 -0.944239
vn 0.000634 0.215503 -0.976503
vn 0.000361 0.911207 -0.411949
vn 0.236523 0.229062 -0.944239
vn 0.211779 -0.030933 -0.976828
vn 0.000685 -0.000099 -1.000000
vn 0.000634 0.215503 -0.976503
vn 0.000532 -0.000080 -1.000000
vn 0.000685 -0.000099 -1.000000
vn 0.211779 -0.030933 -0.976828
vn 0.188862 -0.027571 -0.981617
vn 0.000513 -0.000074 -1.000000
vn 0.000532 -0.000080 -1.000000
vn 0.188862 -0.027571 -0.981617
vn 0.185905 -0.027142 -0.982193
vn 0.653936 0.000000 0.756550
vn 0.653936 0.000000 0.756550
vn 0.000841 0.000000 1.000000
vn 0.000841 0.000000 1.000000
vn 0.653936 0.000000 0.756550
vn 0.653942 0.000000 0.756545
vn 0.000841 0.000000 1.000000
vn 0.000841 0.000000 1.000000
vn 0.000841 0.000000 1.000000
vn 0.000841 0.000000 1.000000
vn 0.000000 0.000000 1.000000
vn 0.000000 0.000000 1.000000
vn 0.000841 0.000000 1.000000
vn 0.000841 0.000000 1.000000
vn 0.000000 0.000000 1.000000
vn 0.000000 0.000000 1.000000
vn 0.000000 0.000000 -1.000000
vn 0.001004 0.000000 -1.000000
vn 0.001004 0.000000 -1.000000
vn 0.000000 0.000000 -1.000000
vn 0.001004 0.000000 -1.000000
vn 0.717991 0.000000 -0.696053
vn 0.717991 0.000000 -0.696053
vn 0.001004 0.000000 -1.000000
vn 0.001004 0.000000 -1.000000
vn 0.717991 0.000000 -0.696053
vn 0.717992 0.000000 -0.696051
vn 0.001004 0.000000 -1.000000
vn 0.001004 0.000000 -1.000000
vn 0.001004 0.000000 -1.000000
vn 0.000000 0.000000 -1.000000
vn 0.000000 0.000000 -1.000000
vn 0.000962 -0.542293 -0.840189
vn 0.001555 -0.999998 -0.001203
vn 0.000000 -0.999999 -0.001204
vn 0.000000 -0.542213 -0.840241
vn 0.000962 -0.542293 -0.840189
vn 0.660531 -0.392838 -0.639825
vn 0.847732 -0.530424 -0.000733
vn 0.001555 -0.999998 -0.001203
vn 0.001555 -0.999998 -0.001203
vn 0.847732 -0.530424 -0.000733
vn 0.847775 -0.530357 0.000000
vn 0.001556 -0.999999 0.000000
vn 0.001555 -0.999998 -0.001203
vn 0.001556 -0.999999 0.000000
vn 0.000000 -1.000000 0.000000
vn 0.000000 -0.999999 -0.001204
vn 0.717991 0.000000 -0.696053
vn 1.000000 0.000000 -0.000753
vn 1.000000 0.000000 -0.000753
vn 0.717991 0.000000 -0.696053
vn 1.000000 0.000000 -0.000753
vn 1.000000 0.000000 -0.000753
vn 1.000000 0.000000 0.000000
vn 1.000000 0.000000 0.000000
vn 1.000000 0.000000 -0.000753
vn 1.000000 0.000000 -0.000753
vn 1.000000 0.000000 0.000000
vn 1.000000 0.000000 0.000000
vn 0.717992 0.000000 -0.696051
vn 0.717991 0.000000 -0.696053
vn 1.000000 0.000000 -0.000753
vn 1.000000 0.000000 -0.000753
vn -1.000000 -0.000004 0.000000
vn -1.000000 -0.000008 -0.000726
vn -1.000000 0.000000 -0.000726
vn -1.000000 0.000000 0.000000
vn -1.000000 -0.000008 -0.000726
vn -0.730718 -0.000005 -0.682679
vn -0.730715 0.000000 -0.682683
vn -1.000000 0.000000 -0.000726
vn -1.000000 0.000000 -0.000726
vn -0.730715 0.000000 -0.682683
vn -0.730717 0.000000 -0.682681
vn -1.000000 0.000000 -0.000726
vn -1.000000 0.000000 -0.000726
vn -1.000000 0.000000 -0.000726
vn -1.000000 0.000000 0.000000
vn -1.000000 0.000000 0.000000
vn -0.999999 -0.000940 -0.000725
vn -0.730709 -0.000841 -0.682689
vn -0.674729 -0.385592 -0.629332
vn -0.856355 -0.516388 -0.000717
vn -0.999999 -0.000940 -0.000725
vn -0.856355 -0.516388 -0.000717
vn -0.856400 -0.516312 0.000000
vn -1.000000 -0.000941 0.000000
vn 0.609523 -0.358653 0.707000
vn 0.653958 -0.000785 0.756531
vn 0.000841 -0.000843 0.999999
vn 0.000861 -0.475760 0.879575
vn 0.000861 -0.475760 0.879575
vn 0.000841 -0.000843 0.999999
vn 0.000000 -0.000844 1.000000
vn 0.000000 -0.475657 0.879631
vn 0.847732 -0.530424 -0.000733
vn 0.999999 -0.000976 -0.000752
vn 1.000000 -0.000976 0.000000
vn 0.847775 -0.530357 0.000000
vn 0.717989 -0.000856 -0.696054
vn 0.999999 -0.000976 -0.000752
vn 0.847732 -0.530424 -0.000733
vn 0.660531 -0.392838 -0.639825
vn 0.001003 -0.001007 -0.999999
vn 0.717989 -0.000856 -0.696054
vn 0.660531 -0.392838 -0.639825
vn 0.000962 -0.542293 -0.840189
vn 0.001003 -0.001007 -0.999999
vn 0.000962 -0.542293 -0.840189
vn 0.000000 -0.542213 -0.840241
vn 0.000000 -0.001007 -1.000000
vn -0.999999 -0.000940 -0.000725
vn -1.000000 0.000000 -0.000726
vn -0.730717 0.000000 -0.682681
vn -0.730709 -0.000841 -0.682689
vn -1.000000 0.000000 -0.000726
vn -0.999999 -0.000940 -0.000725
vn -1.000000 -0.000941 0.000000
vn -1.000000 0.000000 0.000000
vn 0.653958 -0.000785 0.756531
vn 0.653936 0.000000 0.756550
vn 0.000841 0.000000 1.000000
vn 0.000841 -0.000843 0.999999
vn 0.000841 -0.000843 0.999999
vn 0.000841 0.000000 1.000000
vn 0.000000 0.000000 1.000000
vn 0.000000 -0.000844 1.000000
vn 0.999999 -0.000976 -0.000752
vn 1.000000 0.000000 -0.000753
vn 1.000000 0.000000 0.000000
vn 1.000000 -0.000976 0.000000
vn 0.717989 -0.000856 -0.696054
vn 0.717992 0.000000 -0.696051
vn 1.000000 0.000000 -0.000753
vn 0.999999 -0.000976 -0.000752
vn 0.001003 -0.001007 -0.999999
vn 0.001004 0.000000 -1.000000
vn 0.717992 0.000000 -0.696051
vn 0.717989 -0.000856 -0.696054
vn 0.001004 0.000000 -1.000000
vn 0.001003 -0.001007 -0.999999
vn 0.000000 -0.001007 -1.000000
vn 0.000000 0.000000 -1.000000
vn 1.000000 0.000000 0.000000
vn 1.000000 0.000000 0.000000
vn 1.000000 0.000000 0.000754
vn 1.000000 0.000000 0.000754
vn 1.000000 0.000000 0.000000
vn 1.000000 0.000000 0.000000
vn 1.000000 0.000000 0.000754
vn 1.000000 0.000000 0.000754
vn 1.000000 -0.000976 0.000000
vn 1.000000 0.000000 0.000000
vn 1.000000 0.000000 0.000754
vn 0.999999 -0.000976 0.000753
vn 0.847775 -0.530357 0.000000
vn 1.000000 -0.000976 0.000000
vn 0.999999 -0.000976 0.000753
vn 0.847733 -0.530422 0.000718
vn 0.001556 -0.999999 0.000000
vn 0.847775 -0.530357 0.000000
vn 0.847733 -0.530422 0.000718
vn 0.001555 -0.999998 0.001204
vn 0.001556 -0.999999 0.000000
vn 0.001555 -0.999998 0.001204
vn 0.000000 -0.999999 0.001205
vn 0.000000 -1.000000 0.000000
vn -1.000000 -0.000941 0.000000
vn -0.856400 -0.516312 0.000000
vn -0.856361 -0.516377 0.000702
vn -0.999999 -0.000940 0.000726
vn -1.000000 0.000000 0.000000
vn -1.000000 -0.000941 0.000000
vn -0.999999 -0.000940 0.000726
vn -1.000000 0.000000 0.000726
vn -1.000000 0.000000 0.000726
vn -1.000000 -0.000004 0.000000
vn -1.000000 0.000000 0.000000
vn -1.000000 0.000000 0.000726
vn -1.000000 0.000000 0.000000
vn -1.000000 0.000000 0.000000
vn -1.000000 0.000000 0.000726
vn -1.000000 0.000000 0.000726
vn 1.000000 0.000000 0.000754
vn 0.653942 0.000000 0.756545
vn 0.653936 0.000000 0.756550
vn 1.000000 0.000000 0.000754
vn 1.000000 0.000000 0.000754
vn 0.653936 0.000000 0.756550
vn 0.653936 0.000000 0.756550
vn 1.000000 0.000000 0.000754
vn 1.000000 0.000000 0.000754
vn 0.653936 0.000000 0.756550
vn 0.653958 -0.000785 0.756531
vn 0.999999 -0.000976 0.000753
vn 0.847733 -0.530422 0.000718
vn 0.999999 -0.000976 0.000753
vn 0.653958 -0.000785 0.756531
vn 0.609523 -0.358653 0.707000
vn 0.001555 -0.999998 0.001204
vn 0.847733 -0.530422 0.000718
vn 0.609523 -0.358653 0.707000
vn 0.000861 -0.475760 0.879575
vn 0.001555 -0.999998 0.001204
vn 0.000861 -0.475760 0.879575
vn 0.000000 -0.475657 0.879631
vn 0.000000 -0.999999 0.001205
vn -0.667711 -0.000774 0.744420
vn -0.999999 -0.000940 0.000726
vn -0.856361 -0.516377 0.000702
vn -0.624193 -0.352640 0.697158
vn -0.667711 -0.000774 0.744420
vn -0.667695 0.000000 0.744435
vn -1.000000 0.000000 0.000726
vn -0.999999 -0.000940 0.000726
vn -0.667703 -0.000007 0.744428
vn -1.000000 0.000000 0.000726
vn -1.000000 0.000000 0.000726
vn -0.667696 0.000000 0.744434
vn -0.667695 0.000000 0.744435
vn -0.667696 0.000000 0.744434
vn -1.000000 0.000000 0.000726
vn -1.000000 0.000000 0.000726
vn -0.000841 0.000000 1.000000
vn -0.000841 0.000000 1.000000
vn -0.667703 -0.000007 0.744428
vn -0.667696 0.000000 0.744434
vn -0.000841 0.000000 1.000000
vn -0.667696 0.000000 0.744434
vn -0.667695 0.000000 0.744435
vn -0.000841 0.000000 1.000000
vn -0.000841 0.000000 1.000000
vn -0.667695 0.000000 0.744435
vn -0.667711 -0.000774 0.744420
vn -0.000841 -0.000843 0.999999
vn -0.000858 -0.475765 0.879572
vn -0.000841 -0.000843 0.999999
vn -0.667711 -0.000774 0.744420
vn -0.624193 -0.352640 0.697158
vn -0.856361 -0.516377 0.000702
vn -0.001555 -0.999998 0.001204
vn -0.000858 -0.475765 0.879572
vn -0.624193 -0.352640 0.697158
vn -0.856361 -0.516377 0.000702
vn -0.856400 -0.516312 0.000000
vn -0.001556 -0.999999 0.000000
vn -0.001555 -0.999998 0.001204
vn -0.674729 -0.385592 -0.629332
vn -0.000958 -0.542297 -0.840186
vn -0.001555 -0.999998 -0.001203
vn -0.856355 -0.516388 -0.000717
vn -0.856400 -0.516312 0.000000
vn -0.856355 -0.516388 -0.000717
vn -0.001555 -0.999998 -0.001203
vn -0.001556 -0.999999 0.000000
vn -0.730709 -0.000841 -0.682689
vn -0.001003 -0.001007 -0.999999
vn -0.000958 -0.542297 -0.840186
vn -0.674729 -0.385592 -0.629332
vn -0.730709 -0.000841 -0.682689
vn -0.730717 0.000000 -0.682681
vn -0.001004 0.000000 -1.000000
vn -0.001003 -0.001007 -0.999999
vn -0.730718 -0.000005 -0.682679
vn -0.001004 0.000000 -1.000000
vn -0.001004 0.000000 -1.000000
vn -0.730715 0.000000 -0.682683
vn -0.730717 0.000000 -0.682681
vn -0.730715 0.000000 -0.682683
vn -0.001004 0.000000 -1.000000
vn -0.001004 0.000000 -1.000000
vn -0.000841 0.000000 1.000000
vn 0.000000 0.000000 1.000000
vn 0.000000 0.000000 1.000000
vn -0.000841 0.000000 1.000000
vn -0.000841 0.000000 1.000000
vn 0.000000 0.000000 1.000000
vn 0.000000 0.000000 1.000000
vn -0.000841 0.000000 1.000000
vn -0.000841 -0.000843 0.999999
vn 0.000000 -0.000844 1.000000
vn 0.000000 0.000000 1.000000
vn -0.000841 0.000000 1.000000
vn 0.000000 -0.475657 0.879631
vn 0.000000 -0.000844 1.000000
vn -0.000841 -0.000843 0.999999
vn -0.000858 -0.475765 0.879572
vn -0.001555 -0.999998 0.001204
vn 0.000000 -0.999999 0.001205
vn 0.000000 -0.475657 0.879631
vn -0.000858 -0.475765 0.879572
vn -0.001556 -0.999999 0.000000
vn 0.000000 -1.000000 0.000000
vn 0.000000 -0.999999 0.001205
vn -0.001555 -0.999998 0.001204
vn 0.000000 -0.542213 -0.840241
vn 0.000000 -0.999999 -0.001204
vn -0.001555 -0.999998 -0.001203
vn -0.000958 -0.542297 -0.840186
vn -0.001555 -0.999998 -0.001203
vn 0.000000 -0.999999 -0.001204
vn 0.000000 -1.000000 0.000000
vn -0.001556 -0.999999 0.000000
vn -0.001003 -0.001007 -0.999999
vn 0.000000 -0.001007 -1.000000
vn 0.000000 -0.542213 -0.840241
vn -0.000958 -0.542297 -0.840186
vn -0.001004 0.000000 -1.000000
vn 0.000000 0.000000 -1.000000
vn 0.000000 -0.001007 -1.000000
vn -0.001003 -0.001007 -0.999999
vn -0.001004 0.000000 -1.000000
vn 0.000000 0.000000 -1.000000
vn 0.000000 0.000000 -1.000000
vn -0.001004 0.000000 -1.000000
vn -0.001004 0.000000 -1.000000
vn 0.000000 0.000000 -1.000000
vn 0.000000 0.000000 -1.000000
vn -0.001004 0.000000 -1.000000
s off
g box polySurface1
usemtl box_Mat
f 108/89/1 70/90/2 62/91/3 150/92/4
f 68/99/5 108/89/6 150/92/7 63/100/8
f 108/89/9 68/99/10 6/101/11 69/93/12
f 70/90/13 108/89/14 69/93/15 20/94/16
f 71/116/17 109/123/18 148/124/19 60/117/20
f 71/116/21 1/120/22 72/127/23 109/123/24
f 109/123/25 72/127/26 107/131/27 126/129/28
f 109/123/29 126/129/30 147/130/31 148/124/32
f 110/145/33 68/99/34 63/100/35 151/146/36
f 73/149/37 110/145/38 151/146/39 64/150/40
f 110/145/41 73/149/42 24/151/43 74/147/44
f 68/99/45 110/145/46 74/147/47 6/101/48
f 6/101/49 74/111/50 111/102/51 69/93/52
f 74/147/53 24/151/54 75/157/55 111/158/56
f 111/1/57 75/2/58 25/3/59 76/4/60
f 69/93/61 111/102/62 76/103/63 20/94/64
f 17/47/65 77/37/66 112/40/67 80/48/68
f 77/37/69 22/38/70 78/39/71 112/40/72
f 112/40/73 78/39/74 23/45/75 79/46/76
f 80/109/77 112/125/78 79/126/79 5/118/80
f 1/120/81 81/17/82 113/21/83 72/127/84
f 81/17/85 27/16/86 82/20/87 113/21/88
f 113/21/89 82/20/90 106/24/91 125/25/92
f 107/131/93 72/127/94 113/21/95 125/25/96
f 3/139/97 83/33/98 114/141/99 85/137/100
f 83/169/101 28/170/102 84/171/103 114/141/104
f 114/141/105 84/171/106 66/174/107 154/142/108
f 59/138/109 85/137/110 114/141/111 154/142/112
f 115/62/113 88/70/114 105/72/115 124/67/116
f 86/63/117 115/62/118 124/67/119 104/68/120
f 115/62/121 86/63/122 30/57/123 87/56/124
f 88/70/125 115/62/126 87/56/127 2/65/128
f 5/118/129 79/153/130 116/148/131 90/108/132
f 79/153/133 23/160/134 89/152/135 116/148/136
f 117/82/137 91/83/138 29/79/139 92/78/140
f 93/140/141 117/144/142 92/78/143 4/143/144
f 2/65/145 94/121/146 118/128/147 88/70/148
f 105/72/149 88/70/150 118/128/151 127/132/152
f 5/118/153 90/108/154 119/97/155 80/109/156
f 80/109/157 119/97/158 95/98/159 17/110/160
f 2/65/161 87/56/162 120/49/163 98/59/164
f 87/56/165 30/57/166 96/50/167 120/49/168
f 120/49/169 96/50/170 21/42/171 97/41/172
f 98/59/173 120/49/174 97/41/175 13/52/176
f 16/104/177 99/112/178 121/119/179 101/113/180
f 99/8/181 26/7/182 100/12/183 121/13/184
f 121/13/185 100/12/186 27/16/187 81/17/188
f 101/113/189 121/119/190 81/17/191 1/120/192
f 122/106/193 71/116/194 60/117/195 149/107/196
f 102/96/197 122/106/198 149/107/199 61/95/200
f 122/106/201 102/96/202 16/104/203 101/113/204
f 71/116/205 122/106/206 101/113/207 1/120/208
f 13/115/209 103/105/210 123/114/211 98/122/212
f 98/122/213 123/114/214 94/121/215 2/65/216
f 124/67/217 105/72/218 54/77/219 140/73/220
f 104/68/221 124/67/222 140/73/223 53/74/224
f 125/25/225 106/24/226 56/28/227 143/29/228
f 107/131/229 125/25/230 143/29/231 58/135/232
f 126/129/233 107/131/234 58/135/235 144/133/236
f 126/129/237 144/133/238 146/134/239 147/130/240
f 54/77/241 105/72/242 127/132/243 145/136/244
f 13/52/245 97/41/246 77/37/247 17/47/248
f 97/41/249 21/42/250 22/38/251 77/37/252
f 20/94/253 76/103/254 99/112/255 16/104/256
f 76/4/257 25/3/258 26/7/259 99/8/260
f 61/95/261 62/91/262 70/90/263 102/96/264
f 102/96/265 70/90/266 20/94/267 16/104/268
f 13/115/269 17/110/270 95/98/271 103/105/272
f 22/38/273 21/42/274 31/51/275 32/43/276
f 31/51/277 14/60/278 18/53/279 32/43/280
f 23/45/281 78/39/282 128/44/283 34/55/284
f 78/39/285 22/38/286 32/43/287 128/44/288
f 128/44/289 32/43/290 18/53/291 33/54/292
f 34/55/293 128/44/294 33/54/295 8/61/296
f 89/152/297 23/160/298 34/166/299 129/159/300
f 129/159/301 34/166/302 8/168/303 35/165/304
f 24/151/305 73/149/306 130/154/307 37/156/308
f 130/154/309 73/149/310 64/150/311 152/155/312
f 65/161/313 36/162/314 130/154/315 152/155/316
f 37/156/317 130/154/318 36/162/319 7/163/320
f 25/3/321 75/2/322 131/5/323 39/6/324
f 75/157/325 24/151/326 37/156/327 131/164/328
f 131/164/329 37/156/330 7/163/331 38/167/332
f 39/6/333 131/5/334 38/9/335 19/10/336
f 40/11/337 26/7/338 25/3/339 39/6/340
f 40/11/341 39/6/342 19/10/343 15/14/344
f 27/16/345 100/12/346 132/15/347 42/19/348
f 100/12/349 26/7/350 40/11/351 132/15/352
f 132/15/353 40/11/354 15/14/355 41/18/356
f 42/19/357 132/15/358 41/18/359 9/22/360
f 82/20/361 133/23/362 134/27/363 106/24/364
f 82/20/365 27/16/366 42/19/367 133/23/368
f 133/23/369 42/19/370 9/22/371 43/26/372
f 133/23/373 43/26/374 44/30/375 134/27/376
f 106/24/377 134/27/378 142/31/379 56/28/380
f 134/27/381 44/30/382 57/34/383 142/31/384
f 84/171/385 135/173/386 153/177/387 66/174/388
f 84/171/389 28/170/390 45/172/391 135/173/392
f 135/173/393 45/172/394 11/175/395 46/176/396
f 135/173/397 46/176/398 67/179/399 153/177/400
f 29/79/401 91/83/402 136/86/403 48/84/404
f 48/84/405 136/86/406 47/88/407 12/87/408
f 137/75/409 104/68/410 53/74/411 141/80/412
f 55/85/413 49/81/414 137/75/415 141/80/416
f 30/57/417 86/63/418 138/69/419 51/64/420
f 137/75/421 138/69/422 86/63/423 104/68/424
f 49/81/425 50/76/426 138/69/427 137/75/428
f 51/64/429 138/69/430 50/76/431 10/71/432
f 21/42/433 96/50/434 139/58/435 31/51/436
f 96/50/437 30/57/438 51/64/439 139/58/440
f 139/58/441 51/64/442 10/71/443 52/66/444
f 31/51/445 139/58/446 52/66/447 14/60/448
f 4/143/449 92/78/450 140/73/451 54/77/452
f 92/78/453 29/79/454 53/74/455 140/73/456
f 141/80/457 53/74/458 29/79/459 48/84/460
f 55/85/461 141/80/462 48/84/463 12/87/464
f 28/32/465 56/28/466 142/31/467 45/35/468
f 45/35/469 142/31/470 57/34/471 11/36/472
f 143/29/473 56/28/474 28/32/475 83/33/476
f 58/135/477 143/29/478 83/33/479 3/139/480
f 144/133/481 58/135/482 3/139/483 85/137/484
f 144/133/485 85/137/486 59/138/487 146/134/488
f 54/77/489 145/136/490 93/140/491 4/143/492
f 145/136/493 146/134/494 59/138/495 93/140/496
f 127/132/497 147/130/498 146/134/499 145/136/500
f 94/121/501 60/117/502 148/124/503 118/128/504
f 127/132/505 118/128/506 148/124/507 147/130/508
f 123/114/509 149/107/510 60/117/511 94/121/512
f 103/105/513 61/95/514 149/107/515 123/114/516
f 61/95/517 103/105/518 95/98/519 62/91/520
f 119/97/521 150/92/522 62/91/523 95/98/524
f 90/108/525 63/100/526 150/92/527 119/97/528
f 116/148/529 151/146/530 63/100/531 90/108/532
f 89/152/533 64/150/534 151/146/535 116/148/536
f 129/159/537 152/155/538 64/150/539 89/152/540
f 35/165/541 65/161/542 152/155/543 129/159/544
f 91/178/545 66/174/546 153/177/547 136/180/548
f 136/180/549 153/177/550 67/179/551 47/181/552
f 117/144/553 154/142/554 66/174/555 91/178/556
f 93/140/557 59/138/558 154/142/559 117/144/560
g Box pCube4 polySurface2 polySurface1
f 164/186/561 220/183/562 273/258/563 221/259/564
f 273/258/565 220/183/566 181/182/567 306/260/568
f 181/182/569 220/183/570 274/184/571 305/185/572
f 220/183/573 164/186/574 222/187/575 274/184/576
f 274/184/577 222/187/578 198/194/579 322/188/580
f 305/185/581 274/184/582 322/188/583 323/189/584
f 163/220/585 223/221/586 275/222/587 224/223/588
f 275/222/589 223/221/590 182/224/591 308/225/592
f 275/222/593 308/225/594 337/232/595 338/226/596
f 224/223/597 275/222/598 338/226/599 211/227/600
f 225/313/601 156/314/602 226/408/603 276/316/604
f 276/316/605 226/408/606 174/406/607 227/320/608
f 171/355/609 228/412/610 277/357/611 230/358/612
f 228/412/613 158/413/614 229/362/615 277/357/616
f 174/319/617 226/315/618 278/318/619 232/325/620
f 226/315/621 156/409/622 231/317/623 278/318/624
f 278/318/625 231/317/626 196/323/627 320/324/628
f 232/325/629 278/318/630 320/324/631 197/332/632
f 159/283/633 233/280/634 279/279/635 235/284/636
f 279/279/637 233/280/638 272/281/639 302/282/640
f 234/287/641 279/279/642 302/282/643 179/288/644
f 235/284/645 279/279/646 234/287/647 173/289/648
f 201/372/649 236/366/650 280/359/651 326/368/652
f 236/366/653 158/361/654 228/356/655 280/359/656
f 280/359/657 228/356/658 171/410/659 237/360/660
f 280/359/661 237/360/662 200/367/663 326/368/664
f 157/405/665 238/387/666 281/382/667 240/404/668
f 281/382/669 238/387/670 208/390/671 334/388/672
f 239/383/673 281/382/674 334/388/675 209/389/676
f 240/404/677 281/382/678 239/383/679 178/377/680
f 185/296/681 241/297/682 282/298/683 310/299/684
f 241/297/685 161/300/686 242/301/687 282/298/688
f 282/298/689 242/301/690 176/306/691 243/302/692
f 282/298/693 243/302/694 183/303/695 310/299/696
f 213/345/697 244/340/698 283/341/699 340/346/700
f 244/340/701 155/334/702 245/400/703 283/341/704
f 283/341/705 245/400/706 175/398/707 246/344/708
f 283/341/709 246/344/710 212/348/711 340/346/712
f 171/410/713 247/411/714 284/207/715 237/360/716
f 247/206/717 165/199/718 248/198/719 284/207/720
f 284/207/721 248/198/722 199/205/723 325/214/724
f 237/360/725 284/207/726 325/214/727 200/367/728
f 173/289/729 234/287/730 285/210/731 250/293/732
f 285/210/733 234/287/734 179/288/735 303/211/736
f 249/202/737 285/210/738 303/211/739 180/203/740
f 250/215/741 285/210/742 249/202/743 167/209/744
f 164/186/745 251/192/746 286/193/747 222/187/748
f 251/326/749 174/319/750 232/325/751 286/193/752
f 286/193/753 232/325/754 197/332/755 321/200/756
f 222/187/757 286/193/758 321/200/759 198/194/760
f 174/406/761 251/407/762 287/263/763 227/320/764
f 251/192/765 164/186/766 221/259/767 287/263/768
f 246/344/769 288/228/770 339/235/771 212/348/772
f 246/344/773 175/398/774 252/399/775 288/228/776
f 288/228/777 252/229/778 163/220/779 224/223/780
f 288/228/781 224/223/782 211/227/783 339/235/784
f 243/302/785 289/248/786 309/253/787 183/303/788
f 243/302/789 176/306/790 253/310/791 289/248/792
f 289/248/793 253/249/794 170/241/795 254/240/796
f 289/248/797 254/240/798 184/247/799 309/253/800
f 178/377/801 239/383/802 290/244/803 256/384/804
f 290/244/805 239/383/806 209/389/807 335/250/808
f 255/237/809 290/244/810 335/250/811 210/245/812
f 256/243/813 290/244/814 255/237/815 166/236/816
f 165/199/817 247/206/818 291/273/819 257/269/820
f 247/365/821 171/355/822 230/358/823 291/273/824
f 207/369/825 258/375/826 292/370/827 333/363/828
f 258/375/829 157/381/830 240/376/831 292/370/832
f 292/370/833 240/376/834 178/402/835 259/371/836
f 292/370/837 259/371/838 206/364/839 333/363/840
f 293/278/841 260/277/842 205/274/843 332/276/844
f 259/371/845 293/278/846 332/276/847 206/364/848
f 293/278/849 259/371/850 178/402/851 256/403/852
f 260/277/853 293/278/854 256/243/855 166/236/856
f 163/220/857 261/267/858 294/266/859 223/221/860
f 294/266/861 261/267/862 204/262/863 329/261/864
f 307/271/865 294/266/866 329/261/867 330/265/868
f 182/224/869 223/221/870 294/266/871 307/271/872
f 175/339/873 262/333/874 295/272/875 252/343/876
f 295/272/877 262/333/878 203/327/879 328/268/880
f 261/267/881 295/272/882 328/268/883 204/262/884
f 252/229/885 295/272/886 261/267/887 163/220/888
f 155/401/889 263/329/890 296/328/891 245/335/892
f 296/328/893 263/329/894 202/322/895 327/321/896
f 262/333/897 296/328/898 327/321/899 203/327/900
f 245/335/901 296/328/902 262/333/903 175/339/904
f 264/331/905 159/337/906 235/338/907 297/330/908
f 297/330/909 235/338/910 173/342/911 265/336/912
f 298/208/913 265/336/914 173/342/915 250/347/916
f 266/201/917 298/208/918 250/215/919 167/209/920
f 299/195/921 266/201/922 167/209/923 249/202/924
f 299/195/925 249/202/926 180/203/927 304/196/928
f 172/380/929 267/374/930 300/218/931 269/386/932
f 269/219/933 300/218/934 268/213/935 168/217/936
f 160/385/937 270/378/938 301/373/939 271/379/940
f 271/379/941 301/373/942 267/374/943 172/380/944
f 302/282/945 272/281/946 186/285/947 311/286/948
f 179/288/949 302/282/950 311/286/951 187/292/952
f 303/211/953 179/288/954 187/292/955 312/216/956
f 180/203/957 303/211/958 312/216/959 188/212/960
f 304/196/961 180/203/962 188/212/963 313/204/964
f 189/190/965 181/182/966 305/185/967 314/191/968
f 314/191/969 305/185/970 323/189/971 324/197/972
f 306/260/973 181/182/974 189/190/975 315/264/976
f 316/275/977 307/271/978 330/265/979 331/270/980
f 190/230/981 182/224/982 307/271/983 316/275/984
f 308/225/985 182/224/986 190/230/987 317/231/988
f 308/225/989 317/231/990 336/238/991 337/232/992
f 183/303/993 309/253/994 318/256/995 191/307/996
f 309/253/997 184/247/998 192/252/999 318/256/1000
f 194/304/1001 185/296/1002 310/299/1003 319/305/1004
f 310/299/1005 183/303/1006 191/307/1007 319/305/1008
f 186/285/1009 160/290/1010 271/291/1011 311/286/1012
f 311/286/1013 271/291/1014 172/294/1015 187/292/1016
f 312/216/1017 187/292/1018 172/294/1019 269/295/1020
f 188/212/1021 312/216/1022 269/219/1023 168/217/1024
f 268/213/1025 313/204/1026 188/212/1027 168/217/1028
f 248/198/1029 314/191/1030 324/197/1031 199/205/1032
f 248/198/1033 165/199/1034 189/190/1035 314/191/1036
f 189/190/1037 165/199/1038 257/269/1039 315/264/1040
f 260/277/1041 316/275/1042 331/270/1043 205/274/1044
f 190/230/1045 316/275/1046 260/277/1047 166/236/1048
f 317/231/1049 190/230/1050 166/236/1051 255/237/1052
f 317/231/1053 255/237/1054 210/245/1055 336/238/1056
f 177/311/1057 191/307/1058 318/256/1059 193/312/1060
f 193/257/1061 318/256/1062 192/252/1063 169/255/1064
f 162/308/1065 194/304/1066 319/305/1067 195/309/1068
f 195/309/1069 319/305/1070 191/307/1071 177/311/1072
f 297/330/1073 320/324/1074 196/323/1075 264/331/1076
f 197/332/1077 320/324/1078 297/330/1079 265/336/1080
f 298/208/1081 321/200/1082 197/332/1083 265/336/1084
f 266/201/1085 198/194/1086 321/200/1087 298/208/1088
f 299/195/1089 322/188/1090 198/194/1091 266/201/1092
f 322/188/1093 299/195/1094 304/196/1095 323/189/1096
f 323/189/1097 304/196/1098 313/204/1099 324/197/1100
f 268/213/1101 199/205/1102 324/197/1103 313/204/1104
f 267/374/1105 200/367/1106 325/214/1107 300/218/1108
f 300/218/1109 325/214/1110 199/205/1111 268/213/1112
f 270/378/1113 201/372/1114 326/368/1115 301/373/1116
f 301/373/1117 326/368/1118 200/367/1119 267/374/1120
f 276/316/1121 327/321/1122 202/322/1123 225/313/1124
f 203/327/1125 327/321/1126 276/316/1127 227/320/1128
f 287/263/1129 328/268/1130 203/327/1131 227/320/1132
f 221/259/1133 204/262/1134 328/268/1135 287/263/1136
f 273/258/1137 329/261/1138 204/262/1139 221/259/1140
f 306/260/1141 330/265/1142 329/261/1143 273/258/1144
f 315/264/1145 331/270/1146 330/265/1147 306/260/1148
f 257/269/1149 205/274/1150 331/270/1151 315/264/1152
f 291/273/1153 332/276/1154 205/274/1155 257/269/1156
f 230/358/1157 206/364/1158 332/276/1159 291/273/1160
f 229/362/1161 207/369/1162 333/363/1163 277/357/1164
f 277/357/1165 333/363/1166 206/364/1167 230/358/1168
f 334/388/1169 208/390/1170 214/393/1171 341/391/1172
f 209/389/1173 334/388/1174 341/391/1175 215/392/1176
f 335/250/1177 209/389/1178 215/392/1179 342/254/1180
f 210/245/1181 335/250/1182 342/254/1183 216/251/1184
f 336/238/1185 210/245/1186 216/251/1187 343/246/1188
f 337/232/1189 336/238/1190 343/246/1191 344/239/1192
f 338/226/1193 337/232/1194 344/239/1195 345/233/1196
f 211/227/1197 338/226/1198 345/233/1199 217/234/1200
f 212/348/1201 339/235/1202 346/242/1203 218/351/1204
f 339/235/1205 211/227/1206 217/234/1207 346/242/1208
f 219/349/1209 213/345/1210 340/346/1211 347/350/1212
f 340/346/1213 212/348/1214 218/351/1215 347/350/1216
f 214/393/1217 162/396/1218 195/394/1219 341/391/1220
f 341/391/1221 195/394/1222 177/395/1223 215/392/1224
f 342/254/1225 215/392/1226 177/395/1227 193/397/1228
f 216/251/1229 342/254/1230 193/257/1231 169/255/1232
f 192/252/1233 343/246/1234 216/251/1235 169/255/1236
f 192/252/1237 184/247/1238 344/239/1239 343/246/1240
f 184/247/1241 254/240/1242 345/233/1243 344/239/1244
f 217/234/1245 345/233/1246 254/240/1247 170/241/1248
f 176/354/1249 218/351/1250 346/242/1251 253/249/1252
f 253/249/1253 346/242/1254 217/234/1255 170/241/1256
f 161/352/1257 219/349/1258 347/350/1259 242/353/1260
f 242/353/1261 347/350/1262 218/351/1263 176/354/1264
g Box pCube5 polySurface2 polySurface1
f 348/414/1265 351/415/1266 350/416/1267 349/417/1268
g Box polySurface2 polySurface4 polySurface1
f 356/493/1269 399/494/1270 439/495/1271 400/496/1272
f 439/495/1273 399/494/1274 387/497/1275 475/498/1276
f 455/500/1277 439/495/1278 475/498/1279 476/505/1280
f 431/499/1281 400/496/1282 439/495/1283 455/500/1284
f 352/470/1285 401/512/1286 440/518/1287 402/475/1288
f 440/518/1289 401/512/1290 388/517/1291 478/522/1292
f 465/523/1293 440/518/1294 478/522/1295 479/527/1296
f 374/480/1297 402/475/1298 440/518/1299 465/523/1300
f 356/493/1301 403/545/1302 441/546/1303 399/494/1304
f 403/545/1305 364/547/1306 404/548/1307 441/546/1308
f 441/546/1309 404/548/1310 386/552/1311 474/549/1312
f 399/494/1313 441/546/1314 474/549/1315 387/497/1316
f 357/508/1317 405/513/1318 442/514/1319 407/509/1320
f 405/513/1321 365/560/1322 406/563/1323 442/564/1324
f 442/418/1325 406/419/1326 428/420/1327 454/421/1328
f 407/509/1329 442/514/1330 454/519/1331 430/515/1332
f 443/451/1333 400/456/1334 431/457/1335 456/452/1336
f 408/450/1337 443/451/1338 456/452/1339 432/453/1340
f 443/451/1341 408/450/1342 364/454/1343 403/455/1344
f 400/496/1345 443/501/1346 403/502/1347 356/493/1348
f 353/525/1349 409/430/1350 444/434/1351 411/529/1352
f 409/430/1353 366/429/1354 410/433/1355 444/434/1356
f 444/434/1357 410/433/1358 371/437/1359 464/438/1360
f 411/529/1361 444/434/1362 464/438/1363 373/534/1364
f 445/537/1365 414/532/1366 389/536/1367 481/541/1368
f 412/568/1369 445/537/1370 481/541/1371 390/569/1372
f 445/537/1373 412/568/1374 368/570/1375 413/538/1376
f 414/532/1377 445/537/1378 413/538/1379 354/533/1380
f 446/471/1381 402/475/1382 374/480/1383 466/476/1384
f 415/472/1385 446/471/1386 466/476/1387 375/477/1388
f 446/471/1389 415/472/1390 369/465/1391 416/464/1392
f 402/475/1393 446/471/1394 416/464/1395 352/470/1396
f 364/547/1397 417/550/1398 447/551/1399 404/548/1400
f 417/550/1401 358/554/1402 418/555/1403 447/551/1404
f 447/551/1405 418/555/1406 385/558/1407 473/556/1408
f 404/548/1409 447/551/1410 473/556/1411 386/552/1412
f 406/419/1413 448/422/1414 453/423/1415 428/420/1416
f 406/563/1417 365/560/1418 419/562/1419 448/566/1420
f 448/566/1421 419/562/1422 359/565/1423 420/567/1424
f 448/422/1425 420/426/1426 429/427/1427 453/423/1428
f 410/433/1429 449/436/1430 463/440/1431 371/437/1432
f 410/433/1433 366/429/1434 421/432/1435 449/436/1436
f 449/436/1437 421/432/1438 360/435/1439 422/439/1440
f 449/436/1441 422/439/1442 372/443/1443 463/440/1444
f 368/570/1445 412/568/1446 450/572/1447 424/574/1448
f 450/572/1449 412/568/1450 390/569/1451 482/573/1452
f 391/577/1453 423/578/1454 450/572/1455 482/573/1456
f 424/574/1457 450/572/1458 423/578/1459 363/579/1460
f 369/465/1461 415/472/1462 451/478/1463 426/473/1464
f 451/478/1465 415/472/1466 375/477/1467 467/483/1468
f 376/489/1469 425/484/1470 451/478/1471 467/483/1472
f 426/473/1473 451/478/1474 425/484/1475 361/479/1476
f 364/454/1477 408/450/1478 452/460/1479 417/462/1480
f 452/460/1481 408/450/1482 432/453/1483 457/461/1484
f 433/467/1485 427/468/1486 452/460/1487 457/461/1488
f 417/462/1489 452/460/1490 427/468/1491 358/469/1492
f 428/420/1493 453/423/1494 458/428/1495 434/424/1496
f 453/423/1497 429/427/1498 435/431/1499 458/428/1500
f 454/421/1501 428/420/1502 434/424/1503 459/425/1504
f 430/515/1505 454/519/1506 459/524/1507 436/520/1508
f 460/507/1509 455/500/1510 476/505/1511 477/511/1512
f 437/506/1513 431/499/1514 455/500/1515 460/507/1516
f 456/452/1517 431/457/1518 437/463/1519 461/458/1520
f 432/453/1521 456/452/1522 461/458/1523 438/459/1524
f 457/461/1525 432/453/1526 438/459/1527 462/466/1528
f 370/474/1529 433/467/1530 457/461/1531 462/466/1532
f 366/429/1533 434/424/1534 458/428/1535 421/432/1536
f 421/432/1537 458/428/1538 435/431/1539 360/435/1540
f 459/425/1541 434/424/1542 366/429/1543 409/430/1544
f 436/520/1545 459/524/1546 409/430/1547 353/525/1548
f 401/512/1549 460/507/1550 477/511/1551 388/517/1552
f 437/506/1553 460/507/1554 401/512/1555 352/470/1556
f 352/470/1557 416/464/1558 461/458/1559 437/463/1560
f 416/464/1561 369/465/1562 438/459/1563 461/458/1564
f 462/466/1565 438/459/1566 369/465/1567 426/473/1568
f 370/474/1569 462/466/1570 426/473/1571 361/479/1572
f 371/437/1573 463/440/1574 468/444/1575 377/441/1576
f 463/440/1577 372/443/1578 378/447/1579 468/444/1580
f 464/438/1581 371/437/1582 377/441/1583 469/442/1584
f 373/534/1585 464/438/1586 469/442/1587 381/539/1588
f 470/528/1589 465/523/1590 479/527/1591 480/531/1592
f 382/485/1593 374/480/1594 465/523/1595 470/528/1596
f 466/476/1597 374/480/1598 382/485/1599 471/481/1600
f 375/477/1601 466/476/1602 471/481/1603 383/482/1604
f 467/483/1605 375/477/1606 383/482/1607 472/488/1608
f 384/491/1609 376/489/1610 467/483/1611 472/488/1612
f 367/445/1613 377/441/1614 468/444/1615 379/448/1616
f 379/448/1617 468/444/1618 378/447/1619 362/449/1620
f 469/442/1621 377/441/1622 367/445/1623 380/446/1624
f 381/539/1625 469/442/1626 380/544/1627 355/542/1628
f 414/532/1629 470/528/1630 480/531/1631 389/536/1632
f 382/485/1633 470/528/1634 414/532/1635 354/533/1636
f 354/533/1637 413/538/1638 471/481/1639 382/485/1640
f 413/486/1641 368/487/1642 383/482/1643 471/481/1644
f 472/488/1645 383/482/1646 368/487/1647 424/490/1648
f 384/491/1649 472/488/1650 424/490/1651 363/492/1652
f 473/556/1653 385/558/1654 392/561/1655 483/559/1656
f 386/552/1657 473/556/1658 483/559/1659 393/557/1660
f 474/549/1661 386/552/1662 393/557/1663 484/553/1664
f 387/497/1665 474/549/1666 484/553/1667 394/503/1668
f 475/498/1669 387/497/1670 394/503/1671 485/504/1672
f 476/505/1673 475/498/1674 485/504/1675 486/510/1676
f 477/511/1677 476/505/1678 486/510/1679 487/516/1680
f 388/517/1681 477/511/1682 487/516/1683 395/521/1684
f 478/522/1685 388/517/1686 395/521/1687 488/526/1688
f 479/527/1689 478/522/1690 488/526/1691 489/530/1692
f 480/531/1693 479/527/1694 489/530/1695 490/535/1696
f 389/536/1697 480/531/1698 490/535/1699 396/540/1700
f 481/541/1701 389/536/1702 396/540/1703 491/543/1704
f 390/569/1705 481/541/1706 491/543/1707 397/571/1708
f 482/573/1709 390/569/1710 397/571/1711 492/576/1712
f 398/581/1713 391/577/1714 482/573/1715 492/576/1716
f 483/559/1717 392/561/1718 359/565/1719 419/562/1720
f 393/557/1721 483/559/1722 419/562/1723 365/560/1724
f 484/553/1725 393/557/1726 365/560/1727 405/513/1728
f 394/503/1729 484/553/1730 405/513/1731 357/508/1732
f 485/504/1733 394/503/1734 357/508/1735 407/509/1736
f 485/504/1737 407/509/1738 430/515/1739 486/510/1740
f 486/510/1741 430/515/1742 436/520/1743 487/516/1744
f 395/521/1745 487/516/1746 436/520/1747 353/525/1748
f 488/526/1749 395/521/1750 353/525/1751 411/529/1752
f 488/526/1753 411/529/1754 373/534/1755 489/530/1756
f 489/530/1757 373/534/1758 381/539/1759 490/535/1760
f 396/540/1761 490/535/1762 381/539/1763 355/542/1764
f 355/542/1765 380/544/1766 491/543/1767 396/540/1768
f 380/544/1769 367/575/1770 397/571/1771 491/543/1772
f 492/576/1773 397/571/1774 367/575/1775 379/580/1776
f 398/581/1777 492/576/1778 379/580/1779 362/582/1780
g Box polySurface2 polySurface5 polySurface1
f 532/602/1781 517/597/1782 537/656/1783 547/657/1784
f 517/597/1785 496/596/1786 518/658/1787 537/656/1788
f 537/656/1789 518/658/1790 513/662/1791 573/659/1792
f 547/657/1793 537/656/1794 573/659/1795 574/660/1796
f 516/668/1797 519/669/1798 538/670/1799 581/671/1800
f 519/669/1801 498/672/1802 520/673/1803 538/670/1804
f 538/670/1805 520/673/1806 533/678/1807 549/674/1808
f 538/670/1809 549/674/1810 580/675/1811 581/671/1812
f 521/633/1813 539/634/1814 578/635/1815 515/636/1816
f 521/633/1817 500/637/1818 522/638/1819 539/634/1820
f 539/634/1821 522/638/1822 535/643/1823 553/639/1824
f 539/634/1825 553/639/1826 577/640/1827 578/635/1828
f 498/583/1829 523/584/1830 540/585/1831 520/586/1832
f 540/585/1833 523/584/1834 534/587/1835 550/588/1836
f 548/590/1837 540/585/1838 550/588/1839 551/593/1840
f 533/589/1841 520/586/1842 540/585/1843 548/590/1844
f 501/608/1845 524/609/1846 541/610/1847 556/611/1848
f 524/609/1849 497/612/1850 525/613/1851 541/610/1852
f 541/610/1853 525/613/1854 531/618/1855 546/614/1856
f 541/610/1857 546/614/1858 555/615/1859 556/611/1860
f 542/619/1861 526/624/1862 499/629/1863 527/625/1864
f 542/619/1865 527/625/1866 536/626/1867 554/620/1868
f 494/607/1869 528/605/1870 543/661/1871 529/650/1872
f 529/650/1873 543/661/1874 575/665/1875 514/651/1876
f 522/600/1877 544/595/1878 552/599/1879 535/604/1880
f 530/594/1881 544/595/1882 522/600/1883 500/601/1884
f 545/679/1885 530/682/1886 500/686/1887 521/683/1888
f 545/679/1889 521/683/1890 515/684/1891 579/680/1892
f 542/619/1893 546/614/1894 531/618/1895 526/624/1896
f 546/614/1897 542/619/1898 554/620/1899 555/615/1900
f 528/605/1901 532/602/1902 547/657/1903 543/661/1904
f 543/661/1905 547/657/1906 574/660/1907 575/665/1908
f 544/595/1909 548/590/1910 551/593/1911 552/599/1912
f 530/594/1913 533/589/1914 548/590/1915 544/595/1916
f 545/679/1917 549/674/1918 533/678/1919 530/682/1920
f 549/674/1921 545/679/1922 579/680/1923 580/675/1924
f 550/588/1925 534/587/1926 502/591/1927 557/592/1928
f 551/593/1929 550/588/1930 557/592/1931 558/598/1932
f 552/599/1933 551/593/1934 558/598/1935 559/603/1936
f 535/604/1937 552/599/1938 559/603/1939 503/606/1940
f 553/639/1941 535/643/1942 503/649/1943 560/644/1944
f 553/639/1945 560/644/1946 576/645/1947 577/640/1948
f 554/620/1949 536/626/1950 504/630/1951 561/627/1952
f 555/615/1953 554/620/1954 561/627/1955 562/621/1956
f 507/616/1957 501/608/1958 556/611/1959 563/617/1960
f 556/611/1961 555/615/1962 562/621/1963 563/617/1964
f 502/591/1965 496/596/1966 517/597/1967 557/592/1968
f 557/592/1969 517/597/1970 532/602/1971 558/598/1972
f 558/598/1973 532/602/1974 528/605/1975 559/603/1976
f 503/606/1977 559/603/1978 528/605/1979 494/607/1980
f 560/644/1981 503/649/1982 494/607/1983 529/650/1984
f 560/644/1985 529/650/1986 514/651/1987 576/645/1988
f 505/631/1989 561/627/1990 504/630/1991 493/632/1992
f 505/631/1993 506/628/1994 562/621/1995 561/627/1996
f 495/622/1997 507/616/1998 563/617/1999 508/623/2000
f 506/628/2001 508/623/2002 563/617/2003 562/621/2004
f 564/664/2005 509/666/2006 495/622/2007 508/623/2008
f 564/664/2009 508/623/2010 506/628/2011 565/663/2012
f 565/663/2013 506/628/2014 505/631/2015 566/667/2016
f 510/654/2017 566/667/2018 505/631/2019 493/632/2020
f 504/655/2021 567/652/2022 510/654/2023 493/632/2024
f 504/655/2025 536/653/2026 568/646/2027 567/652/2028
f 499/647/2029 511/642/2030 569/641/2031 527/648/2032
f 536/653/2033 527/648/2034 569/641/2035 568/646/2036
f 526/624/2037 570/685/2038 511/687/2039 499/629/2040
f 526/624/2041 531/618/2042 571/681/2043 570/685/2044
f 497/612/2045 512/676/2046 572/677/2047 525/613/2048
f 531/618/2049 525/613/2050 572/677/2051 571/681/2052
f 564/664/2053 573/659/2054 513/662/2055 509/666/2056
f 565/663/2057 574/660/2058 573/659/2059 564/664/2060
f 566/667/2061 575/665/2062 574/660/2063 565/663/2064
f 514/651/2065 575/665/2066 566/667/2067 510/654/2068
f 567/652/2069 576/645/2070 514/651/2071 510/654/2072
f 568/646/2073 577/640/2074 576/645/2075 567/652/2076
f 515/636/2077 578/635/2078 569/641/2079 511/642/2080
f 569/641/2081 578/635/2082 577/640/2083 568/646/2084
f 570/685/2085 579/680/2086 515/684/2087 511/687/2088
f 571/681/2089 580/675/2090 579/680/2091 570/685/2092
f 512/676/2093 516/668/2094 581/671/2095 572/677/2096
f 572/677/2097 581/671/2098 580/675/2099 571/681/2100
