# This file uses centimeters as units for non-parametric coordinates.

mtllib thumbtack_STKG4R4.mtl
adobe_mdllib thumbtack_STKG4R4.mdl
g default
v 0.000000 2.340000 0.000000
v 0.187933 1.422015 -0.037381
v 0.177029 1.422015 -0.073328
v 0.132418 2.176212 -0.054849
v 0.140574 2.176212 -0.027961
v 0.159322 1.422015 -0.106455
v 0.119173 2.176212 -0.079629
v 0.135492 1.422015 -0.135492
v 0.101348 2.176212 -0.101348
v 0.106455 1.422015 -0.159322
v 0.079629 2.176212 -0.119173
v 0.073328 1.422015 -0.177029
v 0.054849 2.176212 -0.132418
v 0.037382 1.422015 -0.187933
v 0.027962 2.176212 -0.140574
v 0.000000 1.422015 -0.191615
v 0.000000 2.176212 -0.143328
v -0.037382 1.422015 -0.187933
v -0.027962 2.176212 -0.140574
v -0.073328 1.422015 -0.177029
v -0.054849 2.176212 -0.132418
v -0.106455 1.422015 -0.159322
v -0.079629 2.176212 -0.119173
v -0.135492 1.422015 -0.135492
v -0.101348 2.176212 -0.101348
v -0.159322 1.422015 -0.106456
v -0.119173 2.176212 -0.079629
v -0.177029 1.422015 -0.073328
v -0.132418 2.176212 -0.054849
v -0.187933 1.422015 -0.037382
v -0.140574 2.176212 -0.027962
v -0.191615 1.422015 0.000000
v -0.143328 2.176212 0.000000
v -0.187933 1.422015 0.037382
v -0.140574 2.176212 0.027962
v -0.177029 1.422015 0.073328
v -0.132418 2.176212 0.054849
v -0.159322 1.422015 0.106456
v -0.119173 2.176212 0.079629
v -0.135492 1.422015 0.135492
v -0.101348 2.176212 0.101348
v -0.106456 1.422015 0.159322
v -0.079629 2.176212 0.119173
v -0.073328 1.422015 0.177029
v -0.054849 2.176212 0.132418
v -0.037382 1.422015 0.187933
v -0.027962 2.176212 0.140574
v 0.000000 1.422015 0.191615
v 0.000000 2.176212 0.143328
v 0.037382 1.422015 0.187933
v 0.027962 2.176212 0.140574
v 0.073328 1.422015 0.177029
v 0.054849 2.176212 0.132418
v 0.106456 1.422015 0.159322
v 0.079629 2.176212 0.119173
v 0.135492 1.422015 0.135492
v 0.101348 2.176212 0.101348
v 0.159322 1.422015 0.106456
v 0.119173 2.176212 0.079629
v 0.177029 1.422015 0.073328
v 0.132418 2.176212 0.054849
v 0.187933 1.422015 0.037382
v 0.140574 2.176212 0.027962
v 0.191615 1.422015 0.000001
v 0.143328 2.176212 0.000001
v 0.310384 2.261825 -0.061739
v 0.308797 2.244860 -0.061423
v 0.303101 2.229113 -0.060290
v 0.293766 2.215878 -0.058434
v 0.281562 2.206248 -0.056006
v 0.267497 2.201015 -0.053208
v 0.316465 2.261825 0.000000
v 0.314847 2.244860 0.000000
v 0.309040 2.229113 0.000000
v 0.299522 2.215878 0.000000
v 0.287079 2.206248 0.000000
v 0.272738 2.201015 0.000000
v 0.310385 2.261825 0.061739
v 0.308797 2.244860 0.061424
v 0.303101 2.229113 0.060291
v 0.293767 2.215878 0.058434
v 0.281563 2.206248 0.056006
v 0.267497 2.201015 0.053209
v 0.292376 2.261825 0.121106
v 0.290881 2.244860 0.120487
v 0.285515 2.229113 0.118264
v 0.276722 2.215878 0.114622
v 0.265226 2.206248 0.109860
v 0.251977 2.201015 0.104372
v 0.263131 2.261825 0.175819
v 0.261786 2.244860 0.174920
v 0.256957 2.229113 0.171693
v 0.249043 2.215878 0.166406
v 0.238697 2.206248 0.159493
v 0.226773 2.201015 0.151525
v 0.223775 2.261825 0.223775
v 0.222630 2.244860 0.222630
v 0.218524 2.229113 0.218524
v 0.211794 2.215878 0.211794
v 0.202995 2.206248 0.202995
v 0.192855 2.201015 0.192855
v 0.175819 2.261825 0.263131
v 0.174920 2.244860 0.261786
v 0.171693 2.229113 0.256957
v 0.166405 2.215878 0.249043
v 0.159492 2.206248 0.238697
v 0.151525 2.201015 0.226773
v 0.121106 2.261825 0.292376
v 0.120487 2.244860 0.290881
v 0.118264 2.229113 0.285515
v 0.114622 2.215878 0.276722
v 0.109860 2.206248 0.265226
v 0.104372 2.201015 0.251977
v 0.061739 2.261825 0.310385
v 0.061424 2.244860 0.308797
v 0.060291 2.229113 0.303101
v 0.058434 2.215878 0.293767
v 0.056006 2.206248 0.281563
v 0.053208 2.201015 0.267497
v 0.000000 2.261825 0.316465
v 0.000000 2.244860 0.314847
v 0.000000 2.229113 0.309040
v 0.000000 2.215878 0.299522
v 0.000000 2.206248 0.287079
v 0.000000 2.201015 0.272738
v -0.061739 2.261825 0.310385
v -0.061424 2.244860 0.308797
v -0.060291 2.229113 0.303101
v -0.058434 2.215878 0.293767
v -0.056006 2.206248 0.281563
v -0.053208 2.201015 0.267497
v -0.121106 2.261825 0.292376
v -0.120487 2.244860 0.290880
v -0.118264 2.229113 0.285515
v -0.114622 2.215878 0.276722
v -0.109860 2.206248 0.265226
v -0.104372 2.201015 0.251977
v -0.175819 2.261825 0.263131
v -0.174919 2.244860 0.261785
v -0.171693 2.229113 0.256957
v -0.166405 2.215878 0.249043
v -0.159492 2.206248 0.238697
v -0.151525 2.201015 0.226773
v -0.223775 2.261825 0.223775
v -0.222630 2.244860 0.222630
v -0.218524 2.229113 0.218524
v -0.211794 2.215878 0.211794
v -0.202995 2.206248 0.202995
v -0.192855 2.201015 0.192855
v -0.263131 2.261825 0.175819
v -0.261786 2.244860 0.174919
v -0.256957 2.229113 0.171693
v -0.249043 2.215878 0.166405
v -0.238697 2.206248 0.159492
v -0.226773 2.201015 0.151525
v -0.292376 2.261825 0.121106
v -0.290880 2.244860 0.120487
v -0.285515 2.229113 0.118264
v -0.276722 2.215878 0.114622
v -0.265226 2.206248 0.109860
v -0.251977 2.201015 0.104372
v -0.310384 2.261825 0.061739
v -0.308797 2.244860 0.061423
v -0.303101 2.229113 0.060291
v -0.293767 2.215878 0.058434
v -0.281563 2.206248 0.056006
v -0.267497 2.201015 0.053208
v -0.316465 2.261825 0.000000
v -0.314847 2.244860 0.000000
v -0.309039 2.229113 0.000000
v -0.299522 2.215878 0.000000
v -0.287079 2.206248 0.000000
v -0.272738 2.201015 0.000000
v -0.310384 2.261825 -0.061739
v -0.308797 2.244860 -0.061424
v -0.303101 2.229113 -0.060291
v -0.293766 2.215878 -0.058434
v -0.281562 2.206248 -0.056006
v -0.267497 2.201015 -0.053209
v -0.292376 2.261825 -0.121106
v -0.290880 2.244860 -0.120487
v -0.285515 2.229113 -0.118264
v -0.276722 2.215878 -0.114622
v -0.265226 2.206248 -0.109860
v -0.251977 2.201015 -0.104372
v -0.263131 2.261825 -0.175819
v -0.261785 2.244860 -0.174919
v -0.256957 2.229113 -0.171693
v -0.249043 2.215878 -0.166405
v -0.238697 2.206248 -0.159492
v -0.226773 2.201015 -0.151525
v -0.223775 2.261825 -0.223775
v -0.222630 2.244860 -0.222630
v -0.218524 2.229113 -0.218524
v -0.211794 2.215878 -0.211794
v -0.202995 2.206248 -0.202995
v -0.192854 2.201015 -0.192855
v -0.175818 2.261825 -0.263131
v -0.174919 2.244860 -0.261785
v -0.171693 2.229113 -0.256957
v -0.166405 2.215878 -0.249043
v -0.159492 2.206248 -0.238697
v -0.151525 2.201015 -0.226773
v -0.121106 2.261825 -0.292376
v -0.120486 2.244860 -0.290880
v -0.118264 2.229113 -0.285515
v -0.114622 2.215878 -0.276722
v -0.109860 2.206248 -0.265226
v -0.104372 2.201015 -0.251977
v -0.061739 2.261825 -0.310384
v -0.061423 2.244860 -0.308797
v -0.060290 2.229113 -0.303101
v -0.058434 2.215878 -0.293766
v -0.056006 2.206248 -0.281562
v -0.053208 2.201015 -0.267497
v 0.000000 2.261825 -0.316465
v 0.000000 2.244860 -0.314847
v 0.000000 2.229113 -0.309039
v 0.000000 2.215878 -0.299522
v 0.000000 2.206248 -0.287079
v 0.000000 2.201015 -0.272737
v 0.061739 2.261825 -0.310384
v 0.061424 2.244860 -0.308797
v 0.060291 2.229113 -0.303101
v 0.058434 2.215878 -0.293766
v 0.056006 2.206248 -0.281562
v 0.053209 2.201015 -0.267497
v 0.121106 2.261825 -0.292376
v 0.120487 2.244860 -0.290880
v 0.118264 2.229113 -0.285515
v 0.114622 2.215878 -0.276722
v 0.109860 2.206248 -0.265226
v 0.104372 2.201015 -0.251976
v 0.175819 2.261825 -0.263131
v 0.174920 2.244860 -0.261785
v 0.171693 2.229113 -0.256957
v 0.166405 2.215878 -0.249043
v 0.159492 2.206248 -0.238697
v 0.151525 2.201015 -0.226773
v 0.223775 2.261825 -0.223774
v 0.222630 2.244860 -0.222630
v 0.218524 2.229113 -0.218524
v 0.211794 2.215878 -0.211794
v 0.202995 2.206248 -0.202995
v 0.192855 2.201015 -0.192854
v 0.263131 2.261825 -0.175818
v 0.261785 2.244860 -0.174919
v 0.256957 2.229113 -0.171693
v 0.249043 2.215878 -0.166405
v 0.238697 2.206248 -0.159492
v 0.226773 2.201015 -0.151525
v 0.292376 2.261825 -0.121106
v 0.290880 2.244860 -0.120486
v 0.285515 2.229113 -0.118264
v 0.276722 2.215878 -0.114622
v 0.265226 2.206248 -0.109860
v 0.251977 2.201015 -0.104372
v 0.304533 2.340000 -0.060575
v 0.306972 2.338863 -0.061060
v 0.308044 2.336092 -0.061274
v 0.286864 2.340000 -0.118823
v 0.289161 2.338863 -0.119774
v 0.290171 2.336092 -0.120193
v 0.258171 2.340000 -0.172504
v 0.260238 2.338863 -0.173885
v 0.261147 2.336092 -0.174493
v 0.219556 2.340000 -0.219556
v 0.221314 2.338863 -0.221314
v 0.222087 2.336092 -0.222087
v 0.172504 2.340000 -0.258171
v 0.173886 2.338863 -0.260238
v 0.174493 2.336092 -0.261147
v 0.118823 2.340000 -0.286864
v 0.119775 2.338863 -0.289161
v 0.120193 2.336092 -0.290171
v 0.060576 2.340000 -0.304533
v 0.061061 2.338863 -0.306972
v 0.061274 2.336092 -0.308044
v 0.000000 2.340000 -0.310499
v 0.000000 2.338863 -0.312986
v 0.000000 2.336092 -0.314079
v -0.060575 2.340000 -0.304533
v -0.061060 2.338863 -0.306972
v -0.061274 2.336092 -0.308044
v -0.118823 2.340000 -0.286864
v -0.119774 2.338863 -0.289161
v -0.120193 2.336092 -0.290171
v -0.172504 2.340000 -0.258171
v -0.173885 2.338863 -0.260238
v -0.174493 2.336092 -0.261147
v -0.219556 2.340000 -0.219556
v -0.221314 2.338863 -0.221314
v -0.222087 2.336092 -0.222087
v -0.258171 2.340000 -0.172504
v -0.260238 2.338863 -0.173886
v -0.261147 2.336092 -0.174493
v -0.286864 2.340000 -0.118823
v -0.289161 2.338863 -0.119775
v -0.290171 2.336092 -0.120193
v -0.304533 2.340000 -0.060576
v -0.306972 2.338863 -0.061061
v -0.308044 2.336092 -0.061274
v -0.310499 2.340000 0.000000
v -0.312986 2.338863 0.000000
v -0.314079 2.336092 0.000000
v -0.304533 2.340000 0.060575
v -0.306972 2.338863 0.061060
v -0.308044 2.336092 0.061274
v -0.286864 2.340000 0.118823
v -0.289161 2.338863 0.119774
v -0.290171 2.336092 0.120193
v -0.258171 2.340000 0.172504
v -0.260238 2.338863 0.173886
v -0.261147 2.336092 0.174493
v -0.219556 2.340000 0.219556
v -0.221314 2.338863 0.221314
v -0.222087 2.336092 0.222087
v -0.172504 2.340000 0.258171
v -0.173886 2.338863 0.260238
v -0.174493 2.336092 0.261147
v -0.118823 2.340000 0.286864
v -0.119775 2.338863 0.289161
v -0.120193 2.336092 0.290171
v -0.060575 2.340000 0.304533
v -0.061061 2.338863 0.306972
v -0.061274 2.336092 0.308044
v 0.000000 2.340000 0.310500
v 0.000000 2.338863 0.312986
v 0.000000 2.336092 0.314079
v 0.060575 2.340000 0.304534
v 0.061061 2.338863 0.306972
v 0.061274 2.336092 0.308044
v 0.118823 2.340000 0.286864
v 0.119775 2.338863 0.289161
v 0.120193 2.336092 0.290171
v 0.172504 2.340000 0.258171
v 0.173886 2.338863 0.260238
v 0.174493 2.336092 0.261147
v 0.219556 2.340000 0.219557
v 0.221314 2.338863 0.221315
v 0.222087 2.336092 0.222088
v 0.258171 2.340000 0.172504
v 0.260238 2.338863 0.173886
v 0.261147 2.336092 0.174493
v 0.286864 2.340000 0.118823
v 0.289161 2.338863 0.119775
v 0.290171 2.336092 0.120193
v 0.304534 2.340000 0.060576
v 0.306972 2.338863 0.061061
v 0.308044 2.336092 0.061274
v 0.310500 2.340000 0.000000
v 0.312986 2.338863 0.000000
v 0.314079 2.336092 0.000000
v 0.388694 1.270943 -0.077316
v 0.385885 1.295642 -0.076757
v 0.379302 1.319589 -0.075448
v 0.369108 1.342196 -0.073420
v 0.355554 1.362904 -0.070724
v 0.338973 1.381205 -0.067426
v 0.319774 1.396648 -0.063607
v 0.298430 1.408852 -0.059361
v 0.275466 1.417518 -0.054793
v 0.251447 1.422430 -0.050015
v 0.226965 1.423470 -0.045146
v 0.366142 1.270943 -0.151661
v 0.363495 1.295642 -0.150565
v 0.357295 1.319589 -0.147996
v 0.347692 1.342196 -0.144019
v 0.334924 1.362904 -0.138730
v 0.319306 1.381205 -0.132261
v 0.301221 1.396648 -0.124770
v 0.281115 1.408852 -0.116441
v 0.259483 1.417518 -0.107481
v 0.236858 1.422430 -0.098110
v 0.213797 1.423470 -0.088557
v 0.329519 1.270943 -0.220177
v 0.327137 1.295642 -0.218586
v 0.321557 1.319589 -0.214857
v 0.312915 1.342196 -0.209083
v 0.301424 1.362904 -0.201405
v 0.287367 1.381205 -0.192013
v 0.271091 1.396648 -0.181137
v 0.252997 1.408852 -0.169047
v 0.233528 1.417518 -0.156039
v 0.213166 1.422430 -0.142433
v 0.192412 1.423470 -0.128565
v 0.280233 1.270943 -0.280233
v 0.278207 1.295642 -0.278207
v 0.273462 1.319589 -0.273461
v 0.266112 1.342196 -0.266112
v 0.256340 1.362904 -0.256340
v 0.244386 1.381205 -0.244386
v 0.230544 1.396648 -0.230544
v 0.215156 1.408852 -0.215156
v 0.198600 1.417518 -0.198600
v 0.181283 1.422430 -0.181283
v 0.163633 1.423470 -0.163633
v 0.220178 1.270943 -0.329519
v 0.218586 1.295642 -0.327137
v 0.214857 1.319589 -0.321557
v 0.209083 1.342196 -0.312914
v 0.201405 1.362904 -0.301424
v 0.192013 1.381205 -0.287367
v 0.181138 1.396648 -0.271091
v 0.169047 1.408852 -0.252997
v 0.156039 1.417518 -0.233528
v 0.142433 1.422430 -0.213166
v 0.128566 1.423470 -0.192412
v 0.151661 1.270943 -0.366142
v 0.150565 1.295642 -0.363495
v 0.147996 1.319589 -0.357295
v 0.144019 1.342196 -0.347692
v 0.138730 1.362904 -0.334924
v 0.132261 1.381205 -0.319306
v 0.124770 1.396648 -0.301221
v 0.116442 1.408852 -0.281115
v 0.107481 1.417518 -0.259483
v 0.098110 1.422430 -0.236858
v 0.088558 1.423470 -0.213797
v 0.077316 1.270943 -0.388694
v 0.076757 1.295642 -0.385885
v 0.075448 1.319589 -0.379302
v 0.073420 1.342196 -0.369108
v 0.070724 1.362904 -0.355554
v 0.067426 1.381205 -0.338973
v 0.063607 1.396648 -0.319774
v 0.059362 1.408852 -0.298430
v 0.054794 1.417518 -0.275466
v 0.050016 1.422430 -0.251447
v 0.045146 1.423470 -0.226965
v 0.000000 1.270943 -0.396309
v 0.000000 1.295642 -0.393445
v 0.000000 1.319589 -0.386733
v 0.000000 1.342196 -0.376339
v 0.000000 1.362904 -0.362519
v 0.000000 1.381205 -0.345614
v 0.000000 1.396648 -0.326039
v 0.000000 1.408852 -0.304276
v 0.000000 1.417518 -0.280862
v 0.000000 1.422430 -0.256373
v 0.000000 1.423470 -0.231412
v -0.077316 1.270943 -0.388694
v -0.076757 1.295642 -0.385885
v -0.075448 1.319589 -0.379302
v -0.073420 1.342196 -0.369108
v -0.070724 1.362904 -0.355554
v -0.067426 1.381205 -0.338973
v -0.063607 1.396648 -0.319774
v -0.059361 1.408852 -0.298430
v -0.054793 1.417518 -0.275466
v -0.050016 1.422430 -0.251447
v -0.045146 1.423470 -0.226965
v -0.151661 1.270943 -0.366142
v -0.150565 1.295642 -0.363496
v -0.147996 1.319589 -0.357295
v -0.144019 1.342196 -0.347692
v -0.138730 1.362904 -0.334924
v -0.132261 1.381205 -0.319306
v -0.124770 1.396648 -0.301221
v -0.116441 1.408852 -0.281115
v -0.107481 1.417518 -0.259483
v -0.098110 1.422430 -0.236858
v -0.088557 1.423470 -0.213797
v -0.220177 1.270943 -0.329519
v -0.218586 1.295642 -0.327137
v -0.214857 1.319589 -0.321557
v -0.209083 1.342196 -0.312915
v -0.201405 1.362904 -0.301424
v -0.192013 1.381205 -0.287368
v -0.181137 1.396648 -0.271092
v -0.169047 1.408852 -0.252997
v -0.156039 1.417518 -0.233529
v -0.142433 1.422430 -0.213167
v -0.128565 1.423470 -0.192412
v -0.280233 1.270943 -0.280233
v -0.278207 1.295642 -0.278208
v -0.273461 1.319589 -0.273462
v -0.266112 1.342196 -0.266112
v -0.256340 1.362904 -0.256340
v -0.244386 1.381205 -0.244386
v -0.230544 1.396648 -0.230544
v -0.215156 1.408852 -0.215156
v -0.198600 1.417518 -0.198600
v -0.181283 1.422430 -0.181283
v -0.163633 1.423470 -0.163633
v -0.329519 1.270943 -0.220178
v -0.327137 1.295642 -0.218586
v -0.321557 1.319589 -0.214857
v -0.312915 1.342196 -0.209083
v -0.301424 1.362904 -0.201405
v -0.287367 1.381205 -0.192013
v -0.271091 1.396648 -0.181138
v -0.252997 1.408852 -0.169047
v -0.233528 1.417518 -0.156039
v -0.213166 1.422430 -0.142433
v -0.192412 1.423470 -0.128566
v -0.366142 1.270943 -0.151661
v -0.363495 1.295642 -0.150565
v -0.357295 1.319589 -0.147996
v -0.347692 1.342196 -0.144019
v -0.334924 1.362904 -0.138730
v -0.319306 1.381205 -0.132261
v -0.301221 1.396648 -0.124770
v -0.281115 1.408852 -0.116442
v -0.259483 1.417518 -0.107481
v -0.236858 1.422430 -0.098110
v -0.213797 1.423470 -0.088558
v -0.388694 1.270943 -0.077316
v -0.385885 1.295642 -0.076757
v -0.379302 1.319589 -0.075448
v -0.369108 1.342196 -0.073420
v -0.355554 1.362904 -0.070724
v -0.338973 1.381205 -0.067426
v -0.319774 1.396648 -0.063607
v -0.298430 1.408852 -0.059361
v -0.275466 1.417518 -0.054794
v -0.251447 1.422430 -0.050016
v -0.226965 1.423470 -0.045146
v -0.396309 1.270943 0.000000
v -0.393445 1.295642 0.000000
v -0.386733 1.319589 0.000000
v -0.376339 1.342196 0.000000
v -0.362520 1.362904 0.000000
v -0.345614 1.381205 0.000000
v -0.326039 1.396648 0.000000
v -0.304277 1.408852 0.000000
v -0.280862 1.417518 0.000000
v -0.256373 1.422430 0.000000
v -0.231412 1.423470 0.000000
v -0.388694 1.270943 0.077316
v -0.385885 1.295642 0.076757
v -0.379302 1.319589 0.075448
v -0.369108 1.342196 0.073420
v -0.355554 1.362904 0.070724
v -0.338973 1.381205 0.067426
v -0.319774 1.396648 0.063607
v -0.298430 1.408852 0.059361
v -0.275466 1.417518 0.054794
v -0.251447 1.422430 0.050016
v -0.226965 1.423470 0.045146
v -0.366142 1.270943 0.151661
v -0.363496 1.295642 0.150565
v -0.357295 1.319589 0.147996
v -0.347692 1.342196 0.144019
v -0.334924 1.362904 0.138730
v -0.319306 1.381205 0.132261
v -0.301221 1.396648 0.124770
v -0.281115 1.408852 0.116442
v -0.259483 1.417518 0.107481
v -0.236858 1.422430 0.098110
v -0.213797 1.423470 0.088557
v -0.329519 1.270943 0.220178
v -0.327137 1.295642 0.218586
v -0.321557 1.319589 0.214857
v -0.312915 1.342196 0.209083
v -0.301424 1.362904 0.201405
v -0.287368 1.381205 0.192013
v -0.271092 1.396648 0.181138
v -0.252997 1.408852 0.169047
v -0.233529 1.417518 0.156039
v -0.213167 1.422430 0.142433
v -0.192412 1.423470 0.128566
v -0.280233 1.270943 0.280233
v -0.278208 1.295642 0.278207
v -0.273462 1.319589 0.273462
v -0.266112 1.342196 0.266112
v -0.256340 1.362904 0.256340
v -0.244386 1.381205 0.244386
v -0.230545 1.396648 0.230544
v -0.215156 1.408852 0.215156
v -0.198600 1.417518 0.198600
v -0.181283 1.422430 0.181283
v -0.163633 1.423470 0.163633
v -0.220178 1.270943 0.329519
v -0.218586 1.295642 0.327137
v -0.214857 1.319589 0.321557
v -0.209083 1.342196 0.312915
v -0.201405 1.362904 0.301424
v -0.192013 1.381205 0.287368
v -0.181138 1.396648 0.271092
v -0.169047 1.408852 0.252997
v -0.156039 1.417518 0.233529
v -0.142433 1.422430 0.213167
v -0.128566 1.423470 0.192412
v -0.151661 1.270943 0.366142
v -0.150565 1.295642 0.363496
v -0.147996 1.319589 0.357295
v -0.144019 1.342196 0.347692
v -0.138730 1.362904 0.334924
v -0.132261 1.381205 0.319306
v -0.124770 1.396648 0.301221
v -0.116442 1.408852 0.281115
v -0.107481 1.417518 0.259483
v -0.098110 1.422430 0.236858
v -0.088558 1.423470 0.213797
v -0.077316 1.270943 0.388694
v -0.076757 1.295642 0.385885
v -0.075448 1.319589 0.379302
v -0.073420 1.342196 0.369108
v -0.070724 1.362904 0.355554
v -0.067426 1.381205 0.338973
v -0.063607 1.396648 0.319774
v -0.059361 1.408852 0.298430
v -0.054794 1.417518 0.275466
v -0.050016 1.422430 0.251447
v -0.045146 1.423470 0.226966
v 0.000000 1.270943 0.396309
v 0.000000 1.295642 0.393445
v 0.000000 1.319589 0.386733
v 0.000000 1.342196 0.376339
v 0.000000 1.362904 0.362520
v 0.000000 1.381205 0.345614
v 0.000000 1.396648 0.326039
v 0.000000 1.408852 0.304277
v 0.000000 1.417518 0.280863
v 0.000000 1.422430 0.256373
v 0.000000 1.423470 0.231412
v 0.077316 1.270943 0.388694
v 0.076757 1.295642 0.385885
v 0.075448 1.319589 0.379302
v 0.073420 1.342196 0.369108
v 0.070724 1.362904 0.355554
v 0.067426 1.381205 0.338973
v 0.063607 1.396648 0.319774
v 0.059361 1.408852 0.298430
v 0.054794 1.417518 0.275466
v 0.050016 1.422430 0.251447
v 0.045146 1.423470 0.226966
v 0.151661 1.270943 0.366142
v 0.150565 1.295642 0.363496
v 0.147996 1.319589 0.357295
v 0.144019 1.342196 0.347692
v 0.138730 1.362904 0.334925
v 0.132261 1.381205 0.319306
v 0.124770 1.396648 0.301221
v 0.116442 1.408852 0.281115
v 0.107481 1.417518 0.259483
v 0.098110 1.422430 0.236858
v 0.088558 1.423470 0.213797
v 0.220178 1.270943 0.329519
v 0.218586 1.295642 0.327138
v 0.214857 1.319589 0.321557
v 0.209083 1.342196 0.312915
v 0.201405 1.362904 0.301424
v 0.192013 1.381205 0.287368
v 0.181138 1.396648 0.271092
v 0.169047 1.408852 0.252997
v 0.156039 1.417518 0.233529
v 0.142433 1.422430 0.213167
v 0.128566 1.423470 0.192412
v 0.280233 1.270943 0.280233
v 0.278208 1.295642 0.278208
v 0.273462 1.319589 0.273462
v 0.266112 1.342196 0.266112
v 0.256340 1.362904 0.256340
v 0.244386 1.381205 0.244386
v 0.230545 1.396648 0.230545
v 0.215156 1.408852 0.215156
v 0.198600 1.417518 0.198600
v 0.181283 1.422430 0.181283
v 0.163633 1.423470 0.163633
v 0.329519 1.270943 0.220178
v 0.327138 1.295642 0.218586
v 0.321557 1.319589 0.214858
v 0.312915 1.342196 0.209083
v 0.301424 1.362904 0.201405
v 0.287368 1.381205 0.192013
v 0.271092 1.396648 0.181138
v 0.252997 1.408852 0.169047
v 0.233529 1.417518 0.156039
v 0.213167 1.422430 0.142433
v 0.192412 1.423470 0.128566
v 0.366142 1.270943 0.151661
v 0.363496 1.295642 0.150565
v 0.357295 1.319589 0.147996
v 0.347692 1.342196 0.144019
v 0.334925 1.362904 0.138730
v 0.319306 1.381205 0.132261
v 0.301221 1.396648 0.124770
v 0.281115 1.408852 0.116442
v 0.259483 1.417518 0.107481
v 0.236858 1.422430 0.098110
v 0.213797 1.423470 0.088558
v 0.388695 1.270943 0.077316
v 0.385885 1.295642 0.076757
v 0.379302 1.319589 0.075448
v 0.369108 1.342196 0.073420
v 0.355554 1.362904 0.070724
v 0.338973 1.381205 0.067426
v 0.319775 1.396648 0.063607
v 0.298430 1.408852 0.059361
v 0.275466 1.417518 0.054794
v 0.251447 1.422430 0.050016
v 0.226966 1.423470 0.045146
v 0.396310 1.270943 0.000000
v 0.393445 1.295642 0.000000
v 0.386733 1.319589 0.000000
v 0.376340 1.342196 0.000000
v 0.362520 1.362904 0.000000
v 0.345614 1.381205 0.000000
v 0.326039 1.396648 0.000000
v 0.304277 1.408852 0.000000
v 0.280863 1.417518 0.000000
v 0.256373 1.422430 0.000000
v 0.231412 1.423470 0.000000
v 0.387337 1.170000 -0.077046
v 0.390791 1.171489 -0.077733
v 0.392133 1.175046 -0.078000
v 0.364863 1.170000 -0.151131
v 0.368117 1.171489 -0.152479
v 0.369381 1.175046 -0.153002
v 0.328368 1.170000 -0.219408
v 0.331297 1.171489 -0.221365
v 0.332434 1.175046 -0.222125
v 0.279254 1.170000 -0.279254
v 0.281745 1.171489 -0.281745
v 0.282712 1.175046 -0.282712
v 0.219409 1.170000 -0.328368
v 0.221366 1.171489 -0.331297
v 0.222126 1.175046 -0.332434
v 0.151131 1.170000 -0.364863
v 0.152479 1.171489 -0.368117
v 0.153003 1.175046 -0.369381
v 0.077046 1.170000 -0.387337
v 0.077733 1.171489 -0.390791
v 0.078000 1.175046 -0.392133
v 0.000000 1.170000 -0.394925
v 0.000000 1.171489 -0.398447
v 0.000000 1.175046 -0.399815
v -0.077046 1.170000 -0.387337
v -0.077733 1.171489 -0.390791
v -0.078000 1.175046 -0.392133
v -0.151131 1.170000 -0.364863
v -0.152479 1.171489 -0.368118
v -0.153002 1.175046 -0.369381
v -0.219409 1.170000 -0.328368
v -0.221365 1.171489 -0.331297
v -0.222125 1.175046 -0.332434
v -0.279254 1.170000 -0.279254
v -0.281745 1.171489 -0.281745
v -0.282712 1.175046 -0.282712
v -0.328368 1.170000 -0.219409
v -0.331297 1.171489 -0.221366
v -0.332434 1.175046 -0.222126
v -0.364863 1.170000 -0.151131
v -0.368118 1.171489 -0.152479
v -0.369381 1.175046 -0.153003
v -0.387337 1.170000 -0.077046
v -0.390791 1.171489 -0.077733
v -0.392133 1.175046 -0.078000
v -0.394925 1.170000 0.000000
v -0.398448 1.171489 0.000000
v -0.399815 1.175046 0.000000
v -0.387337 1.170000 0.077046
v -0.390792 1.171489 0.077733
v -0.392133 1.175046 0.078000
v -0.364864 1.170000 0.151131
v -0.368118 1.171489 0.152479
v -0.369381 1.175046 0.153003
v -0.328369 1.170000 0.219409
v -0.331297 1.171489 0.221366
v -0.332434 1.175046 0.222125
v -0.279254 1.170000 0.279254
v -0.281745 1.171489 0.281745
v -0.282712 1.175046 0.282712
v -0.219409 1.170000 0.328368
v -0.221366 1.171489 0.331297
v -0.222126 1.175046 0.332434
v -0.151131 1.170000 0.364863
v -0.152479 1.171489 0.368118
v -0.153003 1.175046 0.369381
v -0.077046 1.170000 0.387337
v -0.077733 1.171489 0.390792
v -0.078000 1.175046 0.392133
v 0.000000 1.170000 0.394925
v 0.000000 1.171489 0.398448
v 0.000000 1.175046 0.399815
v 0.077046 1.170000 0.387337
v 0.077733 1.171489 0.390792
v 0.078000 1.175046 0.392133
v 0.151131 1.170000 0.364864
v 0.152479 1.171489 0.368118
v 0.153003 1.175046 0.369381
v 0.219409 1.170000 0.328369
v 0.221366 1.171489 0.331297
v 0.222126 1.175046 0.332434
v 0.279254 1.170000 0.279255
v 0.281745 1.171489 0.281745
v 0.282712 1.175046 0.282712
v 0.328369 1.170000 0.219409
v 0.331297 1.171489 0.221366
v 0.332434 1.175046 0.222126
v 0.364864 1.170000 0.151131
v 0.368118 1.171489 0.152479
v 0.369381 1.175046 0.153003
v 0.387337 1.170000 0.077046
v 0.390792 1.171489 0.077733
v 0.392133 1.175046 0.078000
v 0.394926 1.170000 0.000000
v 0.398448 1.171489 0.000000
v 0.399815 1.175046 0.000000
v 0.042401 1.170000 -0.008433
v 0.039941 1.170000 -0.016544
v 0.035946 1.170000 -0.024018
v 0.030569 1.170000 -0.030569
v 0.024018 1.170000 -0.035946
v 0.016544 1.170000 -0.039941
v 0.008434 1.170000 -0.042401
v 0.000000 1.170000 -0.043232
v -0.008434 1.170000 -0.042401
v -0.016544 1.170000 -0.039941
v -0.024018 1.170000 -0.035946
v -0.030570 1.170000 -0.030569
v -0.035946 1.170000 -0.024018
v -0.039941 1.170000 -0.016544
v -0.042401 1.170000 -0.008434
v -0.043232 1.170000 0.000000
v -0.042401 1.170000 0.008434
v -0.039941 1.170000 0.016544
v -0.035946 1.170000 0.024018
v -0.030569 1.170000 0.030570
v -0.024018 1.170000 0.035946
v -0.016544 1.170000 0.039941
v -0.008434 1.170000 0.042401
v 0.000000 1.170000 0.043232
v 0.008434 1.170000 0.042401
v 0.016544 1.170000 0.039941
v 0.024018 1.170000 0.035946
v 0.030570 1.170000 0.030570
v 0.035946 1.170000 0.024018
v 0.039941 1.170000 0.016544
v 0.042401 1.170000 0.008434
v 0.043232 1.170000 0.000001
v 0.000000 0.000000 0.000000
v 0.032660 0.273350 -0.006495
v 0.032100 0.247517 -0.006384
v 0.030982 0.221703 -0.006162
v 0.029308 0.195920 -0.005829
v 0.027077 0.170180 -0.005385
v 0.024291 0.144496 -0.004831
v 0.020951 0.118880 -0.004167
v 0.017058 0.093345 -0.003393
v 0.012615 0.067903 -0.002509
v 0.012863 0.067903 0.000000
v 0.017392 0.093345 0.000000
v 0.021361 0.118880 0.000001
v 0.024767 0.144496 0.000001
v 0.027607 0.170180 0.000001
v 0.029882 0.195920 0.000001
v 0.031589 0.221703 0.000001
v 0.032729 0.247517 0.000001
v 0.033299 0.273350 0.000001
v 0.012615 0.067903 0.002509
v 0.017058 0.093345 0.003393
v 0.020951 0.118880 0.004167
v 0.024291 0.144496 0.004832
v 0.027077 0.170180 0.005386
v 0.029308 0.195920 0.005830
v 0.030983 0.221703 0.006163
v 0.032100 0.247517 0.006385
v 0.032660 0.273350 0.006496
v 0.011884 0.067903 0.004922
v 0.016069 0.093345 0.006656
v 0.019735 0.118880 0.008175
v 0.022881 0.144496 0.009478
v 0.025506 0.170180 0.010565
v 0.027608 0.195920 0.011435
v 0.029185 0.221703 0.012089
v 0.030237 0.247517 0.012525
v 0.030765 0.273350 0.012743
v 0.010695 0.067903 0.007146
v 0.014461 0.093345 0.009663
v 0.017761 0.118880 0.011868
v 0.020593 0.144496 0.013760
v 0.022955 0.170180 0.015338
v 0.024846 0.195920 0.016602
v 0.026266 0.221703 0.017550
v 0.027213 0.247517 0.018183
v 0.027688 0.273350 0.018500
v 0.009095 0.067903 0.009095
v 0.012298 0.093345 0.012298
v 0.015105 0.118880 0.015105
v 0.017513 0.144496 0.017513
v 0.019521 0.170180 0.019521
v 0.021130 0.195920 0.021130
v 0.022337 0.221703 0.022337
v 0.023143 0.247517 0.023143
v 0.023546 0.273350 0.023546
v 0.007146 0.067903 0.010695
v 0.009663 0.093345 0.014461
v 0.011868 0.118880 0.017761
v 0.013760 0.144496 0.020593
v 0.015338 0.170180 0.022955
v 0.016602 0.195920 0.024846
v 0.017550 0.221703 0.026266
v 0.018183 0.247517 0.027213
v 0.018500 0.273350 0.027687
v 0.004922 0.067903 0.011884
v 0.006656 0.093345 0.016069
v 0.008175 0.118880 0.019735
v 0.009478 0.144496 0.022881
v 0.010565 0.170180 0.025506
v 0.011435 0.195920 0.027607
v 0.012089 0.221703 0.029185
v 0.012525 0.247517 0.030237
v 0.012743 0.273350 0.030765
v 0.002509 0.067903 0.012615
v 0.003393 0.093345 0.017058
v 0.004167 0.118880 0.020951
v 0.004832 0.144496 0.024291
v 0.005386 0.170180 0.027077
v 0.005830 0.195920 0.029308
v 0.006163 0.221703 0.030982
v 0.006385 0.247517 0.032100
v 0.006496 0.273350 0.032660
v 0.000000 0.067903 0.012863
v 0.000000 0.093345 0.017392
v 0.000000 0.118880 0.021361
v 0.000000 0.144496 0.024767
v 0.000000 0.170180 0.027607
v 0.000000 0.195920 0.029882
v 0.000000 0.221703 0.031589
v 0.000000 0.247517 0.032729
v 0.000000 0.273350 0.033299
v -0.002509 0.067903 0.012615
v -0.003393 0.093345 0.017058
v -0.004167 0.118880 0.020951
v -0.004832 0.144496 0.024291
v -0.005386 0.170180 0.027077
v -0.005830 0.195920 0.029308
v -0.006163 0.221703 0.030982
v -0.006385 0.247517 0.032100
v -0.006496 0.273350 0.032660
v -0.004922 0.067903 0.011884
v -0.006656 0.093345 0.016069
v -0.008174 0.118880 0.019735
v -0.009478 0.144496 0.022881
v -0.010565 0.170180 0.025506
v -0.011435 0.195920 0.027607
v -0.012089 0.221703 0.029185
v -0.012525 0.247517 0.030237
v -0.012743 0.273350 0.030765
v -0.007146 0.067903 0.010695
v -0.009663 0.093345 0.014461
v -0.011867 0.118880 0.017761
v -0.013760 0.144496 0.020593
v -0.015338 0.170180 0.022955
v -0.016601 0.195920 0.024846
v -0.017550 0.221703 0.026266
v -0.018183 0.247517 0.027213
v -0.018500 0.273350 0.027687
v -0.009095 0.067903 0.009095
v -0.012298 0.093345 0.012298
v -0.015104 0.118880 0.015105
v -0.017513 0.144496 0.017513
v -0.019521 0.170180 0.019521
v -0.021130 0.195920 0.021130
v -0.022337 0.221703 0.022337
v -0.023143 0.247517 0.023143
v -0.023546 0.273350 0.023546
v -0.010695 0.067903 0.007146
v -0.014461 0.093345 0.009663
v -0.017761 0.118880 0.011868
v -0.020593 0.144496 0.013760
v -0.022955 0.170180 0.015338
v -0.024846 0.195920 0.016602
v -0.026266 0.221703 0.017550
v -0.027213 0.247517 0.018183
v -0.027687 0.273350 0.018500
v -0.011883 0.067903 0.004922
v -0.016068 0.093345 0.006656
v -0.019735 0.118880 0.008175
v -0.022881 0.144496 0.009478
v -0.025506 0.170180 0.010565
v -0.027607 0.195920 0.011435
v -0.029185 0.221703 0.012089
v -0.030237 0.247517 0.012525
v -0.030764 0.273350 0.012743
v -0.012615 0.067903 0.002509
v -0.017058 0.093345 0.003393
v -0.020950 0.118880 0.004167
v -0.024291 0.144496 0.004832
v -0.027077 0.170180 0.005386
v -0.029308 0.195920 0.005830
v -0.030982 0.221703 0.006163
v -0.032100 0.247517 0.006385
v -0.032659 0.273350 0.006496
v -0.012862 0.067903 0.000000
v -0.017392 0.093345 0.000000
v -0.021361 0.118880 0.000000
v -0.024767 0.144496 0.000000
v -0.027607 0.170180 0.000000
v -0.029882 0.195920 0.000000
v -0.031589 0.221703 0.000000
v -0.032729 0.247517 0.000000
v -0.033299 0.273350 0.000000
v -0.012615 0.067903 -0.002509
v -0.017058 0.093345 -0.003393
v -0.020950 0.118880 -0.004167
v -0.024291 0.144496 -0.004832
v -0.027077 0.170180 -0.005386
v -0.029308 0.195920 -0.005830
v -0.030982 0.221703 -0.006163
v -0.032100 0.247517 -0.006385
v -0.032659 0.273350 -0.006496
v -0.011883 0.067903 -0.004922
v -0.016068 0.093345 -0.006656
v -0.019735 0.118880 -0.008174
v -0.022881 0.144496 -0.009478
v -0.025506 0.170180 -0.010565
v -0.027607 0.195920 -0.011435
v -0.029185 0.221703 -0.012089
v -0.030237 0.247517 -0.012525
v -0.030764 0.273350 -0.012743
v -0.010695 0.067903 -0.007146
v -0.014461 0.093345 -0.009663
v -0.017761 0.118880 -0.011867
v -0.020593 0.144496 -0.013759
v -0.022955 0.170180 -0.015338
v -0.024846 0.195920 -0.016601
v -0.026266 0.221703 -0.017550
v -0.027213 0.247517 -0.018183
v -0.027687 0.273350 -0.018500
v -0.009095 0.067903 -0.009095
v -0.012298 0.093345 -0.012298
v -0.015104 0.118880 -0.015104
v -0.017513 0.144496 -0.017512
v -0.019521 0.170180 -0.019521
v -0.021130 0.195920 -0.021130
v -0.022337 0.221703 -0.022337
v -0.023143 0.247517 -0.023143
v -0.023546 0.273350 -0.023546
v -0.007146 0.067903 -0.010695
v -0.009663 0.093345 -0.014461
v -0.011867 0.118880 -0.017761
v -0.013760 0.144496 -0.020592
v -0.015338 0.170180 -0.022955
v -0.016602 0.195920 -0.024846
v -0.017550 0.221703 -0.026265
v -0.018183 0.247517 -0.027213
v -0.018500 0.273350 -0.027687
v -0.004922 0.067903 -0.011883
v -0.006656 0.093345 -0.016068
v -0.008174 0.118880 -0.019735
v -0.009478 0.144496 -0.022881
v -0.010565 0.170180 -0.025506
v -0.011435 0.195920 -0.027607
v -0.012089 0.221703 -0.029185
v -0.012525 0.247517 -0.030237
v -0.012743 0.273350 -0.030764
v -0.002509 0.067903 -0.012615
v -0.003393 0.093345 -0.017058
v -0.004167 0.118880 -0.020950
v -0.004832 0.144496 -0.024291
v -0.005386 0.170180 -0.027077
v -0.005830 0.195920 -0.029308
v -0.006163 0.221703 -0.030982
v -0.006385 0.247517 -0.032100
v -0.006496 0.273350 -0.032659
v 0.000000 0.067903 -0.012862
v 0.000000 0.093345 -0.017392
v 0.000000 0.118880 -0.021361
v 0.000000 0.144496 -0.024766
v 0.000000 0.170180 -0.027607
v 0.000000 0.195920 -0.029882
v 0.000000 0.221703 -0.031589
v 0.000000 0.247517 -0.032728
v 0.000000 0.273350 -0.033299
v 0.002509 0.067903 -0.012615
v 0.003393 0.093345 -0.017058
v 0.004167 0.118880 -0.020950
v 0.004832 0.144496 -0.024291
v 0.005386 0.170180 -0.027077
v 0.005830 0.195920 -0.029308
v 0.006163 0.221703 -0.030982
v 0.006385 0.247517 -0.032100
v 0.006496 0.273350 -0.032659
v 0.004922 0.067903 -0.011883
v 0.006656 0.093345 -0.016068
v 0.008174 0.118880 -0.019735
v 0.009478 0.144496 -0.022881
v 0.010565 0.170180 -0.025506
v 0.011435 0.195920 -0.027607
v 0.012089 0.221703 -0.029185
v 0.012525 0.247517 -0.030237
v 0.012743 0.273350 -0.030764
v 0.007146 0.067903 -0.010695
v 0.009663 0.093345 -0.014461
v 0.011867 0.118880 -0.017761
v 0.013760 0.144496 -0.020593
v 0.015338 0.170180 -0.022955
v 0.016601 0.195920 -0.024846
v 0.017550 0.221703 -0.026265
v 0.018183 0.247517 -0.027213
v 0.018500 0.273350 -0.027687
v 0.009095 0.067903 -0.009095
v 0.012298 0.093345 -0.012298
v 0.015104 0.118880 -0.015104
v 0.017513 0.144496 -0.017513
v 0.019521 0.170180 -0.019521
v 0.021130 0.195920 -0.021130
v 0.022337 0.221703 -0.022337
v 0.023142 0.247517 -0.023143
v 0.023546 0.273350 -0.023546
v 0.010695 0.067903 -0.007146
v 0.014461 0.093345 -0.009663
v 0.017761 0.118880 -0.011867
v 0.020593 0.144496 -0.013759
v 0.022955 0.170180 -0.015338
v 0.024846 0.195920 -0.016601
v 0.026265 0.221703 -0.017550
v 0.027213 0.247517 -0.018183
v 0.027687 0.273350 -0.018500
v 0.011883 0.067903 -0.004922
v 0.016068 0.093345 -0.006656
v 0.019735 0.118880 -0.008174
v 0.022881 0.144496 -0.009478
v 0.025506 0.170180 -0.010565
v 0.027607 0.195920 -0.011435
v 0.029185 0.221703 -0.012089
v 0.030237 0.247517 -0.012525
v 0.030764 0.273350 -0.012743
vt 0.751616 0.360378
vt 0.765298 0.360378
vt 0.745959 0.650754
vt 0.734601 0.650754
vt 0.779062 0.360378
vt 0.757254 0.650754
vt 0.792922 0.360378
vt 0.768478 0.650754
vt 0.806886 0.360378
vt 0.779625 0.650754
vt 0.820967 0.360378
vt 0.790684 0.650754
vt 0.835176 0.360378
vt 0.801649 0.650754
vt 0.849528 0.360378
vt 0.812505 0.650754
vt 0.411924 0.360378
vt 0.426285 0.360378
vt 0.459754 0.650754
vt 0.448904 0.650754
vt 0.440501 0.360378
vt 0.470712 0.650754
vt 0.454583 0.360378
vt 0.481770 0.650754
vt 0.468547 0.360378
vt 0.492916 0.650754
vt 0.482404 0.360378
vt 0.504143 0.650754
vt 0.496169 0.360378
vt 0.515439 0.650754
vt 0.509849 0.360378
vt 0.526797 0.650754
vt 0.523457 0.360378
vt 0.538210 0.650754
vt 0.537000 0.360378
vt 0.549670 0.650754
vt 0.550490 0.360378
vt 0.561173 0.650754
vt 0.563932 0.360378
vt 0.572708 0.650754
vt 0.577336 0.360378
vt 0.584274 0.650754
vt 0.590712 0.360378
vt 0.595861 0.650754
vt 0.604063 0.360378
vt 0.607466 0.650754
vt 0.617401 0.360378
vt 0.619081 0.650754
vt 0.630731 0.360378
vt 0.630701 0.650754
vt 0.644061 0.360378
vt 0.642322 0.650754
vt 0.657398 0.360378
vt 0.653936 0.650754
vt 0.670752 0.360378
vt 0.665540 0.650754
vt 0.684126 0.360378
vt 0.677127 0.650754
vt 0.697531 0.360378
vt 0.688690 0.650754
vt 0.710974 0.360378
vt 0.700227 0.650754
vt 0.724463 0.360378
vt 0.711728 0.650754
vt 0.738008 0.360378
vt 0.723188 0.650754
vt 0.547274 0.254000
vt 0.534290 0.236105
vt 0.580898 0.208801
vt 0.587659 0.218129
vt 0.563500 0.269019
vt 0.596111 0.225958
vt 0.582344 0.280583
vt 0.605928 0.231988
vt 0.603082 0.288249
vt 0.616732 0.235986
vt 0.624917 0.291722
vt 0.628109 0.237801
vt 0.647010 0.290869
vt 0.639621 0.237360
vt 0.668512 0.285721
vt 0.650826 0.234683
vt 0.688597 0.276478
vt 0.661294 0.229870
vt 0.706493 0.263494
vt 0.670621 0.223108
vt 0.721511 0.247268
vt 0.678450 0.214657
vt 0.733076 0.228424
vt 0.684480 0.204840
vt 0.740742 0.207686
vt 0.688479 0.194036
vt 0.744215 0.185851
vt 0.690293 0.182659
vt 0.743361 0.163757
vt 0.689853 0.171147
vt 0.738214 0.142255
vt 0.687175 0.159941
vt 0.728970 0.122170
vt 0.682363 0.149474
vt 0.715986 0.104275
vt 0.675601 0.140146
vt 0.699760 0.089256
vt 0.667149 0.132317
vt 0.680916 0.077692
vt 0.657332 0.126287
vt 0.660178 0.070026
vt 0.646528 0.122289
vt 0.638343 0.066553
vt 0.635151 0.120475
vt 0.616250 0.067406
vt 0.623639 0.120915
vt 0.594748 0.072554
vt 0.612434 0.123593
vt 0.574663 0.081797
vt 0.601966 0.128405
vt 0.556767 0.094781
vt 0.592639 0.135167
vt 0.541749 0.111007
vt 0.584810 0.143618
vt 0.530184 0.129851
vt 0.578780 0.153435
vt 0.522518 0.150590
vt 0.574781 0.164240
vt 0.519045 0.172425
vt 0.572967 0.175617
vt 0.519899 0.194518
vt 0.573407 0.187129
vt 0.525046 0.216020
vt 0.576085 0.198334
vt 0.528876 0.239271
vt 0.542582 0.258162
vt 0.523291 0.242534
vt 0.537740 0.262452
vt 0.517500 0.245914
vt 0.532720 0.266896
vt 0.505478 0.252928
vt 0.511536 0.249393
vt 0.527549 0.271472
vt 0.522297 0.276121
vt 0.519119 0.218070
vt 0.513004 0.220180
vt 0.506666 0.222365
vt 0.500137 0.224614
vt 0.493506 0.226899
vt 0.513685 0.195372
vt 0.507277 0.196249
vt 0.500634 0.197155
vt 0.493792 0.198087
vt 0.486842 0.199035
vt 0.512784 0.172050
vt 0.506328 0.171660
vt 0.499635 0.171253
vt 0.492743 0.170832
vt 0.485742 0.170406
vt 0.516451 0.149001
vt 0.510194 0.147359
vt 0.503710 0.145653
vt 0.497032 0.143896
vt 0.490249 0.142112
vt 0.524543 0.127109
vt 0.518727 0.124278
vt 0.512700 0.121341
vt 0.506494 0.118315
vt 0.500189 0.115242
vt 0.536751 0.107217
vt 0.531599 0.103306
vt 0.526261 0.099249
vt 0.520764 0.095070
vt 0.515180 0.090827
vt 0.552605 0.090089
vt 0.548315 0.085248
vt 0.543871 0.080228
vt 0.539295 0.075057
vt 0.534646 0.069805
vt 0.571496 0.076383
vt 0.568233 0.070798
vt 0.564854 0.065007
vt 0.561375 0.059043
vt 0.557839 0.052985
vt 0.592698 0.066626
vt 0.590587 0.060512
vt 0.588403 0.054173
vt 0.586154 0.047645
vt 0.583868 0.041013
vt 0.615396 0.061193
vt 0.614519 0.054784
vt 0.613612 0.048141
vt 0.612681 0.041299
vt 0.611733 0.034349
vt 0.638718 0.060292
vt 0.639108 0.053835
vt 0.639515 0.047143
vt 0.639936 0.040251
vt 0.640362 0.033250
vt 0.661767 0.063958
vt 0.663409 0.057702
vt 0.665114 0.051218
vt 0.666872 0.044540
vt 0.668655 0.037756
vt 0.683658 0.072051
vt 0.686490 0.066235
vt 0.689427 0.060208
vt 0.692453 0.054002
vt 0.695526 0.047696
vt 0.703550 0.084259
vt 0.707462 0.079107
vt 0.711518 0.073769
vt 0.715697 0.068272
vt 0.719941 0.062687
vt 0.720678 0.100113
vt 0.725520 0.095823
vt 0.730540 0.091379
vt 0.735711 0.086803
vt 0.740963 0.082154
vt 0.734384 0.119004
vt 0.739970 0.115741
vt 0.745760 0.112361
vt 0.751724 0.108882
vt 0.757783 0.105347
vt 0.744141 0.140206
vt 0.750256 0.138095
vt 0.756594 0.135910
vt 0.763123 0.133662
vt 0.769754 0.131376
vt 0.749575 0.162904
vt 0.755984 0.162026
vt 0.762627 0.161120
vt 0.769468 0.160188
vt 0.776418 0.159240
vt 0.750476 0.186226
vt 0.756932 0.186615
vt 0.763625 0.187023
vt 0.770517 0.187443
vt 0.777518 0.187870
vt 0.746809 0.209275
vt 0.753066 0.210917
vt 0.759550 0.212622
vt 0.766228 0.214379
vt 0.773011 0.216163
vt 0.738717 0.231166
vt 0.744533 0.233997
vt 0.750560 0.236935
vt 0.756766 0.239961
vt 0.763071 0.243034
vt 0.726509 0.251058
vt 0.731661 0.254969
vt 0.736999 0.259026
vt 0.742495 0.263205
vt 0.748080 0.267449
vt 0.710655 0.268186
vt 0.714945 0.273027
vt 0.719389 0.278047
vt 0.723965 0.283218
vt 0.728614 0.288470
vt 0.691764 0.281892
vt 0.695027 0.287477
vt 0.698406 0.293268
vt 0.701885 0.299232
vt 0.705421 0.305290
vt 0.670562 0.291649
vt 0.672673 0.297764
vt 0.674857 0.304102
vt 0.677106 0.310630
vt 0.679392 0.317262
vt 0.647864 0.297082
vt 0.648741 0.303491
vt 0.649647 0.310134
vt 0.650579 0.316976
vt 0.651527 0.323926
vt 0.624542 0.297983
vt 0.624152 0.304440
vt 0.623745 0.311132
vt 0.623324 0.318024
vt 0.622898 0.325025
vt 0.601493 0.294317
vt 0.599851 0.300573
vt 0.598146 0.307057
vt 0.596388 0.313735
vt 0.594605 0.320519
vt 0.579602 0.286224
vt 0.576770 0.292040
vt 0.573833 0.298067
vt 0.570807 0.304273
vt 0.567734 0.310579
vt 0.559710 0.274016
vt 0.555798 0.279168
vt 0.551742 0.284506
vt 0.547563 0.290003
vt 0.543319 0.295588
vt 0.761643 0.858724
vt 0.751806 0.891153
vt 0.592094 0.824998
vt 0.735831 0.921040
vt 0.714332 0.947236
vt 0.688136 0.968735
vt 0.658249 0.984710
vt 0.625819 0.994548
vt 0.592094 0.997869
vt 0.558368 0.994548
vt 0.525939 0.984710
vt 0.496052 0.968735
vt 0.469856 0.947237
vt 0.448357 0.921040
vt 0.432382 0.891153
vt 0.422544 0.858724
vt 0.419223 0.824998
vt 0.422544 0.791273
vt 0.432382 0.758843
vt 0.448357 0.728956
vt 0.469855 0.702760
vt 0.496052 0.681261
vt 0.525939 0.665286
vt 0.558368 0.655449
vt 0.592094 0.652127
vt 0.625819 0.655449
vt 0.658249 0.665286
vt 0.688136 0.681261
vt 0.714332 0.702760
vt 0.735831 0.728956
vt 0.751806 0.758843
vt 0.761643 0.791273
vt 0.764965 0.824998
vt 0.478889 0.268590
vt 0.464373 0.237073
vt 0.456284 0.203330
vt 0.454933 0.168657
vt 0.460373 0.134386
vt 0.472394 0.101836
vt 0.490535 0.072256
vt 0.514098 0.046783
vt 0.542177 0.026397
vt 0.573694 0.011880
vt 0.607438 0.003791
vt 0.642111 0.002441
vt 0.676381 0.007881
vt 0.708932 0.019902
vt 0.738512 0.038043
vt 0.763985 0.061605
vt 0.784371 0.089685
vt 0.798887 0.121202
vt 0.806976 0.154946
vt 0.808327 0.189619
vt 0.802887 0.223889
vt 0.790865 0.256440
vt 0.772725 0.286020
vt 0.749162 0.311492
vt 0.721083 0.331879
vt 0.689565 0.346395
vt 0.655822 0.354484
vt 0.621149 0.355834
vt 0.586878 0.350394
vt 0.554328 0.338373
vt 0.524748 0.320232
vt 0.499275 0.296669
vt 0.476780 0.269827
vt 0.477785 0.269237
vt 0.498319 0.297519
vt 0.497448 0.298294
vt 0.523975 0.321252
vt 0.523272 0.322182
vt 0.553769 0.339524
vt 0.553261 0.340573
vt 0.586555 0.351632
vt 0.586261 0.352760
vt 0.621073 0.357111
vt 0.621005 0.358275
vt 0.655997 0.355751
vt 0.656157 0.356906
vt 0.689984 0.347604
vt 0.690367 0.348705
vt 0.721729 0.332983
vt 0.722319 0.333988
vt 0.750012 0.312449
vt 0.750786 0.313320
vt 0.773745 0.286792
vt 0.774674 0.287496
vt 0.792017 0.256999
vt 0.793065 0.257507
vt 0.804125 0.224213
vt 0.805253 0.224507
vt 0.809604 0.189695
vt 0.810768 0.189763
vt 0.808244 0.154771
vt 0.809398 0.154611
vt 0.800096 0.120783
vt 0.801198 0.120401
vt 0.785475 0.089038
vt 0.786480 0.088448
vt 0.764941 0.060756
vt 0.765812 0.059981
vt 0.739285 0.037023
vt 0.739988 0.036093
vt 0.709491 0.018751
vt 0.709999 0.017702
vt 0.676705 0.006643
vt 0.676999 0.005515
vt 0.642187 0.001164
vt 0.642255 0.000000
vt 0.607263 0.002524
vt 0.607103 0.001369
vt 0.573275 0.010671
vt 0.572893 0.009570
vt 0.541530 0.025293
vt 0.540941 0.024287
vt 0.513248 0.045826
vt 0.512473 0.044955
vt 0.489515 0.071483
vt 0.488585 0.070780
vt 0.471243 0.101277
vt 0.470194 0.100769
vt 0.459135 0.134063
vt 0.458007 0.133769
vt 0.453656 0.168581
vt 0.452492 0.168513
vt 0.455016 0.203505
vt 0.453862 0.203665
vt 0.463164 0.237492
vt 0.462063 0.237875
vt 0.308829 0.251827
vt 0.301892 0.267741
vt 0.288587 0.260313
vt 0.294330 0.247136
vt 0.291984 0.281997
vt 0.280383 0.272115
vt 0.279485 0.294046
vt 0.270035 0.282091
vt 0.264875 0.303424
vt 0.257939 0.289855
vt 0.248717 0.309772
vt 0.244561 0.295111
vt 0.231630 0.312846
vt 0.230415 0.297656
vt 0.214272 0.312528
vt 0.216044 0.297393
vt 0.197310 0.308829
vt 0.202000 0.294330
vt 0.181395 0.301892
vt 0.188824 0.288587
vt 0.167140 0.291984
vt 0.177022 0.280383
vt 0.155091 0.279485
vt 0.167046 0.270035
vt 0.145713 0.264875
vt 0.159281 0.257939
vt 0.139364 0.248717
vt 0.154025 0.244561
vt 0.136290 0.231630
vt 0.151480 0.230415
vt 0.136609 0.214272
vt 0.151744 0.216044
vt 0.140308 0.197310
vt 0.154806 0.202000
vt 0.147245 0.181395
vt 0.160550 0.188824
vt 0.157153 0.167140
vt 0.168753 0.177022
vt 0.169652 0.155091
vt 0.179102 0.167046
vt 0.184262 0.145713
vt 0.191197 0.159281
vt 0.200420 0.139364
vt 0.204575 0.154025
vt 0.217507 0.136290
vt 0.218722 0.151480
vt 0.234864 0.136609
vt 0.233093 0.151744
vt 0.251827 0.140308
vt 0.247136 0.154806
vt 0.267741 0.147245
vt 0.260313 0.160550
vt 0.281997 0.157153
vt 0.272115 0.168753
vt 0.294046 0.169652
vt 0.282091 0.179102
vt 0.303424 0.184262
vt 0.289855 0.191197
vt 0.309772 0.200420
vt 0.295111 0.204576
vt 0.312846 0.217507
vt 0.297656 0.218722
vt 0.312528 0.234864
vt 0.297393 0.233093
vt 0.317925 0.254769
vt 0.322023 0.235976
vt 0.327018 0.257712
vt 0.331516 0.237088
vt 0.336108 0.260657
vt 0.341005 0.238203
vt 0.345193 0.263603
vt 0.350490 0.239321
vt 0.354274 0.266553
vt 0.359972 0.240442
vt 0.363355 0.269505
vt 0.369455 0.241566
vt 0.372441 0.272462
vt 0.378943 0.242693
vt 0.381539 0.275425
vt 0.388445 0.243824
vt 0.399828 0.281379
vt 0.390663 0.278396
vt 0.397973 0.244959
vt 0.407544 0.246096
vt 0.310239 0.272402
vt 0.318583 0.277062
vt 0.326924 0.281724
vt 0.335259 0.286386
vt 0.343591 0.291050
vt 0.351921 0.295718
vt 0.360256 0.300390
vt 0.368602 0.305071
vt 0.376970 0.309765
vt 0.385377 0.314479
vt 0.299261 0.288196
vt 0.306536 0.294395
vt 0.313807 0.300594
vt 0.321072 0.306793
vt 0.328334 0.312993
vt 0.335594 0.319196
vt 0.342856 0.325405
vt 0.350129 0.331624
vt 0.357421 0.337860
vt 0.364746 0.344124
vt 0.285413 0.301545
vt 0.291338 0.309045
vt 0.297260 0.316543
vt 0.303177 0.324040
vt 0.309089 0.331537
vt 0.315000 0.339037
vt 0.320911 0.346544
vt 0.326831 0.354062
vt 0.332766 0.361602
vt 0.338729 0.369174
vt 0.269226 0.311936
vt 0.273575 0.320448
vt 0.277920 0.328957
vt 0.282261 0.337464
vt 0.286597 0.345971
vt 0.290930 0.354480
vt 0.295264 0.362996
vt 0.299603 0.371525
vt 0.303953 0.380077
vt 0.308324 0.388667
vt 0.251323 0.318970
vt 0.253928 0.328166
vt 0.256530 0.337360
vt 0.259127 0.346550
vt 0.261720 0.355740
vt 0.264311 0.364931
vt 0.266900 0.374128
vt 0.269491 0.383339
vt 0.272089 0.392576
vt 0.274701 0.401854
vt 0.232392 0.322376
vt 0.233153 0.331903
vt 0.233911 0.341428
vt 0.234666 0.350949
vt 0.235416 0.360467
vt 0.236164 0.369987
vt 0.236909 0.379513
vt 0.237653 0.389053
vt 0.238399 0.398619
vt 0.239151 0.408228
vt 0.213161 0.322023
vt 0.212048 0.331516
vt 0.210934 0.341005
vt 0.209816 0.350490
vt 0.208695 0.359972
vt 0.207571 0.369455
vt 0.206443 0.378943
vt 0.205312 0.388445
vt 0.204178 0.397973
vt 0.203040 0.407544
vt 0.194368 0.317925
vt 0.191424 0.327018
vt 0.188480 0.336108
vt 0.185533 0.345193
vt 0.182584 0.354274
vt 0.179632 0.363355
vt 0.176675 0.372441
vt 0.173712 0.381539
vt 0.170740 0.390663
vt 0.167757 0.399828
vt 0.176735 0.310239
vt 0.172074 0.318583
vt 0.167413 0.326924
vt 0.162751 0.335259
vt 0.158087 0.343591
vt 0.153419 0.351921
vt 0.148747 0.360256
vt 0.144065 0.368601
vt 0.139371 0.376970
vt 0.134657 0.385377
vt 0.160941 0.299261
vt 0.154742 0.306536
vt 0.148543 0.313807
vt 0.142344 0.321073
vt 0.136144 0.328334
vt 0.129941 0.335594
vt 0.123732 0.342856
vt 0.117513 0.350129
vt 0.111276 0.357421
vt 0.105013 0.364746
vt 0.147591 0.285413
vt 0.140092 0.291338
vt 0.132594 0.297260
vt 0.125097 0.303177
vt 0.117599 0.309090
vt 0.110099 0.315000
vt 0.102593 0.320911
vt 0.095074 0.326831
vt 0.087535 0.332766
vt 0.079963 0.338729
vt 0.137200 0.269226
vt 0.128689 0.273575
vt 0.120180 0.277920
vt 0.111672 0.282261
vt 0.103165 0.286597
vt 0.094657 0.290930
vt 0.086141 0.295264
vt 0.077612 0.299603
vt 0.069060 0.303953
vt 0.060470 0.308324
vt 0.130167 0.251323
vt 0.120971 0.253928
vt 0.111777 0.256530
vt 0.102586 0.259127
vt 0.093397 0.261720
vt 0.084206 0.264310
vt 0.075009 0.266900
vt 0.065797 0.269491
vt 0.056561 0.272089
vt 0.047283 0.274701
vt 0.126761 0.232392
vt 0.117234 0.233153
vt 0.107709 0.233911
vt 0.098188 0.234666
vt 0.088669 0.235416
vt 0.079150 0.236164
vt 0.069624 0.236909
vt 0.060084 0.237653
vt 0.050518 0.238400
vt 0.040909 0.239151
vt 0.127114 0.213161
vt 0.117621 0.212048
vt 0.108132 0.210934
vt 0.098647 0.209816
vt 0.089164 0.208695
vt 0.079682 0.207571
vt 0.070194 0.206443
vt 0.060692 0.205313
vt 0.051164 0.204178
vt 0.041593 0.203040
vt 0.131212 0.194368
vt 0.122119 0.191424
vt 0.113029 0.188480
vt 0.103944 0.185533
vt 0.094863 0.182584
vt 0.085782 0.179632
vt 0.076696 0.176675
vt 0.067597 0.173712
vt 0.058474 0.170740
vt 0.049309 0.167757
vt 0.138898 0.176735
vt 0.130553 0.172074
vt 0.122213 0.167413
vt 0.113877 0.162751
vt 0.105546 0.158087
vt 0.097215 0.153419
vt 0.088881 0.148747
vt 0.080535 0.144065
vt 0.072167 0.139371
vt 0.063760 0.134658
vt 0.149876 0.160941
vt 0.142601 0.154742
vt 0.135330 0.148543
vt 0.128064 0.142344
vt 0.120803 0.136144
vt 0.113543 0.129941
vt 0.106280 0.123732
vt 0.099008 0.117513
vt 0.091716 0.111276
vt 0.084390 0.105013
vt 0.163724 0.147591
vt 0.157798 0.140092
vt 0.151877 0.132594
vt 0.145960 0.125097
vt 0.140047 0.117599
vt 0.134137 0.110099
vt 0.128225 0.102593
vt 0.122306 0.095074
vt 0.116371 0.087535
vt 0.110408 0.079963
vt 0.179911 0.137200
vt 0.175562 0.128689
vt 0.171217 0.120180
vt 0.166876 0.111672
vt 0.162540 0.103165
vt 0.158207 0.094657
vt 0.153873 0.086141
vt 0.149534 0.077612
vt 0.145184 0.069060
vt 0.140813 0.060470
vt 0.197813 0.130167
vt 0.195208 0.120971
vt 0.192607 0.111777
vt 0.190010 0.102586
vt 0.187416 0.093397
vt 0.184826 0.084206
vt 0.182237 0.075009
vt 0.179646 0.065797
vt 0.177047 0.056561
vt 0.174436 0.047283
vt 0.216744 0.126761
vt 0.215984 0.117234
vt 0.215226 0.107709
vt 0.214471 0.098188
vt 0.213721 0.088669
vt 0.212973 0.079150
vt 0.212228 0.069624
vt 0.211483 0.060084
vt 0.210737 0.050518
vt 0.209986 0.040909
vt 0.235976 0.127114
vt 0.237089 0.117621
vt 0.238203 0.108132
vt 0.239321 0.098647
vt 0.240442 0.089164
vt 0.241566 0.079682
vt 0.242693 0.070194
vt 0.243824 0.060692
vt 0.244958 0.051164
vt 0.246096 0.041593
vt 0.254769 0.131212
vt 0.257712 0.122119
vt 0.260657 0.113029
vt 0.263603 0.103944
vt 0.266553 0.094863
vt 0.269505 0.085782
vt 0.272462 0.076696
vt 0.275425 0.067597
vt 0.278396 0.058474
vt 0.281379 0.049309
vt 0.272402 0.138898
vt 0.277062 0.130553
vt 0.281724 0.122213
vt 0.286386 0.113877
vt 0.291050 0.105546
vt 0.295717 0.097215
vt 0.300390 0.088881
vt 0.305071 0.080535
vt 0.309765 0.072167
vt 0.314479 0.063760
vt 0.288196 0.149876
vt 0.294395 0.142601
vt 0.300594 0.135330
vt 0.306793 0.128064
vt 0.312993 0.120803
vt 0.319196 0.113543
vt 0.325405 0.106280
vt 0.331624 0.099008
vt 0.337860 0.091716
vt 0.344124 0.084390
vt 0.301545 0.163724
vt 0.309045 0.157798
vt 0.316543 0.151877
vt 0.324040 0.145960
vt 0.331537 0.140047
vt 0.339038 0.134137
vt 0.346544 0.128225
vt 0.354062 0.122306
vt 0.361602 0.116371
vt 0.369174 0.110408
vt 0.311936 0.179911
vt 0.320448 0.175562
vt 0.328957 0.171217
vt 0.337465 0.166876
vt 0.345971 0.162540
vt 0.354480 0.158207
vt 0.362996 0.153873
vt 0.371525 0.149534
vt 0.380077 0.145184
vt 0.388667 0.140813
vt 0.318970 0.197814
vt 0.328166 0.195209
vt 0.337360 0.192607
vt 0.346551 0.190010
vt 0.355740 0.187416
vt 0.364931 0.184826
vt 0.374128 0.182237
vt 0.383339 0.179646
vt 0.392576 0.177047
vt 0.401854 0.174436
vt 0.322376 0.216744
vt 0.331903 0.215984
vt 0.341428 0.215226
vt 0.350949 0.214471
vt 0.360467 0.213721
vt 0.369987 0.212973
vt 0.379513 0.212228
vt 0.389053 0.211484
vt 0.398619 0.210737
vt 0.408228 0.209986
vt 0.435950 0.292933
vt 0.418551 0.332857
vt 0.393698 0.368621
vt 0.362345 0.398848
vt 0.325697 0.422378
vt 0.285163 0.438307
vt 0.242300 0.446021
vt 0.198756 0.445225
vt 0.156204 0.435950
vt 0.116279 0.418551
vt 0.080516 0.393697
vt 0.050288 0.362344
vt 0.026758 0.325697
vt 0.010830 0.285163
vt 0.003116 0.242300
vt 0.003911 0.198756
vt 0.013187 0.156204
vt 0.030586 0.116279
vt 0.055439 0.080516
vt 0.086792 0.050288
vt 0.123440 0.026758
vt 0.163974 0.010830
vt 0.206836 0.003116
vt 0.250380 0.003911
vt 0.292932 0.013187
vt 0.332857 0.030586
vt 0.368621 0.055439
vt 0.398848 0.086792
vt 0.422378 0.123440
vt 0.438307 0.163974
vt 0.446021 0.206836
vt 0.445225 0.250381
vt 0.438924 0.293893
vt 0.437440 0.293414
vt 0.446780 0.250562
vt 0.448330 0.250742
vt 0.419918 0.333620
vt 0.421281 0.334380
vt 0.394889 0.369636
vt 0.396078 0.370646
vt 0.363316 0.400077
vt 0.364284 0.401299
vt 0.326410 0.423772
vt 0.327121 0.425161
vt 0.285590 0.439813
vt 0.286017 0.441314
vt 0.242425 0.447582
vt 0.242551 0.449137
vt 0.198574 0.446780
vt 0.198394 0.448330
vt 0.155722 0.437439
vt 0.155244 0.438924
vt 0.115516 0.419918
vt 0.114757 0.421281
vt 0.079501 0.394889
vt 0.078490 0.396078
vt 0.049060 0.363316
vt 0.047837 0.364284
vt 0.025364 0.326409
vt 0.023976 0.327121
vt 0.009324 0.285590
vt 0.007823 0.286016
vt 0.001555 0.242425
vt 0.000000 0.242551
vt 0.002356 0.198574
vt 0.000807 0.198394
vt 0.011697 0.155722
vt 0.010213 0.155244
vt 0.029219 0.115516
vt 0.027856 0.114757
vt 0.054247 0.079501
vt 0.053059 0.078490
vt 0.085821 0.049060
vt 0.084853 0.047837
vt 0.122727 0.025364
vt 0.122016 0.023976
vt 0.163547 0.009324
vt 0.163120 0.007823
vt 0.206711 0.001555
vt 0.206586 0.000000
vt 0.250562 0.002356
vt 0.250742 0.000807
vt 0.293414 0.011697
vt 0.293893 0.010213
vt 0.333620 0.029219
vt 0.334380 0.027856
vt 0.369636 0.054247
vt 0.370646 0.053059
vt 0.400077 0.085821
vt 0.401299 0.084853
vt 0.423772 0.122727
vt 0.425161 0.122016
vt 0.439813 0.163547
vt 0.441314 0.163120
vt 0.447582 0.206711
vt 0.449137 0.206586
vt 0.016737 0.769296
vt 0.004225 0.728049
vt 0.196268 0.689849
vt 0.197638 0.694365
vt 0.037056 0.807310
vt 0.199862 0.698526
vt 0.064400 0.840629
vt 0.202856 0.702173
vt 0.097719 0.867973
vt 0.206503 0.705167
vt 0.135733 0.888292
vt 0.210664 0.707391
vt 0.176980 0.900804
vt 0.215180 0.708761
vt 0.219875 0.905029
vt 0.219875 0.709223
vt 0.262771 0.900804
vt 0.224571 0.708761
vt 0.304018 0.888292
vt 0.229086 0.707391
vt 0.342031 0.867973
vt 0.233248 0.705167
vt 0.375350 0.840629
vt 0.236895 0.702173
vt 0.402695 0.807310
vt 0.239888 0.698526
vt 0.423013 0.769297
vt 0.242112 0.694365
vt 0.435526 0.728049
vt 0.243482 0.689850
vt 0.439750 0.685154
vt 0.243945 0.685154
vt 0.435526 0.642258
vt 0.243482 0.680458
vt 0.423014 0.601011
vt 0.242112 0.675943
vt 0.402695 0.562998
vt 0.239888 0.671782
vt 0.375351 0.529679
vt 0.236895 0.668134
vt 0.342031 0.502334
vt 0.233247 0.665141
vt 0.304018 0.482016
vt 0.229086 0.662917
vt 0.262771 0.469503
vt 0.224571 0.661547
vt 0.219875 0.465279
vt 0.219875 0.661084
vt 0.176980 0.469503
vt 0.215180 0.661547
vt 0.135733 0.482015
vt 0.210664 0.662917
vt 0.097719 0.502334
vt 0.206503 0.665141
vt 0.064400 0.529679
vt 0.202856 0.668134
vt 0.037056 0.562998
vt 0.199862 0.671782
vt 0.016737 0.601011
vt 0.197638 0.675943
vt 0.004225 0.642258
vt 0.196268 0.680458
vt 0.000000 0.685154
vt 0.195806 0.685153
vt 0.932361 0.036703
vt 0.936757 0.050514
vt 0.934913 0.050993
vt 0.931003 0.037104
vt 0.940660 0.064446
vt 0.938382 0.064958
vt 0.944024 0.078495
vt 0.941369 0.079002
vt 0.946836 0.092647
vt 0.943863 0.093117
vt 0.949095 0.106883
vt 0.945865 0.107292
vt 0.950815 0.121185
vt 0.947390 0.121517
vt 0.952038 0.135539
vt 0.948478 0.135784
vt 0.952861 0.149927
vt 0.949217 0.150071
vt 0.933703 0.036256
vt 0.919763 0.000000
vt 0.935027 0.035761
vt 0.936332 0.035219
vt 0.937614 0.034630
vt 0.938873 0.033994
vt 0.940106 0.033311
vt 0.941312 0.032581
vt 0.899432 0.033338
vt 0.898225 0.032609
vt 0.900667 0.034020
vt 0.901927 0.034655
vt 0.903211 0.035242
vt 0.904517 0.035783
vt 0.905842 0.036276
vt 0.907185 0.036722
vt 0.908544 0.037121
vt 0.909918 0.037473
vt 0.911303 0.037777
vt 0.912700 0.038035
vt 0.914105 0.038245
vt 0.915517 0.038409
vt 0.916934 0.038525
vt 0.918354 0.038594
vt 0.919776 0.038617
vt 0.921198 0.038592
vt 0.922619 0.038521
vt 0.924035 0.038402
vt 0.925447 0.038236
vt 0.926851 0.038024
vt 0.928246 0.037764
vt 0.929631 0.037458
vt 0.963822 0.651074
vt 0.959081 0.651173
vt 0.954340 0.651263
vt 0.945572 0.150203
vt 0.949597 0.651342
vt 0.941927 0.150319
vt 0.944854 0.651410
vt 0.938281 0.150421
vt 0.940111 0.651468
vt 0.934635 0.150506
vt 0.935367 0.651516
vt 0.930988 0.150575
vt 0.930623 0.651553
vt 0.927341 0.150626
vt 0.925878 0.651579
vt 0.923695 0.150660
vt 0.921133 0.651594
vt 0.920048 0.150676
vt 0.916389 0.651599
vt 0.916401 0.150674
vt 0.911644 0.651593
vt 0.912754 0.150655
vt 0.906899 0.651577
vt 0.909107 0.150618
vt 0.902155 0.651550
vt 0.905461 0.150564
vt 0.897411 0.651512
vt 0.901815 0.150494
vt 0.892667 0.651464
vt 0.898170 0.150408
vt 0.887925 0.651405
vt 0.894525 0.150306
vt 0.883182 0.651336
vt 0.890880 0.150190
vt 0.878440 0.651256
vt 0.887235 0.150061
vt 0.873699 0.651166
vt 0.883591 0.149921
vt 0.868959 0.651065
vt 0.879948 0.149771
vt 0.864220 0.650955
vt 0.876304 0.149613
vt 0.859481 0.650833
vt 0.872661 0.149449
vt 0.854743 0.650702
vt 0.869017 0.149282
vt 0.850006 0.650560
vt 0.865373 0.149116
vt 0.845271 0.650409
vt 0.861728 0.148954
vt 0.996985 0.650087
vt 0.992251 0.650259
vt 0.974726 0.148873
vt 0.978370 0.148688
vt 0.987515 0.650420
vt 0.971081 0.149060
vt 0.982778 0.650571
vt 0.967437 0.149245
vt 0.978041 0.650712
vt 0.963794 0.149427
vt 0.973302 0.650843
vt 0.960150 0.149603
vt 0.968563 0.650963
vt 0.956506 0.149770
vt 0.944919 0.136003
vt 0.943965 0.121812
vt 0.942632 0.107653
vt 0.940883 0.093531
vt 0.938703 0.079449
vt 0.936091 0.065410
vt 0.933055 0.051414
vt 0.941361 0.136194
vt 0.940539 0.122069
vt 0.939395 0.107967
vt 0.937896 0.093889
vt 0.936027 0.079835
vt 0.933788 0.065800
vt 0.931184 0.051779
vt 0.937803 0.136359
vt 0.937113 0.122288
vt 0.936156 0.108233
vt 0.934904 0.094193
vt 0.933344 0.080162
vt 0.931475 0.066131
vt 0.929302 0.052088
vt 0.934245 0.136495
vt 0.933686 0.122469
vt 0.932915 0.108452
vt 0.931907 0.094442
vt 0.930654 0.080429
vt 0.929154 0.066401
vt 0.927411 0.052340
vt 0.930687 0.136603
vt 0.930259 0.122612
vt 0.929672 0.108624
vt 0.928907 0.094637
vt 0.927959 0.080638
vt 0.926826 0.066612
vt 0.925513 0.052538
vt 0.927129 0.136683
vt 0.926832 0.122715
vt 0.926428 0.108748
vt 0.925904 0.094777
vt 0.925260 0.080789
vt 0.924494 0.066763
vt 0.923610 0.052679
vt 0.923572 0.136733
vt 0.923405 0.122781
vt 0.923182 0.108826
vt 0.922900 0.094864
vt 0.922558 0.080881
vt 0.922158 0.066856
vt 0.921702 0.052764
vt 0.920014 0.136755
vt 0.919977 0.122807
vt 0.919937 0.108856
vt 0.919895 0.094897
vt 0.919855 0.080916
vt 0.919820 0.066889
vt 0.919793 0.052795
vt 0.916457 0.136748
vt 0.916550 0.122795
vt 0.916691 0.108840
vt 0.916889 0.094877
vt 0.917152 0.080892
vt 0.917482 0.066864
vt 0.917884 0.052770
vt 0.912899 0.136712
vt 0.913122 0.122745
vt 0.913445 0.108776
vt 0.913885 0.094803
vt 0.914449 0.080810
vt 0.915146 0.066779
vt 0.915976 0.052689
vt 0.909341 0.136648
vt 0.909694 0.122656
vt 0.910200 0.108666
vt 0.910881 0.094675
vt 0.911749 0.080671
vt 0.912812 0.066636
vt 0.914072 0.052553
vt 0.905784 0.136555
vt 0.906266 0.122529
vt 0.906956 0.108508
vt 0.907880 0.094493
vt 0.909053 0.080473
vt 0.910483 0.066434
vt 0.912172 0.052362
vt 0.902226 0.136434
vt 0.902839 0.122363
vt 0.903713 0.108305
vt 0.904881 0.094258
vt 0.906361 0.080216
vt 0.908160 0.066172
vt 0.910280 0.052114
vt 0.898667 0.136285
vt 0.899412 0.122160
vt 0.900472 0.108054
vt 0.901887 0.093968
vt 0.903675 0.079901
vt 0.905845 0.065850
vt 0.908396 0.051811
vt 0.895108 0.136110
vt 0.895985 0.121919
vt 0.897234 0.107755
vt 0.898897 0.093623
vt 0.900996 0.079526
vt 0.903539 0.065468
vt 0.906523 0.051451
vt 0.891549 0.135908
vt 0.892558 0.121641
vt 0.893997 0.107410
vt 0.895913 0.093224
vt 0.898326 0.079092
vt 0.901244 0.065025
vt 0.904662 0.051034
vt 0.887989 0.135681
vt 0.889131 0.121327
vt 0.890764 0.107018
vt 0.892936 0.092769
vt 0.895666 0.078596
vt 0.898962 0.064521
vt 0.902816 0.050561
vt 0.884427 0.135429
vt 0.885705 0.120975
vt 0.887535 0.106578
vt 0.889966 0.092258
vt 0.893018 0.078040
vt 0.896695 0.063955
vt 0.900986 0.050030
vt 0.880865 0.135154
vt 0.882280 0.120588
vt 0.884310 0.106091
vt 0.887006 0.091690
vt 0.890383 0.077422
vt 0.894445 0.063326
vt 0.899175 0.049441
vt 0.877301 0.134857
vt 0.878856 0.120166
vt 0.881091 0.105556
vt 0.884055 0.091064
vt 0.887763 0.076740
vt 0.892213 0.062633
vt 0.897384 0.048793
vt 0.873736 0.134539
vt 0.875432 0.119709
vt 0.877877 0.104973
vt 0.881115 0.090380
vt 0.885160 0.075993
vt 0.890002 0.061876
vt 0.895615 0.048086
vt 0.870170 0.134204
vt 0.872011 0.119218
vt 0.874670 0.104340
vt 0.878188 0.089636
vt 0.882575 0.075182
vt 0.887814 0.061052
vt 0.893871 0.047319
vt 0.866603 0.133853
vt 0.868592 0.118693
vt 0.871470 0.103658
vt 0.875275 0.088831
vt 0.880010 0.074303
vt 0.885651 0.060162
vt 0.892155 0.046492
vt 0.863036 0.133488
vt 0.865176 0.118134
vt 0.868279 0.102925
vt 0.872378 0.087963
vt 0.877467 0.073355
vt 0.883515 0.059204
vt 0.890468 0.045603
vt 0.976988 0.133208
vt 0.973420 0.133593
vt 0.974749 0.117844
vt 0.971338 0.118427
vt 0.971545 0.102645
vt 0.968361 0.103403
vt 0.967350 0.087715
vt 0.964461 0.088604
vt 0.962180 0.073156
vt 0.959645 0.074119
vt 0.956069 0.059064
vt 0.953940 0.060031
vt 0.949078 0.045525
vt 0.947396 0.046417
vt 0.969854 0.133965
vt 0.967923 0.118975
vt 0.965168 0.104108
vt 0.961556 0.089429
vt 0.957088 0.075013
vt 0.951784 0.060931
vt 0.945684 0.047249
vt 0.966288 0.134322
vt 0.964505 0.119488
vt 0.961966 0.104762
vt 0.958636 0.090192
vt 0.954509 0.075839
vt 0.949601 0.061764
vt 0.943945 0.048020
vt 0.962724 0.134659
vt 0.961084 0.119967
vt 0.958758 0.105365
vt 0.955703 0.090894
vt 0.951912 0.076599
vt 0.947396 0.062530
vt 0.942180 0.048731
vt 0.959161 0.134976
vt 0.957663 0.120409
vt 0.955542 0.105920
vt 0.952758 0.091536
vt 0.949298 0.077294
vt 0.945169 0.063232
vt 0.940392 0.049384
vt 0.955599 0.135270
vt 0.954239 0.120815
vt 0.952321 0.106425
vt 0.949802 0.092120
vt 0.946668 0.077926
vt 0.942923 0.063871
vt 0.938584 0.049978
vn 0.978780 0.063893 -0.194696
vn 0.921993 0.063893 -0.381899
vn 0.921993 0.063893 -0.381899
vn 0.978780 0.063893 -0.194697
vn 0.921993 0.063893 -0.381899
vn 0.829771 0.063893 -0.554434
vn 0.829771 0.063893 -0.554434
vn 0.921993 0.063893 -0.381899
vn 0.829771 0.063893 -0.554434
vn 0.705663 0.063893 -0.705661
vn 0.705663 0.063894 -0.705661
vn 0.829771 0.063893 -0.554434
vn 0.705663 0.063893 -0.705661
vn 0.554436 0.063894 -0.829770
vn 0.554436 0.063894 -0.829770
vn 0.705663 0.063894 -0.705661
vn 0.554436 0.063894 -0.829770
vn 0.381902 0.063894 -0.921992
vn 0.381902 0.063894 -0.921992
vn 0.554436 0.063894 -0.829770
vn 0.381902 0.063894 -0.921992
vn 0.194692 0.063894 -0.978781
vn 0.194692 0.063894 -0.978781
vn 0.381902 0.063894 -0.921992
vn 0.194692 0.063894 -0.978781
vn 0.000000 0.063894 -0.997957
vn 0.000000 0.063894 -0.997957
vn 0.194692 0.063894 -0.978781
vn 0.000000 0.063894 -0.997957
vn -0.194692 0.063894 -0.978781
vn -0.194692 0.063894 -0.978781
vn 0.000000 0.063894 -0.997957
vn -0.194692 0.063894 -0.978781
vn -0.381901 0.063894 -0.921992
vn -0.381901 0.063894 -0.921992
vn -0.194692 0.063894 -0.978781
vn -0.381901 0.063894 -0.921992
vn -0.554434 0.063894 -0.829771
vn -0.554434 0.063894 -0.829771
vn -0.381901 0.063894 -0.921992
vn -0.554434 0.063894 -0.829771
vn -0.705662 0.063894 -0.705662
vn -0.705662 0.063894 -0.705662
vn -0.554434 0.063894 -0.829771
vn -0.705662 0.063894 -0.705662
vn -0.829771 0.063894 -0.554435
vn -0.829771 0.063894 -0.554435
vn -0.705662 0.063894 -0.705662
vn -0.829771 0.063894 -0.554435
vn -0.921992 0.063894 -0.381902
vn -0.921992 0.063894 -0.381902
vn -0.829771 0.063894 -0.554435
vn -0.921992 0.063894 -0.381902
vn -0.978781 0.063894 -0.194692
vn -0.978781 0.063894 -0.194692
vn -0.921992 0.063894 -0.381902
vn -0.978781 0.063894 -0.194692
vn -0.997957 0.063894 -0.000002
vn -0.997957 0.063894 -0.000002
vn -0.978781 0.063894 -0.194692
vn -0.997957 0.063894 -0.000002
vn -0.978781 0.063894 0.194691
vn -0.978781 0.063894 0.194691
vn -0.997957 0.063894 -0.000002
vn -0.978781 0.063894 0.194691
vn -0.921992 0.063894 0.381902
vn -0.921992 0.063894 0.381902
vn -0.978781 0.063894 0.194691
vn -0.921992 0.063894 0.381902
vn -0.829771 0.063894 0.554434
vn -0.829771 0.063894 0.554434
vn -0.921992 0.063894 0.381902
vn -0.829771 0.063894 0.554434
vn -0.705663 0.063894 0.705661
vn -0.705663 0.063894 0.705661
vn -0.829771 0.063894 0.554434
vn -0.705663 0.063894 0.705661
vn -0.554435 0.063894 0.829771
vn -0.554435 0.063894 0.829771
vn -0.705663 0.063894 0.705661
vn -0.554435 0.063894 0.829771
vn -0.381902 0.063894 0.921992
vn -0.381902 0.063894 0.921992
vn -0.554435 0.063894 0.829771
vn -0.381902 0.063894 0.921992
vn -0.194692 0.063894 0.978781
vn -0.194692 0.063894 0.978781
vn -0.381902 0.063894 0.921992
vn -0.194692 0.063894 0.978781
vn -0.000001 0.063894 0.997957
vn -0.000001 0.063894 0.997957
vn -0.194692 0.063894 0.978781
vn -0.000001 0.063894 0.997957
vn 0.194691 0.063894 0.978781
vn 0.194691 0.063894 0.978781
vn -0.000001 0.063894 0.997957
vn 0.194691 0.063894 0.978781
vn 0.381902 0.063894 0.921992
vn 0.381902 0.063894 0.921992
vn 0.194691 0.063894 0.978781
vn 0.381902 0.063894 0.921992
vn 0.554435 0.063894 0.829771
vn 0.554435 0.063894 0.829771
vn 0.381902 0.063894 0.921992
vn 0.554435 0.063894 0.829771
vn 0.705662 0.063894 0.705662
vn 0.705662 0.063894 0.705662
vn 0.554435 0.063894 0.829771
vn 0.705662 0.063894 0.705662
vn 0.829771 0.063894 0.554435
vn 0.829771 0.063894 0.554435
vn 0.705662 0.063894 0.705662
vn 0.829771 0.063894 0.554435
vn 0.921991 0.063894 0.381903
vn 0.921992 0.063894 0.381902
vn 0.829771 0.063894 0.554435
vn 0.921991 0.063894 0.381903
vn 0.978781 0.063894 0.194694
vn 0.978781 0.063894 0.194694
vn 0.921992 0.063894 0.381902
vn 0.978781 0.063894 0.194694
vn 0.997957 0.063894 -0.000005
vn 0.997957 0.063894 -0.000005
vn 0.978781 0.063894 0.194694
vn 0.997957 0.063894 -0.000005
vn 0.978780 0.063893 -0.194696
vn 0.978780 0.063893 -0.194697
vn 0.997957 0.063894 -0.000005
vn 0.195577 -0.977337 -0.081010
vn 0.207623 -0.977337 -0.041296
vn 0.184621 -0.982124 -0.036720
vn 0.173909 -0.982124 -0.072035
vn 0.176015 -0.977337 -0.117609
vn 0.195577 -0.977337 -0.081010
vn 0.173909 -0.982124 -0.072035
vn 0.156514 -0.982123 -0.104580
vn 0.149688 -0.977337 -0.149687
vn 0.176015 -0.977337 -0.117609
vn 0.156514 -0.982123 -0.104580
vn 0.133104 -0.982124 -0.133102
vn 0.117609 -0.977337 -0.176014
vn 0.149688 -0.977337 -0.149687
vn 0.133104 -0.982124 -0.133102
vn 0.104579 -0.982124 -0.156513
vn 0.081011 -0.977337 -0.195577
vn 0.117609 -0.977337 -0.176014
vn 0.104579 -0.982124 -0.156513
vn 0.072036 -0.982123 -0.173909
vn 0.041299 -0.977337 -0.207623
vn 0.081011 -0.977337 -0.195577
vn 0.072036 -0.982123 -0.173909
vn 0.036723 -0.982124 -0.184620
vn 0.000000 -0.977337 -0.211691
vn 0.041299 -0.977337 -0.207623
vn 0.036723 -0.982124 -0.184620
vn 0.000000 -0.982124 -0.188237
vn -0.041299 -0.977337 -0.207622
vn 0.000000 -0.977337 -0.211691
vn 0.000000 -0.982124 -0.188237
vn -0.036723 -0.982124 -0.184619
vn -0.081010 -0.977337 -0.195577
vn -0.041299 -0.977337 -0.207622
vn -0.036723 -0.982124 -0.184619
vn -0.072035 -0.982124 -0.173908
vn -0.117609 -0.977336 -0.176016
vn -0.081010 -0.977337 -0.195577
vn -0.072035 -0.982124 -0.173908
vn -0.104579 -0.982123 -0.156515
vn -0.149688 -0.977336 -0.149690
vn -0.117609 -0.977336 -0.176016
vn -0.104579 -0.982123 -0.156515
vn -0.133104 -0.982123 -0.133106
vn -0.176014 -0.977337 -0.117611
vn -0.149688 -0.977336 -0.149690
vn -0.133104 -0.982123 -0.133106
vn -0.156514 -0.982123 -0.104581
vn -0.195577 -0.977337 -0.081011
vn -0.176014 -0.977337 -0.117611
vn -0.156514 -0.982123 -0.104581
vn -0.173909 -0.982124 -0.072035
vn -0.207623 -0.977337 -0.041299
vn -0.195577 -0.977337 -0.081011
vn -0.173909 -0.982124 -0.072035
vn -0.184621 -0.982124 -0.036723
vn -0.211691 -0.977337 0.000000
vn -0.207623 -0.977337 -0.041299
vn -0.184621 -0.982124 -0.036723
vn -0.188238 -0.982124 0.000000
vn -0.207623 -0.977337 0.041301
vn -0.211691 -0.977337 0.000000
vn -0.188238 -0.982124 0.000000
vn -0.184621 -0.982123 0.036726
vn -0.195577 -0.977337 0.081011
vn -0.207623 -0.977337 0.041301
vn -0.184621 -0.982123 0.036726
vn -0.173909 -0.982123 0.072037
vn -0.176015 -0.977337 0.117610
vn -0.195577 -0.977337 0.081011
vn -0.173909 -0.982123 0.072037
vn -0.156514 -0.982123 0.104580
vn -0.149688 -0.977337 0.149688
vn -0.176015 -0.977337 0.117610
vn -0.156514 -0.982123 0.104580
vn -0.133104 -0.982124 0.133103
vn -0.117609 -0.977337 0.176014
vn -0.149688 -0.977337 0.149688
vn -0.133104 -0.982124 0.133103
vn -0.104579 -0.982124 0.156512
vn -0.081011 -0.977337 0.195577
vn -0.117609 -0.977337 0.176014
vn -0.104579 -0.982124 0.156512
vn -0.072035 -0.982124 0.173909
vn -0.041299 -0.977337 0.207624
vn -0.081011 -0.977337 0.195577
vn -0.072035 -0.982124 0.173909
vn -0.036723 -0.982124 0.184621
vn 0.000000 -0.977337 0.211691
vn -0.041299 -0.977337 0.207624
vn -0.036723 -0.982124 0.184621
vn 0.000000 -0.982123 0.188238
vn 0.041299 -0.977337 0.207621
vn 0.000000 -0.977337 0.211691
vn 0.000000 -0.982123 0.188238
vn 0.036723 -0.982124 0.184619
vn 0.081011 -0.977337 0.195575
vn 0.041299 -0.977337 0.207621
vn 0.036723 -0.982124 0.184619
vn 0.072036 -0.982124 0.173907
vn 0.117609 -0.977337 0.176015
vn 0.081011 -0.977337 0.195575
vn 0.072036 -0.982124 0.173907
vn 0.104579 -0.982123 0.156515
vn 0.149688 -0.977337 0.149689
vn 0.117609 -0.977337 0.176015
vn 0.104579 -0.982123 0.156515
vn 0.133104 -0.982123 0.133105
vn 0.176014 -0.977337 0.117610
vn 0.149688 -0.977337 0.149689
vn 0.133104 -0.982123 0.133105
vn 0.156514 -0.982123 0.104580
vn 0.195577 -0.977337 0.081010
vn 0.176014 -0.977337 0.117610
vn 0.156514 -0.982123 0.104580
vn 0.173909 -0.982124 0.072035
vn 0.207623 -0.977337 0.041295
vn 0.195577 -0.977337 0.081010
vn 0.173909 -0.982124 0.072035
vn 0.184621 -0.982124 0.036720
vn 0.211691 -0.977337 0.000000
vn 0.207623 -0.977337 0.041295
vn 0.184621 -0.982124 0.036720
vn 0.188238 -0.982124 0.000000
vn 0.207623 -0.977337 -0.041296
vn 0.211691 -0.977337 0.000000
vn 0.188238 -0.982124 0.000000
vn 0.184621 -0.982124 -0.036720
vn 0.486196 -0.868482 -0.096713
vn 0.207623 -0.977337 -0.041296
vn 0.195577 -0.977337 -0.081010
vn 0.457987 -0.868482 -0.189703
vn 0.713402 -0.686236 -0.141906
vn 0.486196 -0.868482 -0.096713
vn 0.457987 -0.868482 -0.189703
vn 0.672011 -0.686236 -0.278357
vn 0.869614 -0.462439 -0.172978
vn 0.713402 -0.686236 -0.141906
vn 0.672011 -0.686236 -0.278357
vn 0.819159 -0.462439 -0.339307
vn 0.980750 0.008467 -0.195086
vn 0.957005 -0.218868 -0.190363
vn 0.901480 -0.218868 -0.373405
vn 0.923847 0.008467 -0.382669
vn 0.957005 -0.218868 -0.190363
vn 0.869614 -0.462439 -0.172978
vn 0.819159 -0.462439 -0.339307
vn 0.901480 -0.218868 -0.373405
vn 0.207623 -0.977337 -0.041296
vn 0.486196 -0.868482 -0.096713
vn 0.495721 -0.868482 -0.000001
vn 0.211691 -0.977337 0.000000
vn 0.486196 -0.868482 -0.096713
vn 0.713402 -0.686236 -0.141906
vn 0.727379 -0.686236 -0.000002
vn 0.495721 -0.868482 -0.000001
vn 0.713402 -0.686236 -0.141906
vn 0.869614 -0.462439 -0.172978
vn 0.886652 -0.462438 -0.000002
vn 0.727379 -0.686236 -0.000002
vn 0.869614 -0.462439 -0.172978
vn 0.957005 -0.218868 -0.190363
vn 0.975754 -0.218868 -0.000002
vn 0.886652 -0.462438 -0.000002
vn 0.957005 -0.218868 -0.190363
vn 0.980750 0.008467 -0.195086
vn 0.999964 0.008467 -0.000002
vn 0.975754 -0.218868 -0.000002
vn 0.211691 -0.977337 0.000000
vn 0.495721 -0.868482 -0.000001
vn 0.486196 -0.868482 0.096710
vn 0.207623 -0.977337 0.041295
vn 0.495721 -0.868482 -0.000001
vn 0.727379 -0.686236 -0.000002
vn 0.713403 -0.686236 0.141905
vn 0.486196 -0.868482 0.096710
vn 0.727379 -0.686236 -0.000002
vn 0.886652 -0.462438 -0.000002
vn 0.869615 -0.462438 0.172977
vn 0.713403 -0.686236 0.141905
vn 0.886652 -0.462438 -0.000002
vn 0.975754 -0.218868 -0.000002
vn 0.957005 -0.218868 0.190362
vn 0.869615 -0.462438 0.172977
vn 0.975754 -0.218868 -0.000002
vn 0.999964 0.008467 -0.000002
vn 0.980750 0.008467 0.195084
vn 0.957005 -0.218868 0.190362
vn 0.207623 -0.977337 0.041295
vn 0.486196 -0.868482 0.096710
vn 0.457987 -0.868482 0.189703
vn 0.195577 -0.977337 0.081010
vn 0.486196 -0.868482 0.096710
vn 0.713403 -0.686236 0.141905
vn 0.672010 -0.686236 0.278357
vn 0.457987 -0.868482 0.189703
vn 0.713403 -0.686236 0.141905
vn 0.869615 -0.462438 0.172977
vn 0.819158 -0.462438 0.339309
vn 0.672010 -0.686236 0.278357
vn 0.869615 -0.462438 0.172977
vn 0.957005 -0.218868 0.190362
vn 0.901479 -0.218868 0.373406
vn 0.819158 -0.462438 0.339309
vn 0.957005 -0.218868 0.190362
vn 0.980750 0.008467 0.195084
vn 0.923846 0.008467 0.382670
vn 0.901479 -0.218868 0.373406
vn 0.195577 -0.977337 0.081010
vn 0.457987 -0.868482 0.189703
vn 0.412177 -0.868481 0.275409
vn 0.176014 -0.977337 0.117610
vn 0.457987 -0.868482 0.189703
vn 0.672010 -0.686236 0.278357
vn 0.604793 -0.686235 0.404112
vn 0.412177 -0.868481 0.275409
vn 0.672010 -0.686236 0.278357
vn 0.819158 -0.462438 0.339309
vn 0.737223 -0.462438 0.492599
vn 0.604793 -0.686235 0.404112
vn 0.819158 -0.462438 0.339309
vn 0.901479 -0.218868 0.373406
vn 0.811311 -0.218868 0.542099
vn 0.737223 -0.462438 0.492599
vn 0.901479 -0.218868 0.373406
vn 0.923846 0.008467 0.382670
vn 0.831440 0.008467 0.555550
vn 0.811311 -0.218868 0.542099
vn 0.176014 -0.977337 0.117610
vn 0.412177 -0.868481 0.275409
vn 0.350528 -0.868481 0.350529
vn 0.149688 -0.977337 0.149689
vn 0.412177 -0.868481 0.275409
vn 0.604793 -0.686235 0.404112
vn 0.514335 -0.686237 0.514334
vn 0.350528 -0.868481 0.350529
vn 0.604793 -0.686235 0.404112
vn 0.737223 -0.462438 0.492599
vn 0.626957 -0.462439 0.626958
vn 0.514335 -0.686237 0.514334
vn 0.737223 -0.462438 0.492599
vn 0.811311 -0.218868 0.542099
vn 0.689962 -0.218867 0.689963
vn 0.626957 -0.462439 0.626958
vn 0.811311 -0.218868 0.542099
vn 0.831440 0.008467 0.555550
vn 0.707081 0.008467 0.707082
vn 0.689962 -0.218867 0.689963
vn 0.149688 -0.977337 0.149689
vn 0.350528 -0.868481 0.350529
vn 0.275408 -0.868482 0.412177
vn 0.117609 -0.977337 0.176015
vn 0.350528 -0.868481 0.350529
vn 0.514335 -0.686237 0.514334
vn 0.404110 -0.686237 0.604793
vn 0.275408 -0.868482 0.412177
vn 0.514335 -0.686237 0.514334
vn 0.626957 -0.462439 0.626958
vn 0.492597 -0.462439 0.737223
vn 0.404110 -0.686237 0.604793
vn 0.626957 -0.462439 0.626958
vn 0.689962 -0.218867 0.689963
vn 0.542100 -0.218868 0.811311
vn 0.492597 -0.462439 0.737223
vn 0.689962 -0.218867 0.689963
vn 0.707081 0.008467 0.707082
vn 0.555550 0.008467 0.831440
vn 0.542100 -0.218868 0.811311
vn 0.117609 -0.977337 0.176015
vn 0.275408 -0.868482 0.412177
vn 0.189704 -0.868481 0.457989
vn 0.081011 -0.977337 0.195575
vn 0.275408 -0.868482 0.412177
vn 0.404110 -0.686237 0.604793
vn 0.278356 -0.686235 0.672011
vn 0.189704 -0.868481 0.457989
vn 0.404110 -0.686237 0.604793
vn 0.492597 -0.462439 0.737223
vn 0.339307 -0.462440 0.819158
vn 0.278356 -0.686235 0.672011
vn 0.492597 -0.462439 0.737223
vn 0.542100 -0.218868 0.811311
vn 0.373406 -0.218868 0.901479
vn 0.339307 -0.462440 0.819158
vn 0.542100 -0.218868 0.811311
vn 0.555550 0.008467 0.831440
vn 0.382669 0.008467 0.923847
vn 0.373406 -0.218868 0.901479
vn 0.081011 -0.977337 0.195575
vn 0.189704 -0.868481 0.457989
vn 0.096710 -0.868482 0.486196
vn 0.041299 -0.977337 0.207621
vn 0.189704 -0.868481 0.457989
vn 0.278356 -0.686235 0.672011
vn 0.141904 -0.686235 0.713404
vn 0.096710 -0.868482 0.486196
vn 0.278356 -0.686235 0.672011
vn 0.339307 -0.462440 0.819158
vn 0.172977 -0.462440 0.869614
vn 0.141904 -0.686235 0.713404
vn 0.339307 -0.462440 0.819158
vn 0.373406 -0.218868 0.901479
vn 0.190361 -0.218869 0.957005
vn 0.172977 -0.462440 0.869614
vn 0.373406 -0.218868 0.901479
vn 0.382669 0.008467 0.923847
vn 0.195083 0.008467 0.980750
vn 0.190361 -0.218869 0.957005
vn 0.041299 -0.977337 0.207621
vn 0.096710 -0.868482 0.486196
vn 0.000000 -0.868482 0.495720
vn 0.000000 -0.977337 0.211691
vn 0.096710 -0.868482 0.486196
vn 0.141904 -0.686235 0.713404
vn 0.000000 -0.686235 0.727380
vn 0.000000 -0.868482 0.495720
vn 0.141904 -0.686235 0.713404
vn 0.172977 -0.462440 0.869614
vn 0.000000 -0.462437 0.886652
vn 0.000000 -0.686235 0.727380
vn 0.172977 -0.462440 0.869614
vn 0.190361 -0.218869 0.957005
vn -0.000001 -0.218868 0.975754
vn 0.000000 -0.462437 0.886652
vn 0.190361 -0.218869 0.957005
vn 0.195083 0.008467 0.980750
vn -0.000001 0.008467 0.999964
vn -0.000001 -0.218868 0.975754
vn 0.000000 -0.977337 0.211691
vn 0.000000 -0.868482 0.495720
vn -0.096710 -0.868481 0.486197
vn -0.041299 -0.977337 0.207624
vn 0.000000 -0.868482 0.495720
vn 0.000000 -0.686235 0.727380
vn -0.141905 -0.686238 0.713401
vn -0.096710 -0.868481 0.486197
vn 0.000000 -0.686235 0.727380
vn 0.000000 -0.462437 0.886652
vn -0.172977 -0.462438 0.869615
vn -0.141905 -0.686238 0.713401
vn 0.000000 -0.462437 0.886652
vn -0.000001 -0.218868 0.975754
vn -0.190360 -0.218867 0.957006
vn -0.172977 -0.462438 0.869615
vn -0.000001 -0.218868 0.975754
vn -0.000001 0.008467 0.999964
vn -0.195084 0.008467 0.980750
vn -0.190360 -0.218867 0.957006
vn -0.041299 -0.977337 0.207624
vn -0.096710 -0.868481 0.486197
vn -0.189705 -0.868482 0.457987
vn -0.081011 -0.977337 0.195577
vn -0.096710 -0.868481 0.486197
vn -0.141905 -0.686238 0.713401
vn -0.278356 -0.686237 0.672010
vn -0.189705 -0.868482 0.457987
vn -0.141905 -0.686238 0.713401
vn -0.172977 -0.462438 0.869615
vn -0.339306 -0.462438 0.819160
vn -0.278356 -0.686237 0.672010
vn -0.172977 -0.462438 0.869615
vn -0.190360 -0.218867 0.957006
vn -0.373405 -0.218868 0.901480
vn -0.339306 -0.462438 0.819160
vn -0.190360 -0.218867 0.957006
vn -0.195084 0.008467 0.980750
vn -0.382670 0.008467 0.923846
vn -0.373405 -0.218868 0.901480
vn -0.081011 -0.977337 0.195577
vn -0.189705 -0.868482 0.457987
vn -0.275408 -0.868481 0.412180
vn -0.117609 -0.977337 0.176014
vn -0.189705 -0.868482 0.457987
vn -0.278356 -0.686237 0.672010
vn -0.404110 -0.686236 0.604794
vn -0.275408 -0.868481 0.412180
vn -0.278356 -0.686237 0.672010
vn -0.339306 -0.462438 0.819160
vn -0.492597 -0.462438 0.737224
vn -0.404110 -0.686236 0.604794
vn -0.339306 -0.462438 0.819160
vn -0.373405 -0.218868 0.901480
vn -0.542101 -0.218868 0.811310
vn -0.492597 -0.462438 0.737224
vn -0.373405 -0.218868 0.901480
vn -0.382670 0.008467 0.923846
vn -0.555550 0.008467 0.831440
vn -0.542101 -0.218868 0.811310
vn -0.117609 -0.977337 0.176014
vn -0.275408 -0.868481 0.412180
vn -0.350528 -0.868481 0.350530
vn -0.149688 -0.977337 0.149688
vn -0.275408 -0.868481 0.412180
vn -0.404110 -0.686236 0.604794
vn -0.514335 -0.686237 0.514333
vn -0.350528 -0.868481 0.350530
vn -0.404110 -0.686236 0.604794
vn -0.492597 -0.462438 0.737224
vn -0.626958 -0.462439 0.626956
vn -0.514335 -0.686237 0.514333
vn -0.492597 -0.462438 0.737224
vn -0.542101 -0.218868 0.811310
vn -0.689964 -0.218868 0.689962
vn -0.626958 -0.462439 0.626956
vn -0.542101 -0.218868 0.811310
vn -0.555550 0.008467 0.831440
vn -0.707082 0.008467 0.707081
vn -0.689964 -0.218868 0.689962
vn -0.149688 -0.977337 0.149688
vn -0.350528 -0.868481 0.350530
vn -0.412178 -0.868482 0.275407
vn -0.176015 -0.977337 0.117610
vn -0.350528 -0.868481 0.350530
vn -0.514335 -0.686237 0.514333
vn -0.604794 -0.686236 0.404109
vn -0.412178 -0.868482 0.275407
vn -0.514335 -0.686237 0.514333
vn -0.626958 -0.462439 0.626956
vn -0.737223 -0.462439 0.492598
vn -0.604794 -0.686236 0.404109
vn -0.626958 -0.462439 0.626956
vn -0.689964 -0.218868 0.689962
vn -0.811311 -0.218868 0.542099
vn -0.737223 -0.462439 0.492598
vn -0.689964 -0.218868 0.689962
vn -0.707082 0.008467 0.707081
vn -0.831441 0.008467 0.555549
vn -0.811311 -0.218868 0.542099
vn -0.176015 -0.977337 0.117610
vn -0.412178 -0.868482 0.275407
vn -0.457987 -0.868482 0.189703
vn -0.195577 -0.977337 0.081011
vn -0.412178 -0.868482 0.275407
vn -0.604794 -0.686236 0.404109
vn -0.672011 -0.686236 0.278356
vn -0.457987 -0.868482 0.189703
vn -0.604794 -0.686236 0.404109
vn -0.737223 -0.462439 0.492598
vn -0.819159 -0.462439 0.339307
vn -0.672011 -0.686236 0.278356
vn -0.737223 -0.462439 0.492598
vn -0.811311 -0.218868 0.542099
vn -0.901480 -0.218868 0.373405
vn -0.819159 -0.462439 0.339307
vn -0.811311 -0.218868 0.542099
vn -0.831441 0.008467 0.555549
vn -0.923847 0.008467 0.382669
vn -0.901480 -0.218868 0.373405
vn -0.195577 -0.977337 0.081011
vn -0.457987 -0.868482 0.189703
vn -0.486196 -0.868482 0.096711
vn -0.207623 -0.977337 0.041301
vn -0.457987 -0.868482 0.189703
vn -0.672011 -0.686236 0.278356
vn -0.713403 -0.686236 0.141905
vn -0.486196 -0.868482 0.096711
vn -0.672011 -0.686236 0.278356
vn -0.819159 -0.462439 0.339307
vn -0.869615 -0.462439 0.172977
vn -0.713403 -0.686236 0.141905
vn -0.819159 -0.462439 0.339307
vn -0.901480 -0.218868 0.373405
vn -0.957006 -0.218868 0.190360
vn -0.869615 -0.462439 0.172977
vn -0.901480 -0.218868 0.373405
vn -0.923847 0.008467 0.382669
vn -0.980750 0.008467 0.195083
vn -0.957006 -0.218868 0.190360
vn -0.207623 -0.977337 0.041301
vn -0.486196 -0.868482 0.096711
vn -0.495721 -0.868482 0.000000
vn -0.211691 -0.977337 0.000000
vn -0.486196 -0.868482 0.096711
vn -0.713403 -0.686236 0.141905
vn -0.727379 -0.686236 -0.000001
vn -0.495721 -0.868482 0.000000
vn -0.713403 -0.686236 0.141905
vn -0.869615 -0.462439 0.172977
vn -0.886651 -0.462439 -0.000001
vn -0.727379 -0.686236 -0.000001
vn -0.869615 -0.462439 0.172977
vn -0.957006 -0.218868 0.190360
vn -0.975754 -0.218868 -0.000002
vn -0.886651 -0.462439 -0.000001
vn -0.957006 -0.218868 0.190360
vn -0.980750 0.008467 0.195083
vn -0.999964 0.008468 -0.000001
vn -0.975754 -0.218868 -0.000002
vn -0.211691 -0.977337 0.000000
vn -0.495721 -0.868482 0.000000
vn -0.486196 -0.868482 -0.096711
vn -0.207623 -0.977337 -0.041299
vn -0.495721 -0.868482 0.000000
vn -0.727379 -0.686236 -0.000001
vn -0.713403 -0.686235 -0.141905
vn -0.486196 -0.868482 -0.096711
vn -0.727379 -0.686236 -0.000001
vn -0.886651 -0.462439 -0.000001
vn -0.869615 -0.462439 -0.172977
vn -0.713403 -0.686235 -0.141905
vn -0.886651 -0.462439 -0.000001
vn -0.975754 -0.218868 -0.000002
vn -0.957006 -0.218868 -0.190361
vn -0.869615 -0.462439 -0.172977
vn -0.975754 -0.218868 -0.000002
vn -0.999964 0.008468 -0.000001
vn -0.980750 0.008467 -0.195084
vn -0.957006 -0.218868 -0.190361
vn -0.207623 -0.977337 -0.041299
vn -0.486196 -0.868482 -0.096711
vn -0.457987 -0.868482 -0.189705
vn -0.195577 -0.977337 -0.081011
vn -0.486196 -0.868482 -0.096711
vn -0.713403 -0.686235 -0.141905
vn -0.672011 -0.686235 -0.278358
vn -0.457987 -0.868482 -0.189705
vn -0.713403 -0.686235 -0.141905
vn -0.869615 -0.462439 -0.172977
vn -0.819159 -0.462438 -0.339308
vn -0.672011 -0.686235 -0.278358
vn -0.869615 -0.462439 -0.172977
vn -0.957006 -0.218868 -0.190361
vn -0.901480 -0.218868 -0.373405
vn -0.819159 -0.462438 -0.339308
vn -0.957006 -0.218868 -0.190361
vn -0.980750 0.008467 -0.195084
vn -0.923846 0.008467 -0.382670
vn -0.901480 -0.218868 -0.373405
vn -0.195577 -0.977337 -0.081011
vn -0.457987 -0.868482 -0.189705
vn -0.412177 -0.868482 -0.275409
vn -0.176014 -0.977337 -0.117611
vn -0.457987 -0.868482 -0.189705
vn -0.672011 -0.686235 -0.278358
vn -0.604793 -0.686236 -0.404111
vn -0.412177 -0.868482 -0.275409
vn -0.672011 -0.686235 -0.278358
vn -0.819159 -0.462438 -0.339308
vn -0.737223 -0.462438 -0.492598
vn -0.604793 -0.686236 -0.404111
vn -0.819159 -0.462438 -0.339308
vn -0.901480 -0.218868 -0.373405
vn -0.811311 -0.218868 -0.542099
vn -0.737223 -0.462438 -0.492598
vn -0.901480 -0.218868 -0.373405
vn -0.923846 0.008467 -0.382670
vn -0.831440 0.008467 -0.555550
vn -0.811311 -0.218868 -0.542099
vn -0.176014 -0.977337 -0.117611
vn -0.412177 -0.868482 -0.275409
vn -0.350528 -0.868481 -0.350529
vn -0.149688 -0.977336 -0.149690
vn -0.412177 -0.868482 -0.275409
vn -0.604793 -0.686236 -0.404111
vn -0.514335 -0.686236 -0.514335
vn -0.350528 -0.868481 -0.350529
vn -0.604793 -0.686236 -0.404111
vn -0.737223 -0.462438 -0.492598
vn -0.626958 -0.462439 -0.626957
vn -0.514335 -0.686236 -0.514335
vn -0.737223 -0.462438 -0.492598
vn -0.811311 -0.218868 -0.542099
vn -0.689963 -0.218868 -0.689962
vn -0.626958 -0.462439 -0.626957
vn -0.811311 -0.218868 -0.542099
vn -0.831440 0.008467 -0.555550
vn -0.707082 0.008467 -0.707081
vn -0.689963 -0.218868 -0.689962
vn -0.149688 -0.977336 -0.149690
vn -0.350528 -0.868481 -0.350529
vn -0.275407 -0.868481 -0.412180
vn -0.117609 -0.977336 -0.176016
vn -0.350528 -0.868481 -0.350529
vn -0.514335 -0.686236 -0.514335
vn -0.404109 -0.686236 -0.604794
vn -0.275407 -0.868481 -0.412180
vn -0.514335 -0.686236 -0.514335
vn -0.626958 -0.462439 -0.626957
vn -0.492597 -0.462439 -0.737224
vn -0.404109 -0.686236 -0.604794
vn -0.626958 -0.462439 -0.626957
vn -0.689963 -0.218868 -0.689962
vn -0.542099 -0.218867 -0.811311
vn -0.492597 -0.462439 -0.737224
vn -0.689963 -0.218868 -0.689962
vn -0.707082 0.008467 -0.707081
vn -0.555549 0.008467 -0.831441
vn -0.542099 -0.218867 -0.811311
vn -0.117609 -0.977336 -0.176016
vn -0.275407 -0.868481 -0.412180
vn -0.189704 -0.868480 -0.457990
vn -0.081010 -0.977337 -0.195577
vn -0.275407 -0.868481 -0.412180
vn -0.404109 -0.686236 -0.604794
vn -0.278355 -0.686235 -0.672012
vn -0.189704 -0.868480 -0.457990
vn -0.404109 -0.686236 -0.604794
vn -0.492597 -0.462439 -0.737224
vn -0.339305 -0.462439 -0.819159
vn -0.278355 -0.686235 -0.672012
vn -0.492597 -0.462439 -0.737224
vn -0.542099 -0.218867 -0.811311
vn -0.373404 -0.218868 -0.901480
vn -0.339305 -0.462439 -0.819159
vn -0.542099 -0.218867 -0.811311
vn -0.555549 0.008467 -0.831441
vn -0.382668 0.008467 -0.923847
vn -0.373404 -0.218868 -0.901480
vn -0.081010 -0.977337 -0.195577
vn -0.189704 -0.868480 -0.457990
vn -0.096710 -0.868482 -0.486196
vn -0.041299 -0.977337 -0.207622
vn -0.189704 -0.868480 -0.457990
vn -0.278355 -0.686235 -0.672012
vn -0.141904 -0.686234 -0.713404
vn -0.096710 -0.868482 -0.486196
vn -0.278355 -0.686235 -0.672012
vn -0.339305 -0.462439 -0.819159
vn -0.172977 -0.462439 -0.869615
vn -0.141904 -0.686234 -0.713404
vn -0.339305 -0.462439 -0.819159
vn -0.373404 -0.218868 -0.901480
vn -0.190361 -0.218869 -0.957005
vn -0.172977 -0.462439 -0.869615
vn -0.373404 -0.218868 -0.901480
vn -0.382668 0.008467 -0.923847
vn -0.195083 0.008467 -0.980750
vn -0.190361 -0.218869 -0.957005
vn -0.041299 -0.977337 -0.207622
vn -0.096710 -0.868482 -0.486196
vn 0.000000 -0.868482 -0.495721
vn 0.000000 -0.977337 -0.211691
vn -0.096710 -0.868482 -0.486196
vn -0.141904 -0.686234 -0.713404
vn 0.000000 -0.686235 -0.727380
vn 0.000000 -0.868482 -0.495721
vn -0.141904 -0.686234 -0.713404
vn -0.172977 -0.462439 -0.869615
vn 0.000000 -0.462439 -0.886651
vn 0.000000 -0.686235 -0.727380
vn -0.172977 -0.462439 -0.869615
vn -0.190361 -0.218869 -0.957005
vn 0.000001 -0.218869 -0.975754
vn 0.000000 -0.462439 -0.886651
vn -0.190361 -0.218869 -0.957005
vn -0.195083 0.008467 -0.980750
vn 0.000001 0.008467 -0.999964
vn 0.000001 -0.218869 -0.975754
vn 0.000000 -0.977337 -0.211691
vn 0.000000 -0.868482 -0.495721
vn 0.096710 -0.868480 -0.486199
vn 0.041299 -0.977337 -0.207623
vn 0.000000 -0.868482 -0.495721
vn 0.000000 -0.686235 -0.727380
vn 0.141905 -0.686234 -0.713404
vn 0.096710 -0.868480 -0.486199
vn 0.000000 -0.686235 -0.727380
vn 0.000000 -0.462439 -0.886651
vn 0.172978 -0.462439 -0.869614
vn 0.141905 -0.686234 -0.713404
vn 0.000000 -0.462439 -0.886651
vn 0.000001 -0.218869 -0.975754
vn 0.190361 -0.218868 -0.957006
vn 0.172978 -0.462439 -0.869614
vn 0.000001 -0.218869 -0.975754
vn 0.000001 0.008467 -0.999964
vn 0.195084 0.008467 -0.980750
vn 0.190361 -0.218868 -0.957006
vn 0.041299 -0.977337 -0.207623
vn 0.096710 -0.868480 -0.486199
vn 0.189705 -0.868482 -0.457987
vn 0.081011 -0.977337 -0.195577
vn 0.096710 -0.868480 -0.486199
vn 0.141905 -0.686234 -0.713404
vn 0.278356 -0.686234 -0.672013
vn 0.189705 -0.868482 -0.457987
vn 0.141905 -0.686234 -0.713404
vn 0.172978 -0.462439 -0.869614
vn 0.339307 -0.462438 -0.819160
vn 0.278356 -0.686234 -0.672013
vn 0.172978 -0.462439 -0.869614
vn 0.190361 -0.218868 -0.957006
vn 0.373406 -0.218868 -0.901479
vn 0.339307 -0.462438 -0.819160
vn 0.190361 -0.218868 -0.957006
vn 0.195084 0.008467 -0.980750
vn 0.382670 0.008467 -0.923846
vn 0.373406 -0.218868 -0.901479
vn 0.081011 -0.977337 -0.195577
vn 0.189705 -0.868482 -0.457987
vn 0.275409 -0.868483 -0.412175
vn 0.117609 -0.977337 -0.176014
vn 0.189705 -0.868482 -0.457987
vn 0.278356 -0.686234 -0.672013
vn 0.404110 -0.686235 -0.604794
vn 0.275409 -0.868483 -0.412175
vn 0.278356 -0.686234 -0.672013
vn 0.339307 -0.462438 -0.819160
vn 0.492597 -0.462438 -0.737224
vn 0.404110 -0.686235 -0.604794
vn 0.339307 -0.462438 -0.819160
vn 0.373406 -0.218868 -0.901479
vn 0.542101 -0.218868 -0.811310
vn 0.492597 -0.462438 -0.737224
vn 0.373406 -0.218868 -0.901479
vn 0.382670 0.008467 -0.923846
vn 0.555551 0.008467 -0.831440
vn 0.542101 -0.218868 -0.811310
vn 0.117609 -0.977337 -0.176014
vn 0.275409 -0.868483 -0.412175
vn 0.350528 -0.868481 -0.350529
vn 0.149688 -0.977337 -0.149687
vn 0.275409 -0.868483 -0.412175
vn 0.404110 -0.686235 -0.604794
vn 0.514335 -0.686236 -0.514333
vn 0.350528 -0.868481 -0.350529
vn 0.404110 -0.686235 -0.604794
vn 0.492597 -0.462438 -0.737224
vn 0.626958 -0.462440 -0.626955
vn 0.514335 -0.686236 -0.514333
vn 0.492597 -0.462438 -0.737224
vn 0.542101 -0.218868 -0.811310
vn 0.689964 -0.218868 -0.689961
vn 0.626958 -0.462440 -0.626955
vn 0.542101 -0.218868 -0.811310
vn 0.555551 0.008467 -0.831440
vn 0.707082 0.008467 -0.707081
vn 0.689964 -0.218868 -0.689961
vn 0.149688 -0.977337 -0.149687
vn 0.350528 -0.868481 -0.350529
vn 0.412177 -0.868482 -0.275408
vn 0.176015 -0.977337 -0.117609
vn 0.350528 -0.868481 -0.350529
vn 0.514335 -0.686236 -0.514333
vn 0.604793 -0.686236 -0.404110
vn 0.412177 -0.868482 -0.275408
vn 0.514335 -0.686236 -0.514333
vn 0.626958 -0.462440 -0.626955
vn 0.737224 -0.462439 -0.492597
vn 0.604793 -0.686236 -0.404110
vn 0.626958 -0.462440 -0.626955
vn 0.689964 -0.218868 -0.689961
vn 0.811312 -0.218868 -0.542098
vn 0.737224 -0.462439 -0.492597
vn 0.689964 -0.218868 -0.689961
vn 0.707082 0.008467 -0.707081
vn 0.831440 0.008467 -0.555549
vn 0.811312 -0.218868 -0.542098
vn 0.176015 -0.977337 -0.117609
vn 0.412177 -0.868482 -0.275408
vn 0.457987 -0.868482 -0.189703
vn 0.195577 -0.977337 -0.081010
vn 0.412177 -0.868482 -0.275408
vn 0.604793 -0.686236 -0.404110
vn 0.672011 -0.686236 -0.278357
vn 0.457987 -0.868482 -0.189703
vn 0.604793 -0.686236 -0.404110
vn 0.737224 -0.462439 -0.492597
vn 0.819159 -0.462439 -0.339307
vn 0.672011 -0.686236 -0.278357
vn 0.737224 -0.462439 -0.492597
vn 0.811312 -0.218868 -0.542098
vn 0.901480 -0.218868 -0.373405
vn 0.819159 -0.462439 -0.339307
vn 0.811312 -0.218868 -0.542098
vn 0.831440 0.008467 -0.555549
vn 0.923847 0.008467 -0.382669
vn 0.901480 -0.218868 -0.373405
vn 0.007980 0.999967 -0.001587
vn 0.007517 0.999967 -0.003114
vn 0.000000 1.000000 0.000000
vn 0.007517 0.999967 -0.003114
vn 0.006765 0.999967 -0.004524
vn 0.000000 1.000000 0.000000
vn 0.006765 0.999967 -0.004524
vn 0.005753 0.999967 -0.005756
vn 0.000000 1.000000 0.000000
vn 0.005753 0.999967 -0.005756
vn 0.004520 0.999967 -0.006764
vn 0.000000 1.000000 0.000000
vn 0.004520 0.999967 -0.006764
vn 0.003114 0.999967 -0.007516
vn 0.000000 1.000000 0.000000
vn 0.003114 0.999967 -0.007516
vn 0.001587 0.999967 -0.007980
vn 0.000000 1.000000 0.000000
vn 0.001587 0.999967 -0.007980
vn -0.000000 0.999967 -0.008136
vn 0.000000 1.000000 0.000000
vn -0.000000 0.999967 -0.008136
vn -0.001587 0.999967 -0.007980
vn 0.000000 1.000000 0.000000
vn -0.001587 0.999967 -0.007980
vn -0.003114 0.999967 -0.007517
vn 0.000000 1.000000 0.000000
vn -0.003114 0.999967 -0.007517
vn -0.004520 0.999967 -0.006765
vn 0.000000 1.000000 0.000000
vn -0.004520 0.999967 -0.006765
vn -0.005753 0.999967 -0.005753
vn 0.000000 1.000000 0.000000
vn -0.005753 0.999967 -0.005753
vn -0.006765 0.999967 -0.004520
vn 0.000000 1.000000 0.000000
vn -0.006765 0.999967 -0.004520
vn -0.007517 0.999967 -0.003114
vn 0.000000 1.000000 0.000000
vn -0.007517 0.999967 -0.003114
vn -0.007980 0.999967 -0.001584
vn 0.000000 1.000000 0.000000
vn -0.007980 0.999967 -0.001584
vn -0.008136 0.999967 0.000003
vn 0.000000 1.000000 0.000000
vn -0.008136 0.999967 0.000003
vn -0.007980 0.999967 0.001587
vn 0.000000 1.000000 0.000000
vn -0.007980 0.999967 0.001587
vn -0.007517 0.999967 0.003114
vn 0.000000 1.000000 0.000000
vn -0.007517 0.999967 0.003114
vn -0.006765 0.999967 0.004524
vn 0.000000 1.000000 0.000000
vn -0.006765 0.999967 0.004524
vn -0.005753 0.999967 0.005754
vn 0.000000 1.000000 0.000000
vn -0.005753 0.999967 0.005754
vn -0.004520 0.999967 0.006762
vn 0.000000 1.000000 0.000000
vn -0.004520 0.999967 0.006762
vn -0.003114 0.999967 0.007516
vn 0.000000 1.000000 0.000000
vn -0.003114 0.999967 0.007516
vn -0.001587 0.999967 0.007980
vn 0.000000 1.000000 0.000000
vn -0.001587 0.999967 0.007980
vn 0.000000 0.999967 0.008136
vn 0.000000 1.000000 0.000000
vn 0.000000 0.999967 0.008136
vn 0.001587 0.999967 0.007979
vn 0.000000 1.000000 0.000000
vn 0.001587 0.999967 0.007979
vn 0.003114 0.999967 0.007516
vn 0.000000 1.000000 0.000000
vn 0.003114 0.999967 0.007516
vn 0.004520 0.999967 0.006765
vn 0.000000 1.000000 0.000000
vn 0.004520 0.999967 0.006765
vn 0.005753 0.999967 0.005756
vn 0.000000 1.000000 0.000000
vn 0.005753 0.999967 0.005756
vn 0.006765 0.999967 0.004520
vn 0.000000 1.000000 0.000000
vn 0.006765 0.999967 0.004520
vn 0.007517 0.999967 0.003111
vn 0.000000 1.000000 0.000000
vn 0.007517 0.999967 0.003111
vn 0.007980 0.999967 0.001587
vn 0.000000 1.000000 0.000000
vn 0.007980 0.999967 0.001587
vn 0.008136 0.999967 0.000000
vn 0.000000 1.000000 0.000000
vn 0.008136 0.999967 0.000000
vn 0.007980 0.999967 -0.001587
vn 0.000000 1.000000 0.000000
vn 0.999964 0.008467 -0.000002
vn 0.980750 0.008467 -0.195086
vn 0.979803 0.044739 -0.194897
vn 0.998999 0.044740 -0.000002
vn 0.980750 0.008467 0.195084
vn 0.999964 0.008467 -0.000002
vn 0.998999 0.044740 -0.000002
vn 0.979803 0.044740 0.194895
vn 0.923846 0.008467 0.382670
vn 0.980750 0.008467 0.195084
vn 0.979803 0.044740 0.194895
vn 0.922955 0.044740 0.382300
vn 0.831440 0.008467 0.555550
vn 0.923846 0.008467 0.382670
vn 0.922955 0.044740 0.382300
vn 0.830637 0.044740 0.555014
vn 0.707081 0.008467 0.707082
vn 0.831440 0.008467 0.555550
vn 0.830637 0.044740 0.555014
vn 0.706398 0.044740 0.706399
vn 0.555550 0.008467 0.831440
vn 0.707081 0.008467 0.707082
vn 0.706398 0.044740 0.706399
vn 0.555014 0.044740 0.830637
vn 0.382669 0.008467 0.923847
vn 0.555550 0.008467 0.831440
vn 0.555014 0.044740 0.830637
vn 0.382300 0.044740 0.922954
vn 0.195083 0.008467 0.980750
vn 0.382669 0.008467 0.923847
vn 0.382300 0.044740 0.922954
vn 0.194895 0.044740 0.979803
vn -0.000001 0.008467 0.999964
vn 0.195083 0.008467 0.980750
vn 0.194895 0.044740 0.979803
vn -0.000001 0.044740 0.998999
vn -0.195084 0.008467 0.980750
vn -0.000001 0.008467 0.999964
vn -0.000001 0.044740 0.998999
vn -0.194896 0.044740 0.979803
vn -0.382670 0.008467 0.923846
vn -0.195084 0.008467 0.980750
vn -0.194896 0.044740 0.979803
vn -0.382300 0.044739 0.922955
vn -0.555550 0.008467 0.831440
vn -0.382670 0.008467 0.923846
vn -0.382300 0.044739 0.922955
vn -0.555014 0.044740 0.830637
vn -0.707082 0.008467 0.707081
vn -0.555550 0.008467 0.831440
vn -0.555014 0.044740 0.830637
vn -0.706399 0.044740 0.706398
vn -0.831441 0.008467 0.555549
vn -0.707082 0.008467 0.707081
vn -0.706399 0.044740 0.706398
vn -0.830638 0.044740 0.555013
vn -0.923847 0.008467 0.382669
vn -0.831441 0.008467 0.555549
vn -0.830638 0.044740 0.555013
vn -0.922955 0.044740 0.382299
vn -0.980750 0.008467 0.195083
vn -0.923847 0.008467 0.382669
vn -0.922955 0.044740 0.382299
vn -0.979803 0.044740 0.194894
vn -0.999964 0.008468 -0.000001
vn -0.980750 0.008467 0.195083
vn -0.979803 0.044740 0.194894
vn -0.998999 0.044740 -0.000001
vn -0.980750 0.008467 -0.195084
vn -0.999964 0.008468 -0.000001
vn -0.998999 0.044740 -0.000001
vn -0.979803 0.044740 -0.194895
vn -0.923846 0.008467 -0.382670
vn -0.980750 0.008467 -0.195084
vn -0.979803 0.044740 -0.194895
vn -0.922955 0.044739 -0.382300
vn -0.831440 0.008467 -0.555550
vn -0.923846 0.008467 -0.382670
vn -0.922955 0.044739 -0.382300
vn -0.830636 0.044740 -0.555015
vn -0.707082 0.008467 -0.707081
vn -0.831440 0.008467 -0.555550
vn -0.830636 0.044740 -0.555015
vn -0.706398 0.044740 -0.706399
vn -0.555549 0.008467 -0.831441
vn -0.707082 0.008467 -0.707081
vn -0.706398 0.044740 -0.706399
vn -0.555013 0.044740 -0.830638
vn -0.382668 0.008467 -0.923847
vn -0.555549 0.008467 -0.831441
vn -0.555013 0.044740 -0.830638
vn -0.382299 0.044740 -0.922955
vn -0.195083 0.008467 -0.980750
vn -0.382668 0.008467 -0.923847
vn -0.382299 0.044740 -0.922955
vn -0.194895 0.044740 -0.979803
vn 0.000001 0.008467 -0.999964
vn -0.195083 0.008467 -0.980750
vn -0.194895 0.044740 -0.979803
vn 0.000000 0.044740 -0.998999
vn 0.195084 0.008467 -0.980750
vn 0.000001 0.008467 -0.999964
vn 0.000000 0.044740 -0.998999
vn 0.194896 0.044740 -0.979803
vn 0.382670 0.008467 -0.923846
vn 0.195084 0.008467 -0.980750
vn 0.194896 0.044740 -0.979803
vn 0.382301 0.044740 -0.922954
vn 0.555551 0.008467 -0.831440
vn 0.382670 0.008467 -0.923846
vn 0.382301 0.044740 -0.922954
vn 0.555014 0.044740 -0.830637
vn 0.707082 0.008467 -0.707081
vn 0.555551 0.008467 -0.831440
vn 0.555014 0.044740 -0.830637
vn 0.706400 0.044740 -0.706398
vn 0.831440 0.008467 -0.555549
vn 0.707082 0.008467 -0.707081
vn 0.706400 0.044740 -0.706398
vn 0.830637 0.044740 -0.555013
vn 0.923847 0.008467 -0.382669
vn 0.831440 0.008467 -0.555549
vn 0.830637 0.044740 -0.555013
vn 0.922955 0.044740 -0.382299
vn 0.980750 0.008467 -0.195086
vn 0.923847 0.008467 -0.382669
vn 0.922955 0.044740 -0.382299
vn 0.979803 0.044739 -0.194897
vn 0.007980 0.999967 -0.001587
vn 0.734705 0.662458 -0.146142
vn 0.692076 0.662459 -0.286668
vn 0.007517 0.999967 -0.003114
vn 0.734705 0.662458 -0.146142
vn 0.979803 0.044739 -0.194897
vn 0.922955 0.044740 -0.382299
vn 0.692076 0.662459 -0.286668
vn 0.007517 0.999967 -0.003114
vn 0.692076 0.662459 -0.286668
vn 0.622849 0.662453 -0.416190
vn 0.006765 0.999967 -0.004524
vn 0.692076 0.662459 -0.286668
vn 0.922955 0.044740 -0.382299
vn 0.830637 0.044740 -0.555013
vn 0.622849 0.662453 -0.416190
vn 0.006765 0.999967 -0.004524
vn 0.622849 0.662453 -0.416190
vn 0.529695 0.662460 -0.529688
vn 0.005753 0.999967 -0.005756
vn 0.622849 0.662453 -0.416190
vn 0.830637 0.044740 -0.555013
vn 0.706400 0.044740 -0.706398
vn 0.529695 0.662460 -0.529688
vn 0.005753 0.999967 -0.005756
vn 0.529695 0.662460 -0.529688
vn 0.416181 0.662467 -0.622841
vn 0.004520 0.999967 -0.006764
vn 0.529695 0.662460 -0.529688
vn 0.706400 0.044740 -0.706398
vn 0.555014 0.044740 -0.830637
vn 0.416181 0.662467 -0.622841
vn 0.004520 0.999967 -0.006764
vn 0.416181 0.662467 -0.622841
vn 0.286673 0.662473 -0.692061
vn 0.003114 0.999967 -0.007516
vn 0.416181 0.662467 -0.622841
vn 0.555014 0.044740 -0.830637
vn 0.382301 0.044740 -0.922954
vn 0.286673 0.662473 -0.692061
vn 0.003114 0.999967 -0.007516
vn 0.286673 0.662473 -0.692061
vn 0.146146 0.662471 -0.734693
vn 0.001587 0.999967 -0.007980
vn 0.286673 0.662473 -0.692061
vn 0.382301 0.044740 -0.922954
vn 0.194896 0.044740 -0.979803
vn 0.146146 0.662471 -0.734693
vn 0.001587 0.999967 -0.007980
vn 0.146146 0.662471 -0.734693
vn 0.000000 0.662466 -0.749092
vn -0.000000 0.999967 -0.008136
vn 0.146146 0.662471 -0.734693
vn 0.194896 0.044740 -0.979803
vn 0.000000 0.044740 -0.998999
vn 0.000000 0.662466 -0.749092
vn -0.000000 0.999967 -0.008136
vn 0.000000 0.662466 -0.749092
vn -0.146145 0.662472 -0.734692
vn -0.001587 0.999967 -0.007980
vn 0.000000 0.662466 -0.749092
vn 0.000000 0.044740 -0.998999
vn -0.194895 0.044740 -0.979803
vn -0.146145 0.662472 -0.734692
vn -0.001587 0.999967 -0.007980
vn -0.146145 0.662472 -0.734692
vn -0.286668 0.662464 -0.692072
vn -0.003114 0.999967 -0.007517
vn -0.146145 0.662472 -0.734692
vn -0.194895 0.044740 -0.979803
vn -0.382299 0.044740 -0.922955
vn -0.286668 0.662464 -0.692072
vn -0.003114 0.999967 -0.007517
vn -0.286668 0.662464 -0.692072
vn -0.416177 0.662464 -0.622847
vn -0.004520 0.999967 -0.006765
vn -0.286668 0.662464 -0.692072
vn -0.382299 0.044740 -0.922955
vn -0.555013 0.044740 -0.830638
vn -0.416177 0.662464 -0.622847
vn -0.004520 0.999967 -0.006765
vn -0.416177 0.662464 -0.622847
vn -0.529689 0.662459 -0.529696
vn -0.005753 0.999967 -0.005753
vn -0.416177 0.662464 -0.622847
vn -0.555013 0.044740 -0.830638
vn -0.706398 0.044740 -0.706399
vn -0.529689 0.662459 -0.529696
vn -0.005753 0.999967 -0.005753
vn -0.529689 0.662459 -0.529696
vn -0.622848 0.662455 -0.416189
vn -0.006765 0.999967 -0.004520
vn -0.529689 0.662459 -0.529696
vn -0.706398 0.044740 -0.706399
vn -0.830636 0.044740 -0.555015
vn -0.622848 0.662455 -0.416189
vn -0.006765 0.999967 -0.004520
vn -0.622848 0.662455 -0.416189
vn -0.692077 0.662456 -0.286673
vn -0.007517 0.999967 -0.003114
vn -0.622848 0.662455 -0.416189
vn -0.830636 0.044740 -0.555015
vn -0.922955 0.044739 -0.382300
vn -0.692077 0.662456 -0.286673
vn -0.007517 0.999967 -0.003114
vn -0.692077 0.662456 -0.286673
vn -0.734707 0.662455 -0.146147
vn -0.007980 0.999967 -0.001584
vn -0.692077 0.662456 -0.286673
vn -0.922955 0.044739 -0.382300
vn -0.979803 0.044740 -0.194895
vn -0.734707 0.662455 -0.146147
vn -0.007980 0.999967 -0.001584
vn -0.734707 0.662455 -0.146147
vn -0.749101 0.662456 -0.000003
vn -0.008136 0.999967 0.000003
vn -0.734707 0.662455 -0.146147
vn -0.979803 0.044740 -0.194895
vn -0.998999 0.044740 -0.000001
vn -0.749101 0.662456 -0.000003
vn -0.008136 0.999967 0.000003
vn -0.749101 0.662456 -0.000003
vn -0.734710 0.662454 0.146139
vn -0.007980 0.999967 0.001587
vn -0.749101 0.662456 -0.000003
vn -0.998999 0.044740 -0.000001
vn -0.979803 0.044740 0.194894
vn -0.734710 0.662454 0.146139
vn -0.007980 0.999967 0.001587
vn -0.734710 0.662454 0.146139
vn -0.692081 0.662453 0.286670
vn -0.007517 0.999967 0.003114
vn -0.734710 0.662454 0.146139
vn -0.979803 0.044740 0.194894
vn -0.922955 0.044740 0.382299
vn -0.692081 0.662453 0.286670
vn -0.007517 0.999967 0.003114
vn -0.692081 0.662453 0.286670
vn -0.622850 0.662453 0.416190
vn -0.006765 0.999967 0.004524
vn -0.692081 0.662453 0.286670
vn -0.922955 0.044740 0.382299
vn -0.830638 0.044740 0.555013
vn -0.622850 0.662453 0.416190
vn -0.006765 0.999967 0.004524
vn -0.622850 0.662453 0.416190
vn -0.529689 0.662452 0.529705
vn -0.005753 0.999967 0.005754
vn -0.622850 0.662453 0.416190
vn -0.830638 0.044740 0.555013
vn -0.706399 0.044740 0.706398
vn -0.529689 0.662452 0.529705
vn -0.005753 0.999967 0.005754
vn -0.529689 0.662452 0.529705
vn -0.416176 0.662458 0.622854
vn -0.004520 0.999967 0.006762
vn -0.529689 0.662452 0.529705
vn -0.706399 0.044740 0.706398
vn -0.555014 0.044740 0.830637
vn -0.416176 0.662458 0.622854
vn -0.004520 0.999967 0.006762
vn -0.416176 0.662458 0.622854
vn -0.286668 0.662463 0.692072
vn -0.003114 0.999967 0.007516
vn -0.416176 0.662458 0.622854
vn -0.555014 0.044740 0.830637
vn -0.382300 0.044739 0.922955
vn -0.286668 0.662463 0.692072
vn -0.003114 0.999967 0.007516
vn -0.286668 0.662463 0.692072
vn -0.146143 0.662458 0.734705
vn -0.001587 0.999967 0.007980
vn -0.286668 0.662463 0.692072
vn -0.382300 0.044739 0.922955
vn -0.194896 0.044740 0.979803
vn -0.146143 0.662458 0.734705
vn -0.001587 0.999967 0.007980
vn -0.146143 0.662458 0.734705
vn -0.000001 0.662454 0.749103
vn 0.000000 0.999967 0.008136
vn -0.146143 0.662458 0.734705
vn -0.194896 0.044740 0.979803
vn -0.000001 0.044740 0.998999
vn -0.000001 0.662454 0.749103
vn 0.000000 0.999967 0.008136
vn -0.000001 0.662454 0.749103
vn 0.146145 0.662471 0.734693
vn 0.001587 0.999967 0.007979
vn -0.000001 0.662454 0.749103
vn -0.000001 0.044740 0.998999
vn 0.194895 0.044740 0.979803
vn 0.146145 0.662471 0.734693
vn 0.001587 0.999967 0.007979
vn 0.146145 0.662471 0.734693
vn 0.286674 0.662472 0.692061
vn 0.003114 0.999967 0.007516
vn 0.146145 0.662471 0.734693
vn 0.194895 0.044740 0.979803
vn 0.382300 0.044740 0.922954
vn 0.286674 0.662472 0.692061
vn 0.003114 0.999967 0.007516
vn 0.286674 0.662472 0.692061
vn 0.416178 0.662462 0.622849
vn 0.004520 0.999967 0.006765
vn 0.286674 0.662472 0.692061
vn 0.382300 0.044740 0.922954
vn 0.555014 0.044740 0.830637
vn 0.416178 0.662462 0.622849
vn 0.004520 0.999967 0.006765
vn 0.416178 0.662462 0.622849
vn 0.529694 0.662461 0.529688
vn 0.005753 0.999967 0.005756
vn 0.416178 0.662462 0.622849
vn 0.555014 0.044740 0.830637
vn 0.706398 0.044740 0.706399
vn 0.529694 0.662461 0.529688
vn 0.005753 0.999967 0.005756
vn 0.529694 0.662461 0.529688
vn 0.622855 0.662461 0.416170
vn 0.006765 0.999967 0.004520
vn 0.529694 0.662461 0.529688
vn 0.706398 0.044740 0.706399
vn 0.830637 0.044740 0.555014
vn 0.622855 0.662461 0.416170
vn 0.006765 0.999967 0.004520
vn 0.622855 0.662461 0.416170
vn 0.692079 0.662459 0.286663
vn 0.007517 0.999967 0.003111
vn 0.622855 0.662461 0.416170
vn 0.830637 0.044740 0.555014
vn 0.922955 0.044740 0.382300
vn 0.692079 0.662459 0.286663
vn 0.007517 0.999967 0.003111
vn 0.692079 0.662459 0.286663
vn 0.734704 0.662458 0.146147
vn 0.007980 0.999967 0.001587
vn 0.692079 0.662459 0.286663
vn 0.922955 0.044740 0.382300
vn 0.979803 0.044740 0.194895
vn 0.734704 0.662458 0.146147
vn 0.007980 0.999967 0.001587
vn 0.734704 0.662458 0.146147
vn 0.749100 0.662457 -0.000001
vn 0.008136 0.999967 0.000000
vn 0.734704 0.662458 0.146147
vn 0.979803 0.044740 0.194895
vn 0.998999 0.044740 -0.000002
vn 0.749100 0.662457 -0.000001
vn 0.979803 0.044739 -0.194897
vn 0.734705 0.662458 -0.146142
vn 0.749100 0.662457 -0.000001
vn 0.998999 0.044740 -0.000002
vn 0.734705 0.662458 -0.146142
vn 0.007980 0.999967 -0.001587
vn 0.008136 0.999967 0.000000
vn 0.749100 0.662457 -0.000001
vn -0.001309 0.999999 0.000260
vn -0.001233 0.999999 0.000510
vn -0.033754 0.999332 0.013980
vn -0.035833 0.999332 0.007126
vn -0.001233 0.999999 0.000510
vn -0.001109 0.999999 0.000741
vn -0.030378 0.999332 0.020298
vn -0.033754 0.999332 0.013980
vn -0.001109 0.999999 0.000741
vn -0.000944 0.999999 0.000945
vn -0.025834 0.999332 0.025837
vn -0.030378 0.999332 0.020298
vn -0.000944 0.999999 0.000945
vn -0.000741 0.999999 0.001110
vn -0.020298 0.999332 0.030380
vn -0.025834 0.999332 0.025837
vn -0.000741 0.999999 0.001110
vn -0.000511 0.999999 0.001232
vn -0.013981 0.999332 0.033754
vn -0.020298 0.999332 0.030380
vn -0.000511 0.999999 0.001232
vn -0.000260 0.999999 0.001306
vn -0.007128 0.999332 0.035831
vn -0.013981 0.999332 0.033754
vn -0.000260 0.999999 0.001306
vn 0.000000 0.999999 0.001334
vn 0.000000 0.999332 0.036534
vn -0.007128 0.999332 0.035831
vn 0.000000 0.999999 0.001334
vn 0.000260 0.999999 0.001309
vn 0.007128 0.999332 0.035833
vn 0.000000 0.999332 0.036534
vn 0.000260 0.999999 0.001309
vn 0.000511 0.999999 0.001232
vn 0.013981 0.999332 0.033753
vn 0.007128 0.999332 0.035833
vn 0.000511 0.999999 0.001232
vn 0.000741 0.999999 0.001111
vn 0.020298 0.999332 0.030379
vn 0.013981 0.999332 0.033753
vn 0.000741 0.999999 0.001111
vn 0.000944 0.999999 0.000944
vn 0.025834 0.999332 0.025834
vn 0.020298 0.999332 0.030379
vn 0.000944 0.999999 0.000944
vn 0.001109 0.999999 0.000741
vn 0.030378 0.999332 0.020297
vn 0.025834 0.999332 0.025834
vn 0.001109 0.999999 0.000741
vn 0.001233 0.999999 0.000510
vn 0.033754 0.999332 0.013980
vn 0.030378 0.999332 0.020297
vn 0.001233 0.999999 0.000510
vn 0.001309 0.999999 0.000260
vn 0.035833 0.999332 0.007127
vn 0.033754 0.999332 0.013980
vn 0.001309 0.999999 0.000260
vn 0.001334 0.999999 0.000000
vn 0.036535 0.999332 0.000001
vn 0.035833 0.999332 0.007127
vn 0.001334 0.999999 0.000000
vn 0.001309 0.999999 -0.000261
vn 0.035833 0.999332 -0.007128
vn 0.036535 0.999332 0.000001
vn 0.001309 0.999999 -0.000261
vn 0.001233 0.999999 -0.000511
vn 0.033754 0.999332 -0.013983
vn 0.035833 0.999332 -0.007128
vn 0.001233 0.999999 -0.000511
vn 0.001109 0.999999 -0.000742
vn 0.030378 0.999332 -0.020298
vn 0.033754 0.999332 -0.013983
vn 0.001109 0.999999 -0.000742
vn 0.000944 0.999999 -0.000943
vn 0.025834 0.999332 -0.025833
vn 0.030378 0.999332 -0.020298
vn 0.000944 0.999999 -0.000943
vn 0.000741 0.999999 -0.001109
vn 0.020298 0.999332 -0.030376
vn 0.025834 0.999332 -0.025833
vn 0.000741 0.999999 -0.001109
vn 0.000511 0.999999 -0.001234
vn 0.013981 0.999332 -0.033755
vn 0.020298 0.999332 -0.030376
vn 0.000511 0.999999 -0.001234
vn 0.000260 0.999999 -0.001309
vn 0.007128 0.999332 -0.035832
vn 0.013981 0.999332 -0.033755
vn 0.000260 0.999999 -0.001309
vn 0.000000 0.999999 -0.001335
vn 0.000000 0.999332 -0.036533
vn 0.007128 0.999332 -0.035832
vn 0.000000 0.999999 -0.001335
vn -0.000260 0.999999 -0.001309
vn -0.007128 0.999332 -0.035834
vn 0.000000 0.999332 -0.036533
vn -0.000260 0.999999 -0.001309
vn -0.000511 0.999999 -0.001233
vn -0.013981 0.999332 -0.033755
vn -0.007128 0.999332 -0.035834
vn -0.000511 0.999999 -0.001233
vn -0.000741 0.999999 -0.001112
vn -0.020298 0.999332 -0.030378
vn -0.013981 0.999332 -0.033755
vn -0.000741 0.999999 -0.001112
vn -0.000944 0.999999 -0.000945
vn -0.025834 0.999332 -0.025834
vn -0.020298 0.999332 -0.030378
vn -0.000944 0.999999 -0.000945
vn -0.001109 0.999999 -0.000740
vn -0.030378 0.999332 -0.020296
vn -0.025834 0.999332 -0.025834
vn -0.001109 0.999999 -0.000740
vn -0.001233 0.999999 -0.000510
vn -0.033754 0.999332 -0.013980
vn -0.030378 0.999332 -0.020296
vn -0.001233 0.999999 -0.000510
vn -0.001309 0.999999 -0.000261
vn -0.035833 0.999332 -0.007127
vn -0.033754 0.999332 -0.013980
vn -0.001309 0.999999 -0.000261
vn -0.001334 0.999999 -0.000000
vn -0.036535 0.999332 0.000000
vn -0.035833 0.999332 -0.007127
vn -0.001334 0.999999 -0.000000
vn -0.001309 0.999999 0.000260
vn -0.035833 0.999332 0.007126
vn -0.036535 0.999332 0.000000
vn 0.125583 0.991769 -0.024979
vn -0.001309 0.999999 0.000260
vn -0.001334 0.999999 -0.000000
vn 0.128044 0.991768 -0.000001
vn 0.275033 0.959877 -0.054708
vn 0.125583 0.991769 -0.024979
vn 0.128044 0.991768 -0.000001
vn 0.280421 0.959877 -0.000001
vn 0.417842 0.904710 -0.083115
vn 0.275033 0.959877 -0.054708
vn 0.280421 0.959877 -0.000001
vn 0.426028 0.904710 -0.000001
vn 0.550593 0.827558 -0.109521
vn 0.417842 0.904710 -0.083115
vn 0.426028 0.904710 -0.000001
vn 0.561379 0.827559 -0.000002
vn 0.670068 0.730235 -0.133287
vn 0.550593 0.827558 -0.109521
vn 0.561379 0.827559 -0.000002
vn 0.683196 0.730235 -0.000002
vn 0.773344 0.615041 -0.153830
vn 0.670068 0.730235 -0.133287
vn 0.683196 0.730235 -0.000002
vn 0.788496 0.615040 -0.000002
vn 0.857856 0.484731 -0.170641
vn 0.773344 0.615041 -0.153830
vn 0.788496 0.615040 -0.000002
vn 0.874663 0.484731 -0.000002
vn 0.921476 0.342468 -0.183296
vn 0.857856 0.484731 -0.170641
vn 0.874663 0.484731 -0.000002
vn 0.939530 0.342468 -0.000002
vn 0.979431 0.052527 -0.194824
vn 0.962588 0.191738 -0.191473
vn 0.981446 0.191738 -0.000003
vn 0.998619 0.052527 -0.000003
vn 0.962588 0.191738 -0.191473
vn 0.921476 0.342468 -0.183296
vn 0.939530 0.342468 -0.000002
vn 0.981446 0.191738 -0.000003
vn -0.001309 0.999999 0.000260
vn 0.125583 0.991769 -0.024979
vn 0.118297 0.991769 -0.049000
vn -0.001233 0.999999 0.000510
vn 0.125583 0.991769 -0.024979
vn 0.275033 0.959877 -0.054708
vn 0.259076 0.959877 -0.107311
vn 0.118297 0.991769 -0.049000
vn 0.275033 0.959877 -0.054708
vn 0.417842 0.904710 -0.083115
vn 0.393599 0.904710 -0.163033
vn 0.259076 0.959877 -0.107311
vn 0.417842 0.904710 -0.083115
vn 0.550593 0.827558 -0.109521
vn 0.518647 0.827558 -0.214831
vn 0.393599 0.904710 -0.163033
vn 0.550593 0.827558 -0.109521
vn 0.670068 0.730235 -0.133287
vn 0.631191 0.730235 -0.261448
vn 0.518647 0.827558 -0.214831
vn 0.670068 0.730235 -0.133287
vn 0.773344 0.615041 -0.153830
vn 0.728475 0.615040 -0.301744
vn 0.631191 0.730235 -0.261448
vn 0.773344 0.615041 -0.153830
vn 0.857856 0.484731 -0.170641
vn 0.808084 0.484731 -0.334719
vn 0.728475 0.615040 -0.301744
vn 0.857856 0.484731 -0.170641
vn 0.921476 0.342468 -0.183296
vn 0.868012 0.342468 -0.359542
vn 0.808084 0.484731 -0.334719
vn 0.921476 0.342468 -0.183296
vn 0.962588 0.191738 -0.191473
vn 0.906739 0.191738 -0.375582
vn 0.868012 0.342468 -0.359542
vn 0.962588 0.191738 -0.191473
vn 0.979431 0.052527 -0.194824
vn 0.922604 0.052527 -0.382155
vn 0.906739 0.191738 -0.375582
vn -0.001233 0.999999 0.000510
vn 0.118297 0.991769 -0.049000
vn 0.106465 0.991768 -0.071138
vn -0.001109 0.999999 0.000741
vn 0.118297 0.991769 -0.049000
vn 0.259076 0.959877 -0.107311
vn 0.233162 0.959877 -0.155793
vn 0.106465 0.991768 -0.071138
vn 0.259076 0.959877 -0.107311
vn 0.393599 0.904710 -0.163033
vn 0.354230 0.904710 -0.236688
vn 0.233162 0.959877 -0.155793
vn 0.393599 0.904710 -0.163033
vn 0.518647 0.827558 -0.214831
vn 0.466770 0.827559 -0.311886
vn 0.354230 0.904710 -0.236688
vn 0.518647 0.827558 -0.214831
vn 0.631191 0.730235 -0.261448
vn 0.568057 0.730235 -0.379564
vn 0.466770 0.827559 -0.311886
vn 0.631191 0.730235 -0.261448
vn 0.728475 0.615040 -0.301744
vn 0.655611 0.615040 -0.438065
vn 0.568057 0.730235 -0.379564
vn 0.728475 0.615040 -0.301744
vn 0.808084 0.484731 -0.334719
vn 0.727256 0.484731 -0.485936
vn 0.655611 0.615040 -0.438065
vn 0.808084 0.484731 -0.334719
vn 0.868012 0.342468 -0.359542
vn 0.781191 0.342468 -0.521974
vn 0.727256 0.484731 -0.485936
vn 0.868012 0.342468 -0.359542
vn 0.906739 0.191738 -0.375582
vn 0.816043 0.191738 -0.545262
vn 0.781191 0.342468 -0.521974
vn 0.906739 0.191738 -0.375582
vn 0.922604 0.052527 -0.382155
vn 0.830322 0.052527 -0.554803
vn 0.816043 0.191738 -0.545262
vn -0.001109 0.999999 0.000741
vn 0.106465 0.991768 -0.071138
vn 0.090541 0.991768 -0.090541
vn -0.000944 0.999999 0.000945
vn 0.106465 0.991768 -0.071138
vn 0.233162 0.959877 -0.155793
vn 0.198288 0.959877 -0.198287
vn 0.090541 0.991768 -0.090541
vn 0.233162 0.959877 -0.155793
vn 0.354230 0.904710 -0.236688
vn 0.301248 0.904710 -0.301246
vn 0.198288 0.959877 -0.198287
vn 0.354230 0.904710 -0.236688
vn 0.466770 0.827559 -0.311886
vn 0.396956 0.827559 -0.396954
vn 0.301248 0.904710 -0.301246
vn 0.466770 0.827559 -0.311886
vn 0.568057 0.730235 -0.379564
vn 0.483092 0.730235 -0.483093
vn 0.396956 0.827559 -0.396954
vn 0.568057 0.730235 -0.379564
vn 0.655611 0.615040 -0.438065
vn 0.557551 0.615040 -0.557551
vn 0.483092 0.730235 -0.483093
vn 0.655611 0.615040 -0.438065
vn 0.727256 0.484731 -0.485936
vn 0.618480 0.484731 -0.618480
vn 0.557551 0.615040 -0.557551
vn 0.727256 0.484731 -0.485936
vn 0.781191 0.342468 -0.521974
vn 0.664348 0.342468 -0.664348
vn 0.618480 0.484731 -0.618480
vn 0.781191 0.342468 -0.521974
vn 0.816043 0.191738 -0.545262
vn 0.693988 0.191738 -0.693986
vn 0.664348 0.342468 -0.664348
vn 0.816043 0.191738 -0.545262
vn 0.830322 0.052527 -0.554803
vn 0.706132 0.052527 -0.706130
vn 0.693988 0.191738 -0.693986
vn -0.000944 0.999999 0.000945
vn 0.090541 0.991768 -0.090541
vn 0.071138 0.991768 -0.106466
vn -0.000741 0.999999 0.001110
vn 0.090541 0.991768 -0.090541
vn 0.198288 0.959877 -0.198287
vn 0.155794 0.959877 -0.233161
vn 0.071138 0.991768 -0.106466
vn 0.198288 0.959877 -0.198287
vn 0.301248 0.904710 -0.301246
vn 0.236689 0.904710 -0.354229
vn 0.155794 0.959877 -0.233161
vn 0.301248 0.904710 -0.301246
vn 0.396956 0.827559 -0.396954
vn 0.311886 0.827559 -0.466769
vn 0.236689 0.904710 -0.354229
vn 0.396956 0.827559 -0.396954
vn 0.483092 0.730235 -0.483093
vn 0.379564 0.730235 -0.568057
vn 0.311886 0.827559 -0.466769
vn 0.483092 0.730235 -0.483093
vn 0.557551 0.615040 -0.557551
vn 0.438065 0.615040 -0.655610
vn 0.379564 0.730235 -0.568057
vn 0.557551 0.615040 -0.557551
vn 0.618480 0.484731 -0.618480
vn 0.485937 0.484731 -0.727256
vn 0.438065 0.615040 -0.655610
vn 0.618480 0.484731 -0.618480
vn 0.664348 0.342468 -0.664348
vn 0.521975 0.342468 -0.781190
vn 0.485937 0.484731 -0.727256
vn 0.664348 0.342468 -0.664348
vn 0.693988 0.191738 -0.693986
vn 0.545263 0.191737 -0.816042
vn 0.521975 0.342468 -0.781190
vn 0.693988 0.191738 -0.693986
vn 0.706132 0.052527 -0.706130
vn 0.554804 0.052527 -0.830321
vn 0.545263 0.191737 -0.816042
vn -0.000741 0.999999 0.001110
vn 0.071138 0.991768 -0.106466
vn 0.049000 0.991768 -0.118298
vn -0.000511 0.999999 0.001232
vn 0.071138 0.991768 -0.106466
vn 0.155794 0.959877 -0.233161
vn 0.107313 0.959877 -0.259076
vn 0.049000 0.991768 -0.118298
vn 0.155794 0.959877 -0.233161
vn 0.236689 0.904710 -0.354229
vn 0.163034 0.904709 -0.393600
vn 0.107313 0.959877 -0.259076
vn 0.236689 0.904710 -0.354229
vn 0.311886 0.827559 -0.466769
vn 0.214831 0.827558 -0.518648
vn 0.163034 0.904709 -0.393600
vn 0.311886 0.827559 -0.466769
vn 0.379564 0.730235 -0.568057
vn 0.261448 0.730235 -0.631190
vn 0.214831 0.827558 -0.518648
vn 0.379564 0.730235 -0.568057
vn 0.438065 0.615040 -0.655610
vn 0.301745 0.615040 -0.728475
vn 0.261448 0.730235 -0.631190
vn 0.438065 0.615040 -0.655610
vn 0.485937 0.484731 -0.727256
vn 0.334719 0.484731 -0.808084
vn 0.301745 0.615040 -0.728475
vn 0.485937 0.484731 -0.727256
vn 0.521975 0.342468 -0.781190
vn 0.359543 0.342468 -0.868012
vn 0.334719 0.484731 -0.808084
vn 0.521975 0.342468 -0.781190
vn 0.545263 0.191737 -0.816042
vn 0.375584 0.191737 -0.906738
vn 0.359543 0.342468 -0.868012
vn 0.545263 0.191737 -0.816042
vn 0.554804 0.052527 -0.830321
vn 0.382156 0.052527 -0.922604
vn 0.375584 0.191737 -0.906738
vn -0.000511 0.999999 0.001232
vn 0.049000 0.991768 -0.118298
vn 0.024980 0.991769 -0.125583
vn -0.000260 0.999999 0.001306
vn 0.049000 0.991768 -0.118298
vn 0.107313 0.959877 -0.259076
vn 0.054708 0.959878 -0.275031
vn 0.024980 0.991769 -0.125583
vn 0.107313 0.959877 -0.259076
vn 0.163034 0.904709 -0.393600
vn 0.083114 0.904710 -0.417842
vn 0.054708 0.959878 -0.275031
vn 0.163034 0.904709 -0.393600
vn 0.214831 0.827558 -0.518648
vn 0.109520 0.827558 -0.550593
vn 0.083114 0.904710 -0.417842
vn 0.214831 0.827558 -0.518648
vn 0.261448 0.730235 -0.631190
vn 0.133285 0.730235 -0.670069
vn 0.109520 0.827558 -0.550593
vn 0.261448 0.730235 -0.631190
vn 0.301745 0.615040 -0.728475
vn 0.153828 0.615039 -0.773346
vn 0.133285 0.730235 -0.670069
vn 0.301745 0.615040 -0.728475
vn 0.334719 0.484731 -0.808084
vn 0.170639 0.484730 -0.857857
vn 0.153828 0.615039 -0.773346
vn 0.334719 0.484731 -0.808084
vn 0.359543 0.342468 -0.868012
vn 0.183294 0.342468 -0.921477
vn 0.170639 0.484730 -0.857857
vn 0.359543 0.342468 -0.868012
vn 0.375584 0.191737 -0.906738
vn 0.191471 0.191737 -0.962588
vn 0.183294 0.342468 -0.921477
vn 0.375584 0.191737 -0.906738
vn 0.382156 0.052527 -0.922604
vn 0.194821 0.052527 -0.979431
vn 0.191471 0.191737 -0.962588
vn -0.000260 0.999999 0.001306
vn 0.024980 0.991769 -0.125583
vn 0.000000 0.991769 -0.128042
vn 0.000000 0.999999 0.001334
vn 0.024980 0.991769 -0.125583
vn 0.054708 0.959878 -0.275031
vn 0.000000 0.959877 -0.280420
vn 0.000000 0.991769 -0.128042
vn 0.054708 0.959878 -0.275031
vn 0.083114 0.904710 -0.417842
vn 0.000000 0.904710 -0.426028
vn 0.000000 0.959877 -0.280420
vn 0.083114 0.904710 -0.417842
vn 0.109520 0.827558 -0.550593
vn 0.000000 0.827559 -0.561379
vn 0.000000 0.904710 -0.426028
vn 0.109520 0.827558 -0.550593
vn 0.133285 0.730235 -0.670069
vn 0.000000 0.730235 -0.683196
vn 0.000000 0.827559 -0.561379
vn 0.133285 0.730235 -0.670069
vn 0.153828 0.615039 -0.773346
vn 0.000000 0.615040 -0.788496
vn 0.000000 0.730235 -0.683196
vn 0.153828 0.615039 -0.773346
vn 0.170639 0.484730 -0.857857
vn 0.000000 0.484731 -0.874663
vn 0.000000 0.615040 -0.788496
vn 0.170639 0.484730 -0.857857
vn 0.183294 0.342468 -0.921477
vn 0.000000 0.342468 -0.939530
vn 0.000000 0.484731 -0.874663
vn 0.183294 0.342468 -0.921477
vn 0.191471 0.191737 -0.962588
vn 0.000000 0.191737 -0.981446
vn 0.000000 0.342468 -0.939530
vn 0.191471 0.191737 -0.962588
vn 0.194821 0.052527 -0.979431
vn 0.000001 0.052527 -0.998619
vn 0.000000 0.191737 -0.981446
vn 0.000000 0.999999 0.001334
vn 0.000000 0.991769 -0.128042
vn -0.024980 0.991769 -0.125583
vn 0.000260 0.999999 0.001309
vn 0.000000 0.991769 -0.128042
vn 0.000000 0.959877 -0.280420
vn -0.054707 0.959877 -0.275034
vn -0.024980 0.991769 -0.125583
vn 0.000000 0.959877 -0.280420
vn 0.000000 0.904710 -0.426028
vn -0.083114 0.904709 -0.417844
vn -0.054707 0.959877 -0.275034
vn 0.000000 0.904710 -0.426028
vn 0.000000 0.827559 -0.561379
vn -0.109519 0.827559 -0.550593
vn -0.083114 0.904709 -0.417844
vn 0.000000 0.827559 -0.561379
vn 0.000000 0.730235 -0.683196
vn -0.133285 0.730236 -0.670068
vn -0.109519 0.827559 -0.550593
vn 0.000000 0.730235 -0.683196
vn 0.000000 0.615040 -0.788496
vn -0.153828 0.615040 -0.773345
vn -0.133285 0.730236 -0.670068
vn 0.000000 0.615040 -0.788496
vn 0.000000 0.484731 -0.874663
vn -0.170638 0.484731 -0.857857
vn -0.153828 0.615040 -0.773345
vn 0.000000 0.484731 -0.874663
vn 0.000000 0.342468 -0.939530
vn -0.183293 0.342468 -0.921477
vn -0.170638 0.484731 -0.857857
vn 0.000000 0.342468 -0.939530
vn 0.000000 0.191737 -0.981446
vn -0.191470 0.191738 -0.962588
vn -0.183293 0.342468 -0.921477
vn 0.000000 0.191737 -0.981446
vn 0.000001 0.052527 -0.998619
vn -0.194820 0.052527 -0.979432
vn -0.191470 0.191738 -0.962588
vn 0.000260 0.999999 0.001309
vn -0.024980 0.991769 -0.125583
vn -0.049000 0.991769 -0.118297
vn 0.000511 0.999999 0.001232
vn -0.024980 0.991769 -0.125583
vn -0.054707 0.959877 -0.275034
vn -0.107312 0.959877 -0.259075
vn -0.049000 0.991769 -0.118297
vn -0.054707 0.959877 -0.275034
vn -0.083114 0.904709 -0.417844
vn -0.163034 0.904709 -0.393600
vn -0.107312 0.959877 -0.259075
vn -0.083114 0.904709 -0.417844
vn -0.109519 0.827559 -0.550593
vn -0.214830 0.827558 -0.518648
vn -0.163034 0.904709 -0.393600
vn -0.109519 0.827559 -0.550593
vn -0.133285 0.730236 -0.670068
vn -0.261448 0.730236 -0.631190
vn -0.214830 0.827558 -0.518648
vn -0.133285 0.730236 -0.670068
vn -0.153828 0.615040 -0.773345
vn -0.301744 0.615041 -0.728475
vn -0.261448 0.730236 -0.631190
vn -0.153828 0.615040 -0.773345
vn -0.170638 0.484731 -0.857857
vn -0.334718 0.484731 -0.808084
vn -0.301744 0.615041 -0.728475
vn -0.170638 0.484731 -0.857857
vn -0.183293 0.342468 -0.921477
vn -0.359542 0.342468 -0.868012
vn -0.334718 0.484731 -0.808084
vn -0.183293 0.342468 -0.921477
vn -0.191470 0.191738 -0.962588
vn -0.375583 0.191738 -0.906738
vn -0.359542 0.342468 -0.868012
vn -0.191470 0.191738 -0.962588
vn -0.194820 0.052527 -0.979432
vn -0.382155 0.052527 -0.922604
vn -0.375583 0.191738 -0.906738
vn 0.000511 0.999999 0.001232
vn -0.049000 0.991769 -0.118297
vn -0.071137 0.991769 -0.106462
vn 0.000741 0.999999 0.001111
vn -0.049000 0.991769 -0.118297
vn -0.107312 0.959877 -0.259075
vn -0.155794 0.959877 -0.233160
vn -0.071137 0.991769 -0.106462
vn -0.107312 0.959877 -0.259075
vn -0.163034 0.904709 -0.393600
vn -0.236688 0.904709 -0.354231
vn -0.155794 0.959877 -0.233160
vn -0.163034 0.904709 -0.393600
vn -0.214830 0.827558 -0.518648
vn -0.311885 0.827558 -0.466771
vn -0.236688 0.904709 -0.354231
vn -0.214830 0.827558 -0.518648
vn -0.261448 0.730236 -0.631190
vn -0.379563 0.730235 -0.568057
vn -0.311885 0.827558 -0.466771
vn -0.261448 0.730236 -0.631190
vn -0.301744 0.615041 -0.728475
vn -0.438064 0.615040 -0.655611
vn -0.379563 0.730235 -0.568057
vn -0.301744 0.615041 -0.728475
vn -0.334718 0.484731 -0.808084
vn -0.485936 0.484731 -0.727256
vn -0.438064 0.615040 -0.655611
vn -0.334718 0.484731 -0.808084
vn -0.359542 0.342468 -0.868012
vn -0.521975 0.342468 -0.781190
vn -0.485936 0.484731 -0.727256
vn -0.359542 0.342468 -0.868012
vn -0.375583 0.191738 -0.906738
vn -0.545262 0.191737 -0.816043
vn -0.521975 0.342468 -0.781190
vn -0.375583 0.191738 -0.906738
vn -0.382155 0.052527 -0.922604
vn -0.554803 0.052527 -0.830322
vn -0.545262 0.191737 -0.816043
vn 0.000741 0.999999 0.001111
vn -0.071137 0.991769 -0.106462
vn -0.090541 0.991769 -0.090540
vn 0.000944 0.999999 0.000944
vn -0.071137 0.991769 -0.106462
vn -0.155794 0.959877 -0.233160
vn -0.198288 0.959877 -0.198286
vn -0.090541 0.991769 -0.090540
vn -0.155794 0.959877 -0.233160
vn -0.236688 0.904709 -0.354231
vn -0.301248 0.904710 -0.301247
vn -0.198288 0.959877 -0.198286
vn -0.236688 0.904709 -0.354231
vn -0.311885 0.827558 -0.466771
vn -0.396955 0.827558 -0.396956
vn -0.301248 0.904710 -0.301247
vn -0.311885 0.827558 -0.466771
vn -0.379563 0.730235 -0.568057
vn -0.483092 0.730235 -0.483094
vn -0.396955 0.827558 -0.396956
vn -0.379563 0.730235 -0.568057
vn -0.438064 0.615040 -0.655611
vn -0.557550 0.615039 -0.557552
vn -0.483092 0.730235 -0.483094
vn -0.438064 0.615040 -0.655611
vn -0.485936 0.484731 -0.727256
vn -0.618480 0.484732 -0.618480
vn -0.557550 0.615039 -0.557552
vn -0.485936 0.484731 -0.727256
vn -0.521975 0.342468 -0.781190
vn -0.664348 0.342468 -0.664347
vn -0.618480 0.484732 -0.618480
vn -0.521975 0.342468 -0.781190
vn -0.545262 0.191737 -0.816043
vn -0.693987 0.191737 -0.693988
vn -0.664348 0.342468 -0.664347
vn -0.545262 0.191737 -0.816043
vn -0.554803 0.052527 -0.830322
vn -0.706130 0.052527 -0.706131
vn -0.693987 0.191737 -0.693988
vn 0.000944 0.999999 0.000944
vn -0.090541 0.991769 -0.090540
vn -0.106465 0.991768 -0.071138
vn 0.001109 0.999999 0.000741
vn -0.090541 0.991769 -0.090540
vn -0.198288 0.959877 -0.198286
vn -0.233162 0.959877 -0.155794
vn -0.106465 0.991768 -0.071138
vn -0.198288 0.959877 -0.198286
vn -0.301248 0.904710 -0.301247
vn -0.354230 0.904710 -0.236689
vn -0.233162 0.959877 -0.155794
vn -0.301248 0.904710 -0.301247
vn -0.396955 0.827558 -0.396956
vn -0.466770 0.827558 -0.311887
vn -0.354230 0.904710 -0.236689
vn -0.396955 0.827558 -0.396956
vn -0.483092 0.730235 -0.483094
vn -0.568056 0.730235 -0.379565
vn -0.466770 0.827558 -0.311887
vn -0.483092 0.730235 -0.483094
vn -0.557550 0.615039 -0.557552
vn -0.655610 0.615040 -0.438065
vn -0.568056 0.730235 -0.379565
vn -0.557550 0.615039 -0.557552
vn -0.618480 0.484732 -0.618480
vn -0.727256 0.484731 -0.485936
vn -0.655610 0.615040 -0.438065
vn -0.618480 0.484732 -0.618480
vn -0.664348 0.342468 -0.664347
vn -0.781191 0.342468 -0.521974
vn -0.727256 0.484731 -0.485936
vn -0.664348 0.342468 -0.664347
vn -0.693987 0.191737 -0.693988
vn -0.816042 0.191738 -0.545263
vn -0.781191 0.342468 -0.521974
vn -0.693987 0.191737 -0.693988
vn -0.706130 0.052527 -0.706131
vn -0.830321 0.052527 -0.554804
vn -0.816042 0.191738 -0.545263
vn 0.001109 0.999999 0.000741
vn -0.106465 0.991768 -0.071138
vn -0.118297 0.991769 -0.049000
vn 0.001233 0.999999 0.000510
vn -0.106465 0.991768 -0.071138
vn -0.233162 0.959877 -0.155794
vn -0.259075 0.959877 -0.107312
vn -0.118297 0.991769 -0.049000
vn -0.233162 0.959877 -0.155794
vn -0.354230 0.904710 -0.236689
vn -0.393599 0.904710 -0.163035
vn -0.259075 0.959877 -0.107312
vn -0.354230 0.904710 -0.236689
vn -0.466770 0.827558 -0.311887
vn -0.518647 0.827558 -0.214832
vn -0.393599 0.904710 -0.163035
vn -0.466770 0.827558 -0.311887
vn -0.568056 0.730235 -0.379565
vn -0.631190 0.730235 -0.261448
vn -0.518647 0.827558 -0.214832
vn -0.568056 0.730235 -0.379565
vn -0.655610 0.615040 -0.438065
vn -0.728475 0.615040 -0.301745
vn -0.631190 0.730235 -0.261448
vn -0.655610 0.615040 -0.438065
vn -0.727256 0.484731 -0.485936
vn -0.808084 0.484731 -0.334719
vn -0.728475 0.615040 -0.301745
vn -0.727256 0.484731 -0.485936
vn -0.781191 0.342468 -0.521974
vn -0.868012 0.342468 -0.359542
vn -0.808084 0.484731 -0.334719
vn -0.781191 0.342468 -0.521974
vn -0.816042 0.191738 -0.545263
vn -0.906738 0.191738 -0.375583
vn -0.868012 0.342468 -0.359542
vn -0.816042 0.191738 -0.545263
vn -0.830321 0.052527 -0.554804
vn -0.922604 0.052527 -0.382156
vn -0.906738 0.191738 -0.375583
vn 0.001233 0.999999 0.000510
vn -0.118297 0.991769 -0.049000
vn -0.125584 0.991768 -0.024980
vn 0.001309 0.999999 0.000260
vn -0.118297 0.991769 -0.049000
vn -0.259075 0.959877 -0.107312
vn -0.275033 0.959877 -0.054708
vn -0.125584 0.991768 -0.024980
vn -0.259075 0.959877 -0.107312
vn -0.393599 0.904710 -0.163035
vn -0.417842 0.904710 -0.083115
vn -0.275033 0.959877 -0.054708
vn -0.393599 0.904710 -0.163035
vn -0.518647 0.827558 -0.214832
vn -0.550593 0.827558 -0.109520
vn -0.417842 0.904710 -0.083115
vn -0.518647 0.827558 -0.214832
vn -0.631190 0.730235 -0.261448
vn -0.670069 0.730235 -0.133285
vn -0.550593 0.827558 -0.109520
vn -0.631190 0.730235 -0.261448
vn -0.728475 0.615040 -0.301745
vn -0.773345 0.615040 -0.153828
vn -0.670069 0.730235 -0.133285
vn -0.728475 0.615040 -0.301745
vn -0.808084 0.484731 -0.334719
vn -0.857857 0.484731 -0.170638
vn -0.773345 0.615040 -0.153828
vn -0.808084 0.484731 -0.334719
vn -0.868012 0.342468 -0.359542
vn -0.921477 0.342468 -0.183293
vn -0.857857 0.484731 -0.170638
vn -0.868012 0.342468 -0.359542
vn -0.906738 0.191738 -0.375583
vn -0.962588 0.191738 -0.191471
vn -0.921477 0.342468 -0.183293
vn -0.906738 0.191738 -0.375583
vn -0.922604 0.052527 -0.382156
vn -0.979431 0.052527 -0.194821
vn -0.962588 0.191738 -0.191471
vn 0.001309 0.999999 0.000260
vn -0.125584 0.991768 -0.024980
vn -0.128044 0.991768 -0.000000
vn 0.001334 0.999999 0.000000
vn -0.125584 0.991768 -0.024980
vn -0.275033 0.959877 -0.054708
vn -0.280421 0.959877 -0.000001
vn -0.128044 0.991768 -0.000000
vn -0.275033 0.959877 -0.054708
vn -0.417842 0.904710 -0.083115
vn -0.426029 0.904710 -0.000001
vn -0.280421 0.959877 -0.000001
vn -0.417842 0.904710 -0.083115
vn -0.550593 0.827558 -0.109520
vn -0.561380 0.827558 -0.000000
vn -0.426029 0.904710 -0.000001
vn -0.550593 0.827558 -0.109520
vn -0.670069 0.730235 -0.133285
vn -0.683196 0.730235 0.000000
vn -0.561380 0.827558 -0.000000
vn -0.670069 0.730235 -0.133285
vn -0.773345 0.615040 -0.153828
vn -0.788496 0.615040 -0.000001
vn -0.683196 0.730235 0.000000
vn -0.773345 0.615040 -0.153828
vn -0.857857 0.484731 -0.170638
vn -0.874663 0.484731 -0.000001
vn -0.788496 0.615040 -0.000001
vn -0.857857 0.484731 -0.170638
vn -0.921477 0.342468 -0.183293
vn -0.939529 0.342468 -0.000001
vn -0.874663 0.484731 -0.000001
vn -0.921477 0.342468 -0.183293
vn -0.962588 0.191738 -0.191471
vn -0.981446 0.191737 -0.000001
vn -0.939529 0.342468 -0.000001
vn -0.962588 0.191738 -0.191471
vn -0.979431 0.052527 -0.194821
vn -0.998619 0.052527 -0.000001
vn -0.981446 0.191737 -0.000001
vn 0.001334 0.999999 0.000000
vn -0.128044 0.991768 -0.000000
vn -0.125584 0.991768 0.024980
vn 0.001309 0.999999 -0.000261
vn -0.128044 0.991768 -0.000000
vn -0.280421 0.959877 -0.000001
vn -0.275033 0.959877 0.054707
vn -0.125584 0.991768 0.024980
vn -0.280421 0.959877 -0.000001
vn -0.426029 0.904710 -0.000001
vn -0.417843 0.904710 0.083114
vn -0.275033 0.959877 0.054707
vn -0.426029 0.904710 -0.000001
vn -0.561380 0.827558 -0.000000
vn -0.550593 0.827558 0.109519
vn -0.417843 0.904710 0.083114
vn -0.561380 0.827558 -0.000000
vn -0.683196 0.730235 0.000000
vn -0.670069 0.730235 0.133284
vn -0.550593 0.827558 0.109519
vn -0.683196 0.730235 0.000000
vn -0.788496 0.615040 -0.000001
vn -0.773346 0.615040 0.153827
vn -0.670069 0.730235 0.133284
vn -0.788496 0.615040 -0.000001
vn -0.874663 0.484731 -0.000001
vn -0.857857 0.484731 0.170638
vn -0.773346 0.615040 0.153827
vn -0.874663 0.484731 -0.000001
vn -0.939529 0.342468 -0.000001
vn -0.921477 0.342468 0.183293
vn -0.857857 0.484731 0.170638
vn -0.939529 0.342468 -0.000001
vn -0.981446 0.191737 -0.000001
vn -0.962588 0.191737 0.191470
vn -0.921477 0.342468 0.183293
vn -0.981446 0.191737 -0.000001
vn -0.998619 0.052527 -0.000001
vn -0.979432 0.052527 0.194820
vn -0.962588 0.191737 0.191470
vn 0.001309 0.999999 -0.000261
vn -0.125584 0.991768 0.024980
vn -0.118297 0.991768 0.049001
vn 0.001233 0.999999 -0.000511
vn -0.125584 0.991768 0.024980
vn -0.275033 0.959877 0.054707
vn -0.259076 0.959877 0.107313
vn -0.118297 0.991768 0.049001
vn -0.275033 0.959877 0.054707
vn -0.417843 0.904710 0.083114
vn -0.393599 0.904710 0.163034
vn -0.259076 0.959877 0.107313
vn -0.417843 0.904710 0.083114
vn -0.550593 0.827558 0.109519
vn -0.518647 0.827559 0.214830
vn -0.393599 0.904710 0.163034
vn -0.550593 0.827558 0.109519
vn -0.670069 0.730235 0.133284
vn -0.631191 0.730235 0.261447
vn -0.518647 0.827559 0.214830
vn -0.670069 0.730235 0.133284
vn -0.773346 0.615040 0.153827
vn -0.728475 0.615040 0.301744
vn -0.631191 0.730235 0.261447
vn -0.773346 0.615040 0.153827
vn -0.857857 0.484731 0.170638
vn -0.808083 0.484731 0.334720
vn -0.728475 0.615040 0.301744
vn -0.857857 0.484731 0.170638
vn -0.921477 0.342468 0.183293
vn -0.868012 0.342467 0.359543
vn -0.808083 0.484731 0.334720
vn -0.921477 0.342468 0.183293
vn -0.962588 0.191737 0.191470
vn -0.906738 0.191737 0.375583
vn -0.868012 0.342467 0.359543
vn -0.962588 0.191737 0.191470
vn -0.979432 0.052527 0.194820
vn -0.922604 0.052527 0.382155
vn -0.906738 0.191737 0.375583
vn 0.001233 0.999999 -0.000511
vn -0.118297 0.991768 0.049001
vn -0.106465 0.991768 0.071138
vn 0.001109 0.999999 -0.000742
vn -0.118297 0.991768 0.049001
vn -0.259076 0.959877 0.107313
vn -0.233162 0.959877 0.155795
vn -0.106465 0.991768 0.071138
vn -0.259076 0.959877 0.107313
vn -0.393599 0.904710 0.163034
vn -0.354230 0.904710 0.236689
vn -0.233162 0.959877 0.155795
vn -0.393599 0.904710 0.163034
vn -0.518647 0.827559 0.214830
vn -0.466770 0.827559 0.311885
vn -0.354230 0.904710 0.236689
vn -0.518647 0.827559 0.214830
vn -0.631191 0.730235 0.261447
vn -0.568057 0.730235 0.379563
vn -0.466770 0.827559 0.311885
vn -0.631191 0.730235 0.261447
vn -0.728475 0.615040 0.301744
vn -0.655611 0.615040 0.438065
vn -0.568057 0.730235 0.379563
vn -0.728475 0.615040 0.301744
vn -0.808083 0.484731 0.334720
vn -0.727256 0.484731 0.485937
vn -0.655611 0.615040 0.438065
vn -0.808083 0.484731 0.334720
vn -0.868012 0.342467 0.359543
vn -0.781190 0.342467 0.521975
vn -0.727256 0.484731 0.485937
vn -0.868012 0.342467 0.359543
vn -0.906738 0.191737 0.375583
vn -0.816043 0.191737 0.545262
vn -0.781190 0.342467 0.521975
vn -0.906738 0.191737 0.375583
vn -0.922604 0.052527 0.382155
vn -0.830322 0.052527 0.554803
vn -0.816043 0.191737 0.545262
vn 0.001109 0.999999 -0.000742
vn -0.106465 0.991768 0.071138
vn -0.090541 0.991768 0.090541
vn 0.000944 0.999999 -0.000943
vn -0.106465 0.991768 0.071138
vn -0.233162 0.959877 0.155795
vn -0.198288 0.959877 0.198288
vn -0.090541 0.991768 0.090541
vn -0.233162 0.959877 0.155795
vn -0.354230 0.904710 0.236689
vn -0.301248 0.904710 0.301248
vn -0.198288 0.959877 0.198288
vn -0.354230 0.904710 0.236689
vn -0.466770 0.827559 0.311885
vn -0.396956 0.827558 0.396955
vn -0.301248 0.904710 0.301248
vn -0.466770 0.827559 0.311885
vn -0.568057 0.730235 0.379563
vn -0.483092 0.730235 0.483093
vn -0.396956 0.827558 0.396955
vn -0.568057 0.730235 0.379563
vn -0.655611 0.615040 0.438065
vn -0.557551 0.615040 0.557551
vn -0.483092 0.730235 0.483093
vn -0.655611 0.615040 0.438065
vn -0.727256 0.484731 0.485937
vn -0.618481 0.484731 0.618480
vn -0.557551 0.615040 0.557551
vn -0.727256 0.484731 0.485937
vn -0.781190 0.342467 0.521975
vn -0.664348 0.342468 0.664347
vn -0.618481 0.484731 0.618480
vn -0.781190 0.342467 0.521975
vn -0.816043 0.191737 0.545262
vn -0.693988 0.191738 0.693987
vn -0.664348 0.342468 0.664347
vn -0.816043 0.191737 0.545262
vn -0.830322 0.052527 0.554803
vn -0.706131 0.052527 0.706130
vn -0.693988 0.191738 0.693987
vn 0.000944 0.999999 -0.000943
vn -0.090541 0.991768 0.090541
vn -0.071137 0.991768 0.106465
vn 0.000741 0.999999 -0.001109
vn -0.090541 0.991768 0.090541
vn -0.198288 0.959877 0.198288
vn -0.155794 0.959877 0.233163
vn -0.071137 0.991768 0.106465
vn -0.198288 0.959877 0.198288
vn -0.301248 0.904710 0.301248
vn -0.236689 0.904710 0.354230
vn -0.155794 0.959877 0.233163
vn -0.301248 0.904710 0.301248
vn -0.396956 0.827558 0.396955
vn -0.311886 0.827558 0.466771
vn -0.236689 0.904710 0.354230
vn -0.396956 0.827558 0.396955
vn -0.483092 0.730235 0.483093
vn -0.379563 0.730235 0.568057
vn -0.311886 0.827558 0.466771
vn -0.483092 0.730235 0.483093
vn -0.557551 0.615040 0.557551
vn -0.438065 0.615041 0.655609
vn -0.379563 0.730235 0.568057
vn -0.557551 0.615040 0.557551
vn -0.618481 0.484731 0.618480
vn -0.485937 0.484731 0.727256
vn -0.438065 0.615041 0.655609
vn -0.618481 0.484731 0.618480
vn -0.664348 0.342468 0.664347
vn -0.521974 0.342467 0.781191
vn -0.485937 0.484731 0.727256
vn -0.664348 0.342468 0.664347
vn -0.693988 0.191738 0.693987
vn -0.545263 0.191738 0.816042
vn -0.521974 0.342467 0.781191
vn -0.693988 0.191738 0.693987
vn -0.706131 0.052527 0.706130
vn -0.554804 0.052527 0.830322
vn -0.545263 0.191738 0.816042
vn 0.000741 0.999999 -0.001109
vn -0.071137 0.991768 0.106465
vn -0.049000 0.991769 0.118295
vn 0.000511 0.999999 -0.001234
vn -0.071137 0.991768 0.106465
vn -0.155794 0.959877 0.233163
vn -0.107313 0.959877 0.259076
vn -0.049000 0.991769 0.118295
vn -0.155794 0.959877 0.233163
vn -0.236689 0.904710 0.354230
vn -0.163034 0.904709 0.393601
vn -0.107313 0.959877 0.259076
vn -0.236689 0.904710 0.354230
vn -0.311886 0.827558 0.466771
vn -0.214831 0.827558 0.518647
vn -0.163034 0.904709 0.393601
vn -0.311886 0.827558 0.466771
vn -0.379563 0.730235 0.568057
vn -0.261448 0.730235 0.631190
vn -0.214831 0.827558 0.518647
vn -0.379563 0.730235 0.568057
vn -0.438065 0.615041 0.655609
vn -0.301745 0.615040 0.728475
vn -0.261448 0.730235 0.631190
vn -0.438065 0.615041 0.655609
vn -0.485937 0.484731 0.727256
vn -0.334719 0.484730 0.808084
vn -0.301745 0.615040 0.728475
vn -0.485937 0.484731 0.727256
vn -0.521974 0.342467 0.781191
vn -0.359542 0.342467 0.868013
vn -0.334719 0.484730 0.808084
vn -0.521974 0.342467 0.781191
vn -0.545263 0.191738 0.816042
vn -0.375583 0.191738 0.906738
vn -0.359542 0.342467 0.868013
vn -0.545263 0.191738 0.816042
vn -0.554804 0.052527 0.830322
vn -0.382156 0.052527 0.922604
vn -0.375583 0.191738 0.906738
vn 0.000511 0.999999 -0.001234
vn -0.049000 0.991769 0.118295
vn -0.024980 0.991769 0.125581
vn 0.000260 0.999999 -0.001309
vn -0.049000 0.991769 0.118295
vn -0.107313 0.959877 0.259076
vn -0.054708 0.959878 0.275031
vn -0.024980 0.991769 0.125581
vn -0.107313 0.959877 0.259076
vn -0.163034 0.904709 0.393601
vn -0.083114 0.904710 0.417842
vn -0.054708 0.959878 0.275031
vn -0.163034 0.904709 0.393601
vn -0.214831 0.827558 0.518647
vn -0.109520 0.827559 0.550592
vn -0.083114 0.904710 0.417842
vn -0.214831 0.827558 0.518647
vn -0.261448 0.730235 0.631190
vn -0.133285 0.730235 0.670068
vn -0.109520 0.827559 0.550592
vn -0.261448 0.730235 0.631190
vn -0.301745 0.615040 0.728475
vn -0.153828 0.615039 0.773346
vn -0.133285 0.730235 0.670068
vn -0.301745 0.615040 0.728475
vn -0.334719 0.484730 0.808084
vn -0.170638 0.484730 0.857857
vn -0.153828 0.615039 0.773346
vn -0.334719 0.484730 0.808084
vn -0.359542 0.342467 0.868013
vn -0.183294 0.342468 0.921477
vn -0.170638 0.484730 0.857857
vn -0.359542 0.342467 0.868013
vn -0.375583 0.191738 0.906738
vn -0.191471 0.191738 0.962588
vn -0.183294 0.342468 0.921477
vn -0.375583 0.191738 0.906738
vn -0.382156 0.052527 0.922604
vn -0.194822 0.052527 0.979431
vn -0.191471 0.191738 0.962588
vn 0.000260 0.999999 -0.001309
vn -0.024980 0.991769 0.125581
vn 0.000000 0.991769 0.128043
vn 0.000000 0.999999 -0.001335
vn -0.024980 0.991769 0.125581
vn -0.054708 0.959878 0.275031
vn 0.000000 0.959877 0.280422
vn 0.000000 0.991769 0.128043
vn -0.054708 0.959878 0.275031
vn -0.083114 0.904710 0.417842
vn 0.000000 0.904710 0.426027
vn 0.000000 0.959877 0.280422
vn -0.083114 0.904710 0.417842
vn -0.109520 0.827559 0.550592
vn 0.000000 0.827559 0.561379
vn 0.000000 0.904710 0.426027
vn -0.109520 0.827559 0.550592
vn -0.133285 0.730235 0.670068
vn 0.000000 0.730235 0.683196
vn 0.000000 0.827559 0.561379
vn -0.133285 0.730235 0.670068
vn -0.153828 0.615039 0.773346
vn -0.000001 0.615040 0.788496
vn 0.000000 0.730235 0.683196
vn -0.153828 0.615039 0.773346
vn -0.170638 0.484730 0.857857
vn 0.000000 0.484731 0.874663
vn -0.000001 0.615040 0.788496
vn -0.170638 0.484730 0.857857
vn -0.183294 0.342468 0.921477
vn -0.000001 0.342468 0.939529
vn 0.000000 0.484731 0.874663
vn -0.183294 0.342468 0.921477
vn -0.191471 0.191738 0.962588
vn -0.000001 0.191737 0.981446
vn -0.000001 0.342468 0.939529
vn -0.191471 0.191738 0.962588
vn -0.194822 0.052527 0.979431
vn 0.000000 0.052527 0.998619
vn -0.000001 0.191737 0.981446
vn 0.000000 0.999999 -0.001335
vn 0.000000 0.991769 0.128043
vn 0.024980 0.991769 0.125583
vn -0.000260 0.999999 -0.001309
vn 0.000000 0.991769 0.128043
vn 0.000000 0.959877 0.280422
vn 0.054707 0.959877 0.275032
vn 0.024980 0.991769 0.125583
vn 0.000000 0.959877 0.280422
vn 0.000000 0.904710 0.426027
vn 0.083114 0.904710 0.417842
vn 0.054707 0.959877 0.275032
vn 0.000000 0.904710 0.426027
vn 0.000000 0.827559 0.561379
vn 0.109520 0.827559 0.550592
vn 0.083114 0.904710 0.417842
vn 0.000000 0.827559 0.561379
vn 0.000000 0.730235 0.683196
vn 0.133285 0.730235 0.670069
vn 0.109520 0.827559 0.550592
vn 0.000000 0.730235 0.683196
vn -0.000001 0.615040 0.788496
vn 0.153828 0.615039 0.773346
vn 0.133285 0.730235 0.670069
vn -0.000001 0.615040 0.788496
vn 0.000000 0.484731 0.874663
vn 0.170638 0.484731 0.857857
vn 0.153828 0.615039 0.773346
vn 0.000000 0.484731 0.874663
vn -0.000001 0.342468 0.939529
vn 0.183293 0.342468 0.921477
vn 0.170638 0.484731 0.857857
vn -0.000001 0.342468 0.939529
vn -0.000001 0.191737 0.981446
vn 0.191471 0.191738 0.962588
vn 0.183293 0.342468 0.921477
vn -0.000001 0.191737 0.981446
vn 0.000000 0.052527 0.998619
vn 0.194821 0.052527 0.979431
vn 0.191471 0.191738 0.962588
vn -0.000260 0.999999 -0.001309
vn 0.024980 0.991769 0.125583
vn 0.049000 0.991769 0.118296
vn -0.000511 0.999999 -0.001233
vn 0.024980 0.991769 0.125583
vn 0.054707 0.959877 0.275032
vn 0.107313 0.959877 0.259074
vn 0.049000 0.991769 0.118296
vn 0.054707 0.959877 0.275032
vn 0.083114 0.904710 0.417842
vn 0.163034 0.904710 0.393599
vn 0.107313 0.959877 0.259074
vn 0.083114 0.904710 0.417842
vn 0.109520 0.827559 0.550592
vn 0.214831 0.827559 0.518647
vn 0.163034 0.904710 0.393599
vn 0.109520 0.827559 0.550592
vn 0.133285 0.730235 0.670069
vn 0.261448 0.730235 0.631191
vn 0.214831 0.827559 0.518647
vn 0.133285 0.730235 0.670069
vn 0.153828 0.615039 0.773346
vn 0.301744 0.615040 0.728475
vn 0.261448 0.730235 0.631191
vn 0.153828 0.615039 0.773346
vn 0.170638 0.484731 0.857857
vn 0.334719 0.484731 0.808084
vn 0.301744 0.615040 0.728475
vn 0.170638 0.484731 0.857857
vn 0.183293 0.342468 0.921477
vn 0.359542 0.342468 0.868012
vn 0.334719 0.484731 0.808084
vn 0.183293 0.342468 0.921477
vn 0.191471 0.191738 0.962588
vn 0.375583 0.191738 0.906738
vn 0.359542 0.342468 0.868012
vn 0.191471 0.191738 0.962588
vn 0.194821 0.052527 0.979431
vn 0.382155 0.052527 0.922604
vn 0.375583 0.191738 0.906738
vn -0.000511 0.999999 -0.001233
vn 0.049000 0.991769 0.118296
vn 0.071137 0.991769 0.106462
vn -0.000741 0.999999 -0.001112
vn 0.049000 0.991769 0.118296
vn 0.107313 0.959877 0.259074
vn 0.155794 0.959877 0.233162
vn 0.071137 0.991769 0.106462
vn 0.107313 0.959877 0.259074
vn 0.163034 0.904710 0.393599
vn 0.236688 0.904709 0.354231
vn 0.155794 0.959877 0.233162
vn 0.163034 0.904710 0.393599
vn 0.214831 0.827559 0.518647
vn 0.311885 0.827558 0.466771
vn 0.236688 0.904709 0.354231
vn 0.214831 0.827559 0.518647
vn 0.261448 0.730235 0.631191
vn 0.379563 0.730235 0.568057
vn 0.311885 0.827558 0.466771
vn 0.261448 0.730235 0.631191
vn 0.301744 0.615040 0.728475
vn 0.438065 0.615040 0.655611
vn 0.379563 0.730235 0.568057
vn 0.301744 0.615040 0.728475
vn 0.334719 0.484731 0.808084
vn 0.485937 0.484731 0.727256
vn 0.438065 0.615040 0.655611
vn 0.334719 0.484731 0.808084
vn 0.359542 0.342468 0.868012
vn 0.521974 0.342468 0.781191
vn 0.485937 0.484731 0.727256
vn 0.359542 0.342468 0.868012
vn 0.375583 0.191738 0.906738
vn 0.545262 0.191737 0.816043
vn 0.521974 0.342468 0.781191
vn 0.375583 0.191738 0.906738
vn 0.382155 0.052527 0.922604
vn 0.554803 0.052527 0.830322
vn 0.545262 0.191737 0.816043
vn -0.000741 0.999999 -0.001112
vn 0.071137 0.991769 0.106462
vn 0.090541 0.991769 0.090539
vn -0.000944 0.999999 -0.000945
vn 0.071137 0.991769 0.106462
vn 0.155794 0.959877 0.233162
vn 0.198288 0.959877 0.198286
vn 0.090541 0.991769 0.090539
vn 0.155794 0.959877 0.233162
vn 0.236688 0.904709 0.354231
vn 0.301248 0.904710 0.301248
vn 0.198288 0.959877 0.198286
vn 0.236688 0.904709 0.354231
vn 0.311885 0.827558 0.466771
vn 0.396955 0.827558 0.396956
vn 0.301248 0.904710 0.301248
vn 0.311885 0.827558 0.466771
vn 0.379563 0.730235 0.568057
vn 0.483093 0.730235 0.483092
vn 0.396955 0.827558 0.396956
vn 0.379563 0.730235 0.568057
vn 0.438065 0.615040 0.655611
vn 0.557551 0.615040 0.557551
vn 0.483093 0.730235 0.483092
vn 0.438065 0.615040 0.655611
vn 0.485937 0.484731 0.727256
vn 0.618480 0.484731 0.618481
vn 0.557551 0.615040 0.557551
vn 0.485937 0.484731 0.727256
vn 0.521974 0.342468 0.781191
vn 0.664347 0.342468 0.664348
vn 0.618480 0.484731 0.618481
vn 0.521974 0.342468 0.781191
vn 0.545262 0.191737 0.816043
vn 0.693987 0.191737 0.693988
vn 0.664347 0.342468 0.664348
vn 0.545262 0.191737 0.816043
vn 0.554803 0.052527 0.830322
vn 0.706130 0.052527 0.706131
vn 0.693987 0.191737 0.693988
vn -0.000944 0.999999 -0.000945
vn 0.090541 0.991769 0.090539
vn 0.106465 0.991768 0.071138
vn -0.001109 0.999999 -0.000740
vn 0.090541 0.991769 0.090539
vn 0.198288 0.959877 0.198286
vn 0.233162 0.959877 0.155793
vn 0.106465 0.991768 0.071138
vn 0.198288 0.959877 0.198286
vn 0.301248 0.904710 0.301248
vn 0.354230 0.904710 0.236688
vn 0.233162 0.959877 0.155793
vn 0.301248 0.904710 0.301248
vn 0.396955 0.827558 0.396956
vn 0.466770 0.827559 0.311885
vn 0.354230 0.904710 0.236688
vn 0.396955 0.827558 0.396956
vn 0.483093 0.730235 0.483092
vn 0.568057 0.730235 0.379563
vn 0.466770 0.827559 0.311885
vn 0.483093 0.730235 0.483092
vn 0.557551 0.615040 0.557551
vn 0.655610 0.615040 0.438064
vn 0.568057 0.730235 0.379563
vn 0.557551 0.615040 0.557551
vn 0.618480 0.484731 0.618481
vn 0.727256 0.484731 0.485937
vn 0.655610 0.615040 0.438064
vn 0.618480 0.484731 0.618481
vn 0.664347 0.342468 0.664348
vn 0.781190 0.342468 0.521975
vn 0.727256 0.484731 0.485937
vn 0.664347 0.342468 0.664348
vn 0.693987 0.191737 0.693988
vn 0.816043 0.191737 0.545262
vn 0.781190 0.342468 0.521975
vn 0.693987 0.191737 0.693988
vn 0.706130 0.052527 0.706131
vn 0.830322 0.052527 0.554803
vn 0.816043 0.191737 0.545262
vn -0.001109 0.999999 -0.000740
vn 0.106465 0.991768 0.071138
vn 0.118297 0.991768 0.049001
vn -0.001233 0.999999 -0.000510
vn 0.106465 0.991768 0.071138
vn 0.233162 0.959877 0.155793
vn 0.259075 0.959877 0.107313
vn 0.118297 0.991768 0.049001
vn 0.233162 0.959877 0.155793
vn 0.354230 0.904710 0.236688
vn 0.393599 0.904710 0.163034
vn 0.259075 0.959877 0.107313
vn 0.354230 0.904710 0.236688
vn 0.466770 0.827559 0.311885
vn 0.518647 0.827558 0.214831
vn 0.393599 0.904710 0.163034
vn 0.466770 0.827559 0.311885
vn 0.568057 0.730235 0.379563
vn 0.631191 0.730235 0.261448
vn 0.518647 0.827558 0.214831
vn 0.568057 0.730235 0.379563
vn 0.655610 0.615040 0.438064
vn 0.728475 0.615040 0.301744
vn 0.631191 0.730235 0.261448
vn 0.655610 0.615040 0.438064
vn 0.727256 0.484731 0.485937
vn 0.808084 0.484731 0.334719
vn 0.728475 0.615040 0.301744
vn 0.727256 0.484731 0.485937
vn 0.781190 0.342468 0.521975
vn 0.868012 0.342468 0.359542
vn 0.808084 0.484731 0.334719
vn 0.781190 0.342468 0.521975
vn 0.816043 0.191737 0.545262
vn 0.906738 0.191737 0.375583
vn 0.868012 0.342468 0.359542
vn 0.816043 0.191737 0.545262
vn 0.830322 0.052527 0.554803
vn 0.922604 0.052527 0.382155
vn 0.906738 0.191737 0.375583
vn -0.001233 0.999999 -0.000510
vn 0.118297 0.991768 0.049001
vn 0.125584 0.991768 0.024980
vn -0.001309 0.999999 -0.000261
vn 0.118297 0.991768 0.049001
vn 0.259075 0.959877 0.107313
vn 0.275033 0.959877 0.054708
vn 0.125584 0.991768 0.024980
vn 0.259075 0.959877 0.107313
vn 0.393599 0.904710 0.163034
vn 0.417842 0.904710 0.083114
vn 0.275033 0.959877 0.054708
vn 0.393599 0.904710 0.163034
vn 0.518647 0.827558 0.214831
vn 0.550593 0.827559 0.109520
vn 0.417842 0.904710 0.083114
vn 0.518647 0.827558 0.214831
vn 0.631191 0.730235 0.261448
vn 0.670069 0.730235 0.133285
vn 0.550593 0.827559 0.109520
vn 0.631191 0.730235 0.261448
vn 0.728475 0.615040 0.301744
vn 0.773345 0.615040 0.153828
vn 0.670069 0.730235 0.133285
vn 0.728475 0.615040 0.301744
vn 0.808084 0.484731 0.334719
vn 0.857857 0.484731 0.170638
vn 0.773345 0.615040 0.153828
vn 0.808084 0.484731 0.334719
vn 0.868012 0.342468 0.359542
vn 0.921477 0.342468 0.183293
vn 0.857857 0.484731 0.170638
vn 0.868012 0.342468 0.359542
vn 0.906738 0.191737 0.375583
vn 0.962588 0.191737 0.191471
vn 0.921477 0.342468 0.183293
vn 0.906738 0.191737 0.375583
vn 0.922604 0.052527 0.382155
vn 0.979431 0.052527 0.194821
vn 0.962588 0.191737 0.191471
vn -0.001309 0.999999 -0.000261
vn 0.125584 0.991768 0.024980
vn 0.128044 0.991768 -0.000001
vn -0.001334 0.999999 -0.000000
vn 0.125584 0.991768 0.024980
vn 0.275033 0.959877 0.054708
vn 0.280421 0.959877 -0.000001
vn 0.128044 0.991768 -0.000001
vn 0.275033 0.959877 0.054708
vn 0.417842 0.904710 0.083114
vn 0.426028 0.904710 -0.000001
vn 0.280421 0.959877 -0.000001
vn 0.417842 0.904710 0.083114
vn 0.550593 0.827559 0.109520
vn 0.561379 0.827559 -0.000002
vn 0.426028 0.904710 -0.000001
vn 0.550593 0.827559 0.109520
vn 0.670069 0.730235 0.133285
vn 0.683196 0.730235 -0.000002
vn 0.561379 0.827559 -0.000002
vn 0.670069 0.730235 0.133285
vn 0.773345 0.615040 0.153828
vn 0.788496 0.615040 -0.000002
vn 0.683196 0.730235 -0.000002
vn 0.773345 0.615040 0.153828
vn 0.857857 0.484731 0.170638
vn 0.874663 0.484731 -0.000002
vn 0.788496 0.615040 -0.000002
vn 0.857857 0.484731 0.170638
vn 0.921477 0.342468 0.183293
vn 0.939530 0.342468 -0.000002
vn 0.874663 0.484731 -0.000002
vn 0.921477 0.342468 0.183293
vn 0.962588 0.191737 0.191471
vn 0.981446 0.191738 -0.000003
vn 0.939530 0.342468 -0.000002
vn 0.962588 0.191737 0.191471
vn 0.979431 0.052527 0.194821
vn 0.998619 0.052527 -0.000003
vn 0.981446 0.191738 -0.000003
vn 0.980553 0.021751 -0.195047
vn 0.923661 0.021750 -0.382592
vn 0.922604 0.052527 -0.382155
vn 0.979431 0.052527 -0.194824
vn 0.923661 0.021750 -0.382592
vn 0.831273 0.021750 -0.555438
vn 0.830322 0.052527 -0.554803
vn 0.922604 0.052527 -0.382155
vn 0.831273 0.021750 -0.555438
vn 0.706940 0.021750 -0.706939
vn 0.706132 0.052527 -0.706130
vn 0.830322 0.052527 -0.554803
vn 0.706940 0.021750 -0.706939
vn 0.555439 0.021750 -0.831273
vn 0.554804 0.052527 -0.830321
vn 0.706132 0.052527 -0.706130
vn 0.555439 0.021750 -0.831273
vn 0.382594 0.021750 -0.923661
vn 0.382156 0.052527 -0.922604
vn 0.554804 0.052527 -0.830321
vn 0.382594 0.021750 -0.923661
vn 0.195045 0.021750 -0.980553
vn 0.194821 0.052527 -0.979431
vn 0.382156 0.052527 -0.922604
vn 0.195045 0.021750 -0.980553
vn 0.000001 0.021750 -0.999763
vn 0.000001 0.052527 -0.998619
vn 0.194821 0.052527 -0.979431
vn 0.000001 0.021750 -0.999763
vn -0.195043 0.021750 -0.980554
vn -0.194820 0.052527 -0.979432
vn 0.000001 0.052527 -0.998619
vn -0.195043 0.021750 -0.980554
vn -0.382592 0.021750 -0.923661
vn -0.382155 0.052527 -0.922604
vn -0.194820 0.052527 -0.979432
vn -0.382592 0.021750 -0.923661
vn -0.555438 0.021750 -0.831273
vn -0.554803 0.052527 -0.830322
vn -0.382155 0.052527 -0.922604
vn -0.555438 0.021750 -0.831273
vn -0.706939 0.021750 -0.706940
vn -0.706130 0.052527 -0.706131
vn -0.554803 0.052527 -0.830322
vn -0.706939 0.021750 -0.706940
vn -0.831272 0.021750 -0.555440
vn -0.830321 0.052527 -0.554804
vn -0.706130 0.052527 -0.706131
vn -0.831272 0.021750 -0.555440
vn -0.923661 0.021750 -0.382593
vn -0.922604 0.052527 -0.382156
vn -0.830321 0.052527 -0.554804
vn -0.923661 0.021750 -0.382593
vn -0.980553 0.021750 -0.195044
vn -0.979431 0.052527 -0.194821
vn -0.922604 0.052527 -0.382156
vn -0.980553 0.021750 -0.195044
vn -0.999763 0.021750 -0.000001
vn -0.998619 0.052527 -0.000001
vn -0.979431 0.052527 -0.194821
vn -0.999763 0.021750 -0.000001
vn -0.980553 0.021750 0.195044
vn -0.979432 0.052527 0.194820
vn -0.998619 0.052527 -0.000001
vn -0.980553 0.021750 0.195044
vn -0.923661 0.021750 0.382593
vn -0.922604 0.052527 0.382155
vn -0.979432 0.052527 0.194820
vn -0.923661 0.021750 0.382593
vn -0.831273 0.021750 0.555438
vn -0.830322 0.052527 0.554803
vn -0.922604 0.052527 0.382155
vn -0.831273 0.021750 0.555438
vn -0.706940 0.021750 0.706939
vn -0.706131 0.052527 0.706130
vn -0.830322 0.052527 0.554803
vn -0.706940 0.021750 0.706939
vn -0.555439 0.021750 0.831273
vn -0.554804 0.052527 0.830322
vn -0.706131 0.052527 0.706130
vn -0.555439 0.021750 0.831273
vn -0.382593 0.021750 0.923661
vn -0.382156 0.052527 0.922604
vn -0.554804 0.052527 0.830322
vn -0.382593 0.021750 0.923661
vn -0.195045 0.021750 0.980553
vn -0.194822 0.052527 0.979431
vn -0.382156 0.052527 0.922604
vn -0.195045 0.021750 0.980553
vn 0.000000 0.021750 0.999763
vn 0.000000 0.052527 0.998619
vn -0.194822 0.052527 0.979431
vn 0.000000 0.021750 0.999763
vn 0.195044 0.021750 0.980553
vn 0.194821 0.052527 0.979431
vn 0.000000 0.052527 0.998619
vn 0.195044 0.021750 0.980553
vn 0.382593 0.021751 0.923661
vn 0.382155 0.052527 0.922604
vn 0.194821 0.052527 0.979431
vn 0.382593 0.021751 0.923661
vn 0.555439 0.021750 0.831273
vn 0.554803 0.052527 0.830322
vn 0.382155 0.052527 0.922604
vn 0.555439 0.021750 0.831273
vn 0.706939 0.021750 0.706940
vn 0.706130 0.052527 0.706131
vn 0.554803 0.052527 0.830322
vn 0.706939 0.021750 0.706940
vn 0.831273 0.021750 0.555439
vn 0.830322 0.052527 0.554803
vn 0.706130 0.052527 0.706131
vn 0.831273 0.021750 0.555439
vn 0.923661 0.021750 0.382593
vn 0.922604 0.052527 0.382155
vn 0.830322 0.052527 0.554803
vn 0.923661 0.021750 0.382593
vn 0.980553 0.021751 0.195045
vn 0.979431 0.052527 0.194821
vn 0.922604 0.052527 0.382155
vn 0.980553 0.021751 0.195045
vn 0.999763 0.021750 -0.000003
vn 0.998619 0.052527 -0.000003
vn 0.979431 0.052527 0.194821
vn 0.999763 0.021750 -0.000003
vn 0.980553 0.021751 -0.195047
vn 0.979431 0.052527 -0.194824
vn 0.998619 0.052527 -0.000003
vn 0.008314 -0.999964 -0.001654
vn 0.716936 -0.682396 -0.142610
vn 0.730983 -0.682396 -0.000003
vn 0.008477 -0.999964 0.000000
vn 0.716936 -0.682396 -0.142610
vn 0.980553 0.021751 -0.195047
vn 0.999763 0.021750 -0.000003
vn 0.730983 -0.682396 -0.000003
vn 0.980553 0.021751 -0.195047
vn 0.716936 -0.682396 -0.142610
vn 0.675339 -0.682398 -0.279732
vn 0.923661 0.021750 -0.382592
vn 0.716936 -0.682396 -0.142610
vn 0.008314 -0.999964 -0.001654
vn 0.007832 -0.999964 -0.003244
vn 0.675339 -0.682398 -0.279732
vn 0.923661 0.021750 -0.382592
vn 0.675339 -0.682398 -0.279732
vn 0.607790 -0.682397 -0.406110
vn 0.831273 0.021750 -0.555438
vn 0.675339 -0.682398 -0.279732
vn 0.007832 -0.999964 -0.003244
vn 0.007048 -0.999964 -0.004710
vn 0.607790 -0.682397 -0.406110
vn 0.831273 0.021750 -0.555438
vn 0.607790 -0.682397 -0.406110
vn 0.516883 -0.682395 -0.516884
vn 0.706940 0.021750 -0.706939
vn 0.607790 -0.682397 -0.406110
vn 0.007048 -0.999964 -0.004710
vn 0.005994 -0.999964 -0.005994
vn 0.516883 -0.682395 -0.516884
vn 0.706940 0.021750 -0.706939
vn 0.516883 -0.682395 -0.516884
vn 0.406111 -0.682394 -0.607794
vn 0.555439 0.021750 -0.831273
vn 0.516883 -0.682395 -0.516884
vn 0.005994 -0.999964 -0.005994
vn 0.004710 -0.999964 -0.007048
vn 0.406111 -0.682394 -0.607794
vn 0.555439 0.021750 -0.831273
vn 0.406111 -0.682394 -0.607794
vn 0.279734 -0.682394 -0.675342
vn 0.382594 0.021750 -0.923661
vn 0.406111 -0.682394 -0.607794
vn 0.004710 -0.999964 -0.007048
vn 0.003244 -0.999964 -0.007832
vn 0.279734 -0.682394 -0.675342
vn 0.382594 0.021750 -0.923661
vn 0.279734 -0.682394 -0.675342
vn 0.142609 -0.682400 -0.716933
vn 0.195045 0.021750 -0.980553
vn 0.279734 -0.682394 -0.675342
vn 0.003244 -0.999964 -0.007832
vn 0.001654 -0.999964 -0.008314
vn 0.142609 -0.682400 -0.716933
vn 0.195045 0.021750 -0.980553
vn 0.142609 -0.682400 -0.716933
vn 0.000000 -0.682401 -0.730978
vn 0.000001 0.021750 -0.999763
vn 0.142609 -0.682400 -0.716933
vn 0.001654 -0.999964 -0.008314
vn 0.000000 -0.999964 -0.008477
vn 0.000000 -0.682401 -0.730978
vn 0.000001 0.021750 -0.999763
vn 0.000000 -0.682401 -0.730978
vn -0.142606 -0.682394 -0.716939
vn -0.195043 0.021750 -0.980554
vn 0.000000 -0.682401 -0.730978
vn 0.000000 -0.999964 -0.008477
vn -0.001654 -0.999964 -0.008314
vn -0.142606 -0.682394 -0.716939
vn -0.195043 0.021750 -0.980554
vn -0.142606 -0.682394 -0.716939
vn -0.279733 -0.682395 -0.675342
vn -0.382592 0.021750 -0.923661
vn -0.142606 -0.682394 -0.716939
vn -0.001654 -0.999964 -0.008314
vn -0.003244 -0.999964 -0.007832
vn -0.279733 -0.682395 -0.675342
vn -0.382592 0.021750 -0.923661
vn -0.279733 -0.682395 -0.675342
vn -0.406111 -0.682397 -0.607789
vn -0.555438 0.021750 -0.831273
vn -0.279733 -0.682395 -0.675342
vn -0.003244 -0.999964 -0.007832
vn -0.004710 -0.999964 -0.007049
vn -0.406111 -0.682397 -0.607789
vn -0.555438 0.021750 -0.831273
vn -0.406111 -0.682397 -0.607789
vn -0.516882 -0.682396 -0.516883
vn -0.706939 0.021750 -0.706940
vn -0.406111 -0.682397 -0.607789
vn -0.004710 -0.999964 -0.007049
vn -0.005994 -0.999964 -0.005995
vn -0.516882 -0.682396 -0.516883
vn -0.706939 0.021750 -0.706940
vn -0.516882 -0.682396 -0.516883
vn -0.607789 -0.682396 -0.406113
vn -0.831272 0.021750 -0.555440
vn -0.516882 -0.682396 -0.516883
vn -0.005994 -0.999964 -0.005995
vn -0.007048 -0.999964 -0.004710
vn -0.607789 -0.682396 -0.406113
vn -0.831272 0.021750 -0.555440
vn -0.607789 -0.682396 -0.406113
vn -0.675339 -0.682396 -0.279735
vn -0.923661 0.021750 -0.382593
vn -0.607789 -0.682396 -0.406113
vn -0.007048 -0.999964 -0.004710
vn -0.007832 -0.999964 -0.003243
vn -0.675339 -0.682396 -0.279735
vn -0.923661 0.021750 -0.382593
vn -0.675339 -0.682396 -0.279735
vn -0.716938 -0.682395 -0.142608
vn -0.980553 0.021750 -0.195044
vn -0.675339 -0.682396 -0.279735
vn -0.007832 -0.999964 -0.003243
vn -0.008314 -0.999964 -0.001654
vn -0.716938 -0.682395 -0.142608
vn -0.980553 0.021750 -0.195044
vn -0.716938 -0.682395 -0.142608
vn -0.730983 -0.682396 0.000000
vn -0.999763 0.021750 -0.000001
vn -0.716938 -0.682395 -0.142608
vn -0.008314 -0.999964 -0.001654
vn -0.008477 -0.999964 0.000000
vn -0.730983 -0.682396 0.000000
vn -0.999763 0.021750 -0.000001
vn -0.730983 -0.682396 0.000000
vn -0.716935 -0.682398 0.142607
vn -0.980553 0.021750 0.195044
vn -0.730983 -0.682396 0.000000
vn -0.008477 -0.999964 0.000000
vn -0.008314 -0.999964 0.001654
vn -0.716935 -0.682398 0.142607
vn -0.980553 0.021750 0.195044
vn -0.716935 -0.682398 0.142607
vn -0.675339 -0.682397 0.279735
vn -0.923661 0.021750 0.382593
vn -0.716935 -0.682398 0.142607
vn -0.008314 -0.999964 0.001654
vn -0.007832 -0.999964 0.003244
vn -0.675339 -0.682397 0.279735
vn -0.923661 0.021750 0.382593
vn -0.675339 -0.682397 0.279735
vn -0.607790 -0.682396 0.406113
vn -0.831273 0.021750 0.555438
vn -0.675339 -0.682397 0.279735
vn -0.007832 -0.999964 0.003244
vn -0.007048 -0.999964 0.004710
vn -0.607790 -0.682396 0.406113
vn -0.831273 0.021750 0.555438
vn -0.607790 -0.682396 0.406113
vn -0.516884 -0.682398 0.516878
vn -0.706940 0.021750 0.706939
vn -0.607790 -0.682396 0.406113
vn -0.007048 -0.999964 0.004710
vn -0.005994 -0.999964 0.005994
vn -0.516884 -0.682398 0.516878
vn -0.706940 0.021750 0.706939
vn -0.516884 -0.682398 0.516878
vn -0.406112 -0.682397 0.607789
vn -0.555439 0.021750 0.831273
vn -0.516884 -0.682398 0.516878
vn -0.005994 -0.999964 0.005994
vn -0.004710 -0.999964 0.007048
vn -0.406112 -0.682397 0.607789
vn -0.555439 0.021750 0.831273
vn -0.406112 -0.682397 0.607789
vn -0.279734 -0.682395 0.675342
vn -0.382593 0.021750 0.923661
vn -0.406112 -0.682397 0.607789
vn -0.004710 -0.999964 0.007048
vn -0.003244 -0.999964 0.007832
vn -0.279734 -0.682395 0.675342
vn -0.382593 0.021750 0.923661
vn -0.279734 -0.682395 0.675342
vn -0.142609 -0.682400 0.716933
vn -0.195045 0.021750 0.980553
vn -0.279734 -0.682395 0.675342
vn -0.003244 -0.999964 0.007832
vn -0.001654 -0.999964 0.008314
vn -0.142609 -0.682400 0.716933
vn -0.195045 0.021750 0.980553
vn -0.142609 -0.682400 0.716933
vn 0.000000 -0.682398 0.730981
vn 0.000000 0.021750 0.999763
vn -0.142609 -0.682400 0.716933
vn -0.001654 -0.999964 0.008314
vn 0.000000 -0.999964 0.008477
vn 0.000000 -0.682398 0.730981
vn 0.000000 0.021750 0.999763
vn 0.000000 -0.682398 0.730981
vn 0.142606 -0.682392 0.716942
vn 0.195044 0.021750 0.980553
vn 0.000000 -0.682398 0.730981
vn 0.000000 -0.999964 0.008477
vn 0.001654 -0.999964 0.008315
vn 0.142606 -0.682392 0.716942
vn 0.195044 0.021750 0.980553
vn 0.142606 -0.682392 0.716942
vn 0.279734 -0.682395 0.675341
vn 0.382593 0.021751 0.923661
vn 0.142606 -0.682392 0.716942
vn 0.001654 -0.999964 0.008315
vn 0.003244 -0.999964 0.007832
vn 0.279734 -0.682395 0.675341
vn 0.382593 0.021751 0.923661
vn 0.279734 -0.682395 0.675341
vn 0.406113 -0.682400 0.607785
vn 0.555439 0.021750 0.831273
vn 0.279734 -0.682395 0.675341
vn 0.003244 -0.999964 0.007832
vn 0.004710 -0.999964 0.007048
vn 0.406113 -0.682400 0.607785
vn 0.555439 0.021750 0.831273
vn 0.406113 -0.682400 0.607785
vn 0.516884 -0.682399 0.516878
vn 0.706939 0.021750 0.706940
vn 0.406113 -0.682400 0.607785
vn 0.004710 -0.999964 0.007048
vn 0.005994 -0.999964 0.005994
vn 0.516884 -0.682399 0.516878
vn 0.706939 0.021750 0.706940
vn 0.516884 -0.682399 0.516878
vn 0.607788 -0.682398 0.406112
vn 0.831273 0.021750 0.555439
vn 0.516884 -0.682399 0.516878
vn 0.005994 -0.999964 0.005994
vn 0.007048 -0.999964 0.004710
vn 0.607788 -0.682398 0.406112
vn 0.831273 0.021750 0.555439
vn 0.607788 -0.682398 0.406112
vn 0.675338 -0.682397 0.279736
vn 0.923661 0.021750 0.382593
vn 0.607788 -0.682398 0.406112
vn 0.007048 -0.999964 0.004710
vn 0.007832 -0.999964 0.003245
vn 0.675338 -0.682397 0.279736
vn 0.923661 0.021750 0.382593
vn 0.675338 -0.682397 0.279736
vn 0.716937 -0.682396 0.142609
vn 0.980553 0.021751 0.195045
vn 0.675338 -0.682397 0.279736
vn 0.007832 -0.999964 0.003245
vn 0.008314 -0.999964 0.001655
vn 0.716937 -0.682396 0.142609
vn 0.980553 0.021751 0.195045
vn 0.716937 -0.682396 0.142609
vn 0.730983 -0.682396 -0.000003
vn 0.999763 0.021750 -0.000003
vn 0.716937 -0.682396 0.142609
vn 0.008314 -0.999964 0.001655
vn 0.008477 -0.999964 0.000000
vn 0.730983 -0.682396 -0.000003
vn 0.007832 -0.999964 -0.003244
vn 0.008314 -0.999964 -0.001654
vn 0.000000 -1.000000 0.000000
vn 0.000000 -1.000000 0.000000
vn 0.007048 -0.999964 -0.004710
vn 0.007832 -0.999964 -0.003244
vn 0.000000 -1.000000 0.000000
vn 0.000000 -1.000000 0.000000
vn 0.005994 -0.999964 -0.005994
vn 0.007048 -0.999964 -0.004710
vn 0.000000 -1.000000 0.000000
vn 0.000000 -1.000000 0.000000
vn 0.004710 -0.999964 -0.007048
vn 0.005994 -0.999964 -0.005994
vn 0.000000 -1.000000 0.000000
vn 0.000000 -1.000000 0.000000
vn 0.003244 -0.999964 -0.007832
vn 0.004710 -0.999964 -0.007048
vn 0.000000 -1.000000 0.000000
vn 0.000000 -1.000000 0.000000
vn 0.001654 -0.999964 -0.008314
vn 0.003244 -0.999964 -0.007832
vn 0.000000 -1.000000 0.000000
vn 0.000000 -1.000000 0.000000
vn 0.000000 -0.999964 -0.008477
vn 0.001654 -0.999964 -0.008314
vn 0.000000 -1.000000 0.000000
vn 0.000000 -1.000000 0.000000
vn -0.001654 -0.999964 -0.008314
vn 0.000000 -0.999964 -0.008477
vn 0.000000 -1.000000 0.000000
vn 0.000000 -1.000000 0.000000
vn -0.003244 -0.999964 -0.007832
vn -0.001654 -0.999964 -0.008314
vn 0.000000 -1.000000 0.000000
vn 0.000000 -1.000000 0.000000
vn -0.004710 -0.999964 -0.007049
vn -0.003244 -0.999964 -0.007832
vn 0.000000 -1.000000 0.000000
vn 0.000000 -1.000000 0.000000
vn -0.005994 -0.999964 -0.005995
vn -0.004710 -0.999964 -0.007049
vn 0.000000 -1.000000 0.000000
vn 0.000000 -1.000000 -0.000001
vn -0.007048 -0.999964 -0.004710
vn -0.005994 -0.999964 -0.005995
vn 0.000000 -1.000000 -0.000001
vn 0.000000 -1.000000 0.000000
vn -0.007832 -0.999964 -0.003243
vn -0.007048 -0.999964 -0.004710
vn 0.000000 -1.000000 0.000000
vn 0.000000 -1.000000 0.000001
vn -0.008314 -0.999964 -0.001654
vn -0.007832 -0.999964 -0.003243
vn 0.000000 -1.000000 0.000001
vn 0.000000 -1.000000 0.000000
vn -0.008477 -0.999964 0.000000
vn -0.008314 -0.999964 -0.001654
vn 0.000000 -1.000000 0.000000
vn 0.000000 -1.000000 0.000000
vn -0.008314 -0.999964 0.001654
vn -0.008477 -0.999964 0.000000
vn 0.000000 -1.000000 0.000000
vn 0.000000 -1.000000 0.000000
vn -0.007832 -0.999964 0.003244
vn -0.008314 -0.999964 0.001654
vn 0.000000 -1.000000 0.000000
vn 0.000000 -1.000000 0.000000
vn -0.007048 -0.999964 0.004710
vn -0.007832 -0.999964 0.003244
vn 0.000000 -1.000000 0.000000
vn 0.000000 -1.000000 0.000000
vn -0.005994 -0.999964 0.005994
vn -0.007048 -0.999964 0.004710
vn 0.000000 -1.000000 0.000000
vn 0.000000 -1.000000 0.000000
vn -0.004710 -0.999964 0.007048
vn -0.005994 -0.999964 0.005994
vn 0.000000 -1.000000 0.000000
vn 0.000000 -1.000000 0.000000
vn -0.003244 -0.999964 0.007832
vn -0.004710 -0.999964 0.007048
vn 0.000000 -1.000000 0.000000
vn 0.000000 -1.000000 0.000000
vn -0.001654 -0.999964 0.008314
vn -0.003244 -0.999964 0.007832
vn 0.000000 -1.000000 0.000000
vn 0.000000 -1.000000 0.000000
vn 0.000000 -0.999964 0.008477
vn -0.001654 -0.999964 0.008314
vn 0.000000 -1.000000 0.000000
vn 0.000000 -1.000000 0.000000
vn 0.001654 -0.999964 0.008315
vn 0.000000 -0.999964 0.008477
vn 0.000000 -1.000000 0.000000
vn 0.000000 -1.000000 0.000000
vn 0.003244 -0.999964 0.007832
vn 0.001654 -0.999964 0.008315
vn 0.000000 -1.000000 0.000000
vn 0.000000 -1.000000 0.000000
vn 0.004710 -0.999964 0.007048
vn 0.003244 -0.999964 0.007832
vn 0.000000 -1.000000 0.000000
vn 0.000000 -1.000000 0.000000
vn 0.005994 -0.999964 0.005994
vn 0.004710 -0.999964 0.007048
vn 0.000000 -1.000000 0.000000
vn 0.000000 -1.000000 0.000000
vn 0.007048 -0.999964 0.004710
vn 0.005994 -0.999964 0.005994
vn 0.000000 -1.000000 0.000000
vn 0.000000 -1.000000 0.000000
vn 0.007832 -0.999964 0.003245
vn 0.007048 -0.999964 0.004710
vn 0.000000 -1.000000 0.000000
vn 0.000000 -1.000000 0.000001
vn 0.008314 -0.999964 0.001655
vn 0.007832 -0.999964 0.003245
vn 0.000000 -1.000000 0.000001
vn 0.000000 -1.000000 0.000001
vn 0.008477 -0.999964 0.000000
vn 0.008314 -0.999964 0.001655
vn 0.000000 -1.000000 0.000001
vn 0.000000 -1.000000 0.000000
vn 0.008314 -0.999964 -0.001654
vn 0.008477 -0.999964 0.000000
vn 0.000000 -1.000000 0.000000
vn 0.000000 -1.000000 0.000000
vn 0.964585 -0.180990 -0.191880
vn 0.967667 -0.162995 -0.192493
vn 0.986627 -0.162996 -0.000007
vn 0.983485 -0.180991 -0.000008
vn 0.967667 -0.162995 -0.192493
vn 0.970894 -0.141647 -0.193135
vn 0.989917 -0.141648 -0.000007
vn 0.986627 -0.162996 -0.000007
vn 0.970894 -0.141647 -0.193135
vn 0.973685 -0.120093 -0.193690
vn 0.992763 -0.120094 -0.000007
vn 0.989917 -0.141648 -0.000007
vn 0.973685 -0.120093 -0.193690
vn 0.976022 -0.098409 -0.194155
vn 0.995146 -0.098410 -0.000007
vn 0.992763 -0.120094 -0.000007
vn 0.976022 -0.098409 -0.194155
vn 0.977899 -0.076636 -0.194528
vn 0.997059 -0.076636 -0.000007
vn 0.995146 -0.098410 -0.000007
vn 0.977899 -0.076636 -0.194528
vn 0.979309 -0.054800 -0.194808
vn 0.998497 -0.054800 -0.000007
vn 0.997059 -0.076636 -0.000007
vn 0.979309 -0.054800 -0.194808
vn 0.980251 -0.032923 -0.194996
vn 0.999458 -0.032923 -0.000007
vn 0.998497 -0.054800 -0.000007
vn 0.980251 -0.032923 -0.194996
vn 0.980720 -0.011343 -0.195089
vn 0.999936 -0.011343 -0.000007
vn 0.999458 -0.032923 -0.000007
vn 0.908623 -0.180990 -0.376361
vn 0.964585 -0.180990 -0.191880
vn 0.000020 -1.000000 0.000022
vn 0.817739 -0.180990 -0.546394
vn 0.908623 -0.180990 -0.376361
vn 0.000020 -1.000000 0.000022
vn 0.695431 -0.180990 -0.695427
vn 0.817739 -0.180990 -0.546394
vn 0.000020 -1.000000 0.000022
vn 0.546397 -0.180990 -0.817737
vn 0.695431 -0.180990 -0.695427
vn 0.000020 -1.000000 0.000022
vn 0.376368 -0.180991 -0.908620
vn 0.546397 -0.180990 -0.817737
vn 0.000020 -1.000000 0.000022
vn 0.191869 -0.180991 -0.964587
vn 0.376368 -0.180991 -0.908620
vn 0.000020 -1.000000 0.000022
vn -0.000002 -0.180991 -0.983485
vn 0.191869 -0.180991 -0.964587
vn 0.000020 -1.000000 0.000022
vn -0.191872 -0.180991 -0.964587
vn -0.000002 -0.180991 -0.983485
vn 0.000020 -1.000000 0.000022
vn -0.376364 -0.180990 -0.908621
vn -0.191872 -0.180991 -0.964587
vn 0.000020 -1.000000 0.000022
vn -0.546392 -0.180991 -0.817739
vn -0.376364 -0.180990 -0.908621
vn 0.000020 -1.000000 0.000022
vn -0.695427 -0.180991 -0.695430
vn -0.546392 -0.180991 -0.817739
vn 0.000020 -1.000000 0.000022
vn -0.817737 -0.180991 -0.546396
vn -0.695427 -0.180991 -0.695430
vn 0.000020 -1.000000 0.000022
vn -0.908621 -0.180991 -0.376365
vn -0.817737 -0.180991 -0.546396
vn 0.000020 -1.000000 0.000022
vn -0.964587 -0.180991 -0.191869
vn -0.908621 -0.180991 -0.376365
vn 0.000020 -1.000000 0.000022
vn -0.983485 -0.180991 0.000000
vn -0.964587 -0.180991 -0.191869
vn 0.000020 -1.000000 0.000022
vn -0.964587 -0.180991 0.191870
vn -0.983485 -0.180991 0.000000
vn 0.000020 -1.000000 0.000022
vn -0.908623 -0.180990 0.376361
vn -0.964587 -0.180991 0.191870
vn 0.000020 -1.000000 0.000022
vn -0.817738 -0.180991 0.546395
vn -0.908623 -0.180990 0.376361
vn 0.000020 -1.000000 0.000022
vn -0.695429 -0.180990 0.695429
vn -0.817738 -0.180991 0.546395
vn 0.000020 -1.000000 0.000022
vn -0.546397 -0.180990 0.817736
vn -0.695429 -0.180990 0.695429
vn 0.000020 -1.000000 0.000022
vn -0.376363 -0.180990 0.908622
vn -0.546397 -0.180990 0.817736
vn 0.000020 -1.000000 0.000022
vn -0.191868 -0.180990 0.964588
vn -0.376363 -0.180990 0.908622
vn 0.000020 -1.000000 0.000022
vn 0.000002 -0.180990 0.983485
vn -0.191868 -0.180990 0.964588
vn 0.000020 -1.000000 0.000022
vn 0.191869 -0.180990 0.964587
vn 0.000002 -0.180990 0.983485
vn 0.000020 -1.000000 0.000022
vn 0.376362 -0.180991 0.908622
vn 0.191869 -0.180990 0.964587
vn 0.000020 -1.000000 0.000022
vn 0.546394 -0.180991 0.817738
vn 0.376362 -0.180991 0.908622
vn 0.000020 -1.000000 0.000022
vn 0.695427 -0.180991 0.695430
vn 0.546394 -0.180991 0.817738
vn 0.000020 -1.000000 0.000022
vn 0.817737 -0.180991 0.546396
vn 0.695427 -0.180991 0.695430
vn 0.000020 -1.000000 0.000022
vn 0.908622 -0.180991 0.376363
vn 0.817737 -0.180991 0.546396
vn 0.000020 -1.000000 0.000022
vn 0.964586 -0.180991 0.191876
vn 0.908622 -0.180991 0.376363
vn 0.000020 -1.000000 0.000022
vn 0.983485 -0.180991 -0.000008
vn 0.964586 -0.180991 0.191876
vn 0.000020 -1.000000 0.000022
vn 0.964585 -0.180990 -0.191880
vn 0.983485 -0.180991 -0.000008
vn 0.000020 -1.000000 0.000022
vn 0.980723 -0.011077 -0.195090
vn 0.999939 -0.011077 -0.000007
vn 0.999936 -0.011343 -0.000007
vn 0.980720 -0.011343 -0.195089
vn 0.999939 -0.011077 -0.000007
vn 0.980724 -0.011077 0.195086
vn 0.980721 -0.011343 0.195086
vn 0.999936 -0.011343 -0.000007
vn 0.980724 -0.011077 0.195086
vn 0.923823 -0.011077 0.382659
vn 0.923820 -0.011343 0.382658
vn 0.980721 -0.011343 0.195086
vn 0.923823 -0.011077 0.382659
vn 0.831418 -0.011077 0.555538
vn 0.831415 -0.011343 0.555536
vn 0.923820 -0.011343 0.382658
vn 0.831418 -0.011077 0.555538
vn 0.707062 -0.011077 0.707065
vn 0.707060 -0.011343 0.707063
vn 0.831415 -0.011343 0.555536
vn 0.707062 -0.011077 0.707065
vn 0.555536 -0.011077 0.831419
vn 0.555534 -0.011343 0.831417
vn 0.707060 -0.011343 0.707063
vn 0.555536 -0.011077 0.831419
vn 0.382659 -0.011077 0.923823
vn 0.382657 -0.011343 0.923821
vn 0.555534 -0.011343 0.831417
vn 0.382659 -0.011077 0.923823
vn 0.195079 -0.011077 0.980725
vn 0.195079 -0.011343 0.980722
vn 0.382657 -0.011343 0.923821
vn 0.195079 -0.011077 0.980725
vn 0.000002 -0.011077 0.999939
vn 0.000002 -0.011343 0.999936
vn 0.195079 -0.011343 0.980722
vn 0.000002 -0.011077 0.999939
vn -0.195078 -0.011077 0.980725
vn -0.195078 -0.011343 0.980722
vn 0.000002 -0.011343 0.999936
vn -0.195078 -0.011077 0.980725
vn -0.382660 -0.011077 0.923823
vn -0.382659 -0.011343 0.923820
vn -0.195078 -0.011343 0.980722
vn -0.382660 -0.011077 0.923823
vn -0.555539 -0.011077 0.831417
vn -0.555537 -0.011343 0.831415
vn -0.382659 -0.011343 0.923820
vn -0.555539 -0.011077 0.831417
vn -0.707063 -0.011077 0.707064
vn -0.707061 -0.011343 0.707062
vn -0.555537 -0.011343 0.831415
vn -0.707063 -0.011077 0.707064
vn -0.831419 -0.011077 0.555536
vn -0.831416 -0.011343 0.555535
vn -0.707061 -0.011343 0.707062
vn -0.831419 -0.011077 0.555536
vn -0.923824 -0.011077 0.382658
vn -0.923821 -0.011343 0.382657
vn -0.831416 -0.011343 0.555535
vn -0.923824 -0.011077 0.382658
vn -0.980725 -0.011077 0.195080
vn -0.980722 -0.011343 0.195079
vn -0.923821 -0.011343 0.382657
vn -0.980725 -0.011077 0.195080
vn -0.999939 -0.011077 0.000000
vn -0.999936 -0.011343 0.000000
vn -0.980722 -0.011343 0.195079
vn -0.999939 -0.011077 0.000000
vn -0.980725 -0.011077 -0.195079
vn -0.980722 -0.011343 -0.195078
vn -0.999936 -0.011343 0.000000
vn -0.980725 -0.011077 -0.195079
vn -0.923822 -0.011077 -0.382662
vn -0.923820 -0.011343 -0.382660
vn -0.980722 -0.011343 -0.195078
vn -0.923822 -0.011077 -0.382662
vn -0.831418 -0.011077 -0.555537
vn -0.831415 -0.011343 -0.555536
vn -0.923820 -0.011343 -0.382660
vn -0.831418 -0.011077 -0.555537
vn -0.707062 -0.011077 -0.707065
vn -0.707060 -0.011343 -0.707063
vn -0.831415 -0.011343 -0.555536
vn -0.707062 -0.011077 -0.707065
vn -0.555534 -0.011077 -0.831420
vn -0.555532 -0.011343 -0.831418
vn -0.707060 -0.011343 -0.707063
vn -0.555534 -0.011077 -0.831420
vn -0.382661 -0.011077 -0.923823
vn -0.382660 -0.011343 -0.923820
vn -0.555532 -0.011343 -0.831418
vn -0.382661 -0.011077 -0.923823
vn -0.195082 -0.011077 -0.980724
vn -0.195082 -0.011343 -0.980721
vn -0.382660 -0.011343 -0.923820
vn -0.195082 -0.011077 -0.980724
vn -0.000002 -0.011077 -0.999939
vn -0.000002 -0.011343 -0.999936
vn -0.195082 -0.011343 -0.980721
vn -0.000002 -0.011077 -0.999939
vn 0.195079 -0.011077 -0.980725
vn 0.195078 -0.011343 -0.980722
vn -0.000002 -0.011343 -0.999936
vn 0.195079 -0.011077 -0.980725
vn 0.382664 -0.011077 -0.923821
vn 0.382663 -0.011343 -0.923818
vn 0.195078 -0.011343 -0.980722
vn 0.382664 -0.011077 -0.923821
vn 0.555538 -0.011077 -0.831417
vn 0.555537 -0.011343 -0.831415
vn 0.382663 -0.011343 -0.923818
vn 0.555538 -0.011077 -0.831417
vn 0.707065 -0.011077 -0.707062
vn 0.707063 -0.011343 -0.707059
vn 0.555537 -0.011343 -0.831415
vn 0.707065 -0.011077 -0.707062
vn 0.831419 -0.011077 -0.555535
vn 0.831417 -0.011343 -0.555534
vn 0.707063 -0.011343 -0.707059
vn 0.831419 -0.011077 -0.555535
vn 0.923824 -0.011077 -0.382657
vn 0.923821 -0.011343 -0.382656
vn 0.831417 -0.011343 -0.555534
vn 0.923824 -0.011077 -0.382657
vn 0.980723 -0.011077 -0.195090
vn 0.980720 -0.011343 -0.195089
vn 0.923821 -0.011343 -0.382656
vn 0.999458 -0.032923 -0.000007
vn 0.999936 -0.011343 -0.000007
vn 0.980721 -0.011343 0.195086
vn 0.980252 -0.032923 0.194992
vn 0.998497 -0.054800 -0.000007
vn 0.999458 -0.032923 -0.000007
vn 0.980252 -0.032923 0.194992
vn 0.979310 -0.054801 0.194805
vn 0.997059 -0.076636 -0.000007
vn 0.998497 -0.054800 -0.000007
vn 0.979310 -0.054801 0.194805
vn 0.977899 -0.076637 0.194524
vn 0.995146 -0.098410 -0.000007
vn 0.997059 -0.076636 -0.000007
vn 0.977899 -0.076637 0.194524
vn 0.976023 -0.098410 0.194151
vn 0.992763 -0.120094 -0.000007
vn 0.995146 -0.098410 -0.000007
vn 0.976023 -0.098410 0.194151
vn 0.973685 -0.120094 0.193686
vn 0.989917 -0.141648 -0.000007
vn 0.992763 -0.120094 -0.000007
vn 0.973685 -0.120094 0.193686
vn 0.970895 -0.141648 0.193131
vn 0.983485 -0.180991 -0.000008
vn 0.986627 -0.162996 -0.000007
vn 0.967668 -0.162996 0.192489
vn 0.964586 -0.180991 0.191876
vn 0.986627 -0.162996 -0.000007
vn 0.989917 -0.141648 -0.000007
vn 0.970895 -0.141648 0.193131
vn 0.967668 -0.162996 0.192489
vn 0.980252 -0.032923 0.194992
vn 0.980721 -0.011343 0.195086
vn 0.923820 -0.011343 0.382658
vn 0.923379 -0.032923 0.382475
vn 0.979310 -0.054801 0.194805
vn 0.980252 -0.032923 0.194992
vn 0.923379 -0.032923 0.382475
vn 0.922492 -0.054800 0.382108
vn 0.977899 -0.076637 0.194524
vn 0.979310 -0.054801 0.194805
vn 0.922492 -0.054800 0.382108
vn 0.921163 -0.076636 0.381557
vn 0.976023 -0.098410 0.194151
vn 0.977899 -0.076637 0.194524
vn 0.921163 -0.076636 0.381557
vn 0.919395 -0.098410 0.380825
vn 0.973685 -0.120094 0.193686
vn 0.976023 -0.098410 0.194151
vn 0.919395 -0.098410 0.380825
vn 0.917193 -0.120094 0.379913
vn 0.970895 -0.141648 0.193131
vn 0.973685 -0.120094 0.193686
vn 0.917193 -0.120094 0.379913
vn 0.914564 -0.141648 0.378824
vn 0.964586 -0.180991 0.191876
vn 0.967668 -0.162996 0.192489
vn 0.911525 -0.162996 0.377565
vn 0.908622 -0.180991 0.376363
vn 0.967668 -0.162996 0.192489
vn 0.970895 -0.141648 0.193131
vn 0.914564 -0.141648 0.378824
vn 0.911525 -0.162996 0.377565
vn 0.923379 -0.032923 0.382475
vn 0.923820 -0.011343 0.382658
vn 0.831415 -0.011343 0.555536
vn 0.831018 -0.032923 0.555270
vn 0.922492 -0.054800 0.382108
vn 0.923379 -0.032923 0.382475
vn 0.831018 -0.032923 0.555270
vn 0.830219 -0.054800 0.554737
vn 0.921163 -0.076636 0.381557
vn 0.922492 -0.054800 0.382108
vn 0.830219 -0.054800 0.554737
vn 0.829023 -0.076636 0.553938
vn 0.919395 -0.098410 0.380825
vn 0.921163 -0.076636 0.381557
vn 0.829023 -0.076636 0.553938
vn 0.827433 -0.098410 0.552875
vn 0.917193 -0.120094 0.379913
vn 0.919395 -0.098410 0.380825
vn 0.827433 -0.098410 0.552875
vn 0.825451 -0.120094 0.551551
vn 0.914564 -0.141648 0.378824
vn 0.917193 -0.120094 0.379913
vn 0.825451 -0.120094 0.551551
vn 0.823085 -0.141648 0.549970
vn 0.908622 -0.180991 0.376363
vn 0.911525 -0.162996 0.377565
vn 0.820349 -0.162996 0.548142
vn 0.817737 -0.180991 0.546396
vn 0.911525 -0.162996 0.377565
vn 0.914564 -0.141648 0.378824
vn 0.823085 -0.141648 0.549970
vn 0.820349 -0.162996 0.548142
vn 0.831018 -0.032923 0.555270
vn 0.831415 -0.011343 0.555536
vn 0.707060 -0.011343 0.707063
vn 0.706722 -0.032923 0.706725
vn 0.830219 -0.054800 0.554737
vn 0.831018 -0.032923 0.555270
vn 0.706722 -0.032923 0.706725
vn 0.706043 -0.054800 0.706046
vn 0.829023 -0.076636 0.553938
vn 0.830219 -0.054800 0.554737
vn 0.706043 -0.054800 0.706046
vn 0.705026 -0.076636 0.705029
vn 0.827433 -0.098410 0.552875
vn 0.829023 -0.076636 0.553938
vn 0.705026 -0.076636 0.705029
vn 0.703673 -0.098410 0.703676
vn 0.825451 -0.120094 0.551551
vn 0.827433 -0.098410 0.552875
vn 0.703673 -0.098410 0.703676
vn 0.701988 -0.120094 0.701990
vn 0.823085 -0.141648 0.549970
vn 0.825451 -0.120094 0.551551
vn 0.701988 -0.120094 0.701990
vn 0.699976 -0.141648 0.699978
vn 0.817737 -0.180991 0.546396
vn 0.820349 -0.162996 0.548142
vn 0.697649 -0.162995 0.697652
vn 0.695427 -0.180991 0.695430
vn 0.820349 -0.162996 0.548142
vn 0.823085 -0.141648 0.549970
vn 0.699976 -0.141648 0.699978
vn 0.697649 -0.162995 0.697652
vn 0.706722 -0.032923 0.706725
vn 0.707060 -0.011343 0.707063
vn 0.555534 -0.011343 0.831417
vn 0.555268 -0.032923 0.831019
vn 0.706043 -0.054800 0.706046
vn 0.706722 -0.032923 0.706725
vn 0.555268 -0.032923 0.831019
vn 0.554735 -0.054800 0.830221
vn 0.705026 -0.076636 0.705029
vn 0.706043 -0.054800 0.706046
vn 0.554735 -0.054800 0.830221
vn 0.553936 -0.076636 0.829025
vn 0.703673 -0.098410 0.703676
vn 0.705026 -0.076636 0.705029
vn 0.553936 -0.076636 0.829025
vn 0.552873 -0.098410 0.827434
vn 0.701988 -0.120094 0.701990
vn 0.703673 -0.098410 0.703676
vn 0.552873 -0.098410 0.827434
vn 0.551549 -0.120094 0.825452
vn 0.699976 -0.141648 0.699978
vn 0.701988 -0.120094 0.701990
vn 0.551549 -0.120094 0.825452
vn 0.549968 -0.141648 0.823087
vn 0.695427 -0.180991 0.695430
vn 0.697649 -0.162995 0.697652
vn 0.548140 -0.162995 0.820351
vn 0.546394 -0.180991 0.817738
vn 0.697649 -0.162995 0.697652
vn 0.699976 -0.141648 0.699978
vn 0.549968 -0.141648 0.823087
vn 0.548140 -0.162995 0.820351
vn 0.555268 -0.032923 0.831019
vn 0.555534 -0.011343 0.831417
vn 0.382657 -0.011343 0.923821
vn 0.382475 -0.032923 0.923379
vn 0.554735 -0.054800 0.830221
vn 0.555268 -0.032923 0.831019
vn 0.382475 -0.032923 0.923379
vn 0.382107 -0.054800 0.922492
vn 0.553936 -0.076636 0.829025
vn 0.554735 -0.054800 0.830221
vn 0.382107 -0.054800 0.922492
vn 0.381556 -0.076636 0.921163
vn 0.552873 -0.098410 0.827434
vn 0.553936 -0.076636 0.829025
vn 0.381556 -0.076636 0.921163
vn 0.380824 -0.098409 0.919396
vn 0.551549 -0.120094 0.825452
vn 0.552873 -0.098410 0.827434
vn 0.380824 -0.098409 0.919396
vn 0.379912 -0.120094 0.917194
vn 0.549968 -0.141648 0.823087
vn 0.551549 -0.120094 0.825452
vn 0.379912 -0.120094 0.917194
vn 0.378823 -0.141648 0.914565
vn 0.546394 -0.180991 0.817738
vn 0.548140 -0.162995 0.820351
vn 0.377564 -0.162995 0.911525
vn 0.376362 -0.180991 0.908622
vn 0.548140 -0.162995 0.820351
vn 0.549968 -0.141648 0.823087
vn 0.378823 -0.141648 0.914565
vn 0.377564 -0.162995 0.911525
vn 0.382475 -0.032923 0.923379
vn 0.382657 -0.011343 0.923821
vn 0.195079 -0.011343 0.980722
vn 0.194986 -0.032923 0.980253
vn 0.382107 -0.054800 0.922492
vn 0.382475 -0.032923 0.923379
vn 0.194986 -0.032923 0.980253
vn 0.194798 -0.054800 0.979311
vn 0.381556 -0.076636 0.921163
vn 0.382107 -0.054800 0.922492
vn 0.194798 -0.054800 0.979311
vn 0.194518 -0.076636 0.977901
vn 0.380824 -0.098409 0.919396
vn 0.381556 -0.076636 0.921163
vn 0.194518 -0.076636 0.977901
vn 0.194145 -0.098409 0.976024
vn 0.379912 -0.120094 0.917194
vn 0.380824 -0.098409 0.919396
vn 0.194145 -0.098409 0.976024
vn 0.193679 -0.120094 0.973687
vn 0.378823 -0.141648 0.914565
vn 0.379912 -0.120094 0.917194
vn 0.193679 -0.120094 0.973687
vn 0.193124 -0.141647 0.970896
vn 0.376362 -0.180991 0.908622
vn 0.377564 -0.162995 0.911525
vn 0.192483 -0.162995 0.967669
vn 0.191869 -0.180990 0.964587
vn 0.377564 -0.162995 0.911525
vn 0.378823 -0.141648 0.914565
vn 0.193124 -0.141647 0.970896
vn 0.192483 -0.162995 0.967669
vn 0.194986 -0.032923 0.980253
vn 0.195079 -0.011343 0.980722
vn 0.000002 -0.011343 0.999936
vn 0.000002 -0.032923 0.999458
vn 0.194798 -0.054800 0.979311
vn 0.194986 -0.032923 0.980253
vn 0.000002 -0.032923 0.999458
vn 0.000002 -0.054800 0.998497
vn 0.194518 -0.076636 0.977901
vn 0.194798 -0.054800 0.979311
vn 0.000002 -0.054800 0.998497
vn 0.000002 -0.076636 0.997059
vn 0.194145 -0.098409 0.976024
vn 0.194518 -0.076636 0.977901
vn 0.000002 -0.076636 0.997059
vn 0.000002 -0.098409 0.995146
vn 0.193679 -0.120094 0.973687
vn 0.194145 -0.098409 0.976024
vn 0.000002 -0.098409 0.995146
vn 0.000002 -0.120094 0.992763
vn 0.193124 -0.141647 0.970896
vn 0.193679 -0.120094 0.973687
vn 0.000002 -0.120094 0.992763
vn 0.000002 -0.141647 0.989917
vn 0.191869 -0.180990 0.964587
vn 0.192483 -0.162995 0.967669
vn 0.000002 -0.162995 0.986627
vn 0.000002 -0.180990 0.983485
vn 0.192483 -0.162995 0.967669
vn 0.193124 -0.141647 0.970896
vn 0.000002 -0.141647 0.989917
vn 0.000002 -0.162995 0.986627
vn 0.000002 -0.032923 0.999458
vn 0.000002 -0.011343 0.999936
vn -0.195078 -0.011343 0.980722
vn -0.194985 -0.032923 0.980254
vn 0.000002 -0.054800 0.998497
vn 0.000002 -0.032923 0.999458
vn -0.194985 -0.032923 0.980254
vn -0.194797 -0.054800 0.979312
vn 0.000002 -0.076636 0.997059
vn 0.000002 -0.054800 0.998497
vn -0.194797 -0.054800 0.979312
vn -0.194516 -0.076636 0.977901
vn 0.000002 -0.098409 0.995146
vn 0.000002 -0.076636 0.997059
vn -0.194516 -0.076636 0.977901
vn -0.194143 -0.098409 0.976025
vn 0.000002 -0.120094 0.992763
vn 0.000002 -0.098409 0.995146
vn -0.194143 -0.098409 0.976025
vn -0.193678 -0.120094 0.973687
vn 0.000002 -0.141647 0.989917
vn 0.000002 -0.120094 0.992763
vn -0.193678 -0.120094 0.973687
vn -0.193123 -0.141647 0.970896
vn 0.000002 -0.180990 0.983485
vn 0.000002 -0.162995 0.986627
vn -0.192481 -0.162995 0.967669
vn -0.191868 -0.180990 0.964588
vn 0.000002 -0.162995 0.986627
vn 0.000002 -0.141647 0.989917
vn -0.193123 -0.141647 0.970896
vn -0.192481 -0.162995 0.967669
vn -0.194985 -0.032923 0.980254
vn -0.195078 -0.011343 0.980722
vn -0.382659 -0.011343 0.923820
vn -0.382476 -0.032923 0.923379
vn -0.194797 -0.054800 0.979312
vn -0.194985 -0.032923 0.980254
vn -0.382476 -0.032923 0.923379
vn -0.382108 -0.054800 0.922491
vn -0.194516 -0.076636 0.977901
vn -0.194797 -0.054800 0.979312
vn -0.382108 -0.054800 0.922491
vn -0.381558 -0.076636 0.921163
vn -0.194143 -0.098409 0.976025
vn -0.194516 -0.076636 0.977901
vn -0.381558 -0.076636 0.921163
vn -0.380826 -0.098409 0.919395
vn -0.193678 -0.120094 0.973687
vn -0.194143 -0.098409 0.976025
vn -0.380826 -0.098409 0.919395
vn -0.379914 -0.120094 0.917193
vn -0.193123 -0.141647 0.970896
vn -0.193678 -0.120094 0.973687
vn -0.379914 -0.120094 0.917193
vn -0.378825 -0.141647 0.914564
vn -0.191868 -0.180990 0.964588
vn -0.192481 -0.162995 0.967669
vn -0.377566 -0.162995 0.911524
vn -0.376363 -0.180990 0.908622
vn -0.192481 -0.162995 0.967669
vn -0.193123 -0.141647 0.970896
vn -0.378825 -0.141647 0.914564
vn -0.377566 -0.162995 0.911524
vn -0.382476 -0.032923 0.923379
vn -0.382659 -0.011343 0.923820
vn -0.555537 -0.011343 0.831415
vn -0.555271 -0.032923 0.831017
vn -0.382108 -0.054800 0.922491
vn -0.382476 -0.032923 0.923379
vn -0.555271 -0.032923 0.831017
vn -0.554738 -0.054800 0.830219
vn -0.381558 -0.076636 0.921163
vn -0.382108 -0.054800 0.922491
vn -0.554738 -0.054800 0.830219
vn -0.553939 -0.076636 0.829023
vn -0.380826 -0.098409 0.919395
vn -0.381558 -0.076636 0.921163
vn -0.553939 -0.076636 0.829023
vn -0.552876 -0.098409 0.827432
vn -0.379914 -0.120094 0.917193
vn -0.380826 -0.098409 0.919395
vn -0.552876 -0.098409 0.827432
vn -0.551552 -0.120094 0.825450
vn -0.378825 -0.141647 0.914564
vn -0.379914 -0.120094 0.917193
vn -0.551552 -0.120094 0.825450
vn -0.549971 -0.141647 0.823084
vn -0.376363 -0.180990 0.908622
vn -0.377566 -0.162995 0.911524
vn -0.548143 -0.162995 0.820349
vn -0.546397 -0.180990 0.817736
vn -0.377566 -0.162995 0.911524
vn -0.378825 -0.141647 0.914564
vn -0.549971 -0.141647 0.823084
vn -0.548143 -0.162995 0.820349
vn -0.555271 -0.032923 0.831017
vn -0.555537 -0.011343 0.831415
vn -0.707061 -0.011343 0.707062
vn -0.706723 -0.032923 0.706724
vn -0.554738 -0.054800 0.830219
vn -0.555271 -0.032923 0.831017
vn -0.706723 -0.032923 0.706724
vn -0.706044 -0.054800 0.706044
vn -0.553939 -0.076636 0.829023
vn -0.554738 -0.054800 0.830219
vn -0.706044 -0.054800 0.706044
vn -0.705027 -0.076636 0.705028
vn -0.552876 -0.098409 0.827432
vn -0.553939 -0.076636 0.829023
vn -0.705027 -0.076636 0.705028
vn -0.703674 -0.098409 0.703675
vn -0.551552 -0.120094 0.825450
vn -0.552876 -0.098409 0.827432
vn -0.703674 -0.098409 0.703675
vn -0.701989 -0.120094 0.701989
vn -0.549971 -0.141647 0.823084
vn -0.551552 -0.120094 0.825450
vn -0.701989 -0.120094 0.701989
vn -0.699977 -0.141647 0.699977
vn -0.546397 -0.180990 0.817736
vn -0.548143 -0.162995 0.820349
vn -0.697650 -0.162995 0.697651
vn -0.695429 -0.180990 0.695429
vn -0.548143 -0.162995 0.820349
vn -0.549971 -0.141647 0.823084
vn -0.699977 -0.141647 0.699977
vn -0.697650 -0.162995 0.697651
vn -0.706723 -0.032923 0.706724
vn -0.707061 -0.011343 0.707062
vn -0.831416 -0.011343 0.555535
vn -0.831019 -0.032923 0.555269
vn -0.706044 -0.054800 0.706044
vn -0.706723 -0.032923 0.706724
vn -0.831019 -0.032923 0.555269
vn -0.830220 -0.054800 0.554735
vn -0.705027 -0.076636 0.705028
vn -0.706044 -0.054800 0.706044
vn -0.830220 -0.054800 0.554735
vn -0.829025 -0.076636 0.553936
vn -0.703674 -0.098409 0.703675
vn -0.705027 -0.076636 0.705028
vn -0.829025 -0.076636 0.553936
vn -0.827434 -0.098409 0.552874
vn -0.701989 -0.120094 0.701989
vn -0.703674 -0.098409 0.703675
vn -0.827434 -0.098409 0.552874
vn -0.825452 -0.120094 0.551549
vn -0.699977 -0.141647 0.699977
vn -0.701989 -0.120094 0.701989
vn -0.825452 -0.120094 0.551549
vn -0.823086 -0.141648 0.549969
vn -0.695429 -0.180990 0.695429
vn -0.697650 -0.162995 0.697651
vn -0.820350 -0.162995 0.548141
vn -0.817738 -0.180991 0.546395
vn -0.697650 -0.162995 0.697651
vn -0.699977 -0.141647 0.699977
vn -0.823086 -0.141648 0.549969
vn -0.820350 -0.162995 0.548141
vn -0.831019 -0.032923 0.555269
vn -0.831416 -0.011343 0.555535
vn -0.923821 -0.011343 0.382657
vn -0.923380 -0.032923 0.382474
vn -0.830220 -0.054800 0.554735
vn -0.831019 -0.032923 0.555269
vn -0.923380 -0.032923 0.382474
vn -0.922492 -0.054800 0.382106
vn -0.829025 -0.076636 0.553936
vn -0.830220 -0.054800 0.554735
vn -0.922492 -0.054800 0.382106
vn -0.921163 -0.076636 0.381556
vn -0.827434 -0.098409 0.552874
vn -0.829025 -0.076636 0.553936
vn -0.921163 -0.076636 0.381556
vn -0.919396 -0.098409 0.380824
vn -0.825452 -0.120094 0.551549
vn -0.827434 -0.098409 0.552874
vn -0.919396 -0.098409 0.380824
vn -0.917194 -0.120094 0.379912
vn -0.823086 -0.141648 0.549969
vn -0.825452 -0.120094 0.551549
vn -0.917194 -0.120094 0.379912
vn -0.914565 -0.141647 0.378823
vn -0.817738 -0.180991 0.546395
vn -0.820350 -0.162995 0.548141
vn -0.911525 -0.162995 0.377564
vn -0.908623 -0.180990 0.376361
vn -0.820350 -0.162995 0.548141
vn -0.823086 -0.141648 0.549969
vn -0.914565 -0.141647 0.378823
vn -0.911525 -0.162995 0.377564
vn -0.923380 -0.032923 0.382474
vn -0.923821 -0.011343 0.382657
vn -0.980722 -0.011343 0.195079
vn -0.980253 -0.032923 0.194986
vn -0.922492 -0.054800 0.382106
vn -0.923380 -0.032923 0.382474
vn -0.980253 -0.032923 0.194986
vn -0.979311 -0.054800 0.194799
vn -0.921163 -0.076636 0.381556
vn -0.922492 -0.054800 0.382106
vn -0.979311 -0.054800 0.194799
vn -0.977901 -0.076636 0.194518
vn -0.919396 -0.098409 0.380824
vn -0.921163 -0.076636 0.381556
vn -0.977901 -0.076636 0.194518
vn -0.976024 -0.098409 0.194145
vn -0.917194 -0.120094 0.379912
vn -0.919396 -0.098409 0.380824
vn -0.976024 -0.098409 0.194145
vn -0.973687 -0.120094 0.193680
vn -0.914565 -0.141647 0.378823
vn -0.917194 -0.120094 0.379912
vn -0.973687 -0.120094 0.193680
vn -0.970896 -0.141648 0.193125
vn -0.908623 -0.180990 0.376361
vn -0.911525 -0.162995 0.377564
vn -0.967669 -0.162995 0.192483
vn -0.964587 -0.180991 0.191870
vn -0.911525 -0.162995 0.377564
vn -0.914565 -0.141647 0.378823
vn -0.970896 -0.141648 0.193125
vn -0.967669 -0.162995 0.192483
vn -0.980253 -0.032923 0.194986
vn -0.980722 -0.011343 0.195079
vn -0.999936 -0.011343 0.000000
vn -0.999458 -0.032923 0.000000
vn -0.979311 -0.054800 0.194799
vn -0.980253 -0.032923 0.194986
vn -0.999458 -0.032923 0.000000
vn -0.998497 -0.054800 0.000000
vn -0.977901 -0.076636 0.194518
vn -0.979311 -0.054800 0.194799
vn -0.998497 -0.054800 0.000000
vn -0.997059 -0.076636 0.000000
vn -0.976024 -0.098409 0.194145
vn -0.977901 -0.076636 0.194518
vn -0.997059 -0.076636 0.000000
vn -0.995146 -0.098410 0.000000
vn -0.973687 -0.120094 0.193680
vn -0.976024 -0.098409 0.194145
vn -0.995146 -0.098410 0.000000
vn -0.992763 -0.120094 0.000000
vn -0.970896 -0.141648 0.193125
vn -0.973687 -0.120094 0.193680
vn -0.992763 -0.120094 0.000000
vn -0.989917 -0.141648 0.000000
vn -0.964587 -0.180991 0.191870
vn -0.967669 -0.162995 0.192483
vn -0.986627 -0.162995 0.000000
vn -0.983485 -0.180991 0.000000
vn -0.967669 -0.162995 0.192483
vn -0.970896 -0.141648 0.193125
vn -0.989917 -0.141648 0.000000
vn -0.986627 -0.162995 0.000000
vn -0.999458 -0.032923 0.000000
vn -0.999936 -0.011343 0.000000
vn -0.980722 -0.011343 -0.195078
vn -0.980254 -0.032923 -0.194985
vn -0.998497 -0.054800 0.000000
vn -0.999458 -0.032923 0.000000
vn -0.980254 -0.032923 -0.194985
vn -0.979311 -0.054800 -0.194798
vn -0.997059 -0.076636 0.000000
vn -0.998497 -0.054800 0.000000
vn -0.979311 -0.054800 -0.194798
vn -0.977901 -0.076636 -0.194517
vn -0.995146 -0.098410 0.000000
vn -0.997059 -0.076636 0.000000
vn -0.977901 -0.076636 -0.194517
vn -0.976024 -0.098410 -0.194144
vn -0.992763 -0.120094 0.000000
vn -0.995146 -0.098410 0.000000
vn -0.976024 -0.098410 -0.194144
vn -0.973687 -0.120094 -0.193679
vn -0.989917 -0.141648 0.000000
vn -0.992763 -0.120094 0.000000
vn -0.973687 -0.120094 -0.193679
vn -0.970896 -0.141648 -0.193124
vn -0.983485 -0.180991 0.000000
vn -0.986627 -0.162995 0.000000
vn -0.967669 -0.162995 -0.192482
vn -0.964587 -0.180991 -0.191869
vn -0.986627 -0.162995 0.000000
vn -0.989917 -0.141648 0.000000
vn -0.970896 -0.141648 -0.193124
vn -0.967669 -0.162995 -0.192482
vn -0.980254 -0.032923 -0.194985
vn -0.980722 -0.011343 -0.195078
vn -0.923820 -0.011343 -0.382660
vn -0.923378 -0.032923 -0.382477
vn -0.979311 -0.054800 -0.194798
vn -0.980254 -0.032923 -0.194985
vn -0.923378 -0.032923 -0.382477
vn -0.922491 -0.054800 -0.382110
vn -0.977901 -0.076636 -0.194517
vn -0.979311 -0.054800 -0.194798
vn -0.922491 -0.054800 -0.382110
vn -0.921162 -0.076636 -0.381559
vn -0.976024 -0.098410 -0.194144
vn -0.977901 -0.076636 -0.194517
vn -0.921162 -0.076636 -0.381559
vn -0.919394 -0.098410 -0.380827
vn -0.973687 -0.120094 -0.193679
vn -0.976024 -0.098410 -0.194144
vn -0.919394 -0.098410 -0.380827
vn -0.917192 -0.120094 -0.379915
vn -0.970896 -0.141648 -0.193124
vn -0.973687 -0.120094 -0.193679
vn -0.917192 -0.120094 -0.379915
vn -0.914564 -0.141648 -0.378826
vn -0.964587 -0.180991 -0.191869
vn -0.967669 -0.162995 -0.192482
vn -0.911524 -0.162995 -0.377567
vn -0.908621 -0.180991 -0.376365
vn -0.967669 -0.162995 -0.192482
vn -0.970896 -0.141648 -0.193124
vn -0.914564 -0.141648 -0.378826
vn -0.911524 -0.162995 -0.377567
vn -0.923378 -0.032923 -0.382477
vn -0.923820 -0.011343 -0.382660
vn -0.831415 -0.011343 -0.555536
vn -0.831018 -0.032923 -0.555270
vn -0.922491 -0.054800 -0.382110
vn -0.923378 -0.032923 -0.382477
vn -0.831018 -0.032923 -0.555270
vn -0.830219 -0.054800 -0.554737
vn -0.921162 -0.076636 -0.381559
vn -0.922491 -0.054800 -0.382110
vn -0.830219 -0.054800 -0.554737
vn -0.829024 -0.076636 -0.553938
vn -0.919394 -0.098410 -0.380827
vn -0.921162 -0.076636 -0.381559
vn -0.829024 -0.076636 -0.553938
vn -0.827433 -0.098410 -0.552875
vn -0.917192 -0.120094 -0.379915
vn -0.919394 -0.098410 -0.380827
vn -0.827433 -0.098410 -0.552875
vn -0.825451 -0.120094 -0.551551
vn -0.914564 -0.141648 -0.378826
vn -0.917192 -0.120094 -0.379915
vn -0.825451 -0.120094 -0.551551
vn -0.823085 -0.141648 -0.549970
vn -0.908621 -0.180991 -0.376365
vn -0.911524 -0.162995 -0.377567
vn -0.820350 -0.162995 -0.548142
vn -0.817737 -0.180991 -0.546396
vn -0.911524 -0.162995 -0.377567
vn -0.914564 -0.141648 -0.378826
vn -0.823085 -0.141648 -0.549970
vn -0.820350 -0.162995 -0.548142
vn -0.831018 -0.032923 -0.555270
vn -0.831415 -0.011343 -0.555536
vn -0.707060 -0.011343 -0.707063
vn -0.706723 -0.032923 -0.706724
vn -0.830219 -0.054800 -0.554737
vn -0.831018 -0.032923 -0.555270
vn -0.706723 -0.032923 -0.706724
vn -0.706043 -0.054800 -0.706045
vn -0.829024 -0.076636 -0.553938
vn -0.830219 -0.054800 -0.554737
vn -0.706043 -0.054800 -0.706045
vn -0.705026 -0.076636 -0.705029
vn -0.827433 -0.098410 -0.552875
vn -0.829024 -0.076636 -0.553938
vn -0.705026 -0.076636 -0.705029
vn -0.703673 -0.098410 -0.703676
vn -0.825451 -0.120094 -0.551551
vn -0.827433 -0.098410 -0.552875
vn -0.703673 -0.098410 -0.703676
vn -0.701988 -0.120094 -0.701990
vn -0.823085 -0.141648 -0.549970
vn -0.825451 -0.120094 -0.551551
vn -0.701988 -0.120094 -0.701990
vn -0.699976 -0.141648 -0.699978
vn -0.817737 -0.180991 -0.546396
vn -0.820350 -0.162995 -0.548142
vn -0.697649 -0.162995 -0.697652
vn -0.695427 -0.180991 -0.695430
vn -0.820350 -0.162995 -0.548142
vn -0.823085 -0.141648 -0.549970
vn -0.699976 -0.141648 -0.699978
vn -0.697649 -0.162995 -0.697652
vn -0.706723 -0.032923 -0.706724
vn -0.707060 -0.011343 -0.707063
vn -0.555532 -0.011343 -0.831418
vn -0.555267 -0.032923 -0.831020
vn -0.706043 -0.054800 -0.706045
vn -0.706723 -0.032923 -0.706724
vn -0.555267 -0.032923 -0.831020
vn -0.554733 -0.054800 -0.830222
vn -0.705026 -0.076636 -0.705029
vn -0.706043 -0.054800 -0.706045
vn -0.554733 -0.054800 -0.830222
vn -0.553934 -0.076636 -0.829026
vn -0.703673 -0.098410 -0.703676
vn -0.705026 -0.076636 -0.705029
vn -0.553934 -0.076636 -0.829026
vn -0.552871 -0.098410 -0.827436
vn -0.701988 -0.120094 -0.701990
vn -0.703673 -0.098410 -0.703676
vn -0.552871 -0.098410 -0.827436
vn -0.551547 -0.120094 -0.825454
vn -0.699976 -0.141648 -0.699978
vn -0.701988 -0.120094 -0.701990
vn -0.551547 -0.120094 -0.825454
vn -0.549966 -0.141648 -0.823088
vn -0.695427 -0.180991 -0.695430
vn -0.697649 -0.162995 -0.697652
vn -0.548138 -0.162995 -0.820352
vn -0.546392 -0.180991 -0.817739
vn -0.697649 -0.162995 -0.697652
vn -0.699976 -0.141648 -0.699978
vn -0.549966 -0.141648 -0.823088
vn -0.548138 -0.162995 -0.820352
vn -0.555267 -0.032923 -0.831020
vn -0.555532 -0.011343 -0.831418
vn -0.382660 -0.011343 -0.923820
vn -0.382477 -0.032923 -0.923378
vn -0.554733 -0.054800 -0.830222
vn -0.555267 -0.032923 -0.831020
vn -0.382477 -0.032923 -0.923378
vn -0.382109 -0.054800 -0.922491
vn -0.553934 -0.076636 -0.829026
vn -0.554733 -0.054800 -0.830222
vn -0.382109 -0.054800 -0.922491
vn -0.381559 -0.076636 -0.921162
vn -0.552871 -0.098410 -0.827436
vn -0.553934 -0.076636 -0.829026
vn -0.381559 -0.076636 -0.921162
vn -0.380827 -0.098410 -0.919395
vn -0.551547 -0.120094 -0.825454
vn -0.552871 -0.098410 -0.827436
vn -0.380827 -0.098410 -0.919395
vn -0.379915 -0.120094 -0.917193
vn -0.549966 -0.141648 -0.823088
vn -0.551547 -0.120094 -0.825454
vn -0.379915 -0.120094 -0.917193
vn -0.378826 -0.141648 -0.914564
vn -0.546392 -0.180991 -0.817739
vn -0.548138 -0.162995 -0.820352
vn -0.377567 -0.162995 -0.911524
vn -0.376364 -0.180990 -0.908621
vn -0.548138 -0.162995 -0.820352
vn -0.549966 -0.141648 -0.823088
vn -0.378826 -0.141648 -0.914564
vn -0.377567 -0.162995 -0.911524
vn -0.382477 -0.032923 -0.923378
vn -0.382660 -0.011343 -0.923820
vn -0.195082 -0.011343 -0.980721
vn -0.194988 -0.032923 -0.980253
vn -0.382109 -0.054800 -0.922491
vn -0.382477 -0.032923 -0.923378
vn -0.194988 -0.032923 -0.980253
vn -0.194801 -0.054800 -0.979311
vn -0.381559 -0.076636 -0.921162
vn -0.382109 -0.054800 -0.922491
vn -0.194801 -0.054800 -0.979311
vn -0.194520 -0.076636 -0.977900
vn -0.380827 -0.098410 -0.919395
vn -0.381559 -0.076636 -0.921162
vn -0.194520 -0.076636 -0.977900
vn -0.194147 -0.098410 -0.976024
vn -0.379915 -0.120094 -0.917193
vn -0.380827 -0.098410 -0.919395
vn -0.194147 -0.098410 -0.976024
vn -0.193682 -0.120094 -0.973686
vn -0.378826 -0.141648 -0.914564
vn -0.379915 -0.120094 -0.917193
vn -0.193682 -0.120094 -0.973686
vn -0.193127 -0.141648 -0.970895
vn -0.376364 -0.180990 -0.908621
vn -0.377567 -0.162995 -0.911524
vn -0.192485 -0.162995 -0.967668
vn -0.191872 -0.180991 -0.964587
vn -0.377567 -0.162995 -0.911524
vn -0.378826 -0.141648 -0.914564
vn -0.193127 -0.141648 -0.970895
vn -0.192485 -0.162995 -0.967668
vn -0.194988 -0.032923 -0.980253
vn -0.195082 -0.011343 -0.980721
vn -0.000002 -0.011343 -0.999936
vn -0.000002 -0.032923 -0.999458
vn -0.194801 -0.054800 -0.979311
vn -0.194988 -0.032923 -0.980253
vn -0.000002 -0.032923 -0.999458
vn -0.000002 -0.054800 -0.998497
vn -0.194520 -0.076636 -0.977900
vn -0.194801 -0.054800 -0.979311
vn -0.000002 -0.054800 -0.998497
vn -0.000002 -0.076636 -0.997059
vn -0.194147 -0.098410 -0.976024
vn -0.194520 -0.076636 -0.977900
vn -0.000002 -0.076636 -0.997059
vn -0.000002 -0.098410 -0.995146
vn -0.193682 -0.120094 -0.973686
vn -0.194147 -0.098410 -0.976024
vn -0.000002 -0.098410 -0.995146
vn -0.000002 -0.120094 -0.992763
vn -0.193127 -0.141648 -0.970895
vn -0.193682 -0.120094 -0.973686
vn -0.000002 -0.120094 -0.992763
vn -0.000002 -0.141648 -0.989917
vn -0.191872 -0.180991 -0.964587
vn -0.192485 -0.162995 -0.967668
vn -0.000002 -0.162995 -0.986627
vn -0.000002 -0.180991 -0.983485
vn -0.192485 -0.162995 -0.967668
vn -0.193127 -0.141648 -0.970895
vn -0.000002 -0.141648 -0.989917
vn -0.000002 -0.162995 -0.986627
vn -0.000002 -0.032923 -0.999458
vn -0.000002 -0.011343 -0.999936
vn 0.195078 -0.011343 -0.980722
vn 0.194985 -0.032923 -0.980254
vn -0.000002 -0.054800 -0.998497
vn -0.000002 -0.032923 -0.999458
vn 0.194985 -0.032923 -0.980254
vn 0.194798 -0.054800 -0.979311
vn -0.000002 -0.076636 -0.997059
vn -0.000002 -0.054800 -0.998497
vn 0.194798 -0.054800 -0.979311
vn 0.194517 -0.076636 -0.977901
vn -0.000002 -0.098410 -0.995146
vn -0.000002 -0.076636 -0.997059
vn 0.194517 -0.076636 -0.977901
vn 0.194144 -0.098410 -0.976024
vn -0.000002 -0.120094 -0.992763
vn -0.000002 -0.098410 -0.995146
vn 0.194144 -0.098410 -0.976024
vn 0.193679 -0.120094 -0.973687
vn -0.000002 -0.141648 -0.989917
vn -0.000002 -0.120094 -0.992763
vn 0.193679 -0.120094 -0.973687
vn 0.193124 -0.141648 -0.970896
vn -0.000002 -0.180991 -0.983485
vn -0.000002 -0.162995 -0.986627
vn 0.192482 -0.162995 -0.967669
vn 0.191869 -0.180991 -0.964587
vn -0.000002 -0.162995 -0.986627
vn -0.000002 -0.141648 -0.989917
vn 0.193124 -0.141648 -0.970896
vn 0.192482 -0.162995 -0.967669
vn 0.194985 -0.032923 -0.980254
vn 0.195078 -0.011343 -0.980722
vn 0.382663 -0.011343 -0.923818
vn 0.382480 -0.032923 -0.923377
vn 0.194798 -0.054800 -0.979311
vn 0.194985 -0.032923 -0.980254
vn 0.382480 -0.032923 -0.923377
vn 0.382112 -0.054800 -0.922490
vn 0.194517 -0.076636 -0.977901
vn 0.194798 -0.054800 -0.979311
vn 0.382112 -0.054800 -0.922490
vn 0.381562 -0.076636 -0.921161
vn 0.194144 -0.098410 -0.976024
vn 0.194517 -0.076636 -0.977901
vn 0.381562 -0.076636 -0.921161
vn 0.380830 -0.098409 -0.919393
vn 0.193679 -0.120094 -0.973687
vn 0.194144 -0.098410 -0.976024
vn 0.380830 -0.098409 -0.919393
vn 0.379918 -0.120094 -0.917191
vn 0.193124 -0.141648 -0.970896
vn 0.193679 -0.120094 -0.973687
vn 0.379918 -0.120094 -0.917191
vn 0.378829 -0.141648 -0.914563
vn 0.191869 -0.180991 -0.964587
vn 0.192482 -0.162995 -0.967669
vn 0.377570 -0.162995 -0.911523
vn 0.376368 -0.180991 -0.908620
vn 0.192482 -0.162995 -0.967669
vn 0.193124 -0.141648 -0.970896
vn 0.378829 -0.141648 -0.914563
vn 0.377570 -0.162995 -0.911523
vn 0.382480 -0.032923 -0.923377
vn 0.382663 -0.011343 -0.923818
vn 0.555537 -0.011343 -0.831415
vn 0.555271 -0.032923 -0.831018
vn 0.382112 -0.054800 -0.922490
vn 0.382480 -0.032923 -0.923377
vn 0.555271 -0.032923 -0.831018
vn 0.554737 -0.054800 -0.830219
vn 0.381562 -0.076636 -0.921161
vn 0.382112 -0.054800 -0.922490
vn 0.554737 -0.054800 -0.830219
vn 0.553938 -0.076636 -0.829023
vn 0.380830 -0.098409 -0.919393
vn 0.381562 -0.076636 -0.921161
vn 0.553938 -0.076636 -0.829023
vn 0.552875 -0.098409 -0.827433
vn 0.379918 -0.120094 -0.917191
vn 0.380830 -0.098409 -0.919393
vn 0.552875 -0.098409 -0.827433
vn 0.551551 -0.120093 -0.825451
vn 0.378829 -0.141648 -0.914563
vn 0.379918 -0.120094 -0.917191
vn 0.551551 -0.120093 -0.825451
vn 0.549970 -0.141647 -0.823085
vn 0.376368 -0.180991 -0.908620
vn 0.377570 -0.162995 -0.911523
vn 0.548142 -0.162995 -0.820349
vn 0.546397 -0.180990 -0.817737
vn 0.377570 -0.162995 -0.911523
vn 0.378829 -0.141648 -0.914563
vn 0.549970 -0.141647 -0.823085
vn 0.548142 -0.162995 -0.820349
vn 0.555271 -0.032923 -0.831018
vn 0.555537 -0.011343 -0.831415
vn 0.707063 -0.011343 -0.707059
vn 0.706725 -0.032923 -0.706722
vn 0.554737 -0.054800 -0.830219
vn 0.555271 -0.032923 -0.831018
vn 0.706725 -0.032923 -0.706722
vn 0.706046 -0.054800 -0.706042
vn 0.553938 -0.076636 -0.829023
vn 0.554737 -0.054800 -0.830219
vn 0.706046 -0.054800 -0.706042
vn 0.705029 -0.076636 -0.705025
vn 0.552875 -0.098409 -0.827433
vn 0.553938 -0.076636 -0.829023
vn 0.705029 -0.076636 -0.705025
vn 0.703676 -0.098409 -0.703673
vn 0.551551 -0.120093 -0.825451
vn 0.552875 -0.098409 -0.827433
vn 0.703676 -0.098409 -0.703673
vn 0.701991 -0.120093 -0.701987
vn 0.549970 -0.141647 -0.823085
vn 0.551551 -0.120093 -0.825451
vn 0.701991 -0.120093 -0.701987
vn 0.699979 -0.141647 -0.699975
vn 0.546397 -0.180990 -0.817737
vn 0.548142 -0.162995 -0.820349
vn 0.697653 -0.162995 -0.697649
vn 0.695431 -0.180990 -0.695427
vn 0.548142 -0.162995 -0.820349
vn 0.549970 -0.141647 -0.823085
vn 0.699979 -0.141647 -0.699975
vn 0.697653 -0.162995 -0.697649
vn 0.706725 -0.032923 -0.706722
vn 0.707063 -0.011343 -0.707059
vn 0.831417 -0.011343 -0.555534
vn 0.831020 -0.032923 -0.555268
vn 0.706046 -0.054800 -0.706042
vn 0.706725 -0.032923 -0.706722
vn 0.831020 -0.032923 -0.555268
vn 0.830221 -0.054800 -0.554735
vn 0.705029 -0.076636 -0.705025
vn 0.706046 -0.054800 -0.706042
vn 0.830221 -0.054800 -0.554735
vn 0.829025 -0.076636 -0.553936
vn 0.703676 -0.098409 -0.703673
vn 0.705029 -0.076636 -0.705025
vn 0.829025 -0.076636 -0.553936
vn 0.827434 -0.098409 -0.552873
vn 0.701991 -0.120093 -0.701987
vn 0.703676 -0.098409 -0.703673
vn 0.827434 -0.098409 -0.552873
vn 0.825453 -0.120093 -0.551548
vn 0.699979 -0.141647 -0.699975
vn 0.701991 -0.120093 -0.701987
vn 0.825453 -0.120093 -0.551548
vn 0.823087 -0.141647 -0.549968
vn 0.695431 -0.180990 -0.695427
vn 0.697653 -0.162995 -0.697649
vn 0.820351 -0.162994 -0.548139
vn 0.817739 -0.180990 -0.546394
vn 0.697653 -0.162995 -0.697649
vn 0.699979 -0.141647 -0.699975
vn 0.823087 -0.141647 -0.549968
vn 0.820351 -0.162994 -0.548139
vn 0.831020 -0.032923 -0.555268
vn 0.831417 -0.011343 -0.555534
vn 0.923821 -0.011343 -0.382656
vn 0.923380 -0.032923 -0.382474
vn 0.830221 -0.054800 -0.554735
vn 0.831020 -0.032923 -0.555268
vn 0.923380 -0.032923 -0.382474
vn 0.922492 -0.054800 -0.382106
vn 0.829025 -0.076636 -0.553936
vn 0.830221 -0.054800 -0.554735
vn 0.922492 -0.054800 -0.382106
vn 0.921163 -0.076636 -0.381556
vn 0.827434 -0.098409 -0.552873
vn 0.829025 -0.076636 -0.553936
vn 0.921163 -0.076636 -0.381556
vn 0.919396 -0.098409 -0.380823
vn 0.825453 -0.120093 -0.551548
vn 0.827434 -0.098409 -0.552873
vn 0.919396 -0.098409 -0.380823
vn 0.917194 -0.120093 -0.379911
vn 0.823087 -0.141647 -0.549968
vn 0.825453 -0.120093 -0.551548
vn 0.917194 -0.120093 -0.379911
vn 0.914565 -0.141647 -0.378823
vn 0.817739 -0.180990 -0.546394
vn 0.820351 -0.162994 -0.548139
vn 0.911526 -0.162994 -0.377564
vn 0.908623 -0.180990 -0.376361
vn 0.820351 -0.162994 -0.548139
vn 0.823087 -0.141647 -0.549968
vn 0.914565 -0.141647 -0.378823
vn 0.911526 -0.162994 -0.377564
vn 0.980720 -0.011343 -0.195089
vn 0.980251 -0.032923 -0.194996
vn 0.923380 -0.032923 -0.382474
vn 0.923821 -0.011343 -0.382656
vn 0.980251 -0.032923 -0.194996
vn 0.979309 -0.054800 -0.194808
vn 0.922492 -0.054800 -0.382106
vn 0.923380 -0.032923 -0.382474
vn 0.979309 -0.054800 -0.194808
vn 0.977899 -0.076636 -0.194528
vn 0.921163 -0.076636 -0.381556
vn 0.922492 -0.054800 -0.382106
vn 0.977899 -0.076636 -0.194528
vn 0.976022 -0.098409 -0.194155
vn 0.919396 -0.098409 -0.380823
vn 0.921163 -0.076636 -0.381556
vn 0.976022 -0.098409 -0.194155
vn 0.973685 -0.120093 -0.193690
vn 0.917194 -0.120093 -0.379911
vn 0.919396 -0.098409 -0.380823
vn 0.973685 -0.120093 -0.193690
vn 0.970894 -0.141647 -0.193135
vn 0.914565 -0.141647 -0.378823
vn 0.917194 -0.120093 -0.379911
vn 0.970894 -0.141647 -0.193135
vn 0.967667 -0.162995 -0.192493
vn 0.911526 -0.162994 -0.377564
vn 0.914565 -0.141647 -0.378823
vn 0.967667 -0.162995 -0.192493
vn 0.964585 -0.180990 -0.191880
vn 0.908623 -0.180990 -0.376361
vn 0.911526 -0.162994 -0.377564
s off
g thumbtack
usemtl MatSG_plastic_thumbtack_Mat
f 2/1/1 3/2/2 4/3/3 5/4/4
f 3/2/5 6/5/6 7/6/7 4/3/8
f 6/5/9 8/7/10 9/8/11 7/6/12
f 8/7/13 10/9/14 11/10/15 9/8/16
f 10/9/17 12/11/18 13/12/19 11/10/20
f 12/11/21 14/13/22 15/14/23 13/12/24
f 14/13/25 16/15/26 17/16/27 15/14/28
f 16/17/29 18/18/30 19/19/31 17/20/32
f 18/18/33 20/21/34 21/22/35 19/19/36
f 20/21/37 22/23/38 23/24/39 21/22/40
f 22/23/41 24/25/42 25/26/43 23/24/44
f 24/25/45 26/27/46 27/28/47 25/26/48
f 26/27/49 28/29/50 29/30/51 27/28/52
f 28/29/53 30/31/54 31/32/55 29/30/56
f 30/31/57 32/33/58 33/34/59 31/32/60
f 32/33/61 34/35/62 35/36/63 33/34/64
f 34/35/65 36/37/66 37/38/67 35/36/68
f 36/37/69 38/39/70 39/40/71 37/38/72
f 38/39/73 40/41/74 41/42/75 39/40/76
f 40/41/77 42/43/78 43/44/79 41/42/80
f 42/43/81 44/45/82 45/46/83 43/44/84
f 44/45/85 46/47/86 47/48/87 45/46/88
f 46/47/89 48/49/90 49/50/91 47/48/92
f 48/49/93 50/51/94 51/52/95 49/50/96
f 50/51/97 52/53/98 53/54/99 51/52/100
f 52/53/101 54/55/102 55/56/103 53/54/104
f 54/55/105 56/57/106 57/58/107 55/56/108
f 56/57/109 58/59/110 59/60/111 57/58/112
f 58/59/113 60/61/114 61/62/115 59/60/116
f 60/61/117 62/63/118 63/64/119 61/62/120
f 62/63/121 64/65/122 65/66/123 63/64/124
f 64/65/125 2/1/126 5/4/127 65/66/128
f 257/67/129 71/68/130 5/69/131 4/70/132
f 251/71/133 257/67/134 4/70/135 7/72/136
f 245/73/137 251/71/138 7/72/139 9/74/140
f 239/75/141 245/73/142 9/74/143 11/76/144
f 233/77/145 239/75/146 11/76/147 13/78/148
f 227/79/149 233/77/150 13/78/151 15/80/152
f 221/81/153 227/79/154 15/80/155 17/82/156
f 215/83/157 221/81/158 17/82/159 19/84/160
f 209/85/161 215/83/162 19/84/163 21/86/164
f 203/87/165 209/85/166 21/86/167 23/88/168
f 197/89/169 203/87/170 23/88/171 25/90/172
f 191/91/173 197/89/174 25/90/175 27/92/176
f 185/93/177 191/91/178 27/92/179 29/94/180
f 179/95/181 185/93/182 29/94/183 31/96/184
f 173/97/185 179/95/186 31/96/187 33/98/188
f 167/99/189 173/97/190 33/98/191 35/100/192
f 161/101/193 167/99/194 35/100/195 37/102/196
f 155/103/197 161/101/198 37/102/199 39/104/200
f 149/105/201 155/103/202 39/104/203 41/106/204
f 143/107/205 149/105/206 41/106/207 43/108/208
f 137/109/209 143/107/210 43/108/211 45/110/212
f 131/111/213 137/109/214 45/110/215 47/112/216
f 125/113/217 131/111/218 47/112/219 49/114/220
f 119/115/221 125/113/222 49/114/223 51/116/224
f 113/117/225 119/115/226 51/116/227 53/118/228
f 107/119/229 113/117/230 53/118/231 55/120/232
f 101/121/233 107/119/234 55/120/235 57/122/236
f 95/123/237 101/121/238 57/122/239 59/124/240
f 89/125/241 95/123/242 59/124/243 61/126/244
f 83/127/245 89/125/246 61/126/247 63/128/248
f 77/129/249 83/127/250 63/128/251 65/130/252
f 71/68/253 77/129/254 65/130/255 5/69/256
f 70/131/257 71/68/258 257/67/259 256/132/260
f 69/133/261 70/131/262 256/132/263 255/134/264
f 68/135/265 69/133/266 255/134/267 254/136/268
f 66/137/269 67/138/270 253/139/271 252/140/272
f 67/138/273 68/135/274 254/136/275 253/139/276
f 71/68/277 70/131/278 76/141/279 77/129/280
f 70/131/281 69/133/282 75/142/283 76/141/284
f 69/133/285 68/135/286 74/143/287 75/142/288
f 68/135/289 67/138/290 73/144/291 74/143/292
f 67/138/293 66/137/294 72/145/295 73/144/296
f 77/129/297 76/141/298 82/146/299 83/127/300
f 76/141/301 75/142/302 81/147/303 82/146/304
f 75/142/305 74/143/306 80/148/307 81/147/308
f 74/143/309 73/144/310 79/149/311 80/148/312
f 73/144/313 72/145/314 78/150/315 79/149/316
f 83/127/317 82/146/318 88/151/319 89/125/320
f 82/146/321 81/147/322 87/152/323 88/151/324
f 81/147/325 80/148/326 86/153/327 87/152/328
f 80/148/329 79/149/330 85/154/331 86/153/332
f 79/149/333 78/150/334 84/155/335 85/154/336
f 89/125/337 88/151/338 94/156/339 95/123/340
f 88/151/341 87/152/342 93/157/343 94/156/344
f 87/152/345 86/153/346 92/158/347 93/157/348
f 86/153/349 85/154/350 91/159/351 92/158/352
f 85/154/353 84/155/354 90/160/355 91/159/356
f 95/123/357 94/156/358 100/161/359 101/121/360
f 94/156/361 93/157/362 99/162/363 100/161/364
f 93/157/365 92/158/366 98/163/367 99/162/368
f 92/158/369 91/159/370 97/164/371 98/163/372
f 91/159/373 90/160/374 96/165/375 97/164/376
f 101/121/377 100/161/378 106/166/379 107/119/380
f 100/161/381 99/162/382 105/167/383 106/166/384
f 99/162/385 98/163/386 104/168/387 105/167/388
f 98/163/389 97/164/390 103/169/391 104/168/392
f 97/164/393 96/165/394 102/170/395 103/169/396
f 107/119/397 106/166/398 112/171/399 113/117/400
f 106/166/401 105/167/402 111/172/403 112/171/404
f 105/167/405 104/168/406 110/173/407 111/172/408
f 104/168/409 103/169/410 109/174/411 110/173/412
f 103/169/413 102/170/414 108/175/415 109/174/416
f 113/117/417 112/171/418 118/176/419 119/115/420
f 112/171/421 111/172/422 117/177/423 118/176/424
f 111/172/425 110/173/426 116/178/427 117/177/428
f 110/173/429 109/174/430 115/179/431 116/178/432
f 109/174/433 108/175/434 114/180/435 115/179/436
f 119/115/437 118/176/438 124/181/439 125/113/440
f 118/176/441 117/177/442 123/182/443 124/181/444
f 117/177/445 116/178/446 122/183/447 123/182/448
f 116/178/449 115/179/450 121/184/451 122/183/452
f 115/179/453 114/180/454 120/185/455 121/184/456
f 125/113/457 124/181/458 130/186/459 131/111/460
f 124/181/461 123/182/462 129/187/463 130/186/464
f 123/182/465 122/183/466 128/188/467 129/187/468
f 122/183/469 121/184/470 127/189/471 128/188/472
f 121/184/473 120/185/474 126/190/475 127/189/476
f 131/111/477 130/186/478 136/191/479 137/109/480
f 130/186/481 129/187/482 135/192/483 136/191/484
f 129/187/485 128/188/486 134/193/487 135/192/488
f 128/188/489 127/189/490 133/194/491 134/193/492
f 127/189/493 126/190/494 132/195/495 133/194/496
f 137/109/497 136/191/498 142/196/499 143/107/500
f 136/191/501 135/192/502 141/197/503 142/196/504
f 135/192/505 134/193/506 140/198/507 141/197/508
f 134/193/509 133/194/510 139/199/511 140/198/512
f 133/194/513 132/195/514 138/200/515 139/199/516
f 143/107/517 142/196/518 148/201/519 149/105/520
f 142/196/521 141/197/522 147/202/523 148/201/524
f 141/197/525 140/198/526 146/203/527 147/202/528
f 140/198/529 139/199/530 145/204/531 146/203/532
f 139/199/533 138/200/534 144/205/535 145/204/536
f 149/105/537 148/201/538 154/206/539 155/103/540
f 148/201/541 147/202/542 153/207/543 154/206/544
f 147/202/545 146/203/546 152/208/547 153/207/548
f 146/203/549 145/204/550 151/209/551 152/208/552
f 145/204/553 144/205/554 150/210/555 151/209/556
f 155/103/557 154/206/558 160/211/559 161/101/560
f 154/206/561 153/207/562 159/212/563 160/211/564
f 153/207/565 152/208/566 158/213/567 159/212/568
f 152/208/569 151/209/570 157/214/571 158/213/572
f 151/209/573 150/210/574 156/215/575 157/214/576
f 161/101/577 160/211/578 166/216/579 167/99/580
f 160/211/581 159/212/582 165/217/583 166/216/584
f 159/212/585 158/213/586 164/218/587 165/217/588
f 158/213/589 157/214/590 163/219/591 164/218/592
f 157/214/593 156/215/594 162/220/595 163/219/596
f 167/99/597 166/216/598 172/221/599 173/97/600
f 166/216/601 165/217/602 171/222/603 172/221/604
f 165/217/605 164/218/606 170/223/607 171/222/608
f 164/218/609 163/219/610 169/224/611 170/223/612
f 163/219/613 162/220/614 168/225/615 169/224/616
f 173/97/617 172/221/618 178/226/619 179/95/620
f 172/221/621 171/222/622 177/227/623 178/226/624
f 171/222/625 170/223/626 176/228/627 177/227/628
f 170/223/629 169/224/630 175/229/631 176/228/632
f 169/224/633 168/225/634 174/230/635 175/229/636
f 179/95/637 178/226/638 184/231/639 185/93/640
f 178/226/641 177/227/642 183/232/643 184/231/644
f 177/227/645 176/228/646 182/233/647 183/232/648
f 176/228/649 175/229/650 181/234/651 182/233/652
f 175/229/653 174/230/654 180/235/655 181/234/656
f 185/93/657 184/231/658 190/236/659 191/91/660
f 184/231/661 183/232/662 189/237/663 190/236/664
f 183/232/665 182/233/666 188/238/667 189/237/668
f 182/233/669 181/234/670 187/239/671 188/238/672
f 181/234/673 180/235/674 186/240/675 187/239/676
f 191/91/677 190/236/678 196/241/679 197/89/680
f 190/236/681 189/237/682 195/242/683 196/241/684
f 189/237/685 188/238/686 194/243/687 195/242/688
f 188/238/689 187/239/690 193/244/691 194/243/692
f 187/239/693 186/240/694 192/245/695 193/244/696
f 197/89/697 196/241/698 202/246/699 203/87/700
f 196/241/701 195/242/702 201/247/703 202/246/704
f 195/242/705 194/243/706 200/248/707 201/247/708
f 194/243/709 193/244/710 199/249/711 200/248/712
f 193/244/713 192/245/714 198/250/715 199/249/716
f 203/87/717 202/246/718 208/251/719 209/85/720
f 202/246/721 201/247/722 207/252/723 208/251/724
f 201/247/725 200/248/726 206/253/727 207/252/728
f 200/248/729 199/249/730 205/254/731 206/253/732
f 199/249/733 198/250/734 204/255/735 205/254/736
f 209/85/737 208/251/738 214/256/739 215/83/740
f 208/251/741 207/252/742 213/257/743 214/256/744
f 207/252/745 206/253/746 212/258/747 213/257/748
f 206/253/749 205/254/750 211/259/751 212/258/752
f 205/254/753 204/255/754 210/260/755 211/259/756
f 215/83/757 214/256/758 220/261/759 221/81/760
f 214/256/761 213/257/762 219/262/763 220/261/764
f 213/257/765 212/258/766 218/263/767 219/262/768
f 212/258/769 211/259/770 217/264/771 218/263/772
f 211/259/773 210/260/774 216/265/775 217/264/776
f 221/81/777 220/261/778 226/266/779 227/79/780
f 220/261/781 219/262/782 225/267/783 226/266/784
f 219/262/785 218/263/786 224/268/787 225/267/788
f 218/263/789 217/264/790 223/269/791 224/268/792
f 217/264/793 216/265/794 222/270/795 223/269/796
f 227/79/797 226/266/798 232/271/799 233/77/800
f 226/266/801 225/267/802 231/272/803 232/271/804
f 225/267/805 224/268/806 230/273/807 231/272/808
f 224/268/809 223/269/810 229/274/811 230/273/812
f 223/269/813 222/270/814 228/275/815 229/274/816
f 233/77/817 232/271/818 238/276/819 239/75/820
f 232/271/821 231/272/822 237/277/823 238/276/824
f 231/272/825 230/273/826 236/278/827 237/277/828
f 230/273/829 229/274/830 235/279/831 236/278/832
f 229/274/833 228/275/834 234/280/835 235/279/836
f 239/75/837 238/276/838 244/281/839 245/73/840
f 238/276/841 237/277/842 243/282/843 244/281/844
f 237/277/845 236/278/846 242/283/847 243/282/848
f 236/278/849 235/279/850 241/284/851 242/283/852
f 235/279/853 234/280/854 240/285/855 241/284/856
f 245/73/857 244/281/858 250/286/859 251/71/860
f 244/281/861 243/282/862 249/287/863 250/286/864
f 243/282/865 242/283/866 248/288/867 249/287/868
f 242/283/869 241/284/870 247/289/871 248/288/872
f 241/284/873 240/285/874 246/290/875 247/289/876
f 251/71/877 250/286/878 256/132/879 257/67/880
f 250/286/881 249/287/882 255/134/883 256/132/884
f 249/287/885 248/288/886 254/136/887 255/134/888
f 248/288/889 247/289/890 253/139/891 254/136/892
f 247/289/893 246/290/894 252/140/895 253/139/896
f 258/291/897 261/292/898 1/293/899
f 261/292/900 264/294/901 1/293/902
f 264/294/903 267/295/904 1/293/905
f 267/295/906 270/296/907 1/293/908
f 270/296/909 273/297/910 1/293/911
f 273/297/912 276/298/913 1/293/914
f 276/298/915 279/299/916 1/293/917
f 279/299/918 282/300/919 1/293/920
f 282/300/921 285/301/922 1/293/923
f 285/301/924 288/302/925 1/293/926
f 288/302/927 291/303/928 1/293/929
f 291/303/930 294/304/931 1/293/932
f 294/304/933 297/305/934 1/293/935
f 297/305/936 300/306/937 1/293/938
f 300/306/939 303/307/940 1/293/941
f 303/307/942 306/308/943 1/293/944
f 306/308/945 309/309/946 1/293/947
f 309/309/948 312/310/949 1/293/950
f 312/310/951 315/311/952 1/293/953
f 315/311/954 318/312/955 1/293/956
f 318/312/957 321/313/958 1/293/959
f 321/313/960 324/314/961 1/293/962
f 324/314/963 327/315/964 1/293/965
f 327/315/966 330/316/967 1/293/968
f 330/316/969 333/317/970 1/293/971
f 333/317/972 336/318/973 1/293/974
f 336/318/975 339/319/976 1/293/977
f 339/319/978 342/320/979 1/293/980
f 342/320/981 345/321/982 1/293/983
f 345/321/984 348/322/985 1/293/986
f 348/322/987 351/323/988 1/293/989
f 351/323/990 258/291/991 1/293/992
f 72/145/993 66/137/994 260/324/995 353/325/996
f 78/150/997 72/145/998 353/325/999 350/326/1000
f 84/155/1001 78/150/1002 350/326/1003 347/327/1004
f 90/160/1005 84/155/1006 347/327/1007 344/328/1008
f 96/165/1009 90/160/1010 344/328/1011 341/329/1012
f 102/170/1013 96/165/1014 341/329/1015 338/330/1016
f 108/175/1017 102/170/1018 338/330/1019 335/331/1020
f 114/180/1021 108/175/1022 335/331/1023 332/332/1024
f 120/185/1025 114/180/1026 332/332/1027 329/333/1028
f 126/190/1029 120/185/1030 329/333/1031 326/334/1032
f 132/195/1033 126/190/1034 326/334/1035 323/335/1036
f 138/200/1037 132/195/1038 323/335/1039 320/336/1040
f 144/205/1041 138/200/1042 320/336/1043 317/337/1044
f 150/210/1045 144/205/1046 317/337/1047 314/338/1048
f 156/215/1049 150/210/1050 314/338/1051 311/339/1052
f 162/220/1053 156/215/1054 311/339/1055 308/340/1056
f 168/225/1057 162/220/1058 308/340/1059 305/341/1060
f 174/230/1061 168/225/1062 305/341/1063 302/342/1064
f 180/235/1065 174/230/1066 302/342/1067 299/343/1068
f 186/240/1069 180/235/1070 299/343/1071 296/344/1072
f 192/245/1073 186/240/1074 296/344/1075 293/345/1076
f 198/250/1077 192/245/1078 293/345/1079 290/346/1080
f 204/255/1081 198/250/1082 290/346/1083 287/347/1084
f 210/260/1085 204/255/1086 287/347/1087 284/348/1088
f 216/265/1089 210/260/1090 284/348/1091 281/349/1092
f 222/270/1093 216/265/1094 281/349/1095 278/350/1096
f 228/275/1097 222/270/1098 278/350/1099 275/351/1100
f 234/280/1101 228/275/1102 275/351/1103 272/352/1104
f 240/285/1105 234/280/1106 272/352/1107 269/353/1108
f 246/290/1109 240/285/1110 269/353/1111 266/354/1112
f 252/140/1113 246/290/1114 266/354/1115 263/355/1116
f 66/137/1117 252/140/1118 263/355/1119 260/324/1120
f 258/356/1121 259/357/1122 262/358/1123 261/359/1124
f 259/357/1125 260/324/1126 263/355/1127 262/358/1128
f 261/359/1129 262/358/1130 265/360/1131 264/361/1132
f 262/358/1133 263/355/1134 266/354/1135 265/360/1136
f 264/361/1137 265/360/1138 268/362/1139 267/363/1140
f 265/360/1141 266/354/1142 269/353/1143 268/362/1144
f 267/363/1145 268/362/1146 271/364/1147 270/365/1148
f 268/362/1149 269/353/1150 272/352/1151 271/364/1152
f 270/365/1153 271/364/1154 274/366/1155 273/367/1156
f 271/364/1157 272/352/1158 275/351/1159 274/366/1160
f 273/367/1161 274/366/1162 277/368/1163 276/369/1164
f 274/366/1165 275/351/1166 278/350/1167 277/368/1168
f 276/369/1169 277/368/1170 280/370/1171 279/371/1172
f 277/368/1173 278/350/1174 281/349/1175 280/370/1176
f 279/371/1177 280/370/1178 283/372/1179 282/373/1180
f 280/370/1181 281/349/1182 284/348/1183 283/372/1184
f 282/373/1185 283/372/1186 286/374/1187 285/375/1188
f 283/372/1189 284/348/1190 287/347/1191 286/374/1192
f 285/375/1193 286/374/1194 289/376/1195 288/377/1196
f 286/374/1197 287/347/1198 290/346/1199 289/376/1200
f 288/377/1201 289/376/1202 292/378/1203 291/379/1204
f 289/376/1205 290/346/1206 293/345/1207 292/378/1208
f 291/379/1209 292/378/1210 295/380/1211 294/381/1212
f 292/378/1213 293/345/1214 296/344/1215 295/380/1216
f 294/381/1217 295/380/1218 298/382/1219 297/383/1220
f 295/380/1221 296/344/1222 299/343/1223 298/382/1224
f 297/383/1225 298/382/1226 301/384/1227 300/385/1228
f 298/382/1229 299/343/1230 302/342/1231 301/384/1232
f 300/385/1233 301/384/1234 304/386/1235 303/387/1236
f 301/384/1237 302/342/1238 305/341/1239 304/386/1240
f 303/387/1241 304/386/1242 307/388/1243 306/389/1244
f 304/386/1245 305/341/1246 308/340/1247 307/388/1248
f 306/389/1249 307/388/1250 310/390/1251 309/391/1252
f 307/388/1253 308/340/1254 311/339/1255 310/390/1256
f 309/391/1257 310/390/1258 313/392/1259 312/393/1260
f 310/390/1261 311/339/1262 314/338/1263 313/392/1264
f 312/393/1265 313/392/1266 316/394/1267 315/395/1268
f 313/392/1269 314/338/1270 317/337/1271 316/394/1272
f 315/395/1273 316/394/1274 319/396/1275 318/397/1276
f 316/394/1277 317/337/1278 320/336/1279 319/396/1280
f 318/397/1281 319/396/1282 322/398/1283 321/399/1284
f 319/396/1285 320/336/1286 323/335/1287 322/398/1288
f 321/399/1289 322/398/1290 325/400/1291 324/401/1292
f 322/398/1293 323/335/1294 326/334/1295 325/400/1296
f 324/401/1297 325/400/1298 328/402/1299 327/403/1300
f 325/400/1301 326/334/1302 329/333/1303 328/402/1304
f 327/403/1305 328/402/1306 331/404/1307 330/405/1308
f 328/402/1309 329/333/1310 332/332/1311 331/404/1312
f 330/405/1313 331/404/1314 334/406/1315 333/407/1316
f 331/404/1317 332/332/1318 335/331/1319 334/406/1320
f 333/407/1321 334/406/1322 337/408/1323 336/409/1324
f 334/406/1325 335/331/1326 338/330/1327 337/408/1328
f 336/409/1329 337/408/1330 340/410/1331 339/411/1332
f 337/408/1333 338/330/1334 341/329/1335 340/410/1336
f 339/411/1337 340/410/1338 343/412/1339 342/413/1340
f 340/410/1341 341/329/1342 344/328/1343 343/412/1344
f 342/413/1345 343/412/1346 346/414/1347 345/415/1348
f 343/412/1349 344/328/1350 347/327/1351 346/414/1352
f 345/415/1353 346/414/1354 349/416/1355 348/417/1356
f 346/414/1357 347/327/1358 350/326/1359 349/416/1360
f 348/417/1361 349/416/1362 352/418/1363 351/419/1364
f 349/416/1365 350/326/1366 353/325/1367 352/418/1368
f 260/324/1369 259/357/1370 352/418/1371 353/325/1372
f 259/357/1373 258/356/1374 351/419/1375 352/418/1376
f 364/420/1377 375/421/1378 3/422/1379 2/423/1380
f 375/421/1381 386/424/1382 6/425/1383 3/422/1384
f 386/424/1385 397/426/1386 8/427/1387 6/425/1388
f 397/426/1389 408/428/1390 10/429/1391 8/427/1392
f 408/428/1393 419/430/1394 12/431/1395 10/429/1396
f 419/430/1397 430/432/1398 14/433/1399 12/431/1400
f 430/432/1401 441/434/1402 16/435/1403 14/433/1404
f 441/434/1405 452/436/1406 18/437/1407 16/435/1408
f 452/436/1409 463/438/1410 20/439/1411 18/437/1412
f 463/438/1413 474/440/1414 22/441/1415 20/439/1416
f 474/440/1417 485/442/1418 24/443/1419 22/441/1420
f 485/442/1421 496/444/1422 26/445/1423 24/443/1424
f 496/444/1425 507/446/1426 28/447/1427 26/445/1428
f 507/446/1429 518/448/1430 30/449/1431 28/447/1432
f 518/448/1433 529/450/1434 32/451/1435 30/449/1436
f 529/450/1437 540/452/1438 34/453/1439 32/451/1440
f 540/452/1441 551/454/1442 36/455/1443 34/453/1444
f 551/454/1445 562/456/1446 38/457/1447 36/455/1448
f 562/456/1449 573/458/1450 40/459/1451 38/457/1452
f 573/458/1453 584/460/1454 42/461/1455 40/459/1456
f 584/460/1457 595/462/1458 44/463/1459 42/461/1460
f 595/462/1461 606/464/1462 46/465/1463 44/463/1464
f 606/464/1465 617/466/1466 48/467/1467 46/465/1468
f 617/466/1469 628/468/1470 50/469/1471 48/467/1472
f 628/468/1473 639/470/1474 52/471/1475 50/469/1476
f 639/470/1477 650/472/1478 54/473/1479 52/471/1480
f 650/472/1481 661/474/1482 56/475/1483 54/473/1484
f 661/474/1485 672/476/1486 58/477/1487 56/475/1488
f 672/476/1489 683/478/1490 60/479/1491 58/477/1492
f 683/478/1493 694/480/1494 62/481/1495 60/479/1496
f 694/480/1497 705/482/1498 64/483/1499 62/481/1500
f 705/482/1501 364/420/1502 2/423/1503 64/483/1504
f 363/484/1505 364/420/1506 705/482/1507 704/485/1508
f 362/486/1509 363/484/1510 704/485/1511 703/487/1512
f 361/488/1513 362/486/1514 703/487/1515 702/489/1516
f 360/490/1517 361/488/1518 702/489/1519 701/491/1520
f 359/492/1521 360/490/1522 701/491/1523 700/493/1524
f 358/494/1525 359/492/1526 700/493/1527 699/495/1528
f 357/496/1529 358/494/1530 699/495/1531 698/497/1532
f 356/498/1533 357/496/1534 698/497/1535 697/499/1536
f 354/500/1537 355/501/1538 696/502/1539 695/503/1540
f 355/501/1541 356/498/1542 697/499/1543 696/502/1544
f 364/420/1545 363/484/1546 374/504/1547 375/421/1548
f 363/484/1549 362/486/1550 373/505/1551 374/504/1552
f 362/486/1553 361/488/1554 372/506/1555 373/505/1556
f 361/488/1557 360/490/1558 371/507/1559 372/506/1560
f 360/490/1561 359/492/1562 370/508/1563 371/507/1564
f 359/492/1565 358/494/1566 369/509/1567 370/508/1568
f 358/494/1569 357/496/1570 368/510/1571 369/509/1572
f 357/496/1573 356/498/1574 367/511/1575 368/510/1576
f 356/498/1577 355/501/1578 366/512/1579 367/511/1580
f 355/501/1581 354/500/1582 365/513/1583 366/512/1584
f 375/421/1585 374/504/1586 385/514/1587 386/424/1588
f 374/504/1589 373/505/1590 384/515/1591 385/514/1592
f 373/505/1593 372/506/1594 383/516/1595 384/515/1596
f 372/506/1597 371/507/1598 382/517/1599 383/516/1600
f 371/507/1601 370/508/1602 381/518/1603 382/517/1604
f 370/508/1605 369/509/1606 380/519/1607 381/518/1608
f 369/509/1609 368/510/1610 379/520/1611 380/519/1612
f 368/510/1613 367/511/1614 378/521/1615 379/520/1616
f 367/511/1617 366/512/1618 377/522/1619 378/521/1620
f 366/512/1621 365/513/1622 376/523/1623 377/522/1624
f 386/424/1625 385/514/1626 396/524/1627 397/426/1628
f 385/514/1629 384/515/1630 395/525/1631 396/524/1632
f 384/515/1633 383/516/1634 394/526/1635 395/525/1636
f 383/516/1637 382/517/1638 393/527/1639 394/526/1640
f 382/517/1641 381/518/1642 392/528/1643 393/527/1644
f 381/518/1645 380/519/1646 391/529/1647 392/528/1648
f 380/519/1649 379/520/1650 390/530/1651 391/529/1652
f 379/520/1653 378/521/1654 389/531/1655 390/530/1656
f 378/521/1657 377/522/1658 388/532/1659 389/531/1660
f 377/522/1661 376/523/1662 387/533/1663 388/532/1664
f 397/426/1665 396/524/1666 407/534/1667 408/428/1668
f 396/524/1669 395/525/1670 406/535/1671 407/534/1672
f 395/525/1673 394/526/1674 405/536/1675 406/535/1676
f 394/526/1677 393/527/1678 404/537/1679 405/536/1680
f 393/527/1681 392/528/1682 403/538/1683 404/537/1684
f 392/528/1685 391/529/1686 402/539/1687 403/538/1688
f 391/529/1689 390/530/1690 401/540/1691 402/539/1692
f 390/530/1693 389/531/1694 400/541/1695 401/540/1696
f 389/531/1697 388/532/1698 399/542/1699 400/541/1700
f 388/532/1701 387/533/1702 398/543/1703 399/542/1704
f 408/428/1705 407/534/1706 418/544/1707 419/430/1708
f 407/534/1709 406/535/1710 417/545/1711 418/544/1712
f 406/535/1713 405/536/1714 416/546/1715 417/545/1716
f 405/536/1717 404/537/1718 415/547/1719 416/546/1720
f 404/537/1721 403/538/1722 414/548/1723 415/547/1724
f 403/538/1725 402/539/1726 413/549/1727 414/548/1728
f 402/539/1729 401/540/1730 412/550/1731 413/549/1732
f 401/540/1733 400/541/1734 411/551/1735 412/550/1736
f 400/541/1737 399/542/1738 410/552/1739 411/551/1740
f 399/542/1741 398/543/1742 409/553/1743 410/552/1744
f 419/430/1745 418/544/1746 429/554/1747 430/432/1748
f 418/544/1749 417/545/1750 428/555/1751 429/554/1752
f 417/545/1753 416/546/1754 427/556/1755 428/555/1756
f 416/546/1757 415/547/1758 426/557/1759 427/556/1760
f 415/547/1761 414/548/1762 425/558/1763 426/557/1764
f 414/548/1765 413/549/1766 424/559/1767 425/558/1768
f 413/549/1769 412/550/1770 423/560/1771 424/559/1772
f 412/550/1773 411/551/1774 422/561/1775 423/560/1776
f 411/551/1777 410/552/1778 421/562/1779 422/561/1780
f 410/552/1781 409/553/1782 420/563/1783 421/562/1784
f 430/432/1785 429/554/1786 440/564/1787 441/434/1788
f 429/554/1789 428/555/1790 439/565/1791 440/564/1792
f 428/555/1793 427/556/1794 438/566/1795 439/565/1796
f 427/556/1797 426/557/1798 437/567/1799 438/566/1800
f 426/557/1801 425/558/1802 436/568/1803 437/567/1804
f 425/558/1805 424/559/1806 435/569/1807 436/568/1808
f 424/559/1809 423/560/1810 434/570/1811 435/569/1812
f 423/560/1813 422/561/1814 433/571/1815 434/570/1816
f 422/561/1817 421/562/1818 432/572/1819 433/571/1820
f 421/562/1821 420/563/1822 431/573/1823 432/572/1824
f 441/434/1825 440/564/1826 451/574/1827 452/436/1828
f 440/564/1829 439/565/1830 450/575/1831 451/574/1832
f 439/565/1833 438/566/1834 449/576/1835 450/575/1836
f 438/566/1837 437/567/1838 448/577/1839 449/576/1840
f 437/567/1841 436/568/1842 447/578/1843 448/577/1844
f 436/568/1845 435/569/1846 446/579/1847 447/578/1848
f 435/569/1849 434/570/1850 445/580/1851 446/579/1852
f 434/570/1853 433/571/1854 444/581/1855 445/580/1856
f 433/571/1857 432/572/1858 443/582/1859 444/581/1860
f 432/572/1861 431/573/1862 442/583/1863 443/582/1864
f 452/436/1865 451/574/1866 462/584/1867 463/438/1868
f 451/574/1869 450/575/1870 461/585/1871 462/584/1872
f 450/575/1873 449/576/1874 460/586/1875 461/585/1876
f 449/576/1877 448/577/1878 459/587/1879 460/586/1880
f 448/577/1881 447/578/1882 458/588/1883 459/587/1884
f 447/578/1885 446/579/1886 457/589/1887 458/588/1888
f 446/579/1889 445/580/1890 456/590/1891 457/589/1892
f 445/580/1893 444/581/1894 455/591/1895 456/590/1896
f 444/581/1897 443/582/1898 454/592/1899 455/591/1900
f 443/582/1901 442/583/1902 453/593/1903 454/592/1904
f 463/438/1905 462/584/1906 473/594/1907 474/440/1908
f 462/584/1909 461/585/1910 472/595/1911 473/594/1912
f 461/585/1913 460/586/1914 471/596/1915 472/595/1916
f 460/586/1917 459/587/1918 470/597/1919 471/596/1920
f 459/587/1921 458/588/1922 469/598/1923 470/597/1924
f 458/588/1925 457/589/1926 468/599/1927 469/598/1928
f 457/589/1929 456/590/1930 467/600/1931 468/599/1932
f 456/590/1933 455/591/1934 466/601/1935 467/600/1936
f 455/591/1937 454/592/1938 465/602/1939 466/601/1940
f 454/592/1941 453/593/1942 464/603/1943 465/602/1944
f 474/440/1945 473/594/1946 484/604/1947 485/442/1948
f 473/594/1949 472/595/1950 483/605/1951 484/604/1952
f 472/595/1953 471/596/1954 482/606/1955 483/605/1956
f 471/596/1957 470/597/1958 481/607/1959 482/606/1960
f 470/597/1961 469/598/1962 480/608/1963 481/607/1964
f 469/598/1965 468/599/1966 479/609/1967 480/608/1968
f 468/599/1969 467/600/1970 478/610/1971 479/609/1972
f 467/600/1973 466/601/1974 477/611/1975 478/610/1976
f 466/601/1977 465/602/1978 476/612/1979 477/611/1980
f 465/602/1981 464/603/1982 475/613/1983 476/612/1984
f 485/442/1985 484/604/1986 495/614/1987 496/444/1988
f 484/604/1989 483/605/1990 494/615/1991 495/614/1992
f 483/605/1993 482/606/1994 493/616/1995 494/615/1996
f 482/606/1997 481/607/1998 492/617/1999 493/616/2000
f 481/607/2001 480/608/2002 491/618/2003 492/617/2004
f 480/608/2005 479/609/2006 490/619/2007 491/618/2008
f 479/609/2009 478/610/2010 489/620/2011 490/619/2012
f 478/610/2013 477/611/2014 488/621/2015 489/620/2016
f 477/611/2017 476/612/2018 487/622/2019 488/621/2020
f 476/612/2021 475/613/2022 486/623/2023 487/622/2024
f 496/444/2025 495/614/2026 506/624/2027 507/446/2028
f 495/614/2029 494/615/2030 505/625/2031 506/624/2032
f 494/615/2033 493/616/2034 504/626/2035 505/625/2036
f 493/616/2037 492/617/2038 503/627/2039 504/626/2040
f 492/617/2041 491/618/2042 502/628/2043 503/627/2044
f 491/618/2045 490/619/2046 501/629/2047 502/628/2048
f 490/619/2049 489/620/2050 500/630/2051 501/629/2052
f 489/620/2053 488/621/2054 499/631/2055 500/630/2056
f 488/621/2057 487/622/2058 498/632/2059 499/631/2060
f 487/622/2061 486/623/2062 497/633/2063 498/632/2064
f 507/446/2065 506/624/2066 517/634/2067 518/448/2068
f 506/624/2069 505/625/2070 516/635/2071 517/634/2072
f 505/625/2073 504/626/2074 515/636/2075 516/635/2076
f 504/626/2077 503/627/2078 514/637/2079 515/636/2080
f 503/627/2081 502/628/2082 513/638/2083 514/637/2084
f 502/628/2085 501/629/2086 512/639/2087 513/638/2088
f 501/629/2089 500/630/2090 511/640/2091 512/639/2092
f 500/630/2093 499/631/2094 510/641/2095 511/640/2096
f 499/631/2097 498/632/2098 509/642/2099 510/641/2100
f 498/632/2101 497/633/2102 508/643/2103 509/642/2104
f 518/448/2105 517/634/2106 528/644/2107 529/450/2108
f 517/634/2109 516/635/2110 527/645/2111 528/644/2112
f 516/635/2113 515/636/2114 526/646/2115 527/645/2116
f 515/636/2117 514/637/2118 525/647/2119 526/646/2120
f 514/637/2121 513/638/2122 524/648/2123 525/647/2124
f 513/638/2125 512/639/2126 523/649/2127 524/648/2128
f 512/639/2129 511/640/2130 522/650/2131 523/649/2132
f 511/640/2133 510/641/2134 521/651/2135 522/650/2136
f 510/641/2137 509/642/2138 520/652/2139 521/651/2140
f 509/642/2141 508/643/2142 519/653/2143 520/652/2144
f 529/450/2145 528/644/2146 539/654/2147 540/452/2148
f 528/644/2149 527/645/2150 538/655/2151 539/654/2152
f 527/645/2153 526/646/2154 537/656/2155 538/655/2156
f 526/646/2157 525/647/2158 536/657/2159 537/656/2160
f 525/647/2161 524/648/2162 535/658/2163 536/657/2164
f 524/648/2165 523/649/2166 534/659/2167 535/658/2168
f 523/649/2169 522/650/2170 533/660/2171 534/659/2172
f 522/650/2173 521/651/2174 532/661/2175 533/660/2176
f 521/651/2177 520/652/2178 531/662/2179 532/661/2180
f 520/652/2181 519/653/2182 530/663/2183 531/662/2184
f 540/452/2185 539/654/2186 550/664/2187 551/454/2188
f 539/654/2189 538/655/2190 549/665/2191 550/664/2192
f 538/655/2193 537/656/2194 548/666/2195 549/665/2196
f 537/656/2197 536/657/2198 547/667/2199 548/666/2200
f 536/657/2201 535/658/2202 546/668/2203 547/667/2204
f 535/658/2205 534/659/2206 545/669/2207 546/668/2208
f 534/659/2209 533/660/2210 544/670/2211 545/669/2212
f 533/660/2213 532/661/2214 543/671/2215 544/670/2216
f 532/661/2217 531/662/2218 542/672/2219 543/671/2220
f 531/662/2221 530/663/2222 541/673/2223 542/672/2224
f 551/454/2225 550/664/2226 561/674/2227 562/456/2228
f 550/664/2229 549/665/2230 560/675/2231 561/674/2232
f 549/665/2233 548/666/2234 559/676/2235 560/675/2236
f 548/666/2237 547/667/2238 558/677/2239 559/676/2240
f 547/667/2241 546/668/2242 557/678/2243 558/677/2244
f 546/668/2245 545/669/2246 556/679/2247 557/678/2248
f 545/669/2249 544/670/2250 555/680/2251 556/679/2252
f 544/670/2253 543/671/2254 554/681/2255 555/680/2256
f 543/671/2257 542/672/2258 553/682/2259 554/681/2260
f 542/672/2261 541/673/2262 552/683/2263 553/682/2264
f 562/456/2265 561/674/2266 572/684/2267 573/458/2268
f 561/674/2269 560/675/2270 571/685/2271 572/684/2272
f 560/675/2273 559/676/2274 570/686/2275 571/685/2276
f 559/676/2277 558/677/2278 569/687/2279 570/686/2280
f 558/677/2281 557/678/2282 568/688/2283 569/687/2284
f 557/678/2285 556/679/2286 567/689/2287 568/688/2288
f 556/679/2289 555/680/2290 566/690/2291 567/689/2292
f 555/680/2293 554/681/2294 565/691/2295 566/690/2296
f 554/681/2297 553/682/2298 564/692/2299 565/691/2300
f 553/682/2301 552/683/2302 563/693/2303 564/692/2304
f 573/458/2305 572/684/2306 583/694/2307 584/460/2308
f 572/684/2309 571/685/2310 582/695/2311 583/694/2312
f 571/685/2313 570/686/2314 581/696/2315 582/695/2316
f 570/686/2317 569/687/2318 580/697/2319 581/696/2320
f 569/687/2321 568/688/2322 579/698/2323 580/697/2324
f 568/688/2325 567/689/2326 578/699/2327 579/698/2328
f 567/689/2329 566/690/2330 577/700/2331 578/699/2332
f 566/690/2333 565/691/2334 576/701/2335 577/700/2336
f 565/691/2337 564/692/2338 575/702/2339 576/701/2340
f 564/692/2341 563/693/2342 574/703/2343 575/702/2344
f 584/460/2345 583/694/2346 594/704/2347 595/462/2348
f 583/694/2349 582/695/2350 593/705/2351 594/704/2352
f 582/695/2353 581/696/2354 592/706/2355 593/705/2356
f 581/696/2357 580/697/2358 591/707/2359 592/706/2360
f 580/697/2361 579/698/2362 590/708/2363 591/707/2364
f 579/698/2365 578/699/2366 589/709/2367 590/708/2368
f 578/699/2369 577/700/2370 588/710/2371 589/709/2372
f 577/700/2373 576/701/2374 587/711/2375 588/710/2376
f 576/701/2377 575/702/2378 586/712/2379 587/711/2380
f 575/702/2381 574/703/2382 585/713/2383 586/712/2384
f 595/462/2385 594/704/2386 605/714/2387 606/464/2388
f 594/704/2389 593/705/2390 604/715/2391 605/714/2392
f 593/705/2393 592/706/2394 603/716/2395 604/715/2396
f 592/706/2397 591/707/2398 602/717/2399 603/716/2400
f 591/707/2401 590/708/2402 601/718/2403 602/717/2404
f 590/708/2405 589/709/2406 600/719/2407 601/718/2408
f 589/709/2409 588/710/2410 599/720/2411 600/719/2412
f 588/710/2413 587/711/2414 598/721/2415 599/720/2416
f 587/711/2417 586/712/2418 597/722/2419 598/721/2420
f 586/712/2421 585/713/2422 596/723/2423 597/722/2424
f 606/464/2425 605/714/2426 616/724/2427 617/466/2428
f 605/714/2429 604/715/2430 615/725/2431 616/724/2432
f 604/715/2433 603/716/2434 614/726/2435 615/725/2436
f 603/716/2437 602/717/2438 613/727/2439 614/726/2440
f 602/717/2441 601/718/2442 612/728/2443 613/727/2444
f 601/718/2445 600/719/2446 611/729/2447 612/728/2448
f 600/719/2449 599/720/2450 610/730/2451 611/729/2452
f 599/720/2453 598/721/2454 609/731/2455 610/730/2456
f 598/721/2457 597/722/2458 608/732/2459 609/731/2460
f 597/722/2461 596/723/2462 607/733/2463 608/732/2464
f 617/466/2465 616/724/2466 627/734/2467 628/468/2468
f 616/724/2469 615/725/2470 626/735/2471 627/734/2472
f 615/725/2473 614/726/2474 625/736/2475 626/735/2476
f 614/726/2477 613/727/2478 624/737/2479 625/736/2480
f 613/727/2481 612/728/2482 623/738/2483 624/737/2484
f 612/728/2485 611/729/2486 622/739/2487 623/738/2488
f 611/729/2489 610/730/2490 621/740/2491 622/739/2492
f 610/730/2493 609/731/2494 620/741/2495 621/740/2496
f 609/731/2497 608/732/2498 619/742/2499 620/741/2500
f 608/732/2501 607/733/2502 618/743/2503 619/742/2504
f 628/468/2505 627/734/2506 638/744/2507 639/470/2508
f 627/734/2509 626/735/2510 637/745/2511 638/744/2512
f 626/735/2513 625/736/2514 636/746/2515 637/745/2516
f 625/736/2517 624/737/2518 635/747/2519 636/746/2520
f 624/737/2521 623/738/2522 634/748/2523 635/747/2524
f 623/738/2525 622/739/2526 633/749/2527 634/748/2528
f 622/739/2529 621/740/2530 632/750/2531 633/749/2532
f 621/740/2533 620/741/2534 631/751/2535 632/750/2536
f 620/741/2537 619/742/2538 630/752/2539 631/751/2540
f 619/742/2541 618/743/2542 629/753/2543 630/752/2544
f 639/470/2545 638/744/2546 649/754/2547 650/472/2548
f 638/744/2549 637/745/2550 648/755/2551 649/754/2552
f 637/745/2553 636/746/2554 647/756/2555 648/755/2556
f 636/746/2557 635/747/2558 646/757/2559 647/756/2560
f 635/747/2561 634/748/2562 645/758/2563 646/757/2564
f 634/748/2565 633/749/2566 644/759/2567 645/758/2568
f 633/749/2569 632/750/2570 643/760/2571 644/759/2572
f 632/750/2573 631/751/2574 642/761/2575 643/760/2576
f 631/751/2577 630/752/2578 641/762/2579 642/761/2580
f 630/752/2581 629/753/2582 640/763/2583 641/762/2584
f 650/472/2585 649/754/2586 660/764/2587 661/474/2588
f 649/754/2589 648/755/2590 659/765/2591 660/764/2592
f 648/755/2593 647/756/2594 658/766/2595 659/765/2596
f 647/756/2597 646/757/2598 657/767/2599 658/766/2600
f 646/757/2601 645/758/2602 656/768/2603 657/767/2604
f 645/758/2605 644/759/2606 655/769/2607 656/768/2608
f 644/759/2609 643/760/2610 654/770/2611 655/769/2612
f 643/760/2613 642/761/2614 653/771/2615 654/770/2616
f 642/761/2617 641/762/2618 652/772/2619 653/771/2620
f 641/762/2621 640/763/2622 651/773/2623 652/772/2624
f 661/474/2625 660/764/2626 671/774/2627 672/476/2628
f 660/764/2629 659/765/2630 670/775/2631 671/774/2632
f 659/765/2633 658/766/2634 669/776/2635 670/775/2636
f 658/766/2637 657/767/2638 668/777/2639 669/776/2640
f 657/767/2641 656/768/2642 667/778/2643 668/777/2644
f 656/768/2645 655/769/2646 666/779/2647 667/778/2648
f 655/769/2649 654/770/2650 665/780/2651 666/779/2652
f 654/770/2653 653/771/2654 664/781/2655 665/780/2656
f 653/771/2657 652/772/2658 663/782/2659 664/781/2660
f 652/772/2661 651/773/2662 662/783/2663 663/782/2664
f 672/476/2665 671/774/2666 682/784/2667 683/478/2668
f 671/774/2669 670/775/2670 681/785/2671 682/784/2672
f 670/775/2673 669/776/2674 680/786/2675 681/785/2676
f 669/776/2677 668/777/2678 679/787/2679 680/786/2680
f 668/777/2681 667/778/2682 678/788/2683 679/787/2684
f 667/778/2685 666/779/2686 677/789/2687 678/788/2688
f 666/779/2689 665/780/2690 676/790/2691 677/789/2692
f 665/780/2693 664/781/2694 675/791/2695 676/790/2696
f 664/781/2697 663/782/2698 674/792/2699 675/791/2700
f 663/782/2701 662/783/2702 673/793/2703 674/792/2704
f 683/478/2705 682/784/2706 693/794/2707 694/480/2708
f 682/784/2709 681/785/2710 692/795/2711 693/794/2712
f 681/785/2713 680/786/2714 691/796/2715 692/795/2716
f 680/786/2717 679/787/2718 690/797/2719 691/796/2720
f 679/787/2721 678/788/2722 689/798/2723 690/797/2724
f 678/788/2725 677/789/2726 688/799/2727 689/798/2728
f 677/789/2729 676/790/2730 687/800/2731 688/799/2732
f 676/790/2733 675/791/2734 686/801/2735 687/800/2736
f 675/791/2737 674/792/2738 685/802/2739 686/801/2740
f 674/792/2741 673/793/2742 684/803/2743 685/802/2744
f 694/480/2745 693/794/2746 704/485/2747 705/482/2748
f 693/794/2749 692/795/2750 703/487/2751 704/485/2752
f 692/795/2753 691/796/2754 702/489/2755 703/487/2756
f 691/796/2757 690/797/2758 701/491/2759 702/489/2760
f 690/797/2761 689/798/2762 700/493/2763 701/491/2764
f 689/798/2765 688/799/2766 699/495/2767 700/493/2768
f 688/799/2769 687/800/2770 698/497/2771 699/495/2772
f 687/800/2773 686/801/2774 697/499/2775 698/497/2776
f 686/801/2777 685/802/2778 696/502/2779 697/499/2780
f 685/802/2781 684/803/2782 695/503/2783 696/502/2784
f 708/804/2785 711/805/2786 365/513/2787 354/500/2788
f 711/805/2789 714/806/2790 376/523/2791 365/513/2792
f 714/806/2793 717/807/2794 387/533/2795 376/523/2796
f 717/807/2797 720/808/2798 398/543/2799 387/533/2800
f 720/808/2801 723/809/2802 409/553/2803 398/543/2804
f 723/809/2805 726/810/2806 420/563/2807 409/553/2808
f 726/810/2809 729/811/2810 431/573/2811 420/563/2812
f 729/811/2813 732/812/2814 442/583/2815 431/573/2816
f 732/812/2817 735/813/2818 453/593/2819 442/583/2820
f 735/813/2821 738/814/2822 464/603/2823 453/593/2824
f 738/814/2825 741/815/2826 475/613/2827 464/603/2828
f 741/815/2829 744/816/2830 486/623/2831 475/613/2832
f 744/816/2833 747/817/2834 497/633/2835 486/623/2836
f 747/817/2837 750/818/2838 508/643/2839 497/633/2840
f 750/818/2841 753/819/2842 519/653/2843 508/643/2844
f 753/819/2845 756/820/2846 530/663/2847 519/653/2848
f 756/820/2849 759/821/2850 541/673/2851 530/663/2852
f 759/821/2853 762/822/2854 552/683/2855 541/673/2856
f 762/822/2857 765/823/2858 563/693/2859 552/683/2860
f 765/823/2861 768/824/2862 574/703/2863 563/693/2864
f 768/824/2865 771/825/2866 585/713/2867 574/703/2868
f 771/825/2869 774/826/2870 596/723/2871 585/713/2872
f 774/826/2873 777/827/2874 607/733/2875 596/723/2876
f 777/827/2877 780/828/2878 618/743/2879 607/733/2880
f 780/828/2881 783/829/2882 629/753/2883 618/743/2884
f 783/829/2885 786/830/2886 640/763/2887 629/753/2888
f 786/830/2889 789/831/2890 651/773/2891 640/763/2892
f 789/831/2893 792/832/2894 662/783/2895 651/773/2896
f 792/832/2897 795/833/2898 673/793/2899 662/783/2900
f 795/833/2901 798/834/2902 684/803/2903 673/793/2904
f 798/834/2905 801/835/2906 695/503/2907 684/803/2908
f 801/835/2909 708/804/2910 354/500/2911 695/503/2912
f 706/836/2913 707/837/2914 800/838/2915 799/839/2916
f 707/837/2917 708/804/2918 801/835/2919 800/838/2920
f 708/804/2921 707/837/2922 710/840/2923 711/805/2924
f 707/837/2925 706/836/2926 709/841/2927 710/840/2928
f 711/805/2929 710/840/2930 713/842/2931 714/806/2932
f 710/840/2933 709/841/2934 712/843/2935 713/842/2936
f 714/806/2937 713/842/2938 716/844/2939 717/807/2940
f 713/842/2941 712/843/2942 715/845/2943 716/844/2944
f 717/807/2945 716/844/2946 719/846/2947 720/808/2948
f 716/844/2949 715/845/2950 718/847/2951 719/846/2952
f 720/808/2953 719/846/2954 722/848/2955 723/809/2956
f 719/846/2957 718/847/2958 721/849/2959 722/848/2960
f 723/809/2961 722/848/2962 725/850/2963 726/810/2964
f 722/848/2965 721/849/2966 724/851/2967 725/850/2968
f 726/810/2969 725/850/2970 728/852/2971 729/811/2972
f 725/850/2973 724/851/2974 727/853/2975 728/852/2976
f 729/811/2977 728/852/2978 731/854/2979 732/812/2980
f 728/852/2981 727/853/2982 730/855/2983 731/854/2984
f 732/812/2985 731/854/2986 734/856/2987 735/813/2988
f 731/854/2989 730/855/2990 733/857/2991 734/856/2992
f 735/813/2993 734/856/2994 737/858/2995 738/814/2996
f 734/856/2997 733/857/2998 736/859/2999 737/858/3000
f 738/814/3001 737/858/3002 740/860/3003 741/815/3004
f 737/858/3005 736/859/3006 739/861/3007 740/860/3008
f 741/815/3009 740/860/3010 743/862/3011 744/816/3012
f 740/860/3013 739/861/3014 742/863/3015 743/862/3016
f 744/816/3017 743/862/3018 746/864/3019 747/817/3020
f 743/862/3021 742/863/3022 745/865/3023 746/864/3024
f 747/817/3025 746/864/3026 749/866/3027 750/818/3028
f 746/864/3029 745/865/3030 748/867/3031 749/866/3032
f 750/818/3033 749/866/3034 752/868/3035 753/819/3036
f 749/866/3037 748/867/3038 751/869/3039 752/868/3040
f 753/819/3041 752/868/3042 755/870/3043 756/820/3044
f 752/868/3045 751/869/3046 754/871/3047 755/870/3048
f 756/820/3049 755/870/3050 758/872/3051 759/821/3052
f 755/870/3053 754/871/3054 757/873/3055 758/872/3056
f 759/821/3057 758/872/3058 761/874/3059 762/822/3060
f 758/872/3061 757/873/3062 760/875/3063 761/874/3064
f 762/822/3065 761/874/3066 764/876/3067 765/823/3068
f 761/874/3069 760/875/3070 763/877/3071 764/876/3072
f 765/823/3073 764/876/3074 767/878/3075 768/824/3076
f 764/876/3077 763/877/3078 766/879/3079 767/878/3080
f 768/824/3081 767/878/3082 770/880/3083 771/825/3084
f 767/878/3085 766/879/3086 769/881/3087 770/880/3088
f 771/825/3089 770/880/3090 773/882/3091 774/826/3092
f 770/880/3093 769/881/3094 772/883/3095 773/882/3096
f 774/826/3097 773/882/3098 776/884/3099 777/827/3100
f 773/882/3101 772/883/3102 775/885/3103 776/884/3104
f 777/827/3105 776/884/3106 779/886/3107 780/828/3108
f 776/884/3109 775/885/3110 778/887/3111 779/886/3112
f 780/828/3113 779/886/3114 782/888/3115 783/829/3116
f 779/886/3117 778/887/3118 781/889/3119 782/888/3120
f 783/829/3121 782/888/3122 785/890/3123 786/830/3124
f 782/888/3125 781/889/3126 784/891/3127 785/890/3128
f 786/830/3129 785/890/3130 788/892/3131 789/831/3132
f 785/890/3133 784/891/3134 787/893/3135 788/892/3136
f 789/831/3137 788/892/3138 791/894/3139 792/832/3140
f 788/892/3141 787/893/3142 790/895/3143 791/894/3144
f 792/832/3145 791/894/3146 794/896/3147 795/833/3148
f 791/894/3149 790/895/3150 793/897/3151 794/896/3152
f 795/833/3153 794/896/3154 797/898/3155 798/834/3156
f 794/896/3157 793/897/3158 796/899/3159 797/898/3160
f 798/834/3161 797/898/3162 800/838/3163 801/835/3164
f 797/898/3165 796/899/3166 799/839/3167 800/838/3168
f 709/900/3169 706/901/3170 802/902/3171 803/903/3172
f 712/904/3173 709/900/3174 803/903/3175 804/905/3176
f 715/906/3177 712/904/3178 804/905/3179 805/907/3180
f 718/908/3181 715/906/3182 805/907/3183 806/909/3184
f 721/910/3185 718/908/3186 806/909/3187 807/911/3188
f 724/912/3189 721/910/3190 807/911/3191 808/913/3192
f 727/914/3193 724/912/3194 808/913/3195 809/915/3196
f 730/916/3197 727/914/3198 809/915/3199 810/917/3200
f 733/918/3201 730/916/3202 810/917/3203 811/919/3204
f 736/920/3205 733/918/3206 811/919/3207 812/921/3208
f 739/922/3209 736/920/3210 812/921/3211 813/923/3212
f 742/924/3213 739/922/3214 813/923/3215 814/925/3216
f 745/926/3217 742/924/3218 814/925/3219 815/927/3220
f 748/928/3221 745/926/3222 815/927/3223 816/929/3224
f 751/930/3225 748/928/3226 816/929/3227 817/931/3228
f 754/932/3229 751/930/3230 817/931/3231 818/933/3232
f 757/934/3233 754/932/3234 818/933/3235 819/935/3236
f 760/936/3237 757/934/3238 819/935/3239 820/937/3240
f 763/938/3241 760/936/3242 820/937/3243 821/939/3244
f 766/940/3245 763/938/3246 821/939/3247 822/941/3248
f 769/942/3249 766/940/3250 822/941/3251 823/943/3252
f 772/944/3253 769/942/3254 823/943/3255 824/945/3256
f 775/946/3257 772/944/3258 824/945/3259 825/947/3260
f 778/948/3261 775/946/3262 825/947/3263 826/949/3264
f 781/950/3265 778/948/3266 826/949/3267 827/951/3268
f 784/952/3269 781/950/3270 827/951/3271 828/953/3272
f 787/954/3273 784/952/3274 828/953/3275 829/955/3276
f 790/956/3277 787/954/3278 829/955/3279 830/957/3280
f 793/958/3281 790/956/3282 830/957/3283 831/959/3284
f 796/960/3285 793/958/3286 831/959/3287 832/961/3288
f 799/962/3289 796/960/3290 832/961/3291 833/963/3292
f 706/901/3293 799/962/3294 833/963/3295 802/902/3296
f 843/964/3297 842/965/3298 845/966/3299 844/967/3300
f 842/965/3301 841/968/3302 846/969/3303 845/966/3304
f 841/968/3305 840/970/3306 847/971/3307 846/969/3308
f 840/970/3309 839/972/3310 848/973/3311 847/971/3312
f 839/972/3313 838/974/3314 849/975/3315 848/973/3316
f 838/974/3317 837/976/3318 850/977/3319 849/975/3320
f 837/976/3321 836/978/3322 851/979/3323 850/977/3324
f 836/978/3325 835/980/3326 852/981/3327 851/979/3328
f 1114/982/3329 843/964/3330 834/983/3331
f 1105/984/3332 1114/982/3333 834/983/3334
f 1096/985/3335 1105/984/3336 834/983/3337
f 1087/986/3338 1096/985/3339 834/983/3340
f 1078/987/3341 1087/986/3342 834/983/3343
f 1069/988/3344 1078/987/3345 834/983/3346
f 1060/989/3347 1069/988/3348 834/983/3349
f 1051/990/3350 1060/991/3351 834/983/3352
f 1042/992/3353 1051/990/3354 834/983/3355
f 1033/993/3356 1042/992/3357 834/983/3358
f 1024/994/3359 1033/993/3360 834/983/3361
f 1015/995/3362 1024/994/3363 834/983/3364
f 1006/996/3365 1015/995/3366 834/983/3367
f 997/997/3368 1006/996/3369 834/983/3370
f 988/998/3371 997/997/3372 834/983/3373
f 979/999/3374 988/998/3375 834/983/3376
f 970/1000/3377 979/999/3378 834/983/3379
f 961/1001/3380 970/1000/3381 834/983/3382
f 952/1002/3383 961/1001/3384 834/983/3385
f 943/1003/3386 952/1002/3387 834/983/3388
f 934/1004/3389 943/1003/3390 834/983/3391
f 925/1005/3392 934/1004/3393 834/983/3394
f 916/1006/3395 925/1005/3396 834/983/3397
f 907/1007/3398 916/1006/3399 834/983/3400
f 898/1008/3401 907/1007/3402 834/983/3403
f 889/1009/3404 898/1008/3405 834/983/3406
f 880/1010/3407 889/1009/3408 834/983/3409
f 871/1011/3410 880/1010/3411 834/983/3412
f 862/1012/3413 871/1011/3414 834/983/3415
f 853/1013/3416 862/1012/3417 834/983/3418
f 844/967/3419 853/1013/3420 834/983/3421
f 843/964/3422 844/967/3423 834/983/3424
f 802/1014/3425 833/1015/3426 852/981/3427 835/980/3428
f 833/1015/3429 832/1016/3430 861/1017/3431 852/981/3432
f 832/1016/3433 831/1018/3434 870/1019/3435 861/1017/3436
f 831/1018/3437 830/1020/3438 879/1021/3439 870/1019/3440
f 830/1020/3441 829/1022/3442 888/1023/3443 879/1021/3444
f 829/1022/3445 828/1024/3446 897/1025/3447 888/1023/3448
f 828/1024/3449 827/1026/3450 906/1027/3451 897/1025/3452
f 827/1026/3453 826/1028/3454 915/1029/3455 906/1027/3456
f 826/1028/3457 825/1030/3458 924/1031/3459 915/1029/3460
f 825/1030/3461 824/1032/3462 933/1033/3463 924/1031/3464
f 824/1032/3465 823/1034/3466 942/1035/3467 933/1033/3468
f 823/1034/3469 822/1036/3470 951/1037/3471 942/1035/3472
f 822/1036/3473 821/1038/3474 960/1039/3475 951/1037/3476
f 821/1038/3477 820/1040/3478 969/1041/3479 960/1039/3480
f 820/1040/3481 819/1042/3482 978/1043/3483 969/1041/3484
f 819/1042/3485 818/1044/3486 987/1045/3487 978/1043/3488
f 818/1044/3489 817/1046/3490 996/1047/3491 987/1045/3492
f 817/1046/3493 816/1048/3494 1005/1049/3495 996/1047/3496
f 816/1048/3497 815/1050/3498 1014/1051/3499 1005/1049/3500
f 815/1050/3501 814/1052/3502 1023/1053/3503 1014/1051/3504
f 814/1052/3505 813/1054/3506 1032/1055/3507 1023/1053/3508
f 813/1054/3509 812/1056/3510 1041/1057/3511 1032/1055/3512
f 812/1056/3513 811/1058/3514 1050/1059/3515 1041/1057/3516
f 811/1058/3517 810/1060/3518 1059/1061/3519 1050/1059/3520
f 810/1060/3521 809/1062/3522 1068/1063/3523 1059/1061/3524
f 809/1064/3525 808/1065/3526 1077/1066/3527 1068/1067/3528
f 808/1065/3529 807/1068/3530 1086/1069/3531 1077/1066/3532
f 807/1068/3533 806/1070/3534 1095/1071/3535 1086/1069/3536
f 806/1070/3537 805/1072/3538 1104/1073/3539 1095/1071/3540
f 805/1072/3541 804/1074/3542 1113/1075/3543 1104/1073/3544
f 804/1074/3545 803/1076/3546 1122/1077/3547 1113/1075/3548
f 803/1076/3549 802/1014/3550 835/980/3551 1122/1077/3552
f 851/979/3553 852/981/3554 861/1017/3555 860/1078/3556
f 850/977/3557 851/979/3558 860/1078/3559 859/1079/3560
f 849/975/3561 850/977/3562 859/1079/3563 858/1080/3564
f 848/973/3565 849/975/3566 858/1080/3567 857/1081/3568
f 847/971/3569 848/973/3570 857/1081/3571 856/1082/3572
f 846/969/3573 847/971/3574 856/1082/3575 855/1083/3576
f 844/967/3577 845/966/3578 854/1084/3579 853/1013/3580
f 845/966/3581 846/969/3582 855/1083/3583 854/1084/3584
f 860/1078/3585 861/1017/3586 870/1019/3587 869/1085/3588
f 859/1079/3589 860/1078/3590 869/1085/3591 868/1086/3592
f 858/1080/3593 859/1079/3594 868/1086/3595 867/1087/3596
f 857/1081/3597 858/1080/3598 867/1087/3599 866/1088/3600
f 856/1082/3601 857/1081/3602 866/1088/3603 865/1089/3604
f 855/1083/3605 856/1082/3606 865/1089/3607 864/1090/3608
f 853/1013/3609 854/1084/3610 863/1091/3611 862/1012/3612
f 854/1084/3613 855/1083/3614 864/1090/3615 863/1091/3616
f 869/1085/3617 870/1019/3618 879/1021/3619 878/1092/3620
f 868/1086/3621 869/1085/3622 878/1092/3623 877/1093/3624
f 867/1087/3625 868/1086/3626 877/1093/3627 876/1094/3628
f 866/1088/3629 867/1087/3630 876/1094/3631 875/1095/3632
f 865/1089/3633 866/1088/3634 875/1095/3635 874/1096/3636
f 864/1090/3637 865/1089/3638 874/1096/3639 873/1097/3640
f 862/1012/3641 863/1091/3642 872/1098/3643 871/1011/3644
f 863/1091/3645 864/1090/3646 873/1097/3647 872/1098/3648
f 878/1092/3649 879/1021/3650 888/1023/3651 887/1099/3652
f 877/1093/3653 878/1092/3654 887/1099/3655 886/1100/3656
f 876/1094/3657 877/1093/3658 886/1100/3659 885/1101/3660
f 875/1095/3661 876/1094/3662 885/1101/3663 884/1102/3664
f 874/1096/3665 875/1095/3666 884/1102/3667 883/1103/3668
f 873/1097/3669 874/1096/3670 883/1103/3671 882/1104/3672
f 871/1011/3673 872/1098/3674 881/1105/3675 880/1010/3676
f 872/1098/3677 873/1097/3678 882/1104/3679 881/1105/3680
f 887/1099/3681 888/1023/3682 897/1025/3683 896/1106/3684
f 886/1100/3685 887/1099/3686 896/1106/3687 895/1107/3688
f 885/1101/3689 886/1100/3690 895/1107/3691 894/1108/3692
f 884/1102/3693 885/1101/3694 894/1108/3695 893/1109/3696
f 883/1103/3697 884/1102/3698 893/1109/3699 892/1110/3700
f 882/1104/3701 883/1103/3702 892/1110/3703 891/1111/3704
f 880/1010/3705 881/1105/3706 890/1112/3707 889/1009/3708
f 881/1105/3709 882/1104/3710 891/1111/3711 890/1112/3712
f 896/1106/3713 897/1025/3714 906/1027/3715 905/1113/3716
f 895/1107/3717 896/1106/3718 905/1113/3719 904/1114/3720
f 894/1108/3721 895/1107/3722 904/1114/3723 903/1115/3724
f 893/1109/3725 894/1108/3726 903/1115/3727 902/1116/3728
f 892/1110/3729 893/1109/3730 902/1116/3731 901/1117/3732
f 891/1111/3733 892/1110/3734 901/1117/3735 900/1118/3736
f 889/1009/3737 890/1112/3738 899/1119/3739 898/1008/3740
f 890/1112/3741 891/1111/3742 900/1118/3743 899/1119/3744
f 905/1113/3745 906/1027/3746 915/1029/3747 914/1120/3748
f 904/1114/3749 905/1113/3750 914/1120/3751 913/1121/3752
f 903/1115/3753 904/1114/3754 913/1121/3755 912/1122/3756
f 902/1116/3757 903/1115/3758 912/1122/3759 911/1123/3760
f 901/1117/3761 902/1116/3762 911/1123/3763 910/1124/3764
f 900/1118/3765 901/1117/3766 910/1124/3767 909/1125/3768
f 898/1008/3769 899/1119/3770 908/1126/3771 907/1007/3772
f 899/1119/3773 900/1118/3774 909/1125/3775 908/1126/3776
f 914/1120/3777 915/1029/3778 924/1031/3779 923/1127/3780
f 913/1121/3781 914/1120/3782 923/1127/3783 922/1128/3784
f 912/1122/3785 913/1121/3786 922/1128/3787 921/1129/3788
f 911/1123/3789 912/1122/3790 921/1129/3791 920/1130/3792
f 910/1124/3793 911/1123/3794 920/1130/3795 919/1131/3796
f 909/1125/3797 910/1124/3798 919/1131/3799 918/1132/3800
f 907/1007/3801 908/1126/3802 917/1133/3803 916/1006/3804
f 908/1126/3805 909/1125/3806 918/1132/3807 917/1133/3808
f 923/1127/3809 924/1031/3810 933/1033/3811 932/1134/3812
f 922/1128/3813 923/1127/3814 932/1134/3815 931/1135/3816
f 921/1129/3817 922/1128/3818 931/1135/3819 930/1136/3820
f 920/1130/3821 921/1129/3822 930/1136/3823 929/1137/3824
f 919/1131/3825 920/1130/3826 929/1137/3827 928/1138/3828
f 918/1132/3829 919/1131/3830 928/1138/3831 927/1139/3832
f 916/1006/3833 917/1133/3834 926/1140/3835 925/1005/3836
f 917/1133/3837 918/1132/3838 927/1139/3839 926/1140/3840
f 932/1134/3841 933/1033/3842 942/1035/3843 941/1141/3844
f 931/1135/3845 932/1134/3846 941/1141/3847 940/1142/3848
f 930/1136/3849 931/1135/3850 940/1142/3851 939/1143/3852
f 929/1137/3853 930/1136/3854 939/1143/3855 938/1144/3856
f 928/1138/3857 929/1137/3858 938/1144/3859 937/1145/3860
f 927/1139/3861 928/1138/3862 937/1145/3863 936/1146/3864
f 925/1005/3865 926/1140/3866 935/1147/3867 934/1004/3868
f 926/1140/3869 927/1139/3870 936/1146/3871 935/1147/3872
f 941/1141/3873 942/1035/3874 951/1037/3875 950/1148/3876
f 940/1142/3877 941/1141/3878 950/1148/3879 949/1149/3880
f 939/1143/3881 940/1142/3882 949/1149/3883 948/1150/3884
f 938/1144/3885 939/1143/3886 948/1150/3887 947/1151/3888
f 937/1145/3889 938/1144/3890 947/1151/3891 946/1152/3892
f 936/1146/3893 937/1145/3894 946/1152/3895 945/1153/3896
f 934/1004/3897 935/1147/3898 944/1154/3899 943/1003/3900
f 935/1147/3901 936/1146/3902 945/1153/3903 944/1154/3904
f 950/1148/3905 951/1037/3906 960/1039/3907 959/1155/3908
f 949/1149/3909 950/1148/3910 959/1155/3911 958/1156/3912
f 948/1150/3913 949/1149/3914 958/1156/3915 957/1157/3916
f 947/1151/3917 948/1150/3918 957/1157/3919 956/1158/3920
f 946/1152/3921 947/1151/3922 956/1158/3923 955/1159/3924
f 945/1153/3925 946/1152/3926 955/1159/3927 954/1160/3928
f 943/1003/3929 944/1154/3930 953/1161/3931 952/1002/3932
f 944/1154/3933 945/1153/3934 954/1160/3935 953/1161/3936
f 959/1155/3937 960/1039/3938 969/1041/3939 968/1162/3940
f 958/1156/3941 959/1155/3942 968/1162/3943 967/1163/3944
f 957/1157/3945 958/1156/3946 967/1163/3947 966/1164/3948
f 956/1158/3949 957/1157/3950 966/1164/3951 965/1165/3952
f 955/1159/3953 956/1158/3954 965/1165/3955 964/1166/3956
f 954/1160/3957 955/1159/3958 964/1166/3959 963/1167/3960
f 952/1002/3961 953/1161/3962 962/1168/3963 961/1001/3964
f 953/1161/3965 954/1160/3966 963/1167/3967 962/1168/3968
f 968/1162/3969 969/1041/3970 978/1043/3971 977/1169/3972
f 967/1163/3973 968/1162/3974 977/1169/3975 976/1170/3976
f 966/1164/3977 967/1163/3978 976/1170/3979 975/1171/3980
f 965/1165/3981 966/1164/3982 975/1171/3983 974/1172/3984
f 964/1166/3985 965/1165/3986 974/1172/3987 973/1173/3988
f 963/1167/3989 964/1166/3990 973/1173/3991 972/1174/3992
f 961/1001/3993 962/1168/3994 971/1175/3995 970/1000/3996
f 962/1168/3997 963/1167/3998 972/1174/3999 971/1175/4000
f 977/1169/4001 978/1043/4002 987/1045/4003 986/1176/4004
f 976/1170/4005 977/1169/4006 986/1176/4007 985/1177/4008
f 975/1171/4009 976/1170/4010 985/1177/4011 984/1178/4012
f 974/1172/4013 975/1171/4014 984/1178/4015 983/1179/4016
f 973/1173/4017 974/1172/4018 983/1179/4019 982/1180/4020
f 972/1174/4021 973/1173/4022 982/1180/4023 981/1181/4024
f 970/1000/4025 971/1175/4026 980/1182/4027 979/999/4028
f 971/1175/4029 972/1174/4030 981/1181/4031 980/1182/4032
f 986/1176/4033 987/1045/4034 996/1047/4035 995/1183/4036
f 985/1177/4037 986/1176/4038 995/1183/4039 994/1184/4040
f 984/1178/4041 985/1177/4042 994/1184/4043 993/1185/4044
f 983/1179/4045 984/1178/4046 993/1185/4047 992/1186/4048
f 982/1180/4049 983/1179/4050 992/1186/4051 991/1187/4052
f 981/1181/4053 982/1180/4054 991/1187/4055 990/1188/4056
f 979/999/4057 980/1182/4058 989/1189/4059 988/998/4060
f 980/1182/4061 981/1181/4062 990/1188/4063 989/1189/4064
f 995/1183/4065 996/1047/4066 1005/1049/4067 1004/1190/4068
f 994/1184/4069 995/1183/4070 1004/1190/4071 1003/1191/4072
f 993/1185/4073 994/1184/4074 1003/1191/4075 1002/1192/4076
f 992/1186/4077 993/1185/4078 1002/1192/4079 1001/1193/4080
f 991/1187/4081 992/1186/4082 1001/1193/4083 1000/1194/4084
f 990/1188/4085 991/1187/4086 1000/1194/4087 999/1195/4088
f 988/998/4089 989/1189/4090 998/1196/4091 997/997/4092
f 989/1189/4093 990/1188/4094 999/1195/4095 998/1196/4096
f 1004/1190/4097 1005/1049/4098 1014/1051/4099 1013/1197/4100
f 1003/1191/4101 1004/1190/4102 1013/1197/4103 1012/1198/4104
f 1002/1192/4105 1003/1191/4106 1012/1198/4107 1011/1199/4108
f 1001/1193/4109 1002/1192/4110 1011/1199/4111 1010/1200/4112
f 1000/1194/4113 1001/1193/4114 1010/1200/4115 1009/1201/4116
f 999/1195/4117 1000/1194/4118 1009/1201/4119 1008/1202/4120
f 997/997/4121 998/1196/4122 1007/1203/4123 1006/996/4124
f 998/1196/4125 999/1195/4126 1008/1202/4127 1007/1203/4128
f 1013/1197/4129 1014/1051/4130 1023/1053/4131 1022/1204/4132
f 1012/1198/4133 1013/1197/4134 1022/1204/4135 1021/1205/4136
f 1011/1199/4137 1012/1198/4138 1021/1205/4139 1020/1206/4140
f 1010/1200/4141 1011/1199/4142 1020/1206/4143 1019/1207/4144
f 1009/1201/4145 1010/1200/4146 1019/1207/4147 1018/1208/4148
f 1008/1202/4149 1009/1201/4150 1018/1208/4151 1017/1209/4152
f 1006/996/4153 1007/1203/4154 1016/1210/4155 1015/995/4156
f 1007/1203/4157 1008/1202/4158 1017/1209/4159 1016/1210/4160
f 1022/1204/4161 1023/1053/4162 1032/1055/4163 1031/1211/4164
f 1021/1205/4165 1022/1204/4166 1031/1211/4167 1030/1212/4168
f 1020/1206/4169 1021/1205/4170 1030/1212/4171 1029/1213/4172
f 1019/1207/4173 1020/1206/4174 1029/1213/4175 1028/1214/4176
f 1018/1208/4177 1019/1207/4178 1028/1214/4179 1027/1215/4180
f 1017/1209/4181 1018/1208/4182 1027/1215/4183 1026/1216/4184
f 1015/995/4185 1016/1210/4186 1025/1217/4187 1024/994/4188
f 1016/1210/4189 1017/1209/4190 1026/1216/4191 1025/1217/4192
f 1031/1211/4193 1032/1055/4194 1041/1057/4195 1040/1218/4196
f 1030/1212/4197 1031/1211/4198 1040/1218/4199 1039/1219/4200
f 1029/1213/4201 1030/1212/4202 1039/1219/4203 1038/1220/4204
f 1028/1214/4205 1029/1213/4206 1038/1220/4207 1037/1221/4208
f 1027/1215/4209 1028/1214/4210 1037/1221/4211 1036/1222/4212
f 1026/1216/4213 1027/1215/4214 1036/1222/4215 1035/1223/4216
f 1024/994/4217 1025/1217/4218 1034/1224/4219 1033/993/4220
f 1025/1217/4221 1026/1216/4222 1035/1223/4223 1034/1224/4224
f 1040/1218/4225 1041/1057/4226 1050/1059/4227 1049/1225/4228
f 1039/1219/4229 1040/1218/4230 1049/1225/4231 1048/1226/4232
f 1038/1220/4233 1039/1219/4234 1048/1226/4235 1047/1227/4236
f 1037/1221/4237 1038/1220/4238 1047/1227/4239 1046/1228/4240
f 1036/1222/4241 1037/1221/4242 1046/1228/4243 1045/1229/4244
f 1035/1223/4245 1036/1222/4246 1045/1229/4247 1044/1230/4248
f 1033/993/4249 1034/1224/4250 1043/1231/4251 1042/992/4252
f 1034/1224/4253 1035/1223/4254 1044/1230/4255 1043/1231/4256
f 1049/1225/4257 1050/1059/4258 1059/1061/4259 1058/1232/4260
f 1048/1226/4261 1049/1225/4262 1058/1232/4263 1057/1233/4264
f 1047/1227/4265 1048/1226/4266 1057/1233/4267 1056/1234/4268
f 1046/1228/4269 1047/1227/4270 1056/1234/4271 1055/1235/4272
f 1045/1229/4273 1046/1228/4274 1055/1235/4275 1054/1236/4276
f 1044/1230/4277 1045/1229/4278 1054/1236/4279 1053/1237/4280
f 1042/992/4281 1043/1231/4282 1052/1238/4283 1051/990/4284
f 1043/1231/4285 1044/1230/4286 1053/1237/4287 1052/1238/4288
f 1058/1232/4289 1059/1061/4290 1068/1063/4291 1067/1239/4292
f 1057/1233/4293 1058/1232/4294 1067/1239/4295 1066/1240/4296
f 1056/1234/4297 1057/1233/4298 1066/1240/4299 1065/1241/4300
f 1055/1235/4301 1056/1234/4302 1065/1241/4303 1064/1242/4304
f 1054/1236/4305 1055/1235/4306 1064/1242/4307 1063/1243/4308
f 1053/1237/4309 1054/1236/4310 1063/1243/4311 1062/1244/4312
f 1051/990/4313 1052/1238/4314 1061/1245/4315 1060/991/4316
f 1052/1238/4317 1053/1237/4318 1062/1244/4319 1061/1245/4320
f 1067/1246/4321 1068/1067/4322 1077/1066/4323 1076/1247/4324
f 1066/1248/4325 1067/1246/4326 1076/1247/4327 1075/1249/4328
f 1065/1250/4329 1066/1248/4330 1075/1249/4331 1074/1251/4332
f 1064/1252/4333 1065/1250/4334 1074/1251/4335 1073/1253/4336
f 1063/1254/4337 1064/1252/4338 1073/1253/4339 1072/1255/4340
f 1062/1256/4341 1063/1254/4342 1072/1255/4343 1071/1257/4344
f 1060/989/4345 1061/1258/4346 1070/1259/4347 1069/988/4348
f 1061/1258/4349 1062/1256/4350 1071/1257/4351 1070/1259/4352
f 1076/1247/4353 1077/1066/4354 1086/1069/4355 1085/1260/4356
f 1075/1249/4357 1076/1247/4358 1085/1260/4359 1084/1261/4360
f 1074/1251/4361 1075/1249/4362 1084/1261/4363 1083/1262/4364
f 1073/1253/4365 1074/1251/4366 1083/1262/4367 1082/1263/4368
f 1072/1255/4369 1073/1253/4370 1082/1263/4371 1081/1264/4372
f 1071/1257/4373 1072/1255/4374 1081/1264/4375 1080/1265/4376
f 1069/988/4377 1070/1259/4378 1079/1266/4379 1078/987/4380
f 1070/1259/4381 1071/1257/4382 1080/1265/4383 1079/1266/4384
f 1085/1260/4385 1086/1069/4386 1095/1071/4387 1094/1267/4388
f 1084/1261/4389 1085/1260/4390 1094/1267/4391 1093/1268/4392
f 1083/1262/4393 1084/1261/4394 1093/1268/4395 1092/1269/4396
f 1082/1263/4397 1083/1262/4398 1092/1269/4399 1091/1270/4400
f 1081/1264/4401 1082/1263/4402 1091/1270/4403 1090/1271/4404
f 1080/1265/4405 1081/1264/4406 1090/1271/4407 1089/1272/4408
f 1078/987/4409 1079/1266/4410 1088/1273/4411 1087/986/4412
f 1079/1266/4413 1080/1265/4414 1089/1272/4415 1088/1273/4416
f 1094/1267/4417 1095/1071/4418 1104/1073/4419 1103/1274/4420
f 1093/1268/4421 1094/1267/4422 1103/1274/4423 1102/1275/4424
f 1092/1269/4425 1093/1268/4426 1102/1275/4427 1101/1276/4428
f 1091/1270/4429 1092/1269/4430 1101/1276/4431 1100/1277/4432
f 1090/1271/4433 1091/1270/4434 1100/1277/4435 1099/1278/4436
f 1089/1272/4437 1090/1271/4438 1099/1278/4439 1098/1279/4440
f 1087/986/4441 1088/1273/4442 1097/1280/4443 1096/985/4444
f 1088/1273/4445 1089/1272/4446 1098/1279/4447 1097/1280/4448
f 1103/1274/4449 1104/1073/4450 1113/1075/4451 1112/1281/4452
f 1102/1275/4453 1103/1274/4454 1112/1281/4455 1111/1282/4456
f 1101/1276/4457 1102/1275/4458 1111/1282/4459 1110/1283/4460
f 1100/1277/4461 1101/1276/4462 1110/1283/4463 1109/1284/4464
f 1099/1278/4465 1100/1277/4466 1109/1284/4467 1108/1285/4468
f 1098/1279/4469 1099/1278/4470 1108/1285/4471 1107/1286/4472
f 1096/985/4473 1097/1280/4474 1106/1287/4475 1105/984/4476
f 1097/1280/4477 1098/1279/4478 1107/1286/4479 1106/1287/4480
f 1112/1281/4481 1113/1075/4482 1122/1077/4483 1121/1288/4484
f 1111/1282/4485 1112/1281/4486 1121/1288/4487 1120/1289/4488
f 1110/1283/4489 1111/1282/4490 1120/1289/4491 1119/1290/4492
f 1109/1284/4493 1110/1283/4494 1119/1290/4495 1118/1291/4496
f 1108/1285/4497 1109/1284/4498 1118/1291/4499 1117/1292/4500
f 1107/1286/4501 1108/1285/4502 1117/1292/4503 1116/1293/4504
f 1105/984/4505 1106/1287/4506 1115/1294/4507 1114/982/4508
f 1106/1287/4509 1107/1286/4510 1116/1293/4511 1115/1294/4512
f 835/980/4513 836/978/4514 1121/1288/4515 1122/1077/4516
f 836/978/4517 837/976/4518 1120/1289/4519 1121/1288/4520
f 837/976/4521 838/974/4522 1119/1290/4523 1120/1289/4524
f 838/974/4525 839/972/4526 1118/1291/4527 1119/1290/4528
f 839/972/4529 840/970/4530 1117/1292/4531 1118/1291/4532
f 840/970/4533 841/968/4534 1116/1293/4535 1117/1292/4536
f 841/968/4537 842/965/4538 1115/1294/4539 1116/1293/4540
f 842/965/4541 843/964/4542 1114/982/4543 1115/1294/4544
