# This file uses centimeters as units for non-parametric coordinates.

mtllib paper_sheets_01.mtl
adobe_mdllib paper_sheets_01.mdl
g default
v -25.152657 0.025012 25.965254
v -31.637104 0.051002 22.346390
v -32.335636 0.078836 23.550070
v -25.855907 0.025012 27.176786
v -18.663956 0.025012 29.576963
v -19.371620 0.025012 30.795990
v -17.956299 0.025011 28.357931
v -24.449398 0.025013 24.753725
v -30.938576 0.031510 21.142815
v -19.073345 0.025012 15.492771
v -25.514481 0.025013 11.798998
v -28.709274 0.025013 17.302416
v -22.226292 0.025012 20.924105
v -12.630389 0.025010 19.183407
v -15.740245 0.025011 24.540510
v -9.170326 0.025010 13.223022
v -15.586875 0.025011 9.486903
v -22.002831 0.025012 5.749754
v -13.066466 0.025011 5.145191
v -19.521503 0.025012 1.475370
v -6.611313 0.025009 8.814814
v -3.604399 0.025009 3.635036
v -10.121475 0.025010 0.072088
v -16.638554 0.025011 -3.490862
v -28.667461 0.257094 32.021473
v -28.659142 0.255721 32.007141
v -35.059437 0.659459 28.244890
v -35.067345 0.662529 28.258518
v -22.201717 0.083048 35.671867
v -22.193344 0.082705 35.657440
v -27.964409 0.141023 30.809971
v -21.494148 0.054028 34.452782
v -20.786724 0.032266 33.233852
v -27.261757 0.054009 29.598980
v -34.399059 0.402967 27.106663
v -33.724045 0.200142 25.942871
v -26.558998 0.025011 28.388088
v -33.033886 0.110338 24.753344
v -20.079231 0.025012 32.014973
v -10.747552 0.025010 30.729410
v -4.242890 0.025009 34.313755
v -2.758957 0.025009 31.757484
v -9.251132 0.025010 28.151646
v -17.248634 0.025011 27.138901
v -11.459399 0.025010 31.955650
v -4.958739 0.025009 35.546894
v 0.825990 0.025008 40.371391
v -5.674590 0.025009 36.780029
v -6.390446 0.025009 38.013165
v 0.106324 0.025008 41.611103
v 6.415160 0.025007 45.100418
v 7.138442 0.025007 43.854469
v 8.039571 0.025006 42.706421
v 7.316184 0.025007 43.952545
v 7.328542 0.025007 43.959366
v 8.051938 0.025006 42.713230
v 1.545657 0.025008 39.131676
v -12.171247 0.025010 33.181892
v -12.883088 0.025010 34.408131
v -38.117207 0.128925 18.719948
v -37.423752 0.050989 17.524965
v -43.501328 0.075309 14.130255
v -44.189976 0.226241 15.316864
v -45.269714 0.454843 16.284348
v -44.581181 0.232510 15.097643
v -44.595371 0.232737 15.089689
v -45.283894 0.455314 16.276381
v -38.810741 0.240238 19.915279
v 6.709874 0.025007 30.235687
v 0.261173 0.025008 26.554943
v 3.736297 0.025007 35.358036
v 10.043158 0.025006 38.850754
v 12.971002 0.025006 33.807182
v 16.490704 0.025005 28.148323
v 13.147297 0.025006 33.907745
v 13.159555 0.025006 33.914738
v 16.502903 0.025005 28.155415
v 10.083683 0.025006 24.423891
v 3.664870 0.025007 20.691647
v -6.185565 0.025009 22.870825
v -2.753101 0.025009 16.957985
v -31.953835 0.025014 8.102162
v -28.418266 0.025013 2.011715
v -34.431992 0.025015 -1.492823
v -37.989391 0.025015 4.635234
v -41.653378 0.025016 10.053786
v -38.378201 0.025015 4.411894
v -38.392303 0.025015 4.403793
v -41.667568 0.025016 10.045836
v -35.189182 0.025015 13.675445
v 12.755349 0.025006 19.821617
v 6.299541 0.025007 16.153120
v 16.315239 0.025005 28.046324
v 19.022556 0.025005 23.382639
v 22.451542 0.025004 17.880054
v 19.199024 0.025004 23.482906
v 19.211296 0.025004 23.489880
v 22.463928 0.025004 17.886826
v 15.946845 0.025005 14.323878
v 9.429758 0.025006 10.760927
v -0.155995 0.025008 12.484152
v 2.912682 0.025008 7.197983
v -2.772357 0.025009 46.569984
v -2.763843 0.025009 46.555313
v -9.245372 0.025010 42.931137
v -9.253842 0.025010 42.945724
v 3.522008 0.025007 50.084229
v 3.530564 0.025007 50.069489
v 5.146020 0.025007 47.690914
v 4.422629 0.025007 48.937046
v 4.434960 0.025007 48.943913
v 5.158360 0.025007 47.697769
v -8.538002 0.025010 41.712589
v -2.052688 0.025008 45.330269
v -1.333020 0.025008 44.090546
v -7.822160 0.025009 40.479450
v -15.730392 0.025011 39.313152
v -15.721969 0.025011 39.298641
v -15.018569 0.025011 38.086884
v -14.306766 0.025011 36.860626
v -40.768223 0.956503 23.290407
v -40.166180 0.580369 22.251904
v -46.196270 1.046061 18.775120
v -46.708858 1.611139 19.659348
v -47.539993 2.336172 20.198841
v -47.534687 2.328094 20.189695
v -47.548298 2.330111 20.180744
v -47.553600 2.338195 20.189888
v -41.334690 1.408938 24.267124
v -41.341473 1.414355 24.278818
v -0.613347 0.025008 42.850830
v -7.106298 0.025009 39.246307
v 4.968585 0.025007 47.592312
v 5.691875 0.025007 46.346363
v 6.592799 0.025007 45.198662
v 5.869409 0.025007 46.444794
v 5.881755 0.025007 46.451633
v 6.605151 0.025007 45.205498
v -13.594935 0.025011 35.634373
v -39.503925 0.366227 21.110115
v -44.878819 0.441855 16.504099
v -45.567234 0.685874 17.690720
v -46.584732 1.076061 18.551151
v -45.957829 0.706465 17.470442
v -45.971996 0.707212 17.462452
v -46.598820 1.077149 18.543024
v -36.730175 0.025013 16.330021
v -30.239983 0.025013 19.939278
v -41.262157 0.025016 10.272971
v -42.812527 0.025012 12.943651
v -43.892841 0.076876 13.911568
v -43.204350 0.025011 12.725502
v -43.218563 0.025011 12.717594
v -43.907040 0.076933 13.903633
v -23.746128 0.025012 23.542217
v 2.265326 0.025008 37.891960
v 7.861726 0.025007 42.608528
v 8.585015 0.025006 41.362576
v 10.220738 0.025006 38.949097
v 8.762959 0.025006 41.460297
v 8.775332 0.025006 41.467094
v 10.233087 0.025006 38.955936
v -32.431438 0.025014 -5.864520
v -32.417301 0.025014 -5.856480
v -29.658443 0.025014 -10.608952
v -29.672714 0.025014 -10.616756
v -34.833443 0.025015 -1.726774
v -34.819393 0.025015 -1.718587
v -25.976486 0.025013 -2.194549
v -23.155632 0.025012 -7.053809
v 10.355464 0.025006 -35.201809
v 11.058789 0.025006 -36.413288
v 4.559954 0.078829 -40.007019
v 3.861100 0.050995 -38.803539
v 9.652144 0.025007 -33.990322
v 3.162327 0.031504 -37.600113
v 16.138065 0.026214 -30.373768
v 16.845680 0.029840 -31.592756
v 17.553257 0.037245 -32.811741
v 4.276046 0.025007 -24.729391
v 7.428994 0.025007 -30.160727
v 0.932879 0.025008 -33.759792
v -2.261912 0.025009 -28.256372
v -0.118032 0.025008 -17.160061
v -6.690347 0.025009 -20.627857
v 6.453685 0.025007 -13.691236
v 10.812184 0.025006 -21.199272
v 13.922041 0.025006 -26.556379
v -5.361268 0.025009 -8.127948
v -11.922030 0.025010 -11.615645
v 1.199383 0.025008 -4.640058
v 7.288620 0.660358 -44.704491
v 13.865516 0.256087 -41.246830
v 13.871573 0.257087 -41.257259
v 7.294168 0.662511 -44.714043
v 12.465032 0.054002 -38.835262
v 13.168191 0.141015 -40.045956
v 6.625321 0.402951 -43.562496
v 5.949392 0.200131 -42.399235
v 18.968319 0.072451 -35.249493
v 19.675922 0.110213 -36.468319
v 20.289398 0.149499 -37.525051
v 13.778373 0.241707 -41.096756
v 11.761996 0.025004 -37.624523
v 5.258622 0.110330 -41.210068
v 18.260796 0.049789 -34.030663
v 21.908428 0.025004 -25.524485
v 20.412025 0.025004 -22.946749
v 26.898941 0.025003 -19.331833
v 28.382824 0.025003 -21.888004
v 22.620197 0.029838 -26.750624
v 29.098454 0.039168 -23.120842
v 15.430432 0.025005 -29.154758
v 36.291752 0.154926 -20.723179
v 37.010624 0.316069 -21.962097
v 30.529255 0.158964 -25.586218
v 29.813915 0.081660 -24.353556
v 35.572796 0.057483 -19.484346
v 42.767479 0.246113 -17.089304
v 42.755173 0.245940 -17.096210
v 42.032871 0.080231 -15.851463
v 42.045170 0.080275 -15.844547
v 43.489841 0.509142 -18.334332
v 43.477528 0.508776 -18.341225
v 23.331879 0.044340 -27.976700
v 24.043476 0.073953 -29.202723
v -2.637675 0.128918 -42.397724
v -3.331519 0.050983 -41.202976
v -1.943585 0.240229 -43.592724
v -9.138787 0.232732 -45.988342
v -9.124551 0.232504 -45.980476
v -8.435449 0.454834 -47.166855
v -8.449698 0.455305 -47.174702
v -9.827437 0.076928 -44.802490
v -9.813210 0.076871 -44.794601
v 30.409199 0.025003 -10.589279
v 33.382778 0.025002 -15.711624
v 23.878807 0.025004 -14.129296
v 26.164494 0.025003 -3.277261
v 19.595020 0.025005 -6.749973
v 36.938610 0.025001 -7.047572
v 36.926201 0.025001 -7.054304
v 32.721062 0.025002 0.189558
v 32.733547 0.025002 0.196160
v 39.865078 0.025001 -12.088767
v 39.852757 0.025001 -12.095654
v 17.346455 0.025005 -17.665934
v 13.024732 0.025006 -10.221250
v -8.801647 0.025010 -31.780293
v -13.263180 0.025011 -24.094763
v -5.566297 0.025009 -37.353577
v -15.342272 0.025011 -35.302685
v -15.327947 0.025011 -35.294968
v -12.052768 0.025011 -40.936863
v -12.067007 0.025011 -40.944725
v -19.836273 0.025012 -27.561220
v -19.821877 0.025012 -27.553627
v 20.880135 0.025004 5.825687
v 14.320137 0.025006 2.336671
v 27.439999 0.025003 9.314939
v 27.427532 0.025003 9.308308
v 7.759868 0.025007 -1.151883
v 33.384281 0.791547 -30.507195
v 39.879292 1.644099 -26.907585
v 39.885586 1.647835 -26.918436
v 33.390522 0.793188 -30.517952
v 38.448002 0.837343 -24.439865
v 39.166576 1.221037 -25.679028
v 32.675083 0.605015 -29.284924
v 31.959812 0.429071 -28.051842
v 45.655842 1.967128 -22.069000
v 45.643513 1.965710 -22.075859
v 44.921585 1.326940 -20.830776
v 44.933910 1.327872 -20.823910
v 46.280861 2.592654 -23.146393
v 46.268524 2.590750 -23.153242
v 20.377472 0.155138 -37.676750
v 26.883804 0.314374 -34.096893
v 26.889988 0.314940 -34.107544
v 20.383595 0.155530 -37.687298
v 25.466648 0.185764 -31.655018
v 26.178299 0.249763 -32.881321
v 33.294537 0.767941 -30.352516
v 26.794865 0.306229 -33.943653
v 0.016822 0.956468 -46.966183
v -0.586528 0.580349 -45.928429
v 7.208813 0.629388 -44.567085
v 0.527045 1.363405 -47.844280
v -6.163960 2.332606 -51.075363
v -6.161653 2.336114 -51.079334
v -6.176475 2.338137 -51.086193
v -6.178779 2.334631 -51.082230
v -7.133246 1.077148 -49.440529
v -7.118909 1.076060 -49.432838
v -6.610913 1.653288 -50.306423
v -6.625461 1.654817 -50.313755
v 37.729408 0.539635 -23.201019
v 31.244537 0.277576 -26.818945
v 44.212063 0.855877 -19.579287
v 44.199741 0.855276 -19.586168
v 24.755035 0.124127 -30.428797
v -1.249717 0.366216 -44.787174
v -7.760898 0.707205 -48.360401
v -7.746638 0.706458 -48.352577
v -4.025275 0.025008 -40.008133
v 2.463619 0.025008 -36.396641
v -10.516012 0.025006 -43.616486
v -10.501795 0.025006 -43.608585
v 8.948841 0.025007 -32.778835
v 34.853603 0.025000 -18.245319
v 41.322582 0.024996 -14.599545
v 41.310284 0.024996 -14.606472
v -25.029339 0.025013 -18.583145
v -25.043709 0.025013 -18.590784
v -18.482853 0.025012 -15.103241
v -19.424938 0.025012 -27.344296
v -24.633141 0.025013 -18.372538
v -32.336266 0.053845 23.550356
v -31.637520 0.026007 22.346678
v -25.152721 0.000013 25.965235
v -25.856014 0.000013 27.176744
v -18.663956 0.000011 29.576963
v -19.371620 0.000012 30.795990
v -17.956299 0.000011 28.357931
v -24.449429 0.000012 24.753725
v -30.938774 0.006512 21.143000
v -28.709274 0.000013 17.302416
v -25.514481 0.000013 11.798998
v -19.073345 0.000012 15.492771
v -22.226292 0.000012 20.924105
v -12.630389 0.000010 19.183407
v -15.740245 0.000011 24.540510
v -9.170326 0.000010 13.223022
v -15.586875 0.000011 9.486903
v -22.002831 0.000012 5.749754
v -19.521503 0.000012 1.475370
v -13.066466 0.000010 5.145191
v -6.611313 0.000009 8.814814
v -3.604399 0.000009 3.635036
v -10.121475 0.000010 0.072088
v -16.638554 0.000011 -3.490862
v -28.431454 0.192948 31.613251
v -34.845165 0.550261 27.872236
v -34.402477 0.378384 27.109655
v -27.965889 0.116100 30.811256
v -21.963062 0.048246 35.260063
v -21.494598 0.029034 34.453087
v -20.786945 0.007267 33.234058
v -27.262596 0.029035 29.599749
v -33.726250 0.175312 25.944769
v -33.035007 0.085373 24.754026
v -26.559303 0.000013 28.388247
v -20.079281 0.000012 32.015034
v -2.758957 0.000008 31.757484
v -4.242890 0.000009 34.313755
v -10.747552 0.000010 30.729410
v -9.251132 0.000010 28.151646
v -17.248634 0.000011 27.138901
v -11.459399 0.000010 31.955650
v -4.958739 0.000009 35.546894
v -6.390446 0.000009 38.013165
v -5.674590 0.000009 36.780029
v 0.825990 0.000008 40.371391
v 0.106324 0.000008 41.611103
v 6.605151 0.000007 45.205498
v 6.592799 0.000007 45.198662
v 7.316184 0.000006 43.952545
v 7.328542 0.000006 43.959366
v 1.545657 0.000008 39.131676
v 7.861728 0.000006 42.608528
v 7.138444 0.000007 43.854473
v -12.171247 0.000010 33.181892
v -12.883088 0.000010 34.408131
v -38.118351 0.103987 18.721287
v -37.424328 0.026008 17.525753
v -43.907993 0.052002 13.905242
v -43.893795 0.051945 13.913176
v -44.583008 0.207734 15.100430
v -44.597202 0.207962 15.092484
v -38.812374 0.215340 19.916828
v -44.881268 0.417191 16.507320
v -44.191761 0.201455 15.319569
v 0.261173 0.000008 26.554943
v 6.709874 0.000007 30.235687
v 3.736297 0.000007 35.358036
v 10.233087 0.000006 38.955936
v 10.220738 0.000006 38.949097
v 13.147297 0.000005 33.907745
v 13.159555 0.000005 33.914738
v 10.083683 0.000006 24.423891
v 16.315243 0.000005 28.046326
v 12.971004 0.000006 33.807182
v 3.664870 0.000007 20.691647
v -6.185565 0.000009 22.870825
v -2.753101 0.000009 16.957985
v -31.953835 0.000014 8.102162
v -28.418266 0.000013 2.011715
v -34.833443 0.000015 -1.726774
v -34.819393 0.000015 -1.718587
v -38.378201 0.000015 4.411894
v -38.392303 0.000015 4.403793
v -35.189182 0.000015 13.675445
v -41.262157 0.000016 10.272971
v -37.989391 0.000015 4.635234
v 6.299541 0.000007 16.153120
v 12.755349 0.000006 19.821617
v 16.502903 0.000005 28.155415
v 16.490704 0.000005 28.148323
v 19.199024 0.000004 23.482906
v 19.211296 0.000004 23.489880
v 15.946845 0.000005 14.323878
v 22.273403 0.000004 17.782661
v 19.022556 0.000005 23.382639
v 9.429758 0.000006 10.760927
v -0.155995 0.000008 12.484152
v 2.912682 0.000007 7.197983
v -2.529101 0.000008 46.150940
v -9.011879 0.000010 42.528912
v -8.538002 0.000010 41.712589
v -2.052688 0.000008 45.330269
v 3.956075 0.000007 49.768845
v 3.943748 0.000007 49.761971
v 4.422629 0.000007 48.937046
v 4.434960 0.000007 48.943913
v -1.333020 0.000008 44.090546
v 4.968587 0.000007 47.592316
v 4.245299 0.000007 48.838264
v -7.822160 0.000009 40.479450
v -15.489863 0.000011 38.898617
v -15.018636 0.000011 38.086861
v -14.306796 0.000011 36.860626
v -40.774349 0.933062 23.296574
v -40.170387 0.556098 22.256176
v -46.604771 1.054139 18.550774
v -46.590679 1.053048 18.558891
v -47.099987 1.632400 19.436226
v -47.113869 1.633935 19.427753
v -41.154293 1.236331 23.951069
v -47.019592 2.033560 20.190845
v -46.717152 1.590076 19.669853
v -7.106298 0.000009 39.246307
v -0.613347 0.000008 42.850830
v 5.158360 0.000007 47.697769
v 5.146020 0.000007 47.690914
v 5.869409 0.000007 46.444794
v 5.881755 0.000007 46.451633
v 6.415158 0.000007 45.100418
v 5.691873 0.000007 46.346367
v -13.594941 0.000010 35.634377
v -39.506390 0.341450 21.112358
v -45.286404 0.430665 16.279724
v -45.272228 0.430194 16.287689
v -45.961437 0.682139 17.474945
v -45.975605 0.682887 17.466957
v -46.202114 1.022972 18.782646
v -45.570774 0.661520 17.695076
v -30.240028 0.000014 19.939329
v -36.730312 0.000015 16.330223
v -41.667568 0.000016 10.045836
v -41.653378 0.000016 10.053786
v -43.204578 0.000016 12.725922
v -43.218792 0.000016 12.718007
v -43.502254 0.050376 14.131806
v -42.812756 0.000016 12.944057
v -23.746132 0.000012 23.542215
v 2.265326 0.000007 37.891960
v 8.051938 0.000006 42.713230
v 8.039571 0.000006 42.706421
v 8.762959 0.000006 41.460297
v 8.775332 0.000006 41.467094
v 10.043156 0.000006 38.850750
v 8.585017 0.000006 41.362579
v -25.976486 0.000013 -2.194549
v -32.027496 0.000014 -5.634858
v -29.264885 0.000014 -10.393791
v -23.155632 0.000012 -7.053809
v -34.431992 0.000015 -1.492823
v 4.559871 0.053839 -40.007725
v 11.058713 0.000006 -36.413357
v 10.355420 0.000006 -35.201851
v 3.861128 0.026001 -38.804054
v 9.652129 0.000006 -33.990345
v 3.162383 0.006506 -37.600380
v 16.138092 0.001214 -30.373798
v 16.845757 0.004840 -31.592827
v 17.553413 0.012245 -32.811859
v 0.932879 0.000008 -33.759792
v 7.428994 0.000007 -30.160727
v 4.276046 0.000007 -24.729391
v -2.261912 0.000009 -28.256372
v -0.118032 0.000008 -17.160061
v -6.690347 0.000009 -20.627857
v 6.453685 0.000007 -13.691236
v 10.812184 0.000006 -21.199272
v 13.922041 0.000006 -26.556379
v -5.361268 0.000009 -8.127948
v -11.922030 0.000010 -11.615645
v 1.199383 0.000008 -4.640058
v 13.168590 0.116092 -40.047874
v 6.626087 0.378377 -43.567028
v 7.209452 0.604873 -44.571945
v 13.778680 0.216795 -41.098831
v 12.465299 0.029028 -38.836372
v 5.949857 0.175305 -42.402145
v 18.968735 0.047458 -35.249928
v 19.676395 0.085226 -36.468952
v 20.384056 0.130544 -37.687977
v 20.377934 0.130152 -37.677429
v 13.865823 0.231179 -41.248947
v 13.871882 0.232179 -41.259384
v 11.762004 0.000006 -37.624863
v 5.258617 0.085366 -41.211395
v 18.261074 0.024791 -34.030888
v 26.898941 0.000003 -19.331833
v 20.412025 0.000004 -22.946749
v 21.908447 0.000004 -25.524517
v 28.382885 0.000003 -21.888103
v 22.620296 0.004839 -26.750759
v 29.098740 0.014173 -23.121243
v 15.430438 0.000005 -29.154768
v 30.530437 0.134027 -25.587524
v 37.012756 0.291297 -21.964705
v 36.293095 0.130028 -20.724989
v 29.814587 0.056683 -24.354385
v 35.573421 0.032508 -19.485275
v 42.580288 0.218704 -17.198406
v 41.856998 0.054676 -15.952459
v 43.303574 0.479018 -18.444353
v 24.043987 0.048964 -29.203245
v 23.332142 0.019343 -27.977001
v -3.331151 0.026002 -41.203888
v -2.637132 0.103981 -42.399422
v -1.943114 0.215333 -43.594948
v -8.730603 0.201449 -45.766586
v -8.041097 0.417184 -46.954346
v -9.420108 0.050369 -44.578831
v 33.382778 0.000002 -15.711624
v 30.409199 0.000002 -10.589279
v 23.878807 0.000004 -14.129296
v 26.164494 0.000003 -3.277261
v 19.595020 0.000005 -6.749973
v 36.747730 0.000001 -7.151113
v 32.541504 0.000002 0.094614
v 39.675571 0.000001 -12.194679
v 17.346455 0.000005 -17.665934
v 13.024732 0.000006 -10.221250
v -13.263180 0.000011 -24.094763
v -8.801647 0.000010 -31.780293
v -5.566297 0.000009 -37.353577
v -14.932969 0.000011 -35.082260
v -11.660201 0.000010 -40.719997
v -19.424938 0.000012 -27.344296
v 20.880135 0.000004 5.825687
v 14.320137 0.000005 2.336671
v 27.248222 0.000003 9.212931
v 7.759868 0.000007 -1.151883
v 39.171764 1.197065 -25.683863
v 32.677986 0.580266 -29.286949
v 33.297787 0.743245 -30.354622
v 39.794521 1.566576 -26.756636
v 38.452099 0.813055 -24.444143
v 31.962128 0.404256 -28.053814
v 45.473438 1.922680 -22.182203
v 44.750145 1.290155 -20.936253
v 46.196724 2.637664 -23.428156
v 46.190372 2.631384 -23.417212
v 39.885136 1.620341 -26.912729
v 39.891438 1.624079 -26.923578
v 26.179527 0.224802 -32.881977
v 20.289864 0.124512 -37.525719
v 26.796234 0.281275 -33.944324
v 25.467678 0.160796 -31.655739
v 33.393841 0.768502 -30.520084
v 33.387600 0.766860 -30.509327
v 26.885189 0.289421 -34.097561
v 26.891376 0.289987 -34.108215
v -0.585095 0.556091 -45.934299
v 0.018870 0.933054 -46.974705
v 7.294815 0.638015 -44.718994
v 7.289267 0.635861 -44.709435
v 0.588666 1.387861 -47.956245
v 0.592818 1.391175 -47.963398
v -6.205213 1.590069 -50.116882
v -5.785661 2.205269 -50.839607
v 0.528945 1.340193 -47.853371
v -6.720244 1.022965 -49.229675
v 37.732426 0.515053 -23.204424
v 31.246281 0.252697 -26.820667
v 44.026859 0.822551 -19.690298
v 24.755833 0.099149 -30.429491
v -1.249095 0.341443 -44.790482
v -7.351592 0.661513 -48.142101
v -4.025168 0.000009 -40.008358
v 2.463640 0.000008 -36.396709
v -10.109612 0.000010 -43.391079
v 8.948836 0.000007 -32.778839
v 34.853752 0.000002 -18.245550
v 41.133717 0.000000 -14.706507
v -24.633141 0.000013 -18.372538
v -18.482853 0.000012 -15.103241
v -19.836273 0.000012 -27.561220
v -19.821877 0.000012 -27.553627
v -25.029339 0.000013 -18.583145
v -25.043709 0.000013 -18.590784
v -35.071198 0.638023 28.261610
v -28.669174 0.232186 32.022751
v -22.202255 0.058055 35.672112
v 22.463928 0.000004 17.886826
v -9.253842 0.000010 42.945724
v -2.772357 0.000008 46.569984
v 3.699237 0.025007 50.183174
v 3.699237 0.000007 50.183174
v 3.711562 0.000007 50.190056
v 3.711562 0.025007 50.190056
v 3.956075 0.025007 49.768845
v -15.730477 0.000011 39.313103
v -47.105434 1.654840 19.416946
v -47.164852 2.280383 20.445763
v -47.174023 2.260005 20.456875
v -41.348293 1.391183 24.285259
v -47.557613 2.309911 20.192154
v -47.562923 2.318004 20.201305
v -29.672714 0.000014 -10.616756
v -32.431438 0.000014 -5.864520
v 42.046230 0.055344 -15.846066
v 42.769627 0.221375 -17.092205
v 43.493023 0.484671 -18.338337
v -8.448173 0.430659 -47.178608
v -9.137380 0.207955 -45.991367
v -9.826583 0.051996 -44.804131
v 32.733547 0.000002 0.196160
v 36.938610 0.000001 -7.047572
v 39.865078 0.000001 -12.088767
v -12.067007 0.000010 -40.944725
v -15.342272 0.000011 -35.302685
v 27.439999 0.000003 9.314939
v 44.939816 1.304522 -20.830612
v 45.663212 1.944531 -22.076752
v 46.372158 2.684026 -23.303768
v 46.380253 2.661831 -23.311947
v 46.386608 2.668188 -23.322891
v 46.378506 2.690378 -23.314707
v 46.188686 2.659900 -23.420061
v 0.590875 1.414315 -47.954136
v -6.211925 2.284187 -51.025208
v -6.207198 2.263842 -51.038956
v -6.620708 1.633928 -50.326637
v -6.156833 2.315967 -51.093327
v -6.171647 2.317997 -51.100197
v -7.129804 1.054132 -49.449657
v 44.216415 0.831811 -19.584473
v -7.758971 0.682880 -48.365841
v -10.515785 0.000010 -43.616894
v 41.322834 0.000000 -14.599927
v -47.091549 1.653311 19.425430
v -47.159458 2.272465 20.436457
v -29.264885 0.025014 -10.393791
v -32.027496 0.025014 -5.634858
v -8.042556 0.441846 -46.950546
v -8.731959 0.226235 -45.763645
v -9.420932 0.075304 -44.577236
v -11.660201 0.025010 -40.719997
v -14.932969 0.025011 -35.082260
v -5.790206 2.225793 -50.826153
v -6.209798 1.611115 -50.104267
v -6.723565 1.046059 -49.220741
v -7.353438 0.685866 -48.136795
v -10.109830 0.025006 -43.390678
v -47.549313 2.315974 20.210247
v -47.543995 2.307887 20.201088
v -47.168621 2.252080 20.447563
v -32.417301 0.000014 -5.856480
v -29.658443 0.000014 -10.608952
v -9.123141 0.207728 -45.983498
v -8.433927 0.430187 -47.170753
v -9.812358 0.051939 -44.796242
v -15.327947 0.000011 -35.294968
v -12.052768 0.000010 -40.936863
v -6.606166 1.632393 -50.319298
v -6.192445 2.261792 -51.031982
v -7.115468 1.053041 -49.441959
v -7.744710 0.682132 -48.358013
v -10.501569 0.000010 -43.608994
v -5.748338 2.259998 -50.903900
v -5.752982 2.280326 -50.890198
v -34.841454 0.574794 27.869179
v -28.429821 0.217861 31.611973
v -21.962551 0.073239 35.259804
v -9.011879 0.025010 42.528912
v -2.529101 0.025008 46.150940
v 3.943748 0.025007 49.761971
v -15.489787 0.025011 38.898659
v -47.010719 2.054170 20.179943
v -47.388416 2.105356 19.937424
v -41.147709 1.259595 23.944717
v -28.660854 0.230813 32.008423
v -35.063290 0.634951 28.247984
v -22.193882 0.057712 35.657688
v -2.763843 0.000008 46.555313
v -9.245372 0.000010 42.931137
v 3.720119 0.000007 50.175312
v 3.707795 0.000007 50.168434
v -15.722054 0.000011 39.298592
v -41.341503 1.385763 24.273560
v 3.720119 0.025007 50.175312
v -47.411140 2.086780 19.939838
v -47.402111 2.107212 19.928625
v -47.397434 2.084917 19.948624
v 22.273403 0.025004 17.782661
v 3.707795 0.025007 50.168434
v 4.245297 0.025007 48.838264
v 41.855957 0.079609 -15.950953
v 42.578167 0.243448 -17.195541
v 43.300426 0.503498 -18.440388
v 32.541508 0.025002 0.094616
v 36.747726 0.025001 -7.151115
v 39.675571 0.025001 -12.194681
v 27.248222 0.025003 9.212931
v 44.744297 1.313532 -20.929619
v 45.466129 1.945317 -22.174534
v 46.182343 2.653625 -23.409122
v 44.022541 0.846632 -19.685167
v 41.133465 0.024996 -14.706127
v 22.451542 0.000004 17.880054
v 3.766484 0.000007 49.663071
v 42.757317 0.221201 -17.099108
v 42.033932 0.055300 -15.852987
v 43.480701 0.484304 -18.345230
v 36.926201 0.000001 -7.054304
v 32.721062 0.000002 0.189558
v 39.852757 0.000001 -12.095654
v 27.427532 0.000003 9.308308
v 45.650871 1.943111 -22.083607
v 44.927479 1.303588 -20.837479
v 46.374260 2.666204 -23.329731
v 46.367908 2.659852 -23.318787
v 44.204090 0.831209 -19.591354
v 41.310539 0.000000 -14.606857
v 3.522006 0.000007 50.084225
v 46.366169 2.688397 -23.321556
v 3.766484 0.025007 49.663071
v 3.530562 0.000007 50.069485
v 39.788776 1.590369 -26.751560
v 46.359821 2.682050 -23.310614
v 0.586728 1.411006 -47.946995
v -6.197164 2.282144 -51.018242
v 46.098988 2.541048 -23.259787
v -5.750764 2.256440 -50.899723
v 46.288845 2.570390 -23.154480
v -6.173959 2.314477 -51.096214
v -5.755403 2.276781 -50.886032
v -6.159148 2.312445 -51.089340
v 46.091076 2.563364 -23.251797
v 46.276501 2.568483 -23.161325
vt 0.847845 0.864544
vt 0.886550 0.864544
vt 0.886550 0.871899
vt 0.847845 0.871899
vt 0.809152 0.864544
vt 0.809152 0.871899
vt 0.809152 0.857200
vt 0.847845 0.857200
vt 0.886550 0.857200
vt 0.847845 0.802016
vt 0.886550 0.802016
vt 0.886550 0.834235
vt 0.847845 0.834235
vt 0.809152 0.802016
vt 0.809152 0.834235
vt 0.809152 0.766162
vt 0.847845 0.766162
vt 0.886550 0.766162
vt 0.847845 0.739627
vt 0.886550 0.739627
vt 0.809152 0.739627
vt 0.809152 0.708428
vt 0.847845 0.708428
vt 0.886550 0.708428
vt 0.847845 0.900512
vt 0.847845 0.900429
vt 0.886550 0.900429
vt 0.886550 0.900512
vt 0.809152 0.900512
vt 0.809152 0.900429
vt 0.847845 0.893530
vt 0.809152 0.893530
vt 0.809152 0.886491
vt 0.847845 0.886491
vt 0.886550 0.893530
vt 0.886550 0.886491
vt 0.847845 0.879258
vt 0.886550 0.879258
vt 0.809152 0.879258
vt 0.770458 0.849865
vt 0.731757 0.849865
vt 0.731757 0.834235
vt 0.770458 0.834235
vt 0.809152 0.849865
vt 0.770458 0.857200
vt 0.731757 0.857200
vt 0.693034 0.864544
vt 0.731757 0.864544
vt 0.731757 0.871899
vt 0.693034 0.871899
vt 0.655430 0.871899
vt 0.655430 0.864544
vt 0.654372 0.857200
vt 0.654372 0.864544
vt 0.654298 0.864544
vt 0.654298 0.857200
vt 0.693034 0.857200
vt 0.770458 0.864544
vt 0.770458 0.871899
vt 0.925300 0.864544
vt 0.925300 0.857200
vt 0.961659 0.857200
vt 0.961659 0.864544
vt 0.964002 0.871899
vt 0.964002 0.864544
vt 0.964087 0.864544
vt 0.964087 0.871899
vt 0.925300 0.871899
vt 0.693034 0.802016
vt 0.731757 0.802016
vt 0.693034 0.834235
vt 0.655430 0.834235
vt 0.655430 0.802016
vt 0.654372 0.766162
vt 0.654372 0.802016
vt 0.654298 0.802016
vt 0.654298 0.766162
vt 0.693034 0.766162
vt 0.731757 0.766162
vt 0.770458 0.802016
vt 0.770458 0.766162
vt 0.925300 0.802016
vt 0.925300 0.766162
vt 0.961659 0.766162
vt 0.961659 0.802016
vt 0.964002 0.834235
vt 0.964002 0.802016
vt 0.964087 0.802016
vt 0.964087 0.834235
vt 0.925300 0.834235
vt 0.693034 0.739627
vt 0.731757 0.739627
vt 0.655430 0.766162
vt 0.655430 0.739627
vt 0.654372 0.708428
vt 0.654372 0.739627
vt 0.654298 0.739627
vt 0.654298 0.708428
vt 0.693034 0.708428
vt 0.731757 0.708428
vt 0.770458 0.739627
vt 0.770458 0.708428
vt 0.693034 0.900512
vt 0.693034 0.900429
vt 0.731757 0.900429
vt 0.731757 0.900512
vt 0.655430 0.900512
vt 0.655430 0.900429
vt 0.654372 0.886491
vt 0.654372 0.893530
vt 0.654298 0.893530
vt 0.654298 0.886491
vt 0.731757 0.893530
vt 0.693034 0.893530
vt 0.693034 0.886491
vt 0.731757 0.886491
vt 0.770458 0.900512
vt 0.770458 0.900429
vt 0.770458 0.893530
vt 0.770458 0.886491
vt 0.925300 0.893530
vt 0.925300 0.886491
vt 0.961659 0.886491
vt 0.961659 0.893530
vt 0.964002 0.900512
vt 0.964002 0.900429
vt 0.964087 0.900429
vt 0.964087 0.900512
vt 0.925300 0.900429
vt 0.925300 0.900512
vt 0.693034 0.879258
vt 0.731757 0.879258
vt 0.655430 0.886491
vt 0.655430 0.879258
vt 0.654372 0.871899
vt 0.654372 0.879258
vt 0.654298 0.879258
vt 0.654298 0.871899
vt 0.770458 0.879258
vt 0.925300 0.879258
vt 0.961659 0.871899
vt 0.961659 0.879258
vt 0.964002 0.886491
vt 0.964002 0.879258
vt 0.964087 0.879258
vt 0.964087 0.886491
vt 0.925300 0.849865
vt 0.886550 0.849865
vt 0.961659 0.834235
vt 0.961659 0.849865
vt 0.964002 0.857200
vt 0.964002 0.849865
vt 0.964087 0.849865
vt 0.964087 0.857200
vt 0.847845 0.849865
vt 0.693034 0.849865
vt 0.655430 0.857200
vt 0.655430 0.849865
vt 0.654372 0.834235
vt 0.654372 0.849865
vt 0.654298 0.849865
vt 0.654298 0.834235
vt 0.964087 0.739627
vt 0.964002 0.739627
vt 0.964002 0.708428
vt 0.964087 0.708428
vt 0.964087 0.766162
vt 0.964002 0.766162
vt 0.925300 0.739627
vt 0.925300 0.708428
vt 0.847845 0.496364
vt 0.847845 0.488982
vt 0.886550 0.488982
vt 0.886550 0.496364
vt 0.847845 0.503717
vt 0.886550 0.503717
vt 0.809152 0.503717
vt 0.809152 0.496364
vt 0.809152 0.488982
vt 0.847845 0.558899
vt 0.847845 0.526681
vt 0.886550 0.526681
vt 0.886550 0.558899
vt 0.847845 0.604076
vt 0.886550 0.604076
vt 0.809152 0.604076
vt 0.809152 0.558899
vt 0.809152 0.526681
vt 0.847845 0.658582
vt 0.886550 0.658582
vt 0.809152 0.658582
vt 0.886550 0.459904
vt 0.847845 0.459904
vt 0.847845 0.459847
vt 0.886550 0.459847
vt 0.847845 0.474246
vt 0.847845 0.467040
vt 0.886550 0.467040
vt 0.886550 0.474246
vt 0.809152 0.474246
vt 0.809152 0.467040
vt 0.809152 0.460730
vt 0.847845 0.460730
vt 0.847845 0.481572
vt 0.886550 0.481572
vt 0.809152 0.481572
vt 0.770458 0.511052
vt 0.770458 0.526681
vt 0.731757 0.526681
vt 0.731757 0.511052
vt 0.770458 0.503717
vt 0.731757 0.503717
vt 0.809152 0.511052
vt 0.693034 0.496364
vt 0.693034 0.488982
vt 0.731757 0.488982
vt 0.731757 0.496364
vt 0.693034 0.503717
vt 0.654298 0.496364
vt 0.654372 0.496364
vt 0.654372 0.503717
vt 0.654298 0.503717
vt 0.654298 0.488982
vt 0.654372 0.488982
vt 0.770458 0.496364
vt 0.770458 0.488982
vt 0.925300 0.496364
vt 0.925300 0.503717
vt 0.925300 0.488982
vt 0.964087 0.496364
vt 0.964002 0.496364
vt 0.964002 0.488982
vt 0.964087 0.488982
vt 0.964087 0.503717
vt 0.964002 0.503717
vt 0.693034 0.558899
vt 0.693034 0.526681
vt 0.731757 0.558899
vt 0.693034 0.604076
vt 0.731757 0.604076
vt 0.654298 0.558899
vt 0.654372 0.558899
vt 0.654372 0.604076
vt 0.654298 0.604076
vt 0.654298 0.526681
vt 0.654372 0.526681
vt 0.770458 0.558899
vt 0.770458 0.604076
vt 0.925300 0.558899
vt 0.925300 0.604076
vt 0.925300 0.526681
vt 0.964087 0.558899
vt 0.964002 0.558899
vt 0.964002 0.526681
vt 0.964087 0.526681
vt 0.964087 0.604076
vt 0.964002 0.604076
vt 0.693034 0.658582
vt 0.731757 0.658582
vt 0.654298 0.658582
vt 0.654372 0.658582
vt 0.770458 0.658582
vt 0.731757 0.459904
vt 0.693034 0.459904
vt 0.693034 0.459847
vt 0.731757 0.459847
vt 0.693034 0.474246
vt 0.693034 0.467040
vt 0.731757 0.467040
vt 0.731757 0.474246
vt 0.654298 0.467040
vt 0.654372 0.467040
vt 0.654372 0.474246
vt 0.654298 0.474246
vt 0.654298 0.460730
vt 0.654372 0.460730
vt 0.809152 0.459904
vt 0.770458 0.459904
vt 0.770458 0.459847
vt 0.809152 0.459847
vt 0.770458 0.474246
vt 0.770458 0.467040
vt 0.731757 0.460730
vt 0.770458 0.460730
vt 0.925300 0.467040
vt 0.925300 0.474246
vt 0.886550 0.460730
vt 0.925300 0.460730
vt 0.964002 0.459904
vt 0.964002 0.459847
vt 0.964087 0.459847
vt 0.964087 0.459904
vt 0.964087 0.474246
vt 0.964002 0.474246
vt 0.964002 0.467040
vt 0.964087 0.467040
vt 0.693034 0.481572
vt 0.731757 0.481572
vt 0.654298 0.481572
vt 0.654372 0.481572
vt 0.770458 0.481572
vt 0.925300 0.481572
vt 0.964087 0.481572
vt 0.964002 0.481572
vt 0.925300 0.511052
vt 0.886550 0.511052
vt 0.964087 0.511052
vt 0.964002 0.511052
vt 0.847845 0.511052
vt 0.693034 0.511052
vt 0.654298 0.511052
vt 0.654372 0.511052
vt 0.964002 0.658582
vt 0.964087 0.658582
vt 0.925300 0.658582
vt 0.961659 0.604076
vt 0.961659 0.658582
vt 0.886549 0.038630
vt 0.886549 0.045986
vt 0.847843 0.045986
vt 0.847843 0.038630
vt 0.809150 0.045986
vt 0.809150 0.038630
vt 0.809150 0.053332
vt 0.847843 0.053332
vt 0.886549 0.053332
vt 0.886549 0.076298
vt 0.886549 0.108516
vt 0.847843 0.108516
vt 0.847843 0.076298
vt 0.809150 0.108516
vt 0.809150 0.076298
vt 0.809150 0.144369
vt 0.847843 0.144369
vt 0.886549 0.144369
vt 0.886549 0.170903
vt 0.847843 0.170903
vt 0.809150 0.170903
vt 0.809150 0.202101
vt 0.847843 0.202101
vt 0.886549 0.202101
vt 0.847843 0.012360
vt 0.886549 0.012360
vt 0.886549 0.016983
vt 0.847843 0.016983
vt 0.809150 0.012360
vt 0.809150 0.016983
vt 0.809150 0.024029
vt 0.847843 0.024029
vt 0.886549 0.024029
vt 0.886549 0.031268
vt 0.847843 0.031268
vt 0.809150 0.031268
vt 0.731755 0.076298
vt 0.731755 0.060668
vt 0.770457 0.060668
vt 0.770457 0.076298
vt 0.809150 0.060668
vt 0.770457 0.053332
vt 0.731755 0.053332
vt 0.731755 0.038630
vt 0.731755 0.045986
vt 0.693034 0.045986
vt 0.693034 0.038630
vt 0.654298 0.038630
vt 0.654372 0.038630
vt 0.654372 0.045986
vt 0.654298 0.045986
vt 0.693034 0.053332
vt 0.655430 0.053332
vt 0.655430 0.045986
vt 0.770457 0.045986
vt 0.770457 0.038630
vt 0.925299 0.045986
vt 0.925299 0.053332
vt 0.964083 0.053332
vt 0.963998 0.053332
vt 0.963998 0.045986
vt 0.964083 0.045986
vt 0.925299 0.038630
vt 0.961656 0.038630
vt 0.961656 0.045986
vt 0.731755 0.108516
vt 0.693034 0.108516
vt 0.693034 0.076298
vt 0.654298 0.076298
vt 0.654372 0.076298
vt 0.654372 0.108516
vt 0.654298 0.108516
vt 0.693034 0.144369
vt 0.655430 0.144369
vt 0.655430 0.108516
vt 0.731755 0.144369
vt 0.770457 0.108516
vt 0.770457 0.144369
vt 0.925299 0.108516
vt 0.925299 0.144369
vt 0.964083 0.144369
vt 0.963998 0.144369
vt 0.963998 0.108516
vt 0.964083 0.108516
vt 0.925299 0.076298
vt 0.961656 0.076298
vt 0.961656 0.108516
vt 0.731755 0.170903
vt 0.693034 0.170903
vt 0.654298 0.144369
vt 0.654372 0.144369
vt 0.654372 0.170903
vt 0.654298 0.170903
vt 0.693034 0.202101
vt 0.655430 0.202101
vt 0.655430 0.170903
vt 0.731755 0.202101
vt 0.770457 0.170903
vt 0.770457 0.202101
vt 0.693034 0.012360
vt 0.731755 0.012360
vt 0.731755 0.016983
vt 0.693034 0.016983
vt 0.654298 0.012360
vt 0.654372 0.012360
vt 0.654372 0.016983
vt 0.654298 0.016983
vt 0.693034 0.024029
vt 0.655430 0.024029
vt 0.655430 0.016983
vt 0.731755 0.024029
vt 0.770457 0.012360
vt 0.770457 0.016983
vt 0.770457 0.024029
vt 0.925299 0.016983
vt 0.925299 0.024029
vt 0.964083 0.024029
vt 0.963998 0.024029
vt 0.963998 0.016983
vt 0.964083 0.016983
vt 0.925299 0.012360
vt 0.961656 0.012360
vt 0.961656 0.016983
vt 0.731755 0.031268
vt 0.693034 0.031268
vt 0.654298 0.024029
vt 0.654372 0.024029
vt 0.654372 0.031268
vt 0.654298 0.031268
vt 0.655430 0.038630
vt 0.655430 0.031268
vt 0.770457 0.031268
vt 0.925299 0.031268
vt 0.964083 0.038630
vt 0.963998 0.038630
vt 0.963998 0.031268
vt 0.964083 0.031268
vt 0.961656 0.024029
vt 0.961656 0.031268
vt 0.886549 0.060668
vt 0.925299 0.060668
vt 0.964083 0.076298
vt 0.963998 0.076298
vt 0.963998 0.060668
vt 0.964083 0.060668
vt 0.961656 0.053332
vt 0.961656 0.060668
vt 0.847843 0.060668
vt 0.693034 0.060668
vt 0.654298 0.053332
vt 0.654372 0.053332
vt 0.654372 0.060668
vt 0.654298 0.060668
vt 0.655430 0.076298
vt 0.655430 0.060668
vt 0.925299 0.170903
vt 0.961656 0.170903
vt 0.961656 0.202101
vt 0.925299 0.202101
vt 0.961656 0.144369
vt 0.886549 0.421554
vt 0.847843 0.421554
vt 0.847843 0.414168
vt 0.886549 0.414168
vt 0.847843 0.406810
vt 0.886549 0.406810
vt 0.809150 0.406810
vt 0.809150 0.414168
vt 0.809150 0.421554
vt 0.886549 0.383842
vt 0.847843 0.383842
vt 0.847843 0.351625
vt 0.886549 0.351625
vt 0.847843 0.306449
vt 0.886549 0.306449
vt 0.809150 0.306449
vt 0.809150 0.351625
vt 0.809150 0.383842
vt 0.847843 0.251945
vt 0.886549 0.251945
vt 0.809150 0.251945
vt 0.847843 0.443520
vt 0.886549 0.443520
vt 0.886549 0.449832
vt 0.847843 0.449832
vt 0.847843 0.436305
vt 0.886549 0.436305
vt 0.809150 0.436305
vt 0.809150 0.443520
vt 0.809150 0.450716
vt 0.809150 0.450658
vt 0.847843 0.450658
vt 0.847843 0.450716
vt 0.847843 0.428969
vt 0.886549 0.428969
vt 0.809150 0.428969
vt 0.731755 0.383842
vt 0.770457 0.383842
vt 0.770457 0.399472
vt 0.731755 0.399472
vt 0.770457 0.406810
vt 0.731755 0.406810
vt 0.809150 0.399472
vt 0.731755 0.421554
vt 0.693034 0.421554
vt 0.693034 0.414168
vt 0.731755 0.414168
vt 0.693034 0.406810
vt 0.655430 0.414168
vt 0.655430 0.406810
vt 0.655430 0.421554
vt 0.770457 0.421554
vt 0.770457 0.414168
vt 0.925299 0.406810
vt 0.925299 0.414168
vt 0.925299 0.421554
vt 0.961656 0.414168
vt 0.961656 0.421554
vt 0.961656 0.406810
vt 0.693034 0.383842
vt 0.693034 0.351625
vt 0.731755 0.351625
vt 0.693034 0.306449
vt 0.731755 0.306449
vt 0.655430 0.351625
vt 0.655430 0.306449
vt 0.655430 0.383842
vt 0.770457 0.351625
vt 0.770457 0.306449
vt 0.925299 0.306449
vt 0.925299 0.351625
vt 0.925299 0.383842
vt 0.961656 0.351625
vt 0.961656 0.383842
vt 0.961656 0.306449
vt 0.693034 0.251945
vt 0.731755 0.251945
vt 0.655430 0.251945
vt 0.770457 0.251945
vt 0.693034 0.443520
vt 0.731755 0.443520
vt 0.731755 0.449832
vt 0.693034 0.449832
vt 0.693034 0.436305
vt 0.731755 0.436305
vt 0.655430 0.443520
vt 0.655430 0.436305
vt 0.655430 0.450716
vt 0.655430 0.450658
vt 0.693034 0.450658
vt 0.693034 0.450716
vt 0.770457 0.443520
vt 0.809150 0.449832
vt 0.770457 0.449832
vt 0.770457 0.436305
vt 0.731755 0.450716
vt 0.731755 0.450658
vt 0.770457 0.450658
vt 0.770457 0.450716
vt 0.925299 0.436305
vt 0.925299 0.443520
vt 0.886549 0.450716
vt 0.886549 0.450658
vt 0.925299 0.450658
vt 0.925299 0.450716
vt 0.961656 0.443520
vt 0.961656 0.449832
vt 0.925299 0.449832
vt 0.961656 0.436305
vt 0.693034 0.428969
vt 0.731755 0.428969
vt 0.655430 0.428969
vt 0.770457 0.428969
vt 0.925299 0.428969
vt 0.961656 0.428969
vt 0.925299 0.399472
vt 0.886549 0.399472
vt 0.961656 0.399472
vt 0.847843 0.399472
vt 0.693034 0.399472
vt 0.655430 0.399472
vt 0.961656 0.251945
vt 0.925299 0.251945
vt 0.964083 0.306449
vt 0.963998 0.306449
vt 0.963998 0.251945
vt 0.964083 0.251945
vt 0.050269 0.770922
vt 0.050269 0.732167
vt 0.050399 0.732167
vt 0.050399 0.770922
vt 0.050269 0.693454
vt 0.050399 0.693454
vt 0.010130 0.568664
vt 0.010130 0.576171
vt 0.010000 0.576171
vt 0.010000 0.568664
vt 0.010130 0.583678
vt 0.010000 0.583678
vt 0.023553 0.932769
vt 0.023553 0.939964
vt 0.023423 0.939964
vt 0.023423 0.932769
vt 0.023553 0.947208
vt 0.023423 0.947208
vt 0.010130 0.606313
vt 0.010130 0.636683
vt 0.010000 0.636683
vt 0.010000 0.606313
vt 0.010130 0.671378
vt 0.010000 0.671378
vt 0.023553 0.838595
vt 0.023553 0.875529
vt 0.023423 0.875529
vt 0.023423 0.838595
vt 0.023553 0.909519
vt 0.023423 0.909519
vt 0.010130 0.699484
vt 0.010000 0.699484
vt 0.010130 0.733238
vt 0.010000 0.733238
vt 0.050269 0.616046
vt 0.050269 0.577341
vt 0.050399 0.577341
vt 0.050399 0.616046
vt 0.050399 0.538709
vt 0.050269 0.538709
vt 0.050269 0.538636
vt 0.050399 0.538636
vt 0.010000 0.541174
vt 0.010130 0.541174
vt 0.010130 0.546143
vt 0.010000 0.546143
vt 0.010130 0.553650
vt 0.010000 0.553650
vt 0.050269 0.654750
vt 0.050399 0.654750
vt 0.023553 0.961275
vt 0.023553 0.967350
vt 0.023423 0.967350
vt 0.023423 0.961275
vt 0.050399 0.846463
vt 0.050269 0.846463
vt 0.050269 0.809848
vt 0.050399 0.809848
vt 0.023423 0.973144
vt 0.023553 0.973144
vt 0.023553 0.973213
vt 0.023423 0.973213
vt 0.010130 0.561157
vt 0.010000 0.561157
vt 0.023553 0.954476
vt 0.023423 0.954476
vt 0.023553 0.925616
vt 0.023423 0.925616
vt 0.010130 0.591185
vt 0.010000 0.591185
vt 0.023553 0.785038
vt 0.023553 0.813668
vt 0.023423 0.813668
vt 0.023423 0.785038
vt 0.036976 0.732951
vt 0.036976 0.771749
vt 0.036846 0.771749
vt 0.036846 0.732951
vt 0.036976 0.694228
vt 0.036846 0.694228
vt 0.010130 0.936454
vt 0.010130 0.944006
vt 0.010000 0.944006
vt 0.010000 0.936454
vt 0.010130 0.951633
vt 0.010000 0.951633
vt 0.023553 0.564641
vt 0.023553 0.571885
vt 0.023423 0.571885
vt 0.023423 0.564641
vt 0.023553 0.579079
vt 0.023423 0.579079
vt 0.010130 0.839811
vt 0.010130 0.883449
vt 0.010000 0.883449
vt 0.010000 0.839811
vt 0.010130 0.913818
vt 0.010000 0.913818
vt 0.023553 0.602330
vt 0.023553 0.636320
vt 0.023423 0.636320
vt 0.023423 0.602330
vt 0.023553 0.682958
vt 0.023423 0.682958
vt 0.010130 0.784877
vt 0.010000 0.784877
vt 0.036976 0.577732
vt 0.036976 0.616704
vt 0.036846 0.616704
vt 0.036846 0.577732
vt 0.010130 0.967246
vt 0.010130 0.975455
vt 0.010000 0.975455
vt 0.010000 0.967246
vt 0.010000 0.983780
vt 0.010130 0.983780
vt 0.010130 0.983854
vt 0.010000 0.983854
vt 0.036846 0.539779
vt 0.036976 0.539779
vt 0.036976 0.655501
vt 0.036846 0.655501
vt 0.036976 0.810765
vt 0.036846 0.810765
vt 0.023423 0.539099
vt 0.023553 0.539099
vt 0.023553 0.544499
vt 0.023423 0.544499
vt 0.036846 0.849852
vt 0.036976 0.849852
vt 0.036976 0.849938
vt 0.036846 0.849938
vt 0.023553 0.550574
vt 0.023423 0.550574
vt 0.010130 0.959351
vt 0.010000 0.959351
vt 0.023553 0.557373
vt 0.023423 0.557373
vt 0.023553 0.586233
vt 0.023423 0.586233
vt 0.010130 0.928945
vt 0.010000 0.928945
vt 0.023553 0.737000
vt 0.023423 0.737000
vt 0.964002 0.893530
vt 0.961659 0.900429
vt 0.961659 0.900512
vt 0.961659 0.708428
vt 0.961659 0.739627
vt 0.961659 0.488982
vt 0.961659 0.496364
vt 0.961659 0.503717
vt 0.961659 0.526681
vt 0.961659 0.558899
vt 0.961659 0.460730
vt 0.961659 0.467040
vt 0.961659 0.474246
vt 0.961659 0.481572
vt 0.961659 0.511052
vt 0.963998 0.010000
vt 0.963998 0.010083
vt 0.961656 0.010083
vt 0.961656 0.010000
vt 0.963998 0.170903
vt 0.963998 0.202101
vt 0.963998 0.414168
vt 0.963998 0.421554
vt 0.963998 0.406810
vt 0.963998 0.351625
vt 0.963998 0.383842
vt 0.963998 0.443520
vt 0.963998 0.449832
vt 0.963998 0.436305
vt 0.963998 0.428969
vt 0.963998 0.399472
vt 0.050399 0.848822
vt 0.050269 0.848822
vt 0.036976 0.847486
vt 0.036846 0.847486
vt 0.886550 0.898152
vt 0.847845 0.898152
vt 0.809152 0.898152
vt 0.731757 0.898152
vt 0.693034 0.898152
vt 0.654372 0.898152
vt 0.654298 0.898152
vt 0.770458 0.898152
vt 0.961659 0.898152
vt 0.964002 0.898152
vt 0.925300 0.898152
vt 0.847843 0.010083
vt 0.886549 0.010083
vt 0.809150 0.010083
vt 0.693034 0.010083
vt 0.731755 0.010083
vt 0.654298 0.010083
vt 0.654372 0.010083
vt 0.770457 0.010083
vt 0.925299 0.010083
vt 0.010000 0.538725
vt 0.010130 0.538725
vt 0.023553 0.971231
vt 0.023423 0.971231
vt 0.963998 0.012360
vt 0.964083 0.012360
vt 0.655430 0.708428
vt 0.654372 0.900512
vt 0.654372 0.900429
vt 0.655430 0.893530
vt 0.655430 0.503717
vt 0.655430 0.496364
vt 0.655430 0.488982
vt 0.655430 0.604076
vt 0.655430 0.558899
vt 0.655430 0.526681
vt 0.655430 0.658582
vt 0.655430 0.474246
vt 0.655430 0.467040
vt 0.655430 0.459904
vt 0.655430 0.459847
vt 0.655430 0.481572
vt 0.655430 0.511052
vt 0.654372 0.202101
vt 0.655430 0.012360
vt 0.654372 0.414168
vt 0.654372 0.406810
vt 0.654372 0.421554
vt 0.654372 0.351625
vt 0.654372 0.306449
vt 0.654372 0.383842
vt 0.654372 0.251945
vt 0.654372 0.443520
vt 0.654372 0.436305
vt 0.654372 0.450716
vt 0.654372 0.450658
vt 0.654372 0.428969
vt 0.654372 0.399472
vt 0.050269 0.539768
vt 0.050399 0.539768
vt 0.036846 0.538710
vt 0.036976 0.538710
vt 0.655430 0.898152
vt 0.693034 0.010000
vt 0.655430 0.010083
vt 0.655430 0.010000
vt 0.693034 0.460730
vt 0.654298 0.459904
vt 0.654372 0.459904
vt 0.925300 0.459904
vt 0.964002 0.460730
vt 0.964087 0.460730
vt 0.655430 0.449832
vt 0.961656 0.450658
vt 0.010130 0.982719
vt 0.010000 0.982719
vt 0.023423 0.538666
vt 0.023553 0.538666
vt 0.961659 0.459904
vt 0.964083 0.450658
vt 0.963998 0.450658
vt 0.964083 0.449832
vt 0.655430 0.460730
vt 0.654298 0.443520
vt 0.654372 0.449832
vt 0.654298 0.449832
vt 0.654298 0.450658
vt 0.654298 0.459847
vt 0.654372 0.459847
vt 0.925300 0.459847
vt 0.961656 0.450716
vt 0.023423 0.538636
vt 0.023553 0.538636
vt 0.961659 0.459847
vt 0.963998 0.450716
vt 0.964083 0.450716
vt 0.654372 0.010000
vt 0.654298 0.900512
vt 0.654298 0.900429
vt 0.654298 0.202101
vt 0.654298 0.414168
vt 0.654298 0.406810
vt 0.654298 0.421554
vt 0.654298 0.351625
vt 0.654298 0.306449
vt 0.654298 0.383842
vt 0.654298 0.251945
vt 0.654298 0.436305
vt 0.654298 0.450716
vt 0.654298 0.428969
vt 0.654298 0.399472
vt 0.036846 0.538636
vt 0.036976 0.538636
vt 0.964083 0.010083
vt 0.847843 0.010000
vt 0.886549 0.010000
vt 0.809150 0.010000
vt 0.731755 0.010000
vt 0.654298 0.010000
vt 0.770457 0.010000
vt 0.925299 0.010000
vt 0.010000 0.538636
vt 0.010130 0.538636
vt 0.964087 0.893530
vt 0.964083 0.010000
vt 0.964083 0.170903
vt 0.964083 0.202101
vt 0.964083 0.414168
vt 0.964083 0.421554
vt 0.964083 0.406810
vt 0.964083 0.351625
vt 0.964083 0.383842
vt 0.964083 0.443520
vt 0.964083 0.436305
vt 0.964083 0.428969
vt 0.964083 0.399472
vt 0.050399 0.848908
vt 0.050269 0.848908
vt 0.964087 0.898152
vn 0.001514 0.999999 0.000879
vn 0.014346 0.999833 -0.011331
vn 0.022955 0.999672 -0.011324
vn 0.003134 0.999994 0.001820
vn 0.000000 1.000000 0.000000
vn 0.001514 0.999999 0.000879
vn 0.003134 0.999994 0.001820
vn 0.000000 1.000000 0.000000
vn 0.001514 0.999999 0.000879
vn 0.000000 1.000000 0.000000
vn 0.000000 1.000000 0.000000
vn 0.000379 1.000000 0.000220
vn 0.014346 0.999833 -0.011331
vn 0.001514 0.999999 0.000879
vn 0.000379 1.000000 0.000220
vn 0.006059 0.999955 -0.007281
vn 0.000000 1.000000 0.000000
vn 0.000000 1.000000 0.000000
vn 0.000000 1.000000 0.000000
vn 0.000000 1.000000 0.000000
vn 0.000000 1.000000 0.000000
vn 0.000000 1.000000 0.000000
vn 0.000000 1.000000 0.000000
vn 0.000000 1.000000 0.000000
vn 0.000000 1.000000 0.000000
vn 0.000000 1.000000 0.000000
vn 0.000000 1.000000 0.000000
vn 0.000000 1.000000 0.000000
vn 0.000000 1.000000 0.000000
vn 0.000000 1.000000 0.000000
vn 0.000000 1.000000 0.000000
vn 0.000000 1.000000 0.000000
vn 0.000000 1.000000 0.000000
vn 0.000000 1.000000 0.000000
vn 0.000000 1.000000 0.000000
vn 0.000000 1.000000 0.000000
vn 0.000000 1.000000 0.000000
vn 0.000000 1.000000 0.000000
vn 0.000000 1.000000 0.000000
vn 0.000000 1.000000 0.000000
vn 0.000000 1.000000 0.000000
vn 0.000000 1.000000 0.000000
vn 0.000000 1.000000 0.000000
vn 0.000000 1.000000 0.000000
vn 0.000000 1.000000 0.000000
vn 0.000000 1.000000 0.000000
vn 0.000000 1.000000 0.000000
vn 0.000000 1.000000 0.000000
vn -0.300764 0.756196 0.581127
vn 0.074645 0.995848 -0.052097
vn 0.165080 0.978368 -0.124680
vn -0.243191 0.818720 0.520150
vn -0.331405 0.718955 0.610961
vn 0.023537 0.999672 -0.010132
vn 0.074645 0.995848 -0.052097
vn -0.300764 0.756196 0.581127
vn 0.056039 0.997120 -0.051092
vn 0.015583 0.999809 -0.011783
vn 0.006723 0.999945 -0.008002
vn 0.030092 0.999085 -0.030395
vn 0.132821 0.983905 -0.119537
vn 0.056039 0.997120 -0.051092
vn 0.030092 0.999085 -0.030395
vn 0.083477 0.993647 -0.075480
vn 0.010034 0.999931 -0.006152
vn 0.041363 0.998786 -0.026756
vn 0.083477 0.993647 -0.075480
vn 0.030092 0.999085 -0.030395
vn 0.001256 0.999997 -0.002248
vn 0.010034 0.999931 -0.006152
vn 0.030092 0.999085 -0.030395
vn 0.006723 0.999945 -0.008002
vn 0.010034 0.999931 -0.006152
vn 0.001256 0.999997 -0.002248
vn 0.000000 1.000000 0.000000
vn 0.003134 0.999994 0.001820
vn 0.041363 0.998786 -0.026756
vn 0.010034 0.999931 -0.006152
vn 0.003134 0.999994 0.001820
vn 0.022955 0.999672 -0.011324
vn 0.000000 1.000000 0.000000
vn 0.000000 1.000000 0.000000
vn 0.000000 1.000000 0.000000
vn 0.000000 1.000000 0.000000
vn 0.000000 1.000000 0.000000
vn 0.000000 1.000000 0.000000
vn 0.000000 1.000000 0.000000
vn 0.000000 1.000000 0.000000
vn 0.000000 1.000000 0.000000
vn 0.000000 1.000000 0.000000
vn 0.000000 1.000000 0.000000
vn 0.000000 1.000000 0.000000
vn 0.000000 1.000000 0.000000
vn 0.000000 1.000000 0.000000
vn 0.000000 1.000000 0.000000
vn 0.000000 1.000000 0.000000
vn 0.000000 1.000000 0.000000
vn 0.000000 1.000000 0.000000
vn 0.000000 1.000000 0.000000
vn 0.000000 1.000000 0.000000
vn 0.000000 1.000000 0.000000
vn 0.000000 1.000000 0.000000
vn 0.000000 1.000000 0.000000
vn 0.000000 1.000000 0.000000
vn 0.000000 1.000000 0.000000
vn 0.000000 1.000000 0.000000
vn 0.611534 0.707107 0.355002
vn 0.611534 0.707107 0.355002
vn 0.000000 1.000000 0.000000
vn 0.000000 1.000000 0.000000
vn 0.000000 1.000000 0.000000
vn 0.000000 1.000000 0.000000
vn 0.000000 1.000000 0.000000
vn 0.000000 1.000000 0.000000
vn 0.000000 1.000000 0.000000
vn 0.000000 1.000000 0.000000
vn 0.000000 1.000000 0.000000
vn 0.000000 1.000000 0.000000
vn 0.000000 1.000000 0.000000
vn 0.000000 1.000000 0.000000
vn 0.000000 1.000000 0.000000
vn 0.000000 1.000000 0.000000
vn 0.000000 1.000000 0.000000
vn 0.000000 1.000000 0.000000
vn 0.000000 1.000000 0.000000
vn 0.000000 1.000000 0.000000
vn 0.000000 1.000000 0.000000
vn 0.000000 1.000000 0.000000
vn 0.043938 0.997602 -0.053477
vn 0.014346 0.999833 -0.011331
vn 0.006059 0.999955 -0.007281
vn 0.020957 0.999291 -0.031274
vn 0.038637 0.997326 -0.062028
vn 0.076665 0.991140 -0.108466
vn 0.043938 0.997602 -0.053477
vn 0.020957 0.999291 -0.031274
vn 0.108066 0.985065 -0.134045
vn 0.078670 0.990584 -0.112046
vn -0.561796 0.701782 -0.438050
vn -0.537771 0.710327 -0.454134
vn 0.014346 0.999833 -0.011331
vn 0.043938 0.997602 -0.053477
vn 0.063738 0.996045 -0.061910
vn 0.022955 0.999672 -0.011324
vn 0.000000 1.000000 0.000000
vn 0.000000 1.000000 0.000000
vn 0.000000 1.000000 0.000000
vn 0.000000 1.000000 0.000000
vn 0.000000 1.000000 0.000000
vn 0.000000 1.000000 0.000000
vn 0.000000 1.000000 0.000000
vn 0.000000 1.000000 0.000000
vn 0.000000 1.000000 0.000000
vn 0.000000 1.000000 0.000000
vn 0.611534 0.707107 0.355002
vn 0.611534 0.707107 0.355002
vn 0.000000 1.000000 0.000000
vn 0.000000 1.000000 0.000000
vn 0.000000 1.000000 0.000000
vn 0.000000 1.000000 0.000000
vn 0.000000 1.000000 0.000000
vn 0.000000 1.000000 0.000000
vn 0.000000 1.000000 0.000000
vn 0.000000 1.000000 0.000000
vn 0.000000 1.000000 0.000000
vn 0.000000 1.000000 0.000000
vn 0.000000 1.000000 0.000000
vn 0.000000 1.000000 0.000000
vn 0.000000 1.000000 0.000000
vn 0.000000 1.000000 0.000000
vn 0.000000 1.000000 0.000000
vn 0.000000 1.000000 0.000000
vn 0.000000 1.000000 0.000000
vn 0.000000 1.000000 0.000000
vn 0.000000 1.000000 0.000000
vn 0.000000 1.000000 0.000000
vn 0.000000 1.000000 0.000000
vn 0.000000 1.000000 0.000000
vn 0.000000 1.000000 0.000000
vn 0.000000 1.000000 0.000000
vn 0.000000 1.000000 0.000000
vn 0.000000 1.000000 0.000000
vn 0.000000 1.000000 0.000000
vn 0.000000 1.000000 0.000000
vn 0.000000 1.000000 0.000001
vn 0.000000 1.000000 0.000000
vn -0.611534 0.707107 -0.355002
vn -0.611533 0.707108 -0.355002
vn 0.000000 1.000000 0.000000
vn 0.000000 1.000000 0.000000
vn 0.000000 1.000000 0.000000
vn 0.000000 1.000000 0.000000
vn 0.000000 1.000000 0.000000
vn 0.000000 1.000000 0.000000
vn 0.000000 1.000000 0.000000
vn 0.000000 1.000000 0.000000
vn 0.000000 1.000000 0.000000
vn 0.000000 1.000000 0.000000
vn 0.000000 1.000000 0.000000
vn 0.000000 1.000000 0.000000
vn 0.000000 1.000000 0.000000
vn 0.000000 1.000000 0.000000
vn 0.611534 0.707107 0.355002
vn 0.611534 0.707107 0.355002
vn 0.000000 1.000000 0.000000
vn 0.000000 1.000000 0.000000
vn 0.000000 1.000000 0.000000
vn 0.000000 1.000000 0.000000
vn 0.000000 1.000000 0.000000
vn 0.000000 1.000000 0.000000
vn 0.000000 1.000000 0.000000
vn 0.000000 1.000000 0.000000
vn 0.000000 1.000000 0.000000
vn 0.000000 1.000000 0.000000
vn 0.000000 1.000000 0.000000
vn 0.000000 1.000000 0.000000
vn 0.000000 1.000000 0.000000
vn 0.000000 1.000000 0.000000
vn 0.000000 1.000000 0.000000
vn 0.000000 1.000000 0.000000
vn 0.000000 1.000000 0.000000
vn 0.000000 1.000000 0.000000
vn 0.000000 1.000000 0.000000
vn 0.000000 1.000000 0.000000
vn -0.344940 0.707033 0.617350
vn 0.000000 1.000000 0.000000
vn 0.000000 1.000000 0.000000
vn -0.345578 0.706960 0.617076
vn -0.344734 0.707032 0.617466
vn 0.000000 1.000000 0.000000
vn 0.000000 1.000000 0.000000
vn -0.344940 0.707033 0.617350
vn 0.000000 1.000000 0.000000
vn 0.000000 1.000000 0.000000
vn 0.611534 0.707106 0.355003
vn 0.611534 0.707106 0.355002
vn 0.000000 1.000000 0.000000
vn 0.000000 1.000000 0.000000
vn 0.000000 1.000000 0.000000
vn 0.000000 1.000000 0.000000
vn -0.344428 0.706028 0.618785
vn 0.003360 0.999992 0.001950
vn 0.023537 0.999672 -0.010132
vn -0.331405 0.718955 0.610961
vn -0.345578 0.706960 0.617076
vn 0.000000 1.000000 0.000000
vn 0.003360 0.999992 0.001950
vn -0.344428 0.706028 0.618785
vn 0.001690 0.999998 0.000981
vn 0.000000 1.000000 0.000000
vn 0.000000 1.000000 0.000000
vn 0.000423 1.000000 0.000245
vn 0.015583 0.999809 -0.011783
vn 0.001690 0.999998 0.000981
vn 0.000423 1.000000 0.000245
vn 0.006723 0.999945 -0.008002
vn 0.241652 0.938511 -0.246579
vn 0.132821 0.983905 -0.119537
vn 0.083477 0.993647 -0.075480
vn 0.164121 0.971603 -0.170445
vn 0.244050 0.922274 -0.299751
vn 0.348484 0.838466 -0.418968
vn 0.241652 0.938511 -0.246579
vn 0.164121 0.971603 -0.170445
vn 0.022453 0.981955 0.187778
vn 0.415718 0.787751 -0.454563
vn -0.300603 0.621304 -0.723616
vn -0.477946 0.860860 -0.174609
vn -0.243191 0.818720 0.520150
vn 0.165080 0.978368 -0.124680
vn 0.290154 0.921401 -0.258516
vn -0.131401 0.910398 0.392312
vn 0.000000 1.000000 0.000000
vn 0.000000 1.000000 0.000000
vn 0.000000 1.000000 0.000000
vn 0.000000 1.000000 0.000000
vn 0.000000 1.000000 0.000000
vn 0.000000 1.000000 0.000000
vn 0.000000 1.000000 0.000000
vn 0.000000 1.000000 0.000000
vn 0.000000 1.000000 0.000000
vn 0.000000 1.000000 0.000000
vn 0.611534 0.707107 0.355002
vn 0.611534 0.707106 0.355002
vn 0.000000 1.000000 0.000000
vn 0.000000 1.000000 0.000000
vn 0.000000 1.000000 0.000000
vn 0.000000 1.000000 0.000000
vn 0.000000 1.000000 0.000000
vn 0.001256 0.999997 -0.002248
vn 0.006723 0.999945 -0.008002
vn 0.000423 1.000000 0.000245
vn 0.000000 1.000000 0.000000
vn 0.000000 1.000000 0.000000
vn 0.000423 1.000000 0.000245
vn 0.000000 1.000000 0.000000
vn 0.000000 1.000000 0.000000
vn 0.000000 1.000000 0.000000
vn 0.000000 1.000000 0.000000
vn 0.000000 1.000000 0.000000
vn 0.001256 0.999997 -0.002248
vn 0.000000 1.000000 0.000000
vn 0.000000 1.000000 0.000000
vn 0.000000 1.000000 0.000000
vn 0.096061 0.991360 -0.089320
vn 0.041363 0.998786 -0.026756
vn 0.022955 0.999672 -0.011324
vn 0.063738 0.996045 -0.061910
vn 0.105617 0.985925 -0.129604
vn 0.149559 0.973284 -0.174215
vn 0.096061 0.991360 -0.089320
vn 0.063738 0.996045 -0.061910
vn 0.248862 0.918073 -0.308562
vn 0.152669 0.971769 -0.179883
vn -0.513880 0.702115 -0.492911
vn -0.457745 0.661585 -0.593949
vn 0.041363 0.998786 -0.026756
vn 0.096061 0.991360 -0.089320
vn 0.164121 0.971603 -0.170445
vn 0.083477 0.993647 -0.075480
vn 0.004571 0.999956 -0.008216
vn 0.001134 0.999997 -0.002042
vn 0.000000 1.000000 0.000000
vn 0.000000 1.000000 0.000000
vn 0.000000 1.000000 0.000001
vn 0.008913 0.999832 -0.016009
vn 0.004571 0.999956 -0.008216
vn 0.000000 1.000000 0.000000
vn 0.039760 0.997156 -0.064027
vn 0.009191 0.999821 -0.016514
vn -0.608715 0.702407 -0.368906
vn -0.591470 0.697461 -0.404612
vn 0.001134 0.999997 -0.002042
vn 0.004571 0.999956 -0.008216
vn 0.020957 0.999291 -0.031274
vn 0.006059 0.999955 -0.007281
vn 0.000000 1.000000 0.000000
vn 0.000000 1.000000 0.000000
vn 0.000000 1.000000 0.000000
vn 0.000000 1.000000 0.000000
vn 0.001134 0.999997 -0.002042
vn 0.000000 1.000000 0.000000
vn 0.000000 1.000000 0.000000
vn 0.000000 1.000000 0.000000
vn 0.000000 1.000000 0.000000
vn 0.001134 0.999997 -0.002042
vn 0.006059 0.999955 -0.007281
vn 0.000379 1.000000 0.000220
vn 0.000000 1.000000 0.000000
vn 0.000000 1.000000 0.000000
vn 0.000379 1.000000 0.000220
vn 0.000000 1.000000 0.000000
vn 0.000000 1.000000 0.000000
vn 0.000000 1.000000 0.000000
vn 0.000000 1.000000 0.000000
vn 0.000000 1.000000 0.000000
vn 0.000000 1.000000 0.000000
vn 0.000000 1.000000 0.000000
vn 0.000000 1.000000 0.000000
vn 0.000000 1.000000 0.000000
vn 0.000000 1.000000 0.000000
vn 0.000000 1.000000 0.000000
vn 0.611533 0.707107 0.355001
vn 0.611534 0.707107 0.355002
vn 0.000000 1.000000 0.000000
vn 0.000000 1.000000 0.000000
vn 0.000000 1.000000 0.000000
vn 0.000000 1.000000 0.000000
vn -0.611534 0.707107 -0.355002
vn 0.000000 1.000000 0.000000
vn 0.000000 1.000000 0.000000
vn -0.611534 0.707107 -0.355002
vn -0.611534 0.707107 -0.355002
vn 0.000000 1.000000 0.000000
vn 0.000000 1.000000 0.000000
vn -0.611534 0.707107 -0.355002
vn 0.000000 1.000000 0.000000
vn 0.000000 1.000000 0.000000
vn 0.000000 1.000000 0.000000
vn 0.000000 1.000000 0.000000
vn 0.000000 1.000000 0.000000
vn 0.000000 1.000000 0.000000
vn 0.000000 1.000000 0.000000
vn 0.000000 1.000000 0.000000
vn 0.001232 0.999999 0.000715
vn 0.002422 0.999996 0.001405
vn 0.002223 0.999661 0.025939
vn -0.002188 0.999829 0.018389
vn 0.000308 1.000000 0.000179
vn 0.001232 0.999999 0.000715
vn -0.002188 0.999829 0.018389
vn -0.003023 0.999955 0.009043
vn 0.001232 0.999999 0.000715
vn 0.000308 1.000000 0.000179
vn -0.001118 0.999999 0.001334
vn -0.003030 0.999992 0.002766
vn 0.002422 0.999996 0.001405
vn 0.001232 0.999999 0.000715
vn -0.003030 0.999992 0.002766
vn -0.006287 0.999970 0.004534
vn 0.000000 1.000000 0.000000
vn 0.000000 1.000000 0.000000
vn 0.000000 1.000000 0.000000
vn 0.000000 1.000000 0.000000
vn 0.000000 1.000000 0.000000
vn 0.000000 1.000000 0.000000
vn 0.000000 1.000000 0.000000
vn 0.000000 1.000000 0.000000
vn 0.000000 1.000000 0.000000
vn 0.000000 1.000000 0.000000
vn 0.000000 1.000000 0.000000
vn 0.000000 1.000000 0.000000
vn 0.000000 1.000000 0.000000
vn 0.000000 1.000000 0.000000
vn 0.000000 1.000000 0.000000
vn 0.000000 1.000000 0.000000
vn 0.000000 1.000000 0.000000
vn 0.000000 1.000000 0.000000
vn 0.000000 1.000000 0.000000
vn 0.000000 1.000000 0.000000
vn 0.000000 1.000000 0.000000
vn 0.000000 1.000000 0.000000
vn 0.000000 1.000000 0.000000
vn 0.000000 1.000000 0.000000
vn 0.000000 1.000000 0.000000
vn 0.000000 1.000000 0.000000
vn 0.000000 1.000000 0.000000
vn 0.000000 1.000000 0.000000
vn 0.000000 1.000000 0.000000
vn 0.000000 1.000000 0.000000
vn 0.000000 1.000000 0.000000
vn 0.000000 1.000000 0.000000
vn -0.020285 0.977787 0.208616
vn -0.009775 0.995915 0.089770
vn 0.331536 0.756553 -0.563658
vn 0.312353 0.820392 -0.478949
vn -0.012503 0.999097 0.040604
vn -0.017557 0.997146 0.073430
vn -0.032553 0.983552 0.177670
vn -0.020758 0.993506 0.111867
vn -0.017557 0.997146 0.073430
vn -0.012503 0.999097 0.040604
vn -0.018035 0.999735 0.014313
vn -0.020545 0.999544 0.022137
vn -0.020545 0.999544 0.022137
vn -0.019235 0.999477 0.025989
vn -0.011318 0.995979 0.088866
vn -0.017557 0.997146 0.073430
vn -0.001482 0.999937 0.011116
vn -0.012503 0.999097 0.040604
vn -0.020758 0.993506 0.111867
vn -0.001335 0.998749 0.049989
vn 0.002422 0.999996 0.001405
vn -0.001482 0.999937 0.011116
vn -0.001335 0.998749 0.049989
vn 0.002223 0.999661 0.025939
vn -0.001482 0.999937 0.011116
vn 0.002422 0.999996 0.001405
vn -0.006287 0.999970 0.004534
vn -0.011825 0.999901 0.007578
vn -0.012503 0.999097 0.040604
vn -0.001482 0.999937 0.011116
vn -0.011825 0.999901 0.007578
vn -0.018035 0.999735 0.014313
vn -0.000834 0.999999 0.001487
vn 0.000000 1.000000 0.000000
vn 0.000000 1.000000 0.000000
vn -0.002436 0.999988 0.004333
vn -0.004086 0.999976 0.005515
vn -0.000834 0.999999 0.001487
vn -0.002436 0.999988 0.004333
vn -0.011334 0.999801 0.016399
vn -0.000834 0.999999 0.001487
vn -0.004086 0.999976 0.005515
vn -0.001118 0.999999 0.001334
vn -0.000209 1.000000 0.000374
vn 0.000000 1.000000 0.000000
vn -0.000834 0.999999 0.001487
vn -0.000209 1.000000 0.000374
vn 0.000000 1.000000 0.000000
vn -0.053494 0.995908 0.072845
vn -0.085165 0.990886 0.104360
vn -0.047492 0.997533 0.051698
vn -0.026943 0.999095 0.032908
vn -0.024581 0.998972 0.038094
vn -0.053494 0.995908 0.072845
vn -0.026943 0.999095 0.032908
vn -0.011334 0.999801 0.016399
vn 0.557560 0.701148 0.444431
vn -0.082493 0.989073 0.122183
vn -0.040111 0.997074 0.065080
vn 0.589536 0.699213 0.404410
vn 0.526135 0.703554 0.477695
vn -0.123072 0.978114 0.167768
vn -0.082493 0.989073 0.122183
vn 0.557560 0.701148 0.444431
vn -0.010603 0.999874 0.011836
vn -0.020774 0.999575 0.020468
vn -0.006287 0.999970 0.004534
vn -0.003030 0.999992 0.002766
vn -0.004086 0.999976 0.005515
vn -0.010603 0.999874 0.011836
vn -0.003030 0.999992 0.002766
vn -0.001118 0.999999 0.001334
vn -0.010603 0.999874 0.011836
vn -0.004086 0.999976 0.005515
vn -0.011334 0.999801 0.016399
vn -0.026943 0.999095 0.032908
vn -0.020774 0.999575 0.020468
vn -0.010603 0.999874 0.011836
vn -0.026943 0.999095 0.032908
vn -0.047492 0.997533 0.051698
vn -0.022490 0.997571 0.065925
vn -0.015577 0.999287 0.034396
vn -0.003023 0.999955 0.009043
vn -0.002188 0.999829 0.018389
vn -0.019449 0.995965 0.087611
vn -0.022490 0.997571 0.065925
vn -0.002188 0.999829 0.018389
vn 0.002223 0.999661 0.025939
vn -0.655993 0.705278 -0.268804
vn -0.053984 0.990514 0.126363
vn -0.057416 0.984886 0.163412
vn -0.657478 0.714529 -0.239104
vn -0.642765 0.699458 -0.312429
vn -0.033516 0.997146 0.067645
vn -0.053984 0.990514 0.126363
vn -0.655993 0.705278 -0.268804
vn 0.000000 1.000000 0.000000
vn 0.000000 1.000000 0.000000
vn 0.000000 1.000000 0.000000
vn 0.000000 1.000000 0.000000
vn 0.000000 1.000000 0.000000
vn 0.000000 1.000000 0.000000
vn 0.000000 1.000000 0.000000
vn 0.000000 1.000000 0.000000
vn 0.611534 0.707107 0.355002
vn 0.000000 1.000000 0.000000
vn 0.000000 1.000000 0.000000
vn 0.611534 0.707107 0.355002
vn 0.611536 0.707106 0.354999
vn 0.000001 1.000000 -0.000001
vn 0.000000 1.000000 0.000000
vn 0.611534 0.707107 0.355002
vn 0.000000 1.000000 0.000000
vn 0.000000 1.000000 0.000000
vn 0.000000 1.000000 0.000000
vn 0.000000 1.000000 0.000000
vn 0.000000 1.000000 0.000000
vn 0.000000 1.000000 0.000000
vn 0.000000 1.000000 0.000000
vn 0.000000 1.000000 0.000000
vn 0.000000 1.000000 0.000000
vn 0.000000 1.000000 0.000000
vn 0.000000 1.000000 0.000000
vn 0.000000 1.000000 0.000000
vn 0.000000 1.000000 0.000000
vn 0.000000 1.000000 0.000000
vn 0.000000 1.000000 0.000000
vn 0.000000 1.000000 0.000000
vn 0.000000 1.000000 0.000000
vn 0.000000 1.000000 0.000000
vn 0.000000 1.000000 0.000000
vn 0.000000 1.000000 0.000000
vn 0.000000 1.000000 0.000000
vn 0.000000 1.000000 0.000000
vn 0.000000 1.000000 0.000000
vn 0.000000 1.000000 0.000000
vn -0.611534 0.707107 -0.355002
vn 0.000000 1.000000 0.000000
vn 0.000001 1.000000 -0.000001
vn -0.611533 0.707106 -0.355003
vn -0.611534 0.707107 -0.355002
vn 0.000000 1.000000 0.000000
vn 0.000000 1.000000 0.000000
vn -0.611534 0.707107 -0.355002
vn 0.000000 1.000000 0.000000
vn 0.000000 1.000000 0.000000
vn 0.000000 1.000000 0.000000
vn 0.000000 1.000000 0.000000
vn 0.000000 1.000000 0.000000
vn 0.000000 1.000000 0.000000
vn 0.000000 1.000000 0.000000
vn 0.000000 1.000000 0.000000
vn 0.611534 0.707107 0.355002
vn 0.000000 1.000000 0.000000
vn 0.000000 1.000000 0.000000
vn 0.611534 0.707107 0.355002
vn 0.611534 0.707107 0.355002
vn 0.000000 1.000000 0.000000
vn 0.000000 1.000000 0.000000
vn 0.611534 0.707107 0.355002
vn 0.000000 1.000000 0.000000
vn 0.000000 1.000000 0.000000
vn 0.000000 1.000000 0.000000
vn 0.000000 1.000000 0.000000
vn 0.000000 1.000000 0.000000
vn 0.000000 1.000000 0.000000
vn 0.000000 1.000000 0.000000
vn 0.000000 1.000000 0.000000
vn 0.000000 1.000000 0.000000
vn 0.000000 1.000000 0.000000
vn 0.000000 1.000000 0.000000
vn 0.000000 1.000000 0.000000
vn 0.000000 1.000000 0.000000
vn 0.000000 1.000000 0.000000
vn 0.000000 1.000000 0.000000
vn 0.000000 1.000000 0.000000
vn -0.139583 0.987752 0.069730
vn -0.242464 0.951947 0.187106
vn 0.133476 0.871999 -0.470959
vn 0.234045 0.787742 -0.569811
vn -0.163230 0.971442 0.172209
vn -0.207858 0.958944 0.192927
vn -0.117319 0.990018 0.078105
vn -0.093058 0.992616 0.077804
vn 0.393695 0.690633 0.606655
vn -0.285328 0.901037 0.326680
vn -0.227811 0.931884 0.282302
vn 0.448331 0.690048 0.568184
vn 0.362645 0.699079 0.616260
vn -0.320099 0.888204 0.329592
vn -0.285328 0.901037 0.326680
vn 0.393695 0.690633 0.606655
vn -0.018863 0.999479 0.026198
vn -0.059135 0.998074 0.018729
vn 0.299283 0.734727 -0.608774
vn 0.328549 0.725703 -0.604492
vn -0.042194 0.998753 0.026677
vn -0.050774 0.998442 0.023122
vn -0.020545 0.999544 0.022137
vn -0.018035 0.999735 0.014313
vn -0.050774 0.998442 0.023122
vn -0.042194 0.998753 0.026677
vn -0.093058 0.992616 0.077804
vn -0.117319 0.990018 0.078105
vn -0.117319 0.990018 0.078105
vn -0.137034 0.987999 0.071271
vn -0.058105 0.998123 0.019329
vn -0.050774 0.998442 0.023122
vn -0.083623 0.937468 0.337877
vn -0.059328 0.971113 0.231128
vn -0.020758 0.993506 0.111867
vn -0.032553 0.983552 0.177670
vn -0.032553 0.983552 0.177670
vn -0.022786 0.978031 0.207213
vn -0.071770 0.920223 0.384758
vn -0.083623 0.937468 0.337877
vn -0.168731 0.785303 0.595676
vn 0.169614 0.982523 -0.076681
vn -0.390897 0.865971 -0.311920
vn -0.766766 0.631853 0.113275
vn -0.734735 0.671588 -0.095568
vn -0.132046 0.917199 0.375911
vn -0.180325 0.828238 0.530571
vn -0.770715 0.635891 0.040508
vn -0.120295 0.983249 0.136933
vn -0.163230 0.971442 0.172209
vn -0.093058 0.992616 0.077804
vn -0.069977 0.995200 0.068407
vn -0.085165 0.990886 0.104360
vn -0.120295 0.983249 0.136933
vn -0.069977 0.995200 0.068407
vn -0.047492 0.997533 0.051698
vn 0.493709 0.699540 0.516620
vn -0.168486 0.961370 0.217669
vn -0.123072 0.978114 0.167768
vn 0.526135 0.703554 0.477695
vn 0.448331 0.690048 0.568184
vn -0.227811 0.931884 0.282302
vn -0.168486 0.961370 0.217669
vn 0.493709 0.699540 0.516620
vn -0.032390 0.999117 0.026757
vn -0.042194 0.998753 0.026677
vn -0.018035 0.999735 0.014313
vn -0.011825 0.999901 0.007578
vn -0.020774 0.999575 0.020468
vn -0.032390 0.999117 0.026757
vn -0.011825 0.999901 0.007578
vn -0.006287 0.999970 0.004534
vn -0.032390 0.999117 0.026757
vn -0.020774 0.999575 0.020468
vn -0.047492 0.997533 0.051698
vn -0.069977 0.995200 0.068407
vn -0.042194 0.998753 0.026677
vn -0.032390 0.999117 0.026757
vn -0.069977 0.995200 0.068407
vn -0.093058 0.992616 0.077804
vn -0.025956 0.991176 0.129986
vn -0.019449 0.995965 0.087611
vn 0.002223 0.999661 0.025939
vn -0.001335 0.998749 0.049989
vn -0.059328 0.971113 0.231128
vn -0.025956 0.991176 0.129986
vn -0.001335 0.998749 0.049989
vn -0.020758 0.993506 0.111867
vn -0.677774 0.708031 -0.198279
vn -0.073115 0.971388 0.225962
vn -0.132046 0.917199 0.375911
vn -0.734735 0.671588 -0.095568
vn -0.657478 0.714529 -0.239104
vn -0.057416 0.984886 0.163412
vn -0.073115 0.971388 0.225962
vn -0.677774 0.708031 -0.198279
vn -0.004570 0.999956 0.008216
vn 0.000000 1.000000 0.000000
vn 0.000000 1.000000 0.000000
vn -0.001137 0.999997 0.002040
vn -0.015577 0.999287 0.034396
vn -0.004570 0.999956 0.008216
vn -0.001137 0.999997 0.002040
vn -0.003023 0.999955 0.009043
vn -0.621618 0.702918 -0.345684
vn -0.009183 0.999821 0.016522
vn -0.033516 0.997146 0.067645
vn -0.642765 0.699458 -0.312429
vn -0.611533 0.707106 -0.355003
vn 0.000001 1.000000 -0.000001
vn -0.009183 0.999821 0.016522
vn -0.621618 0.702918 -0.345684
vn 0.000000 1.000000 0.000000
vn 0.000000 1.000000 0.000000
vn 0.000000 1.000000 0.000000
vn -0.000209 1.000000 0.000374
vn 0.000308 1.000000 0.000179
vn 0.000000 1.000000 0.000000
vn -0.000209 1.000000 0.000374
vn -0.001118 0.999999 0.001334
vn 0.000000 1.000000 0.000000
vn 0.000308 1.000000 0.000179
vn -0.003023 0.999955 0.009043
vn -0.001137 0.999997 0.002040
vn 0.000000 1.000000 0.000000
vn 0.000000 1.000000 0.000000
vn -0.001137 0.999997 0.002040
vn 0.000000 1.000000 0.000000
vn -0.005563 0.999936 0.009878
vn -0.024581 0.998972 0.038094
vn -0.011334 0.999801 0.016399
vn -0.002436 0.999988 0.004333
vn 0.000000 1.000000 0.000000
vn -0.005563 0.999936 0.009878
vn -0.002436 0.999988 0.004333
vn 0.000000 1.000000 0.000000
vn 0.608241 0.702884 0.368778
vn -0.009411 0.999816 0.016706
vn 0.000001 1.000000 -0.000001
vn 0.611536 0.707106 0.354999
vn 0.589536 0.699213 0.404410
vn -0.040111 0.997074 0.065080
vn -0.009411 0.999816 0.016706
vn 0.608241 0.702884 0.368778
vn 0.000000 1.000000 0.000000
vn 0.000000 1.000000 0.000000
vn -0.611534 0.707107 -0.355002
vn -0.611534 0.707107 -0.355002
vn 0.000000 1.000000 0.000000
vn 0.000000 1.000000 0.000000
vn 0.000000 1.000000 0.000000
vn 0.000000 1.000000 0.000000
vn 0.000000 1.000000 0.000000
vn 0.000000 1.000000 0.000000
vn 0.000000 1.000000 0.000000
vn 0.000000 1.000000 0.000000
vn 0.000000 1.000000 0.000000
vn 0.000000 1.000000 0.000000
vn 0.000000 1.000000 0.000000
vn 0.000000 1.000000 0.000000
vn -0.022959 -0.999672 0.011325
vn -0.014348 -0.999833 0.011330
vn -0.001514 -0.999999 -0.000879
vn -0.003135 -0.999994 -0.001820
vn -0.003135 -0.999994 -0.001820
vn -0.001514 -0.999999 -0.000879
vn 0.000000 -1.000000 0.000000
vn 0.000000 -1.000000 0.000000
vn 0.000000 -1.000000 0.000000
vn 0.000000 -1.000000 0.000000
vn -0.001514 -0.999999 -0.000879
vn -0.000379 -1.000000 -0.000220
vn -0.000379 -1.000000 -0.000220
vn -0.001514 -0.999999 -0.000879
vn -0.014348 -0.999833 0.011330
vn -0.006059 -0.999955 0.007281
vn 0.000000 -1.000000 0.000000
vn 0.000000 -1.000000 0.000000
vn 0.000000 -1.000000 0.000000
vn 0.000000 -1.000000 0.000000
vn 0.000000 -1.000000 0.000000
vn 0.000000 -1.000000 0.000000
vn 0.000000 -1.000000 0.000000
vn 0.000000 -1.000000 0.000000
vn 0.000000 -1.000000 0.000000
vn 0.000000 -1.000000 0.000000
vn 0.000000 -1.000000 0.000000
vn 0.000000 -1.000000 0.000000
vn 0.000000 -1.000000 0.000000
vn 0.000000 -1.000000 0.000000
vn 0.000000 -1.000000 0.000000
vn 0.000000 -1.000000 0.000000
vn 0.000000 -1.000000 0.000000
vn 0.000000 -1.000000 0.000000
vn 0.000000 -1.000000 0.000000
vn 0.000000 -1.000000 0.000000
vn 0.000000 -1.000000 0.000000
vn 0.000000 -1.000000 0.000000
vn 0.000000 -1.000000 0.000000
vn 0.000000 -1.000000 0.000000
vn 0.000000 -1.000000 0.000000
vn 0.000000 -1.000000 0.000000
vn 0.000000 -1.000000 0.000000
vn 0.000000 -1.000000 0.000000
vn 0.000000 -1.000000 0.000000
vn 0.000000 -1.000000 0.000000
vn 0.000000 -1.000000 0.000000
vn 0.000000 -1.000000 0.000000
vn -0.070178 -0.996033 0.054702
vn -0.157915 -0.978992 0.128984
vn -0.132833 -0.983906 0.119521
vn -0.056045 -0.997120 0.051087
vn -0.021331 -0.999707 0.011418
vn -0.070178 -0.996033 0.054702
vn -0.056045 -0.997120 0.051087
vn -0.015585 -0.999809 0.011781
vn -0.006724 -0.999945 0.008001
vn -0.015585 -0.999809 0.011781
vn -0.056045 -0.997120 0.051087
vn -0.030095 -0.999085 0.030394
vn -0.030095 -0.999085 0.030394
vn -0.056045 -0.997120 0.051087
vn -0.132833 -0.983906 0.119521
vn -0.083487 -0.993646 0.075477
vn -0.083487 -0.993646 0.075477
vn -0.041372 -0.998785 0.026762
vn -0.010036 -0.999931 0.006153
vn -0.030095 -0.999085 0.030394
vn -0.030095 -0.999085 0.030394
vn -0.010036 -0.999931 0.006153
vn -0.001256 -0.999997 0.002248
vn -0.006724 -0.999945 0.008001
vn 0.000000 -1.000000 0.000000
vn -0.001256 -0.999997 0.002248
vn -0.010036 -0.999931 0.006153
vn -0.003135 -0.999994 -0.001820
vn -0.003135 -0.999994 -0.001820
vn -0.010036 -0.999931 0.006153
vn -0.041372 -0.998785 0.026762
vn -0.022959 -0.999672 0.011325
vn 0.000000 -1.000000 0.000000
vn 0.000000 -1.000000 0.000000
vn 0.000000 -1.000000 0.000000
vn 0.000000 -1.000000 0.000000
vn 0.000000 -1.000000 0.000000
vn 0.000000 -1.000000 0.000000
vn 0.000000 -1.000000 0.000000
vn 0.000000 -1.000000 0.000000
vn 0.000000 -1.000000 0.000000
vn 0.000000 -1.000000 0.000000
vn 0.000000 -1.000000 0.000000
vn 0.000000 -1.000000 0.000000
vn 0.000000 -1.000000 0.000000
vn 0.000000 -1.000000 0.000000
vn 0.000000 -1.000000 0.000000
vn 0.000000 -1.000000 0.000000
vn 0.000000 -1.000000 0.000000
vn 0.000000 -1.000000 0.000000
vn 0.000000 -1.000000 0.000000
vn 0.000000 -1.000000 0.000000
vn 0.611534 -0.707106 0.355002
vn 0.000000 -1.000000 0.000000
vn 0.000000 -1.000000 0.000000
vn 0.611534 -0.707107 0.355002
vn 0.000000 -1.000000 0.000000
vn 0.000000 -1.000000 0.000000
vn 0.000000 -1.000000 0.000000
vn 0.000000 -1.000000 0.000000
vn 0.000000 -1.000000 0.000000
vn 0.000000 -1.000000 0.000000
vn 0.000000 -1.000000 0.000000
vn 0.000000 -1.000000 0.000000
vn 0.000000 -1.000000 0.000000
vn 0.000000 -1.000000 0.000000
vn 0.000000 -1.000000 0.000000
vn 0.000000 -1.000000 0.000000
vn 0.000000 -1.000000 0.000000
vn 0.000000 -1.000000 0.000000
vn 0.000000 -1.000000 0.000000
vn 0.000000 -1.000000 0.000000
vn 0.000000 -1.000000 0.000000
vn 0.000000 -1.000000 0.000000
vn 0.000000 -1.000000 0.000000
vn 0.000000 -1.000000 0.000000
vn 0.000000 -1.000000 0.000000
vn 0.000000 -1.000000 0.000000
vn 0.000000 -1.000000 0.000000
vn 0.000000 -1.000000 0.000000
vn -0.006059 -0.999955 0.007281
vn -0.014348 -0.999833 0.011330
vn -0.043939 -0.997602 0.053475
vn -0.020958 -0.999291 0.031274
vn -0.632384 -0.712306 -0.304484
vn -0.039764 -0.997156 0.064026
vn -0.078637 -0.990586 0.112052
vn -0.661180 -0.699114 -0.272177
vn -0.063742 -0.996044 0.061914
vn -0.105609 -0.985924 0.129617
vn -0.076657 -0.991140 0.108464
vn -0.043939 -0.997602 0.053475
vn -0.063742 -0.996044 0.061914
vn -0.043939 -0.997602 0.053475
vn -0.014348 -0.999833 0.011330
vn -0.022959 -0.999672 0.011325
vn 0.000000 -1.000000 0.000000
vn 0.000000 -1.000000 0.000000
vn 0.000000 -1.000000 0.000000
vn 0.000000 -1.000000 0.000000
vn 0.611534 -0.707107 0.355002
vn 0.000000 -1.000000 0.000000
vn 0.000000 -1.000000 0.000000
vn 0.611534 -0.707107 0.355002
vn 0.000000 -1.000000 0.000000
vn 0.000000 -1.000000 0.000000
vn 0.000000 -1.000000 0.000000
vn 0.000000 -1.000000 0.000000
vn 0.000000 -1.000000 0.000000
vn 0.000000 -1.000000 0.000000
vn 0.000000 -1.000000 0.000000
vn 0.000000 -1.000000 0.000000
vn 0.000000 -1.000000 0.000000
vn 0.000000 -1.000000 0.000000
vn 0.000000 -1.000000 0.000000
vn 0.000000 -1.000000 0.000000
vn 0.000000 -1.000000 0.000000
vn 0.000000 -1.000000 0.000000
vn 0.000000 -1.000000 0.000000
vn 0.000000 -1.000000 0.000000
vn 0.000000 -1.000000 0.000000
vn 0.000000 -1.000000 0.000000
vn 0.000000 -1.000000 0.000000
vn 0.000000 -1.000000 0.000000
vn 0.000000 -1.000000 0.000000
vn 0.000000 -1.000000 0.000000
vn 0.000000 -1.000000 0.000000
vn 0.000000 -1.000000 0.000000
vn 0.000000 -1.000000 0.000000
vn 0.000000 -1.000000 0.000000
vn 0.000000 -1.000000 0.000000
vn 0.000000 -1.000000 0.000000
vn -0.611534 -0.707107 -0.355002
vn 0.000000 -1.000000 0.000000
vn 0.000000 -1.000000 0.000000
vn -0.611534 -0.707107 -0.355002
vn 0.000000 -1.000000 0.000000
vn 0.000000 -1.000000 0.000000
vn 0.000000 -1.000000 0.000000
vn 0.000000 -1.000000 0.000000
vn 0.000000 -1.000000 0.000000
vn 0.000000 -1.000000 0.000000
vn 0.000000 -1.000000 0.000000
vn 0.000000 -1.000000 0.000000
vn 0.000000 -1.000000 0.000000
vn 0.000000 -1.000000 0.000000
vn 0.000000 -1.000000 0.000000
vn 0.000000 -1.000000 0.000000
vn 0.611534 -0.707107 0.355002
vn 0.000000 -1.000000 0.000000
vn 0.000000 -1.000000 0.000000
vn 0.611534 -0.707107 0.355002
vn 0.000000 -1.000000 0.000000
vn 0.000000 -1.000000 0.000000
vn 0.000000 -1.000000 0.000000
vn 0.000000 -1.000000 0.000000
vn 0.000000 -1.000000 0.000000
vn 0.000000 -1.000000 0.000000
vn 0.000000 -1.000000 0.000000
vn 0.000000 -1.000000 0.000000
vn 0.000000 -1.000000 0.000000
vn 0.000000 -1.000000 0.000000
vn 0.000000 -1.000000 0.000000
vn 0.000000 -1.000000 0.000000
vn 0.000000 -1.000000 0.000000
vn 0.000000 -1.000000 0.000000
vn 0.000000 -1.000000 0.000000
vn 0.000000 -1.000000 0.000000
vn 0.000000 -1.000000 0.000000
vn 0.000000 -1.000000 0.000000
vn 0.000000 -1.000000 0.000000
vn 0.000000 -1.000000 0.000000
vn 0.000000 -1.000000 0.000000
vn 0.000000 -1.000000 0.000000
vn 0.000000 -1.000000 0.000000
vn 0.000000 -1.000000 0.000000
vn 0.000000 -1.000000 0.000000
vn 0.000000 -1.000000 0.000000
vn 0.000000 -1.000000 0.000000
vn 0.000000 -1.000000 0.000000
vn 0.611533 -0.707108 0.355001
vn 0.000000 -1.000000 0.000000
vn 0.000000 -1.000000 0.000000
vn 0.611534 -0.707106 0.355003
vn 0.000000 -1.000000 0.000000
vn 0.000000 -1.000000 0.000000
vn 0.000000 -1.000000 0.000000
vn 0.000000 -1.000000 0.000000
vn 0.000000 -1.000000 0.000000
vn 0.000000 -1.000000 0.000000
vn 0.000000 -1.000000 0.000000
vn 0.000000 -1.000000 0.000000
vn -0.002809 -0.999995 -0.001631
vn -0.021331 -0.999707 0.011418
vn -0.015585 -0.999809 0.011781
vn -0.001690 -0.999998 -0.000981
vn 0.000000 -1.000000 0.000000
vn -0.002809 -0.999995 -0.001631
vn -0.001690 -0.999998 -0.000981
vn 0.000000 -1.000000 0.000000
vn 0.000000 -1.000000 0.000000
vn 0.000000 -1.000000 0.000000
vn -0.001690 -0.999998 -0.000981
vn -0.000423 -1.000000 -0.000245
vn -0.000423 -1.000000 -0.000245
vn -0.001690 -0.999998 -0.000981
vn -0.015585 -0.999809 0.011781
vn -0.006724 -0.999945 0.008001
vn -0.083487 -0.993646 0.075477
vn -0.132833 -0.983906 0.119521
vn -0.241659 -0.938518 0.246547
vn -0.164133 -0.971601 0.170445
vn -0.760360 -0.637449 -0.124543
vn -0.248793 -0.918085 0.308581
vn -0.354574 -0.829968 0.430616
vn -0.831996 -0.551751 -0.057910
vn -0.280063 -0.922691 0.264963
vn -0.397268 -0.799729 0.450125
vn -0.348377 -0.838515 0.418958
vn -0.241659 -0.938518 0.246547
vn -0.157915 -0.978992 0.128984
vn -0.280063 -0.922691 0.264963
vn -0.241659 -0.938518 0.246547
vn -0.132833 -0.983906 0.119521
vn 0.000000 -1.000000 0.000000
vn 0.000000 -1.000000 0.000000
vn 0.000000 -1.000000 0.000000
vn 0.000000 -1.000000 0.000000
vn 0.611534 -0.707106 0.355002
vn 0.000000 -1.000000 0.000000
vn 0.000000 -1.000000 0.000000
vn 0.611533 -0.707107 0.355002
vn 0.000000 -1.000000 0.000000
vn 0.000000 -1.000000 0.000000
vn 0.000000 -1.000000 0.000000
vn 0.000000 -1.000000 0.000000
vn 0.000000 -1.000000 0.000000
vn 0.000000 -1.000000 0.000000
vn 0.000000 -1.000000 0.000000
vn 0.000000 -1.000000 0.000000
vn -0.006724 -0.999945 0.008001
vn -0.001256 -0.999997 0.002248
vn 0.000000 -1.000000 0.000000
vn -0.000423 -1.000000 -0.000245
vn -0.000423 -1.000000 -0.000245
vn 0.000000 -1.000000 0.000000
vn 0.000000 -1.000000 0.000000
vn 0.000000 -1.000000 0.000000
vn 0.000000 -1.000000 0.000000
vn 0.000000 -1.000000 0.000000
vn 0.000000 -1.000000 0.000000
vn 0.000000 -1.000000 0.000000
vn 0.000000 -1.000000 0.000000
vn 0.000000 -1.000000 0.000000
vn -0.001256 -0.999997 0.002248
vn 0.000000 -1.000000 0.000000
vn -0.022959 -0.999672 0.011325
vn -0.041372 -0.998785 0.026762
vn -0.096077 -0.991356 0.089341
vn -0.063742 -0.996044 0.061914
vn -0.682731 -0.682984 -0.259637
vn -0.108078 -0.985064 0.134044
vn -0.152707 -0.971755 0.179924
vn -0.705366 -0.672979 -0.222617
vn -0.164133 -0.971601 0.170445
vn -0.244014 -0.922276 0.299772
vn -0.149568 -0.973272 0.174271
vn -0.096077 -0.991356 0.089341
vn -0.164133 -0.971601 0.170445
vn -0.096077 -0.991356 0.089341
vn -0.041372 -0.998785 0.026762
vn -0.083487 -0.993646 0.075477
vn 0.000000 -1.000000 0.000000
vn -0.001134 -0.999997 0.002042
vn -0.004572 -0.999956 0.008217
vn 0.000000 -1.000000 0.000000
vn -0.611534 -0.707107 -0.355002
vn 0.000000 -1.000000 0.000000
vn -0.009198 -0.999821 0.016519
vn -0.614491 -0.711436 -0.340970
vn -0.020958 -0.999291 0.031274
vn -0.038636 -0.997326 0.062030
vn -0.008915 -0.999832 0.016014
vn -0.004572 -0.999956 0.008217
vn -0.020958 -0.999291 0.031274
vn -0.004572 -0.999956 0.008217
vn -0.001134 -0.999997 0.002042
vn -0.006059 -0.999955 0.007281
vn 0.000000 -1.000000 0.000000
vn 0.000000 -1.000000 0.000000
vn 0.000000 -1.000000 0.000000
vn 0.000000 -1.000000 0.000000
vn 0.000000 -1.000000 0.000000
vn 0.000000 -1.000000 0.000000
vn -0.001134 -0.999997 0.002042
vn 0.000000 -1.000000 0.000000
vn -0.006059 -0.999955 0.007281
vn -0.001134 -0.999997 0.002042
vn 0.000000 -1.000000 0.000000
vn -0.000379 -1.000000 -0.000220
vn -0.000379 -1.000000 -0.000220
vn 0.000000 -1.000000 0.000000
vn 0.000000 -1.000000 0.000000
vn 0.000000 -1.000000 0.000000
vn 0.000000 -1.000000 0.000000
vn 0.000000 -1.000000 0.000000
vn 0.000000 -1.000000 0.000000
vn 0.000000 -1.000000 0.000000
vn 0.611534 -0.707107 0.355002
vn 0.000000 -1.000000 0.000000
vn 0.000000 -1.000000 0.000000
vn 0.611533 -0.707107 0.355002
vn 0.000000 -1.000000 0.000000
vn 0.000000 -1.000000 0.000000
vn 0.000000 -1.000000 0.000000
vn 0.000000 -1.000000 0.000000
vn 0.000000 -1.000000 0.000000
vn 0.000000 -1.000000 0.000000
vn 0.000000 -1.000000 0.000000
vn 0.000000 -1.000000 0.000000
vn 0.000000 -1.000000 0.000000
vn 0.000000 -1.000000 0.000000
vn 0.000000 -1.000000 0.000000
vn 0.000000 -1.000000 0.000000
vn 0.000000 -1.000000 0.000000
vn 0.000000 -1.000000 0.000000
vn 0.000000 -1.000000 0.000000
vn 0.000000 -1.000000 0.000000
vn 0.000000 -1.000000 0.000000
vn 0.000000 -1.000000 0.000000
vn 0.000000 -1.000000 0.000000
vn 0.000000 -1.000000 0.000000
vn 0.000000 -1.000000 0.000000
vn 0.000000 -1.000000 0.000000
vn 0.000000 -1.000000 0.000000
vn 0.000000 -1.000000 0.000000
vn -0.002225 -0.999661 -0.025944
vn -0.002422 -0.999996 -0.001406
vn -0.001232 -0.999999 -0.000715
vn 0.002187 -0.999829 -0.018390
vn 0.002187 -0.999829 -0.018390
vn -0.001232 -0.999999 -0.000715
vn -0.000308 -1.000000 -0.000179
vn 0.003023 -0.999955 -0.009044
vn 0.001118 -0.999999 -0.001334
vn -0.000308 -1.000000 -0.000179
vn -0.001232 -0.999999 -0.000715
vn 0.003030 -0.999992 -0.002766
vn 0.003030 -0.999992 -0.002766
vn -0.001232 -0.999999 -0.000715
vn -0.002422 -0.999996 -0.001406
vn 0.006288 -0.999970 -0.004534
vn 0.000000 -1.000000 0.000000
vn 0.000000 -1.000000 0.000000
vn 0.000000 -1.000000 0.000000
vn 0.000000 -1.000000 0.000000
vn 0.000000 -1.000000 0.000000
vn 0.000000 -1.000000 0.000000
vn 0.000000 -1.000000 0.000000
vn 0.000000 -1.000000 0.000000
vn 0.000000 -1.000000 0.000000
vn 0.000000 -1.000000 0.000000
vn 0.000000 -1.000000 0.000000
vn 0.000000 -1.000000 0.000000
vn 0.000000 -1.000000 0.000000
vn 0.000000 -1.000000 0.000000
vn 0.000000 -1.000000 0.000000
vn 0.000000 -1.000000 0.000000
vn 0.000000 -1.000000 0.000000
vn 0.000000 -1.000000 0.000000
vn 0.000000 -1.000000 0.000000
vn 0.000000 -1.000000 0.000000
vn 0.000000 -1.000000 0.000000
vn 0.000000 -1.000000 0.000000
vn 0.000000 -1.000000 0.000000
vn 0.000000 -1.000000 0.000000
vn 0.000000 -1.000000 0.000000
vn 0.000000 -1.000000 0.000000
vn 0.000000 -1.000000 0.000000
vn 0.000000 -1.000000 0.000000
vn 0.000000 -1.000000 0.000000
vn 0.000000 -1.000000 0.000000
vn 0.000000 -1.000000 0.000000
vn 0.000000 -1.000000 0.000000
vn 0.017549 -0.997146 -0.073433
vn 0.032533 -0.983552 -0.177672
vn 0.022774 -0.978030 -0.207215
vn 0.011312 -0.995979 -0.088867
vn 0.032533 -0.983552 -0.177672
vn 0.017549 -0.997146 -0.073433
vn 0.012500 -0.999097 -0.040607
vn 0.020751 -0.993506 -0.111874
vn 0.018035 -0.999735 -0.014313
vn 0.012500 -0.999097 -0.040607
vn 0.017549 -0.997146 -0.073433
vn 0.020543 -0.999544 -0.022138
vn 0.351947 -0.687861 -0.634807
vn 0.018866 -0.999478 -0.026208
vn 0.009760 -0.995916 -0.089754
vn 0.340361 -0.649592 -0.679842
vn 0.020751 -0.993506 -0.111874
vn 0.012500 -0.999097 -0.040607
vn 0.001482 -0.999937 -0.011119
vn 0.001336 -0.998748 -0.050001
vn 0.001336 -0.998748 -0.050001
vn 0.001482 -0.999937 -0.011119
vn -0.002422 -0.999996 -0.001406
vn -0.002225 -0.999661 -0.025944
vn 0.006288 -0.999970 -0.004534
vn -0.002422 -0.999996 -0.001406
vn 0.001482 -0.999937 -0.011119
vn 0.011825 -0.999901 -0.007578
vn 0.011825 -0.999901 -0.007578
vn 0.001482 -0.999937 -0.011119
vn 0.012500 -0.999097 -0.040607
vn 0.018035 -0.999735 -0.014313
vn 0.000000 -1.000000 0.000000
vn 0.000000 -1.000000 0.000000
vn 0.000834 -0.999999 -0.001487
vn 0.002436 -0.999988 -0.004333
vn 0.002436 -0.999988 -0.004333
vn 0.000834 -0.999999 -0.001487
vn 0.004086 -0.999976 -0.005515
vn 0.011334 -0.999801 -0.016399
vn 0.001118 -0.999999 -0.001334
vn 0.004086 -0.999976 -0.005515
vn 0.000834 -0.999999 -0.001487
vn 0.000209 -1.000000 -0.000374
vn 0.000209 -1.000000 -0.000374
vn 0.000834 -0.999999 -0.001487
vn 0.000000 -1.000000 0.000000
vn 0.000000 -1.000000 0.000000
vn 0.047493 -0.997533 -0.051697
vn 0.085166 -0.990886 -0.104360
vn 0.053495 -0.995908 -0.072845
vn 0.026945 -0.999095 -0.032908
vn 0.026945 -0.999095 -0.032908
vn 0.053495 -0.995908 -0.072845
vn 0.024582 -0.998972 -0.038095
vn 0.011334 -0.999801 -0.016399
vn 0.053495 -0.995908 -0.072845
vn 0.081733 -0.989302 -0.120836
vn 0.039694 -0.997138 -0.064346
vn 0.024582 -0.998972 -0.038095
vn 0.085166 -0.990886 -0.104360
vn 0.122118 -0.978528 -0.166042
vn 0.081733 -0.989302 -0.120836
vn 0.053495 -0.995908 -0.072845
vn 0.006288 -0.999970 -0.004534
vn 0.020775 -0.999575 -0.020468
vn 0.010603 -0.999874 -0.011836
vn 0.003030 -0.999992 -0.002766
vn 0.003030 -0.999992 -0.002766
vn 0.010603 -0.999874 -0.011836
vn 0.004086 -0.999976 -0.005515
vn 0.001118 -0.999999 -0.001334
vn 0.011334 -0.999801 -0.016399
vn 0.004086 -0.999976 -0.005515
vn 0.010603 -0.999874 -0.011836
vn 0.026945 -0.999095 -0.032908
vn 0.026945 -0.999095 -0.032908
vn 0.010603 -0.999874 -0.011836
vn 0.020775 -0.999575 -0.020468
vn 0.047493 -0.997533 -0.051697
vn 0.003023 -0.999955 -0.009044
vn 0.015577 -0.999287 -0.034398
vn 0.022489 -0.997571 -0.065926
vn 0.002187 -0.999829 -0.018390
vn 0.002187 -0.999829 -0.018390
vn 0.022489 -0.997571 -0.065926
vn 0.019450 -0.995964 -0.087618
vn -0.002225 -0.999661 -0.025944
vn 0.022489 -0.997571 -0.065926
vn 0.051990 -0.991072 -0.122772
vn 0.054956 -0.985750 -0.158987
vn 0.019450 -0.995964 -0.087618
vn 0.015577 -0.999287 -0.034398
vn 0.032397 -0.997317 -0.065651
vn 0.051990 -0.991072 -0.122772
vn 0.022489 -0.997571 -0.065926
vn 0.000000 -1.000000 0.000000
vn 0.000000 -1.000000 0.000000
vn 0.000000 -1.000000 0.000000
vn 0.000000 -1.000000 0.000000
vn 0.000000 -1.000000 0.000000
vn 0.000000 -1.000000 0.000000
vn 0.000000 -1.000000 0.000000
vn 0.000000 -1.000000 0.000000
vn 0.000000 -1.000000 0.000000
vn 0.000000 -1.000000 0.000000
vn 0.000000 -1.000000 0.000000
vn 0.000000 -1.000000 0.000000
vn 0.000000 -1.000000 0.000000
vn 0.000000 -1.000000 0.000000
vn 0.000000 -1.000000 0.000000
vn 0.000000 -1.000000 0.000000
vn 0.000000 -1.000000 0.000000
vn 0.000000 -1.000000 0.000000
vn 0.000000 -1.000000 0.000000
vn 0.000000 -1.000000 0.000000
vn 0.000000 -1.000000 0.000000
vn 0.000000 -1.000000 0.000000
vn 0.000000 -1.000000 0.000000
vn 0.000000 -1.000000 0.000000
vn 0.000000 -1.000000 0.000000
vn 0.000000 -1.000000 0.000000
vn 0.000000 -1.000000 0.000000
vn 0.000000 -1.000000 0.000000
vn 0.000000 -1.000000 0.000000
vn 0.000000 -1.000000 0.000000
vn 0.000000 -1.000000 0.000000
vn 0.000000 -1.000000 0.000000
vn 0.000000 -1.000000 0.000000
vn 0.000000 -1.000000 0.000000
vn 0.000000 -1.000000 0.000000
vn 0.000000 -1.000000 0.000000
vn 0.000000 -1.000000 0.000000
vn 0.000000 -1.000000 0.000000
vn 0.000000 -1.000000 0.000000
vn 0.000000 -1.000000 0.000000
vn 0.000000 -1.000000 0.000000
vn 0.000000 -1.000000 0.000000
vn 0.000000 -1.000000 0.000000
vn 0.000000 -1.000000 0.000000
vn 0.000000 -1.000000 0.000000
vn 0.000000 -1.000000 0.000000
vn 0.000000 -1.000000 0.000000
vn 0.000000 -1.000000 0.000000
vn 0.000000 -1.000000 0.000000
vn 0.000000 -1.000000 0.000000
vn 0.000000 -1.000000 0.000000
vn 0.000000 -1.000000 0.000000
vn 0.000000 -1.000000 0.000000
vn 0.000000 -1.000000 0.000000
vn 0.000000 -1.000000 0.000000
vn 0.000000 -1.000000 0.000000
vn 0.000000 -1.000000 0.000000
vn 0.000000 -1.000000 0.000000
vn 0.000000 -1.000000 0.000000
vn 0.000000 -1.000000 0.000000
vn 0.000000 -1.000000 0.000000
vn 0.000000 -1.000000 0.000000
vn 0.000000 -1.000000 0.000000
vn 0.000000 -1.000000 0.000000
vn 0.000000 -1.000000 0.000000
vn 0.000000 -1.000000 0.000000
vn 0.000000 -1.000000 0.000000
vn 0.000000 -1.000000 0.000000
vn 0.000000 -1.000000 0.000000
vn 0.000000 -1.000000 0.000000
vn 0.000000 -1.000000 0.000000
vn 0.000000 -1.000000 0.000000
vn 0.000000 -1.000000 0.000000
vn 0.000000 -1.000000 0.000000
vn 0.000000 -1.000000 0.000000
vn 0.000000 -1.000000 0.000000
vn 0.000000 -1.000000 0.000000
vn 0.000000 -1.000000 0.000000
vn 0.000000 -1.000000 0.000000
vn 0.000000 -1.000000 0.000000
vn 0.207858 -0.958946 -0.192921
vn 0.117330 -0.990017 -0.078097
vn 0.137044 -0.987999 -0.071257
vn 0.238891 -0.952402 -0.189371
vn 0.117330 -0.990017 -0.078097
vn 0.207858 -0.958946 -0.192921
vn 0.163231 -0.971442 -0.172208
vn 0.093065 -0.992616 -0.077800
vn 0.207858 -0.958946 -0.192921
vn 0.283584 -0.902821 -0.323257
vn 0.226314 -0.933120 -0.279409
vn 0.163231 -0.971442 -0.172208
vn 0.498123 -0.321527 -0.805291
vn 0.322063 -0.889696 -0.323600
vn 0.242477 -0.951940 -0.187122
vn 0.478872 -0.474570 -0.738556
vn 0.050779 -0.998442 -0.023118
vn 0.020543 -0.999544 -0.022138
vn 0.019234 -0.999477 -0.025990
vn 0.058111 -0.998123 -0.019326
vn 0.020543 -0.999544 -0.022138
vn 0.050779 -0.998442 -0.023118
vn 0.042197 -0.998753 -0.026675
vn 0.018035 -0.999735 -0.014313
vn 0.093065 -0.992616 -0.077800
vn 0.042197 -0.998753 -0.026675
vn 0.050779 -0.998442 -0.023118
vn 0.117330 -0.990017 -0.078097
vn 0.430419 -0.610680 -0.664688
vn 0.139609 -0.987748 -0.069739
vn 0.059136 -0.998075 -0.018715
vn 0.380514 -0.677073 -0.629905
vn 0.020751 -0.993506 -0.111874
vn 0.059323 -0.971111 -0.231138
vn 0.083593 -0.937475 -0.337866
vn 0.032533 -0.983552 -0.177672
vn 0.334392 -0.560236 -0.757838
vn 0.020265 -0.977790 -0.208604
vn 0.068623 -0.919802 -0.386336
vn 0.353646 -0.392533 -0.849031
vn 0.173726 -0.836868 -0.519107
vn 0.165305 -0.796305 -0.581870
vn 0.071753 -0.920229 -0.384746
vn 0.083593 -0.937475 -0.337866
vn 0.127111 -0.921419 -0.367192
vn 0.173726 -0.836868 -0.519107
vn 0.083593 -0.937475 -0.337866
vn 0.059323 -0.971111 -0.231138
vn 0.093065 -0.992616 -0.077800
vn 0.163231 -0.971442 -0.172208
vn 0.120297 -0.983248 -0.136935
vn 0.069979 -0.995200 -0.068405
vn 0.069979 -0.995200 -0.068405
vn 0.120297 -0.983248 -0.136935
vn 0.085166 -0.990886 -0.104360
vn 0.047493 -0.997533 -0.051697
vn 0.120297 -0.983248 -0.136935
vn 0.167310 -0.962064 -0.215501
vn 0.122118 -0.978528 -0.166042
vn 0.085166 -0.990886 -0.104360
vn 0.163231 -0.971442 -0.172208
vn 0.226314 -0.933120 -0.279409
vn 0.167310 -0.962064 -0.215501
vn 0.120297 -0.983248 -0.136935
vn 0.018035 -0.999735 -0.014313
vn 0.042197 -0.998753 -0.026675
vn 0.032392 -0.999117 -0.026756
vn 0.011825 -0.999901 -0.007578
vn 0.011825 -0.999901 -0.007578
vn 0.032392 -0.999117 -0.026756
vn 0.020775 -0.999575 -0.020468
vn 0.006288 -0.999970 -0.004534
vn 0.047493 -0.997533 -0.051697
vn 0.020775 -0.999575 -0.020468
vn 0.032392 -0.999117 -0.026756
vn 0.069979 -0.995200 -0.068405
vn 0.069979 -0.995200 -0.068405
vn 0.032392 -0.999117 -0.026756
vn 0.042197 -0.998753 -0.026675
vn 0.093065 -0.992616 -0.077800
vn -0.002225 -0.999661 -0.025944
vn 0.019450 -0.995964 -0.087618
vn 0.025967 -0.991172 -0.130011
vn 0.001336 -0.998748 -0.050001
vn 0.001336 -0.998748 -0.050001
vn 0.025967 -0.991172 -0.130011
vn 0.059323 -0.971111 -0.231138
vn 0.020751 -0.993506 -0.111874
vn 0.025967 -0.991172 -0.130011
vn 0.069998 -0.972904 -0.220358
vn 0.127111 -0.921419 -0.367192
vn 0.059323 -0.971111 -0.231138
vn 0.019450 -0.995964 -0.087618
vn 0.054956 -0.985750 -0.158987
vn 0.069998 -0.972904 -0.220358
vn 0.025967 -0.991172 -0.130011
vn 0.000000 -1.000000 0.000000
vn 0.000000 -1.000000 0.000000
vn 0.004571 -0.999956 -0.008218
vn 0.001137 -0.999997 -0.002040
vn 0.001137 -0.999997 -0.002040
vn 0.004571 -0.999956 -0.008218
vn 0.015577 -0.999287 -0.034398
vn 0.003023 -0.999955 -0.009044
vn 0.004571 -0.999956 -0.008218
vn 0.008906 -0.999832 -0.016019
vn 0.032397 -0.997317 -0.065651
vn 0.015577 -0.999287 -0.034398
vn 0.000000 -1.000000 0.000000
vn 0.000000 -1.000000 0.000000
vn 0.008906 -0.999832 -0.016019
vn 0.004571 -0.999956 -0.008218
vn 0.000000 -1.000000 0.000000
vn 0.000000 -1.000000 0.000000
vn 0.000000 -1.000000 0.000000
vn 0.000209 -1.000000 -0.000374
vn 0.000209 -1.000000 -0.000374
vn 0.000000 -1.000000 0.000000
vn -0.000308 -1.000000 -0.000179
vn 0.001118 -0.999999 -0.001334
vn 0.003023 -0.999955 -0.009044
vn -0.000308 -1.000000 -0.000179
vn 0.000000 -1.000000 0.000000
vn 0.001137 -0.999997 -0.002040
vn 0.001137 -0.999997 -0.002040
vn 0.000000 -1.000000 0.000000
vn 0.000000 -1.000000 0.000000
vn 0.000000 -1.000000 0.000000
vn 0.011334 -0.999801 -0.016399
vn 0.024582 -0.998972 -0.038095
vn 0.005564 -0.999936 -0.009880
vn 0.002436 -0.999988 -0.004333
vn 0.002436 -0.999988 -0.004333
vn 0.005564 -0.999936 -0.009880
vn 0.000000 -1.000000 0.000000
vn 0.000000 -1.000000 0.000000
vn 0.005564 -0.999936 -0.009880
vn 0.009312 -0.999820 -0.016524
vn 0.000000 -1.000000 0.000000
vn 0.000000 -1.000000 0.000000
vn 0.024582 -0.998972 -0.038095
vn 0.039694 -0.997138 -0.064346
vn 0.009312 -0.999820 -0.016524
vn 0.005564 -0.999936 -0.009880
vn 0.000000 -1.000000 0.000000
vn 0.000000 -1.000000 0.000000
vn 0.000000 -1.000000 0.000000
vn 0.000000 -1.000000 0.000000
vn 0.000000 -1.000000 0.000000
vn 0.000000 -1.000000 0.000000
vn 0.000000 -1.000000 0.000000
vn 0.000000 -1.000000 0.000000
vn 0.000000 -1.000000 0.000000
vn 0.000000 -1.000000 0.000000
vn 0.000000 -1.000000 0.000000
vn 0.000000 -1.000000 0.000000
vn -0.611534 -0.707107 -0.355002
vn 0.000000 -1.000000 0.000000
vn 0.000000 -1.000000 0.000000
vn -0.611534 -0.707107 -0.355002
vn -0.467405 -0.562478 0.682020
vn -0.401218 -0.649522 0.645868
vn -0.300764 0.756196 0.581127
vn -0.243191 0.818720 0.520150
vn -0.401218 -0.649522 0.645868
vn -0.362595 -0.694623 0.621308
vn -0.331405 0.718955 0.610961
vn -0.300764 0.756196 0.581127
vn 0.611534 -0.707106 0.355002
vn 0.611534 -0.707107 0.355002
vn 0.611534 0.707107 0.355002
vn 0.611534 0.707106 0.355002
vn 0.611534 -0.707107 0.355002
vn 0.611534 -0.707107 0.355002
vn 0.611534 0.707107 0.355002
vn 0.611534 0.707107 0.355002
vn -0.632384 -0.712306 -0.304484
vn -0.661180 -0.699114 -0.272177
vn -0.561796 0.701782 -0.438050
vn -0.591470 0.697461 -0.404612
vn -0.661180 -0.699114 -0.272177
vn -0.682731 -0.682984 -0.259637
vn -0.537771 0.710327 -0.454134
vn -0.561796 0.701782 -0.438050
vn 0.611534 -0.707107 0.355002
vn 0.611534 -0.707107 0.355002
vn 0.611534 0.707107 0.355002
vn 0.611534 0.707107 0.355002
vn 0.611534 -0.707107 0.355002
vn 0.611534 -0.707107 0.355002
vn 0.611534 0.707107 0.355002
vn 0.611534 0.707107 0.355002
vn -0.611534 -0.707107 -0.355002
vn -0.611534 -0.707107 -0.355002
vn -0.611534 0.707107 -0.355002
vn -0.611534 0.707107 -0.355002
vn -0.611534 -0.707107 -0.355002
vn -0.611534 -0.707107 -0.355002
vn -0.611533 0.707108 -0.355002
vn -0.611534 0.707107 -0.355002
vn 0.611534 -0.707107 0.355002
vn 0.611534 -0.707107 0.355002
vn 0.611534 0.707107 0.355002
vn 0.611534 0.707107 0.355002
vn 0.611534 -0.707107 0.355002
vn 0.611534 -0.707107 0.355002
vn 0.611534 0.707107 0.355002
vn 0.611534 0.707107 0.355002
vn -0.345578 -0.706960 0.617076
vn -0.344940 -0.707034 0.617349
vn -0.344940 0.707033 0.617350
vn -0.345578 0.706960 0.617076
vn -0.344720 0.707072 0.617428
vn -0.344706 -0.707109 0.617393
vn 0.215943 -0.578228 0.786779
vn 0.215943 0.578228 0.786779
vn 0.611533 0.707108 0.355001
vn 0.611533 -0.707108 0.355001
vn 0.611534 -0.707106 0.355003
vn 0.611534 0.707106 0.355003
vn 0.611534 -0.707106 0.355003
vn 0.611534 -0.707106 0.355002
vn 0.611534 0.707106 0.355002
vn 0.611534 0.707106 0.355003
vn -0.362595 -0.694623 0.621308
vn -0.348367 -0.707870 0.614460
vn -0.344428 0.706028 0.618785
vn -0.331405 0.718955 0.610961
vn -0.348367 -0.707870 0.614460
vn -0.345578 -0.706960 0.617076
vn -0.345578 0.706960 0.617076
vn -0.344428 0.706028 0.618785
vn -0.760360 -0.637449 -0.124543
vn -0.831996 -0.551751 -0.057910
vn -0.363646 0.624275 -0.691406
vn -0.457745 0.661585 -0.593949
vn 0.013299 0.979481 0.201097
vn -0.558659 -0.159472 0.813922
vn -0.534787 -0.396252 0.746316
vn -0.131401 0.910398 0.392312
vn -0.300603 0.621304 -0.723616
vn -0.866389 -0.495125 -0.064980
vn -0.934258 -0.056105 0.352156
vn -0.477946 0.860860 -0.174609
vn -0.534787 -0.396252 0.746316
vn -0.467405 -0.562478 0.682020
vn -0.243191 0.818720 0.520150
vn -0.131401 0.910398 0.392312
vn 0.611534 -0.707106 0.355002
vn 0.611533 -0.707107 0.355002
vn 0.611534 0.707107 0.355002
vn 0.611534 0.707106 0.355002
vn 0.611533 -0.707107 0.355002
vn 0.611534 -0.707106 0.355002
vn 0.611534 0.707106 0.355002
vn 0.611534 0.707107 0.355002
vn -0.682731 -0.682984 -0.259637
vn -0.705366 -0.672979 -0.222617
vn -0.513880 0.702115 -0.492911
vn -0.537771 0.710327 -0.454134
vn -0.705366 -0.672979 -0.222617
vn -0.760360 -0.637449 -0.124543
vn -0.457745 0.661585 -0.593949
vn -0.513880 0.702115 -0.492911
vn -0.611534 -0.707107 -0.355002
vn -0.614491 -0.711436 -0.340970
vn -0.608715 0.702407 -0.368906
vn -0.611533 0.707108 -0.355002
vn -0.614491 -0.711436 -0.340970
vn -0.632384 -0.712306 -0.304484
vn -0.591470 0.697461 -0.404612
vn -0.608715 0.702407 -0.368906
vn 0.611534 -0.707107 0.355002
vn 0.611533 -0.707107 0.355002
vn 0.611533 0.707107 0.355001
vn 0.611534 0.707107 0.355002
vn 0.611533 -0.707107 0.355002
vn 0.611534 -0.707107 0.355002
vn 0.611534 0.707107 0.355002
vn 0.611533 0.707107 0.355001
vn -0.611534 -0.707107 -0.355002
vn -0.611534 -0.707107 -0.355002
vn -0.611534 0.707107 -0.355002
vn -0.611534 0.707107 -0.355002
vn -0.611534 -0.707107 -0.355002
vn -0.611534 -0.707107 -0.355002
vn -0.611534 0.707107 -0.355002
vn -0.611534 0.707107 -0.355002
vn 0.340361 -0.649592 -0.679842
vn 0.334392 -0.560236 -0.757838
vn 0.312353 0.820392 -0.478949
vn 0.331536 0.756553 -0.563658
vn 0.351947 -0.687861 -0.634807
vn 0.340361 -0.649592 -0.679842
vn 0.331536 0.756553 -0.563658
vn 0.328549 0.725703 -0.604492
vn 0.634167 -0.710566 0.304843
vn 0.665308 -0.697617 0.265887
vn 0.557560 0.701148 0.444431
vn 0.589536 0.699213 0.404410
vn 0.665308 -0.697617 0.265887
vn 0.694161 -0.679947 0.236246
vn 0.526135 0.703554 0.477695
vn 0.557560 0.701148 0.444431
vn -0.568093 -0.678710 -0.465428
vn -0.567633 -0.695735 -0.440165
vn -0.655993 0.705278 -0.268804
vn -0.657478 0.714529 -0.239104
vn -0.567633 -0.695735 -0.440165
vn -0.580034 -0.710483 -0.398465
vn -0.642765 0.699458 -0.312429
vn -0.655993 0.705278 -0.268804
vn 0.611534 -0.707107 0.355002
vn 0.611534 -0.707107 0.355002
vn 0.611534 0.707107 0.355002
vn 0.611534 0.707107 0.355002
vn 0.611534 -0.707107 0.355002
vn 0.611534 -0.707107 0.355002
vn 0.611536 0.707106 0.354999
vn 0.611534 0.707107 0.355002
vn -0.611534 -0.707107 -0.355002
vn -0.611534 -0.707107 -0.355002
vn -0.611534 0.707107 -0.355002
vn -0.611533 0.707106 -0.355003
vn -0.611534 -0.707107 -0.355002
vn -0.611534 -0.707107 -0.355002
vn -0.611534 0.707107 -0.355002
vn -0.611534 0.707107 -0.355002
vn 0.611534 -0.707107 0.355002
vn 0.611534 -0.707107 0.355002
vn 0.611534 0.707107 0.355002
vn 0.611534 0.707107 0.355002
vn 0.611534 -0.707107 0.355002
vn 0.611534 -0.707107 0.355002
vn 0.611534 0.707107 0.355002
vn 0.611534 0.707107 0.355002
vn 0.478872 -0.474570 -0.738556
vn 0.430419 -0.610680 -0.664688
vn 0.234045 0.787742 -0.569811
vn 0.133476 0.871999 -0.470959
vn 0.760844 -0.628748 0.160598
vn 0.799026 -0.583859 0.143757
vn 0.393695 0.690633 0.606655
vn 0.448331 0.690048 0.568184
vn 0.360032 0.700814 0.615822
vn 0.817978 -0.554577 0.152829
vn 0.918753 -0.181028 -0.350888
vn 0.547166 0.836659 0.024732
vn 0.042574 0.936649 -0.347674
vn 0.498123 -0.321527 -0.805291
vn 0.478872 -0.474570 -0.738556
vn 0.133476 0.871999 -0.470959
vn 0.380514 -0.677073 -0.629905
vn 0.351947 -0.687861 -0.634807
vn 0.328549 0.725703 -0.604492
vn 0.299283 0.734727 -0.608774
vn 0.430419 -0.610680 -0.664688
vn 0.380514 -0.677073 -0.629905
vn 0.299283 0.734727 -0.608774
vn 0.234045 0.787742 -0.569811
vn 0.334392 -0.560236 -0.757838
vn 0.353646 -0.392533 -0.849031
vn 0.262227 0.912109 -0.315111
vn 0.312353 0.820392 -0.478949
vn -0.767953 0.630716 0.111559
vn -0.501037 -0.483077 -0.718052
vn -0.478371 -0.540016 -0.692491
vn -0.770715 0.635891 0.040508
vn 0.169614 0.982523 -0.076681
vn 0.400739 -0.139809 -0.905462
vn -0.181371 -0.050959 -0.982094
vn -0.390897 0.865971 -0.311920
vn -0.478371 -0.540016 -0.692491
vn -0.496148 -0.629031 -0.598462
vn -0.734735 0.671588 -0.095568
vn -0.770715 0.635891 0.040508
vn 0.694161 -0.679947 0.236246
vn 0.723024 -0.660575 0.202181
vn 0.493709 0.699540 0.516620
vn 0.526135 0.703554 0.477695
vn 0.723024 -0.660575 0.202181
vn 0.760844 -0.628748 0.160598
vn 0.448331 0.690048 0.568184
vn 0.493709 0.699540 0.516620
vn -0.496148 -0.629031 -0.598462
vn -0.549132 -0.667373 -0.503058
vn -0.677774 0.708031 -0.198279
vn -0.734735 0.671588 -0.095568
vn -0.549132 -0.667373 -0.503058
vn -0.568093 -0.678710 -0.465428
vn -0.657478 0.714529 -0.239104
vn -0.677774 0.708031 -0.198279
vn -0.580034 -0.710483 -0.398465
vn -0.601409 -0.710949 -0.364498
vn -0.621618 0.702918 -0.345684
vn -0.642765 0.699458 -0.312429
vn -0.601409 -0.710949 -0.364498
vn -0.611534 -0.707107 -0.355002
vn -0.611533 0.707106 -0.355003
vn -0.621618 0.702918 -0.345684
vn 0.611534 -0.707107 0.355002
vn 0.614970 -0.710965 0.341087
vn 0.608241 0.702884 0.368778
vn 0.611536 0.707106 0.354999
vn 0.614970 -0.710965 0.341087
vn 0.634167 -0.710566 0.304843
vn 0.589536 0.699213 0.404410
vn 0.608241 0.702884 0.368778
vn -0.611534 -0.707107 -0.355002
vn -0.611534 -0.707107 -0.355002
vn -0.611534 0.707107 -0.355002
vn -0.611534 0.707107 -0.355002
vn -0.611534 -0.707107 -0.355002
vn -0.611534 -0.707107 -0.355002
vn -0.611534 0.707107 -0.355002
vn -0.611534 0.707107 -0.355002
vn 0.039760 0.997156 -0.064027
vn 0.078670 0.990584 -0.112046
vn 0.076665 0.991140 -0.108466
vn 0.038637 0.997326 -0.062028
vn 0.063738 0.996045 -0.061910
vn 0.043938 0.997602 -0.053477
vn 0.076665 0.991140 -0.108466
vn 0.105617 0.985925 -0.129604
vn 0.000000 1.000000 0.000000
vn 0.000000 1.000000 0.000000
vn 0.000000 1.000000 0.000000
vn 0.000000 1.000000 0.000000
vn 0.000000 1.000000 0.000000
vn 0.000000 1.000000 0.000000
vn 0.000000 1.000000 0.000000
vn 0.000000 1.000000 0.000001
vn 0.248862 0.918073 -0.308562
vn 0.354626 0.829916 -0.430674
vn 0.348484 0.838466 -0.418968
vn 0.244050 0.922274 -0.299751
vn -0.131401 0.910398 0.392312
vn 0.290154 0.921401 -0.258516
vn 0.409076 0.798258 -0.442086
vn 0.013299 0.979481 0.201097
vn 0.108066 0.985065 -0.134045
vn 0.152669 0.971769 -0.179883
vn 0.149559 0.973284 -0.174215
vn 0.105617 0.985925 -0.129604
vn 0.164121 0.971603 -0.170445
vn 0.096061 0.991360 -0.089320
vn 0.149559 0.973284 -0.174215
vn 0.244050 0.922274 -0.299751
vn 0.000000 1.000000 0.000001
vn 0.009191 0.999821 -0.016514
vn 0.008913 0.999832 -0.016009
vn 0.000000 1.000000 0.000001
vn 0.020957 0.999291 -0.031274
vn 0.004571 0.999956 -0.008216
vn 0.008913 0.999832 -0.016009
vn 0.038637 0.997326 -0.062028
vn 0.000000 1.000000 0.000000
vn 0.000000 1.000000 0.000000
vn 0.000000 1.000000 0.000000
vn 0.000000 1.000000 0.000000
vn 0.000000 1.000000 0.000000
vn 0.000000 1.000000 0.000000
vn 0.000000 1.000000 0.000000
vn 0.000000 1.000000 0.000000
vn -0.022490 0.997571 0.065925
vn -0.019449 0.995965 0.087611
vn -0.054944 0.985751 0.158987
vn -0.051987 0.991071 0.122781
vn -0.015577 0.999287 0.034396
vn -0.022490 0.997571 0.065925
vn -0.051987 0.991071 0.122781
vn -0.032395 0.997317 0.065651
vn 0.000000 1.000000 0.000000
vn 0.000000 1.000000 0.000000
vn 0.000001 1.000000 -0.000001
vn 0.000000 1.000000 0.000000
vn 0.000000 1.000000 0.000000
vn 0.000000 1.000000 0.000000
vn 0.000000 1.000000 0.000000
vn 0.000000 1.000000 0.000000
vn -0.083623 0.937468 0.337877
vn -0.071770 0.920223 0.384758
vn -0.165224 0.796248 0.581971
vn -0.173688 0.836816 0.519203
vn -0.059328 0.971113 0.231128
vn -0.083623 0.937468 0.337877
vn -0.173688 0.836816 0.519203
vn -0.127082 0.921413 0.367218
vn -0.025956 0.991176 0.129986
vn -0.059328 0.971113 0.231128
vn -0.127082 0.921413 0.367218
vn -0.069959 0.972915 0.220324
vn -0.019449 0.995965 0.087611
vn -0.025956 0.991176 0.129986
vn -0.069959 0.972915 0.220324
vn -0.054944 0.985751 0.158987
vn -0.004570 0.999956 0.008216
vn -0.015577 0.999287 0.034396
vn -0.032395 0.997317 0.065651
vn -0.008903 0.999832 0.016014
vn 0.000000 1.000000 0.000000
vn -0.004570 0.999956 0.008216
vn -0.008903 0.999832 0.016014
vn 0.000001 1.000000 -0.000001
vn 0.000000 1.000000 0.000000
vn 0.000000 1.000000 0.000000
vn 0.000000 1.000000 0.000000
vn 0.000000 1.000000 0.000000
vn 0.000000 1.000000 0.000000
vn 0.000000 1.000000 0.000000
vn 0.000000 1.000000 0.000000
vn 0.000000 1.000000 0.000000
vn -0.038636 -0.997326 0.062030
vn -0.020958 -0.999291 0.031274
vn -0.043939 -0.997602 0.053475
vn -0.076657 -0.991140 0.108464
vn -0.105609 -0.985924 0.129617
vn -0.108078 -0.985064 0.134044
vn -0.078637 -0.990586 0.112052
vn -0.076657 -0.991140 0.108464
vn 0.000000 -1.000000 0.000000
vn 0.000000 -1.000000 0.000000
vn 0.000000 -1.000000 0.000000
vn 0.000000 -1.000000 0.000000
vn 0.000000 -1.000000 0.000000
vn 0.000000 -1.000000 0.000000
vn 0.000000 -1.000000 0.000000
vn 0.000000 -1.000000 0.000000
vn -0.244014 -0.922276 0.299772
vn -0.164133 -0.971601 0.170445
vn -0.241659 -0.938518 0.246547
vn -0.348377 -0.838515 0.418958
vn -0.558309 -0.143674 0.817098
vn -0.415458 -0.787889 0.454560
vn -0.408987 -0.798276 0.442137
vn -0.558659 -0.159472 0.813922
vn -0.105609 -0.985924 0.129617
vn -0.063742 -0.996044 0.061914
vn -0.096077 -0.991356 0.089341
vn -0.149568 -0.973272 0.174271
vn -0.244014 -0.922276 0.299772
vn -0.248793 -0.918085 0.308581
vn -0.152707 -0.971755 0.179924
vn -0.149568 -0.973272 0.174271
vn 0.000000 -1.000000 0.000000
vn 0.000000 -1.000000 0.000000
vn -0.004572 -0.999956 0.008217
vn -0.008915 -0.999832 0.016014
vn -0.038636 -0.997326 0.062030
vn -0.039764 -0.997156 0.064026
vn -0.009198 -0.999821 0.016519
vn -0.008915 -0.999832 0.016014
vn 0.000000 -1.000000 0.000000
vn 0.000000 -1.000000 0.000000
vn 0.000000 -1.000000 0.000000
vn 0.000000 -1.000000 0.000000
vn 0.000000 -1.000000 0.000000
vn 0.000000 -1.000000 0.000000
vn 0.000000 -1.000000 0.000000
vn 0.000000 -1.000000 0.000000
vn 0.051990 -0.991072 -0.122772
vn 0.053987 -0.990515 -0.126352
vn 0.057449 -0.984886 -0.163397
vn 0.054956 -0.985750 -0.158987
vn 0.032397 -0.997317 -0.065651
vn 0.033512 -0.997146 -0.067647
vn 0.053987 -0.990515 -0.126352
vn 0.051990 -0.991072 -0.122772
vn 0.000000 -1.000000 0.000000
vn 0.000000 -1.000000 0.000000
vn 0.000000 -1.000000 0.000000
vn 0.000000 -1.000000 0.000000
vn 0.000000 -1.000000 0.000000
vn 0.000000 -1.000000 0.000000
vn 0.000000 -1.000000 0.000000
vn 0.000000 -1.000000 0.000000
vn 0.180331 -0.828300 -0.530471
vn 0.171755 -0.785753 -0.594216
vn 0.165305 -0.796305 -0.581870
vn 0.173726 -0.836868 -0.519107
vn 0.132070 -0.917212 -0.375871
vn 0.180331 -0.828300 -0.530471
vn 0.173726 -0.836868 -0.519107
vn 0.127111 -0.921419 -0.367192
vn 0.069998 -0.972904 -0.220358
vn 0.073142 -0.971377 -0.226002
vn 0.132070 -0.917212 -0.375871
vn 0.127111 -0.921419 -0.367192
vn 0.054956 -0.985750 -0.158987
vn 0.057449 -0.984886 -0.163397
vn 0.073142 -0.971377 -0.226002
vn 0.069998 -0.972904 -0.220358
vn 0.008906 -0.999832 -0.016019
vn 0.009186 -0.999821 -0.016527
vn 0.033512 -0.997146 -0.067647
vn 0.032397 -0.997317 -0.065651
vn 0.000000 -1.000000 0.000000
vn 0.000000 -1.000000 0.000000
vn 0.009186 -0.999821 -0.016527
vn 0.008906 -0.999832 -0.016019
vn 0.000000 -1.000000 0.000000
vn 0.000000 -1.000000 0.000000
vn 0.000000 -1.000000 0.000000
vn 0.000000 -1.000000 0.000000
vn 0.000000 -1.000000 0.000000
vn 0.000000 -1.000000 0.000000
vn 0.000000 -1.000000 0.000000
vn 0.000000 -1.000000 0.000000
vn 0.022453 0.981955 0.187778
vn -0.558309 -0.143674 0.817098
vn -0.558659 -0.159472 0.813922
vn 0.013299 0.979481 0.201097
vn 0.262227 0.912109 -0.315111
vn 0.353646 -0.392533 -0.849031
vn 0.397901 -0.155804 -0.904102
vn 0.176191 0.980084 -0.091610
vn 0.056039 0.997120 -0.051092
vn 0.132821 0.983905 -0.119537
vn 0.157907 0.978992 -0.128994
vn 0.070174 0.996034 -0.054705
vn 0.015583 0.999809 -0.011783
vn 0.056039 0.997120 -0.051092
vn 0.070174 0.996034 -0.054705
vn 0.021329 0.999707 -0.011419
vn 0.000000 1.000000 0.000000
vn 0.000000 1.000000 0.000000
vn 0.000000 1.000000 0.000000
vn 0.000000 1.000000 0.000000
vn 0.611534 0.707106 0.355003
vn 0.000000 1.000000 0.000000
vn 0.000000 1.000000 0.000000
vn 0.611533 0.707108 0.355001
vn 0.001690 0.999998 0.000981
vn 0.015583 0.999809 -0.011783
vn 0.021329 0.999707 -0.011419
vn 0.002809 0.999995 0.001630
vn 0.000000 1.000000 0.000000
vn 0.001690 0.999998 0.000981
vn 0.002809 0.999995 0.001630
vn 0.000000 1.000000 0.000000
vn 0.397393 0.799677 -0.450107
vn 0.348484 0.838466 -0.418968
vn 0.354626 0.829916 -0.430674
vn 0.404041 0.789192 -0.462522
vn 0.132821 0.983905 -0.119537
vn 0.241652 0.938511 -0.246579
vn 0.280061 0.922687 -0.264980
vn 0.157907 0.978992 -0.128994
vn -0.074649 -0.995848 0.052095
vn -0.165107 -0.978361 0.124694
vn -0.157915 -0.978992 0.128984
vn -0.070178 -0.996033 0.054702
vn -0.023540 -0.999672 0.010132
vn -0.074649 -0.995848 0.052095
vn -0.070178 -0.996033 0.054702
vn -0.021331 -0.999707 0.011418
vn 0.000000 -1.000000 0.000000
vn 0.000000 -1.000000 0.000000
vn 0.000000 -1.000000 0.000000
vn 0.000000 -1.000000 0.000000
vn 0.611545 -0.707121 0.354954
vn 0.000000 -1.000000 0.000000
vn 0.000000 -1.000000 0.000000
vn 0.611533 -0.707108 0.355001
vn -0.003361 -0.999992 -0.001951
vn -0.023540 -0.999672 0.010132
vn -0.021331 -0.999707 0.011418
vn -0.002809 -0.999995 -0.001631
vn 0.000000 -1.000000 0.000000
vn -0.003361 -0.999992 -0.001951
vn -0.002809 -0.999995 -0.001631
vn 0.000000 -1.000000 0.000000
vn -0.290151 -0.921413 0.258477
vn -0.408987 -0.798276 0.442137
vn -0.397268 -0.799729 0.450125
vn -0.280063 -0.922691 0.264963
vn -0.165107 -0.978361 0.124694
vn -0.290151 -0.921413 0.258477
vn -0.280063 -0.922691 0.264963
vn -0.157915 -0.978992 0.128984
vn 0.611545 0.707121 0.354953
vn 0.611545 -0.707121 0.354954
vn 0.611533 -0.707108 0.355001
vn 0.611533 0.707108 0.355001
vn -0.363646 0.624275 -0.691406
vn -0.831996 -0.551751 -0.057910
vn -0.863295 -0.501382 -0.057770
vn -0.309281 0.616323 -0.724218
vn 0.241652 0.938511 -0.246579
vn 0.348484 0.838466 -0.418968
vn 0.397393 0.799677 -0.450107
vn 0.280061 0.922687 -0.264980
vn -0.831996 -0.551751 -0.057910
vn -0.354574 -0.829968 0.430616
vn -0.403813 -0.789254 0.462616
vn -0.863295 -0.501382 -0.057770
vn 0.000000 1.000000 0.000000
vn 0.000000 1.000000 0.000000
vn 0.000000 1.000000 0.000000
vn 0.000000 1.000000 0.000000
vn 0.000000 1.000000 0.000000
vn 0.000000 1.000000 0.000000
vn 0.000000 1.000000 0.000000
vn 0.000000 1.000000 0.000000
vn 0.000000 1.000000 0.000000
vn 0.000000 1.000000 0.000000
vn 0.000000 1.000000 0.000000
vn 0.000000 1.000000 0.000000
vn 0.000000 1.000000 0.000000
vn 0.000000 1.000000 0.000000
vn 0.000000 1.000000 0.000000
vn 0.000000 1.000000 0.000000
vn 0.000000 1.000000 0.000000
vn 0.000000 1.000000 0.000000
vn 0.000000 1.000000 0.000000
vn 0.000000 1.000000 0.000000
vn 0.000000 1.000000 0.000000
vn 0.000000 1.000000 0.000000
vn 0.000000 1.000000 0.000000
vn 0.000000 1.000000 0.000000
vn -0.344720 0.707072 0.617428
vn 0.000000 1.000000 0.000000
vn 0.000000 1.000000 0.000000
vn -0.344734 0.707032 0.617466
vn 0.000000 1.000000 0.000000
vn 0.000000 1.000000 0.000000
vn 0.000000 1.000000 0.000000
vn 0.000000 1.000000 0.000000
vn 0.000000 1.000000 0.000000
vn 0.000000 1.000000 0.000000
vn 0.000000 1.000000 0.000000
vn 0.000000 1.000000 0.000000
vn 0.000000 1.000000 0.000000
vn 0.000000 1.000000 0.000000
vn 0.000000 1.000000 0.000000
vn 0.000000 1.000000 0.000000
vn 0.000000 1.000000 0.000000
vn 0.000000 1.000000 0.000000
vn 0.000000 1.000000 0.000000
vn 0.000000 1.000000 0.000000
vn 0.000000 1.000000 0.000000
vn 0.000000 1.000000 0.000000
vn 0.000000 1.000000 0.000000
vn 0.000000 1.000000 0.000000
vn -0.053494 0.995908 0.072845
vn -0.024581 0.998972 0.038094
vn -0.039695 0.997138 0.064344
vn -0.081740 0.989301 0.120838
vn -0.085165 0.990886 0.104360
vn -0.053494 0.995908 0.072845
vn -0.081740 0.989301 0.120838
vn -0.122126 0.978528 0.166037
vn 0.000000 1.000000 0.000000
vn 0.000000 1.000000 0.000000
vn 0.000000 1.000000 0.000000
vn 0.000000 1.000000 0.000000
vn 0.000000 1.000000 0.000000
vn 0.000000 1.000000 0.000000
vn 0.000000 1.000000 0.000000
vn 0.000001 1.000000 -0.000001
vn 0.000000 1.000000 0.000000
vn 0.000000 1.000000 0.000000
vn 0.000000 1.000000 0.000000
vn 0.000000 1.000000 0.000000
vn 0.000000 1.000000 0.000000
vn 0.000000 1.000000 0.000000
vn 0.000000 1.000000 0.000000
vn 0.000000 1.000000 0.000000
vn -0.207858 0.958944 0.192927
vn -0.163230 0.971442 0.172209
vn -0.226341 0.933116 0.279399
vn -0.283619 0.902813 0.323248
vn 0.133476 0.871999 -0.470959
vn -0.242464 0.951947 0.187106
vn -0.322093 0.889693 0.323577
vn 0.042574 0.936649 -0.347674
vn -0.120295 0.983249 0.136933
vn -0.085165 0.990886 0.104360
vn -0.122126 0.978528 0.166037
vn -0.167321 0.962065 0.215489
vn -0.163230 0.971442 0.172209
vn -0.120295 0.983249 0.136933
vn -0.167321 0.962065 0.215489
vn -0.226341 0.933116 0.279399
vn -0.005563 0.999936 0.009878
vn 0.000000 1.000000 0.000000
vn 0.000001 1.000000 -0.000001
vn -0.009309 0.999820 0.016520
vn -0.024581 0.998972 0.038094
vn -0.005563 0.999936 0.009878
vn -0.009309 0.999820 0.016520
vn -0.039695 0.997138 0.064344
vn 0.000000 -1.000000 0.000000
vn 0.000000 -1.000000 0.000000
vn 0.000000 -1.000000 0.000000
vn 0.000000 -1.000000 0.000000
vn 0.000000 -1.000000 0.000000
vn 0.000000 -1.000000 0.000000
vn 0.000000 -1.000000 0.000000
vn 0.000000 -1.000000 0.000000
vn 0.000000 -1.000000 0.000000
vn 0.000000 -1.000000 0.000000
vn 0.000000 -1.000000 0.000000
vn 0.000000 -1.000000 0.000000
vn 0.000000 -1.000000 0.000000
vn 0.000000 -1.000000 0.000000
vn 0.000000 -1.000000 0.000000
vn 0.000000 -1.000000 0.000000
vn 0.000000 -1.000000 0.000000
vn 0.000000 -1.000000 0.000000
vn 0.000000 -1.000000 0.000000
vn 0.000000 -1.000000 0.000000
vn 0.000000 -1.000000 0.000000
vn 0.000000 -1.000000 0.000000
vn 0.000000 -1.000000 0.000000
vn 0.000000 -1.000000 0.000000
vn 0.000000 -1.000000 0.000000
vn 0.000000 -1.000000 0.000000
vn 0.000000 -1.000000 0.000000
vn 0.000000 -1.000000 0.000000
vn 0.000000 -1.000000 0.000000
vn 0.000000 -1.000000 0.000000
vn 0.000000 -1.000000 0.000000
vn 0.000000 -1.000000 0.000000
vn 0.000000 -1.000000 0.000000
vn 0.000000 -1.000000 0.000000
vn 0.000000 -1.000000 0.000000
vn 0.000000 -1.000000 0.000000
vn 0.000000 -1.000000 0.000000
vn 0.000000 -1.000000 0.000000
vn 0.000000 -1.000000 0.000000
vn 0.000000 -1.000000 0.000000
vn 0.000000 -1.000000 0.000000
vn 0.000000 -1.000000 0.000000
vn 0.000000 -1.000000 0.000000
vn 0.000000 -1.000000 0.000000
vn 0.000000 -1.000000 0.000000
vn 0.000000 -1.000000 0.000000
vn 0.000000 -1.000000 0.000000
vn 0.000000 -1.000000 0.000000
vn 0.082478 -0.989074 -0.122186
vn 0.040123 -0.997073 -0.065080
vn 0.039694 -0.997138 -0.064346
vn 0.081733 -0.989302 -0.120836
vn 0.123053 -0.978115 -0.167778
vn 0.082478 -0.989074 -0.122186
vn 0.081733 -0.989302 -0.120836
vn 0.122118 -0.978528 -0.166042
vn 0.000000 -1.000000 0.000000
vn 0.000000 -1.000000 0.000000
vn 0.000000 -1.000000 0.000000
vn 0.000000 -1.000000 0.000000
vn 0.000000 -1.000000 0.000000
vn 0.000000 -1.000000 0.000000
vn 0.000000 -1.000000 0.000000
vn 0.000000 -1.000000 0.000000
vn 0.000000 -1.000000 0.000000
vn 0.000000 -1.000000 0.000000
vn 0.000000 -1.000000 0.000000
vn 0.000000 -1.000000 0.000000
vn 0.000000 -1.000000 0.000000
vn 0.000000 -1.000000 0.000000
vn 0.000000 -1.000000 0.000000
vn 0.000000 -1.000000 0.000000
vn 0.283584 -0.902821 -0.323257
vn 0.285247 -0.901050 -0.326716
vn 0.227764 -0.931889 -0.282323
vn 0.226314 -0.933120 -0.279409
vn 0.498123 -0.321527 -0.805291
vn 0.498149 -0.317527 -0.806861
vn 0.323728 -0.887744 -0.327279
vn 0.322063 -0.889696 -0.323600
vn 0.167310 -0.962064 -0.215501
vn 0.168490 -0.961369 -0.217673
vn 0.123053 -0.978115 -0.167778
vn 0.122118 -0.978528 -0.166042
vn 0.226314 -0.933120 -0.279409
vn 0.227764 -0.931889 -0.282323
vn 0.168490 -0.961369 -0.217673
vn 0.167310 -0.962064 -0.215501
vn 0.009418 -0.999816 -0.016710
vn 0.000000 -1.000000 0.000000
vn 0.000000 -1.000000 0.000000
vn 0.009312 -0.999820 -0.016524
vn 0.040123 -0.997073 -0.065080
vn 0.009418 -0.999816 -0.016710
vn 0.009312 -0.999820 -0.016524
vn 0.039694 -0.997138 -0.064346
vn -0.344940 0.707033 0.617350
vn -0.344940 -0.707034 0.617349
vn -0.344685 -0.707140 0.617370
vn -0.344734 0.707032 0.617466
vn 0.040468 0.938011 -0.344234
vn 0.498149 -0.317527 -0.806861
vn 0.498123 -0.321527 -0.805291
vn 0.042574 0.936649 -0.347674
vn 0.000000 1.000000 0.000000
vn 0.000000 1.000000 0.000000
vn 0.000000 1.000000 0.000000
vn 0.000000 1.000000 0.000000
vn -0.344940 -0.707034 0.617349
vn 0.000000 -1.000000 0.000000
vn 0.000000 -1.000000 0.000000
vn -0.344685 -0.707140 0.617370
vn -0.022786 0.978031 0.207213
vn -0.032553 0.983552 0.177670
vn -0.017557 0.997146 0.073430
vn -0.011318 0.995979 0.088866
vn -0.018863 0.999479 0.026198
vn -0.009775 0.995915 0.089770
vn -0.011318 0.995979 0.088866
vn -0.019235 0.999477 0.025989
vn -0.137034 0.987999 0.071271
vn -0.117319 0.990018 0.078105
vn -0.207858 0.958944 0.192927
vn -0.238893 0.952400 0.189381
vn 0.362645 0.699079 0.616260
vn 0.360032 0.700814 0.615822
vn -0.323760 0.887771 0.327174
vn -0.320099 0.888204 0.329592
vn -0.019235 0.999477 0.025989
vn -0.020545 0.999544 0.022137
vn -0.050774 0.998442 0.023122
vn -0.058105 0.998123 0.019329
vn -0.139583 0.987752 0.069730
vn -0.059135 0.998074 0.018729
vn -0.058105 0.998123 0.019329
vn -0.137034 0.987999 0.071271
vn -0.020285 0.977787 0.208616
vn -0.068658 0.919786 0.386367
vn -0.071770 0.920223 0.384758
vn -0.022786 0.978031 0.207213
vn -0.770715 0.635891 0.040508
vn -0.180325 0.828238 0.530571
vn -0.171696 0.785695 0.594310
vn -0.767953 0.630716 0.111559
vn 0.020265 -0.977790 -0.208604
vn 0.009760 -0.995916 -0.089754
vn 0.011312 -0.995979 -0.088867
vn 0.022774 -0.978030 -0.207215
vn 0.020543 -0.999544 -0.022138
vn 0.017549 -0.997146 -0.073433
vn 0.011312 -0.995979 -0.088867
vn 0.019234 -0.999477 -0.025990
vn 0.139609 -0.987748 -0.069739
vn 0.242477 -0.951940 -0.187122
vn 0.238891 -0.952402 -0.189371
vn 0.137044 -0.987999 -0.071257
vn 0.283584 -0.902821 -0.323257
vn 0.207858 -0.958946 -0.192921
vn 0.238891 -0.952402 -0.189371
vn 0.318391 -0.890149 -0.325978
vn 0.018866 -0.999478 -0.026208
vn 0.059136 -0.998075 -0.018715
vn 0.058111 -0.998123 -0.019326
vn 0.019234 -0.999477 -0.025990
vn 0.117330 -0.990017 -0.078097
vn 0.050779 -0.998442 -0.023118
vn 0.058111 -0.998123 -0.019326
vn 0.137044 -0.987999 -0.071257
vn 0.032533 -0.983552 -0.177672
vn 0.083593 -0.937475 -0.337866
vn 0.071753 -0.920229 -0.384746
vn 0.022774 -0.978030 -0.207215
vn 0.161872 -0.795774 -0.583559
vn 0.068623 -0.919802 -0.386336
vn 0.071753 -0.920229 -0.384746
vn 0.165305 -0.796305 -0.581870
vn 0.393695 0.690633 0.606655
vn 0.799026 -0.583859 0.143757
vn 0.816855 -0.556765 0.150866
vn 0.362645 0.699079 0.616260
vn -0.767953 0.630716 0.111559
vn -0.766766 0.631853 0.113275
vn -0.502937 -0.481588 -0.717723
vn -0.501037 -0.483077 -0.718052
vn -0.068658 0.919786 0.386367
vn -0.161697 0.795868 0.583480
vn -0.165224 0.796248 0.581971
vn -0.071770 0.920223 0.384758
vn -0.502937 -0.481588 -0.717723
vn 0.168796 -0.785329 -0.595622
vn 0.171755 -0.785753 -0.594216
vn -0.501037 -0.483077 -0.718052
vn -0.238893 0.952400 0.189381
vn -0.207858 0.958944 0.192927
vn -0.283619 0.902813 0.323248
vn -0.318431 0.890140 0.325965
vn 0.799026 -0.583859 0.143757
vn 0.285247 -0.901050 -0.326716
vn 0.320056 -0.888214 -0.329607
vn 0.816855 -0.556765 0.150866
vn -0.022786 0.978031 0.207213
vn -0.011318 0.995979 0.088866
vn -0.009775 0.995915 0.089770
vn -0.020285 0.977787 0.208616
vn -0.137034 0.987999 0.071271
vn -0.238893 0.952400 0.189381
vn -0.242464 0.951947 0.187106
vn -0.139583 0.987752 0.069730
vn -0.019235 0.999477 0.025989
vn -0.058105 0.998123 0.019329
vn -0.059135 0.998074 0.018729
vn -0.018863 0.999479 0.026198
vn -0.767953 0.630716 0.111559
vn -0.171696 0.785695 0.594310
vn -0.168731 0.785303 0.595676
vn -0.766766 0.631853 0.113275
vn 0.019234 -0.999477 -0.025990
vn 0.011312 -0.995979 -0.088867
vn 0.009760 -0.995916 -0.089754
vn 0.018866 -0.999478 -0.026208
vn 0.318391 -0.890149 -0.325978
vn 0.238891 -0.952402 -0.189371
vn 0.242477 -0.951940 -0.187122
vn 0.322063 -0.889696 -0.323600
vn 0.137044 -0.987999 -0.071257
vn 0.058111 -0.998123 -0.019326
vn 0.059136 -0.998075 -0.018715
vn 0.139609 -0.987748 -0.069739
vn 0.022774 -0.978030 -0.207215
vn 0.071753 -0.920229 -0.384746
vn 0.068623 -0.919802 -0.386336
vn 0.020265 -0.977790 -0.208604
vn 0.362645 0.699079 0.616260
vn 0.816855 -0.556765 0.150866
vn 0.817978 -0.554577 0.152829
vn 0.360032 0.700814 0.615822
vn -0.238893 0.952400 0.189381
vn -0.318431 0.890140 0.325965
vn -0.322093 0.889693 0.323577
vn -0.242464 0.951947 0.187106
vn 0.816855 -0.556765 0.150866
vn 0.320056 -0.888214 -0.329607
vn 0.323728 -0.887744 -0.327279
vn 0.817978 -0.554577 0.152829
vn 0.328549 0.725703 -0.604492
vn 0.331536 0.756553 -0.563658
vn -0.009775 0.995915 0.089770
vn -0.018863 0.999479 0.026198
vn 0.360032 0.700814 0.615822
vn 0.547166 0.836659 0.024732
vn 0.040468 0.938011 -0.344234
vn -0.323760 0.887771 0.327174
vn 0.234045 0.787742 -0.569811
vn 0.299283 0.734727 -0.608774
vn -0.059135 0.998074 0.018729
vn -0.139583 0.987752 0.069730
vn 0.312353 0.820392 -0.478949
vn 0.262227 0.912109 -0.315111
vn -0.068658 0.919786 0.386367
vn -0.020285 0.977787 0.208616
vn 0.334392 -0.560236 -0.757838
vn 0.340361 -0.649592 -0.679842
vn 0.009760 -0.995916 -0.089754
vn 0.020265 -0.977790 -0.208604
vn 0.430419 -0.610680 -0.664688
vn 0.478872 -0.474570 -0.738556
vn 0.242477 -0.951940 -0.187122
vn 0.139609 -0.987748 -0.069739
vn 0.351947 -0.687861 -0.634807
vn 0.380514 -0.677073 -0.629905
vn 0.059136 -0.998075 -0.018715
vn 0.018866 -0.999478 -0.026208
vn 0.397901 -0.155804 -0.904102
vn 0.353646 -0.392533 -0.849031
vn 0.068623 -0.919802 -0.386336
vn 0.161872 -0.795774 -0.583559
vn -0.766766 0.631853 0.113275
vn -0.390897 0.865971 -0.311920
vn -0.181371 -0.050959 -0.982094
vn -0.502937 -0.481588 -0.717723
vn 0.262227 0.912109 -0.315111
vn 0.176191 0.980084 -0.091610
vn -0.161697 0.795868 0.583480
vn -0.068658 0.919786 0.386367
vn 0.400739 -0.139809 -0.905462
vn 0.168796 -0.785329 -0.595622
vn -0.502937 -0.481588 -0.717723
vn -0.181371 -0.050959 -0.982094
vn 0.000000 1.000000 0.000000
vn 0.000000 1.000000 0.000000
vn 0.000000 1.000000 0.000000
vn 0.000000 1.000000 0.000000
vn 0.000000 1.000000 0.000000
vn 0.000000 1.000000 0.000000
vn 0.000000 1.000000 0.000000
vn 0.000000 1.000000 0.000000
vn 0.000000 1.000000 0.000000
vn 0.000000 1.000000 0.000000
vn 0.000000 1.000000 0.000000
vn 0.000000 1.000000 0.000000
vn 0.000000 1.000000 0.000000
vn 0.000000 1.000000 0.000000
vn 0.000000 1.000000 0.000000
vn 0.000000 1.000000 0.000000
vn 0.000000 1.000000 0.000000
vn 0.000000 1.000000 0.000000
vn 0.000000 1.000000 0.000000
vn 0.000000 1.000000 0.000000
vn 0.000000 1.000000 0.000000
vn 0.000000 1.000000 0.000000
vn 0.000000 1.000000 0.000000
vn 0.000000 1.000000 0.000000
vn -0.081740 0.989301 0.120838
vn -0.039695 0.997138 0.064344
vn -0.040111 0.997074 0.065080
vn -0.082493 0.989073 0.122183
vn -0.122126 0.978528 0.166037
vn -0.081740 0.989301 0.120838
vn -0.082493 0.989073 0.122183
vn -0.123072 0.978114 0.167768
vn 0.000000 1.000000 0.000000
vn 0.000000 1.000000 0.000000
vn 0.000000 1.000000 0.000000
vn 0.000000 1.000000 0.000000
vn 0.000001 1.000000 -0.000001
vn 0.000000 1.000000 0.000000
vn 0.000000 1.000000 0.000000
vn 0.000001 1.000000 -0.000001
vn 0.000000 1.000000 0.000000
vn 0.000000 1.000000 0.000000
vn 0.000000 1.000000 0.000000
vn 0.000000 1.000000 0.000000
vn 0.000000 1.000000 0.000000
vn 0.000000 1.000000 0.000000
vn 0.000000 1.000000 0.000000
vn 0.000000 1.000000 0.000000
vn -0.283619 0.902813 0.323248
vn -0.226341 0.933116 0.279399
vn -0.227811 0.931884 0.282302
vn -0.285328 0.901037 0.326680
vn -0.318431 0.890140 0.325965
vn -0.283619 0.902813 0.323248
vn -0.285328 0.901037 0.326680
vn -0.320099 0.888204 0.329592
vn -0.167321 0.962065 0.215489
vn -0.122126 0.978528 0.166037
vn -0.123072 0.978114 0.167768
vn -0.168486 0.961370 0.217669
vn -0.226341 0.933116 0.279399
vn -0.167321 0.962065 0.215489
vn -0.168486 0.961370 0.217669
vn -0.227811 0.931884 0.282302
vn -0.009309 0.999820 0.016520
vn 0.000001 1.000000 -0.000001
vn 0.000001 1.000000 -0.000001
vn -0.009411 0.999816 0.016706
vn -0.039695 0.997138 0.064344
vn -0.009309 0.999820 0.016520
vn -0.009411 0.999816 0.016706
vn -0.040111 0.997074 0.065080
vn 0.000000 -1.000000 0.000000
vn 0.000000 -1.000000 0.000000
vn 0.000000 -1.000000 0.000000
vn 0.000000 -1.000000 0.000000
vn 0.000000 -1.000000 0.000000
vn 0.000000 -1.000000 0.000000
vn 0.000000 -1.000000 0.000000
vn 0.000000 -1.000000 0.000000
vn 0.000000 -1.000000 0.000000
vn 0.000000 -1.000000 0.000000
vn 0.000000 -1.000000 0.000000
vn 0.000000 -1.000000 0.000000
vn 0.000000 -1.000000 0.000000
vn 0.000000 -1.000000 0.000000
vn 0.000000 -1.000000 0.000000
vn 0.000000 -1.000000 0.000000
vn 0.000000 -1.000000 0.000000
vn 0.000000 -1.000000 0.000000
vn 0.000000 -1.000000 0.000000
vn 0.000000 -1.000000 0.000000
vn 0.000000 -1.000000 0.000000
vn 0.000000 -1.000000 0.000000
vn 0.000000 -1.000000 0.000000
vn 0.000000 -1.000000 0.000000
vn -0.344734 0.707032 0.617466
vn -0.344685 -0.707140 0.617370
vn -0.344706 -0.707109 0.617393
vn -0.344720 0.707072 0.617428
vn 0.000000 1.000000 0.000000
vn 0.000000 1.000000 0.000000
vn 0.000000 1.000000 0.000000
vn 0.000000 1.000000 0.000000
vn -0.344685 -0.707140 0.617370
vn 0.000000 -1.000000 0.000000
vn 0.000000 -1.000000 0.000000
vn -0.344706 -0.707109 0.617393
vn 0.611534 0.707106 0.355002
vn 0.611534 0.707107 0.355002
vn 0.000000 1.000000 0.000000
vn 0.000000 1.000000 0.000000
vn 0.611534 0.707107 0.355002
vn 0.611534 0.707107 0.355002
vn 0.000000 1.000000 0.000000
vn 0.000000 1.000000 0.000000
vn 0.611534 0.707107 0.355002
vn 0.611534 0.707107 0.355002
vn 0.000000 1.000000 0.000000
vn 0.000000 1.000000 0.000000
vn 0.215943 0.578228 0.786779
vn 0.611545 0.707121 0.354953
vn 0.000000 1.000000 0.000000
vn -0.344720 0.707072 0.617428
vn 0.611534 0.707106 0.355002
vn 0.611534 0.707107 0.355002
vn 0.000000 1.000000 0.000000
vn 0.000000 1.000000 0.000000
vn 0.611534 0.707107 0.355002
vn 0.611533 0.707107 0.355001
vn 0.000000 1.000000 0.000000
vn 0.000000 1.000000 0.000000
vn 0.611534 -0.707107 0.355002
vn 0.611534 -0.707107 0.355002
vn 0.000000 -1.000000 0.000000
vn 0.000000 -1.000000 0.000000
vn 0.611534 -0.707107 0.355002
vn 0.611534 -0.707107 0.355002
vn 0.000000 -1.000000 0.000000
vn 0.000000 -1.000000 0.000000
vn 0.611534 -0.707107 0.355002
vn 0.611534 -0.707107 0.355002
vn 0.000000 -1.000000 0.000000
vn 0.000000 -1.000000 0.000000
vn 0.611534 -0.707106 0.355002
vn 0.611534 -0.707106 0.355003
vn 0.000000 -1.000000 0.000000
vn 0.000000 -1.000000 0.000000
vn 0.611534 -0.707106 0.355002
vn 0.611533 -0.707107 0.355002
vn 0.000000 -1.000000 0.000000
vn 0.000000 -1.000000 0.000000
vn 0.611534 -0.707107 0.355002
vn 0.611533 -0.707107 0.355002
vn 0.000000 -1.000000 0.000000
vn 0.000000 -1.000000 0.000000
vn 0.665308 -0.697617 0.265887
vn 0.634167 -0.710566 0.304843
vn 0.040123 -0.997073 -0.065080
vn 0.082478 -0.989074 -0.122186
vn 0.694161 -0.679947 0.236246
vn 0.665308 -0.697617 0.265887
vn 0.082478 -0.989074 -0.122186
vn 0.123053 -0.978115 -0.167778
vn 0.611534 -0.707107 0.355002
vn 0.611534 -0.707107 0.355002
vn 0.000000 -1.000000 0.000000
vn 0.000000 -1.000000 0.000000
vn 0.611534 -0.707107 0.355002
vn 0.611534 -0.707107 0.355002
vn 0.000000 -1.000000 0.000000
vn 0.000000 -1.000000 0.000000
vn 0.611534 -0.707107 0.355002
vn 0.611534 -0.707107 0.355002
vn 0.000000 -1.000000 0.000000
vn 0.000000 -1.000000 0.000000
vn 0.611534 -0.707107 0.355002
vn 0.611534 -0.707107 0.355002
vn 0.000000 -1.000000 0.000000
vn 0.000000 -1.000000 0.000000
vn 0.799026 -0.583859 0.143757
vn 0.760844 -0.628748 0.160598
vn 0.227764 -0.931889 -0.282323
vn 0.285247 -0.901050 -0.326716
vn 0.498149 -0.317527 -0.806861
vn 0.918753 -0.181028 -0.350888
vn 0.817978 -0.554577 0.152829
vn 0.323728 -0.887744 -0.327279
vn 0.723024 -0.660575 0.202181
vn 0.694161 -0.679947 0.236246
vn 0.123053 -0.978115 -0.167778
vn 0.168490 -0.961369 -0.217673
vn 0.760844 -0.628748 0.160598
vn 0.723024 -0.660575 0.202181
vn 0.168490 -0.961369 -0.217673
vn 0.227764 -0.931889 -0.282323
vn 0.614970 -0.710965 0.341087
vn 0.611534 -0.707107 0.355002
vn 0.000000 -1.000000 0.000000
vn 0.009418 -0.999816 -0.016710
vn 0.634167 -0.710566 0.304843
vn 0.614970 -0.710965 0.341087
vn 0.009418 -0.999816 -0.016710
vn 0.040123 -0.997073 -0.065080
vn 0.547166 0.836659 0.024732
vn 0.918753 -0.181028 -0.350888
vn 0.498149 -0.317527 -0.806861
vn 0.040468 0.938011 -0.344234
vn -0.322093 0.889693 0.323577
vn -0.318431 0.890140 0.325965
vn -0.320099 0.888204 0.329592
vn -0.323760 0.887771 0.327174
vn 0.285247 -0.901050 -0.326716
vn 0.283584 -0.902821 -0.323257
vn 0.318391 -0.890149 -0.325978
vn 0.320056 -0.888214 -0.329607
vn 0.320056 -0.888214 -0.329607
vn 0.318391 -0.890149 -0.325978
vn 0.322063 -0.889696 -0.323600
vn 0.323728 -0.887744 -0.327279
vn 0.042574 0.936649 -0.347674
vn -0.322093 0.889693 0.323577
vn -0.323760 0.887771 0.327174
vn 0.040468 0.938011 -0.344234
vn 0.070174 0.996034 -0.054705
vn 0.157907 0.978992 -0.128994
vn 0.165080 0.978368 -0.124680
vn 0.074645 0.995848 -0.052097
vn 0.021329 0.999707 -0.011419
vn 0.070174 0.996034 -0.054705
vn 0.074645 0.995848 -0.052097
vn 0.023537 0.999672 -0.010132
vn 0.000000 1.000000 0.000000
vn 0.000000 1.000000 0.000000
vn 0.000000 1.000000 0.000000
vn 0.000000 1.000000 0.000000
vn 0.000000 1.000000 0.000000
vn 0.000000 1.000000 0.000000
vn 0.000000 1.000000 0.000000
vn 0.000000 1.000000 0.000000
vn 0.002809 0.999995 0.001630
vn 0.021329 0.999707 -0.011419
vn 0.023537 0.999672 -0.010132
vn 0.003360 0.999992 0.001950
vn 0.000000 1.000000 0.000000
vn 0.002809 0.999995 0.001630
vn 0.003360 0.999992 0.001950
vn 0.000000 1.000000 0.000000
vn 0.409076 0.798258 -0.442086
vn 0.397393 0.799677 -0.450107
vn 0.404041 0.789192 -0.462522
vn 0.415718 0.787751 -0.454563
vn 0.157907 0.978992 -0.128994
vn 0.280061 0.922687 -0.264980
vn 0.290154 0.921401 -0.258516
vn 0.165080 0.978368 -0.124680
vn -0.309281 0.616323 -0.724218
vn -0.863295 -0.501382 -0.057770
vn -0.866389 -0.495125 -0.064980
vn -0.300603 0.621304 -0.723616
vn 0.280061 0.922687 -0.264980
vn 0.397393 0.799677 -0.450107
vn 0.409076 0.798258 -0.442086
vn 0.290154 0.921401 -0.258516
vn -0.863295 -0.501382 -0.057770
vn -0.403813 -0.789254 0.462616
vn -0.415458 -0.787889 0.454560
vn -0.866389 -0.495125 -0.064980
vn -0.401218 -0.649522 0.645868
vn -0.467405 -0.562478 0.682020
vn -0.165107 -0.978361 0.124694
vn -0.074649 -0.995848 0.052095
vn -0.362595 -0.694623 0.621308
vn -0.401218 -0.649522 0.645868
vn -0.074649 -0.995848 0.052095
vn -0.023540 -0.999672 0.010132
vn -0.344940 -0.707034 0.617349
vn -0.345578 -0.706960 0.617076
vn 0.000000 -1.000000 0.000000
vn 0.000000 -1.000000 0.000000
vn 0.215943 -0.578228 0.786779
vn -0.344706 -0.707109 0.617393
vn 0.000000 -1.000000 0.000000
vn 0.611545 -0.707121 0.354954
vn -0.348367 -0.707870 0.614460
vn -0.362595 -0.694623 0.621308
vn -0.023540 -0.999672 0.010132
vn -0.003361 -0.999992 -0.001951
vn -0.345578 -0.706960 0.617076
vn -0.348367 -0.707870 0.614460
vn -0.003361 -0.999992 -0.001951
vn 0.000000 -1.000000 0.000000
vn -0.534787 -0.396252 0.746316
vn -0.558659 -0.159472 0.813922
vn -0.408987 -0.798276 0.442137
vn -0.290151 -0.921413 0.258477
vn -0.467405 -0.562478 0.682020
vn -0.534787 -0.396252 0.746316
vn -0.290151 -0.921413 0.258477
vn -0.165107 -0.978361 0.124694
vn 0.215943 0.578228 0.786779
vn 0.215943 -0.578228 0.786779
vn 0.611545 -0.707121 0.354954
vn 0.611545 0.707121 0.354953
vn 0.000000 1.000000 0.000000
vn 0.000000 1.000000 0.000000
vn 0.000000 1.000000 0.000000
vn 0.000000 1.000000 0.000000
vn 0.000000 -1.000000 0.000000
vn 0.000000 -1.000000 0.000000
vn 0.000000 -1.000000 0.000000
vn 0.000000 -1.000000 0.000000
vn 0.000000 -1.000000 0.000000
vn 0.000000 -1.000000 0.000000
vn 0.000000 -1.000000 0.000000
vn 0.000000 -1.000000 0.000000
vn 0.611533 0.707108 0.355001
vn 0.000000 1.000000 0.000000
vn 0.000000 1.000000 0.000000
vn 0.611545 0.707121 0.354953
vn 0.105617 0.985925 -0.129604
vn 0.076665 0.991140 -0.108466
vn 0.078670 0.990584 -0.112046
vn 0.108066 0.985065 -0.134045
vn 0.000000 1.000000 0.000001
vn 0.000000 1.000000 0.000000
vn 0.000000 1.000000 0.000000
vn 0.000000 1.000000 0.000001
vn 0.013299 0.979481 0.201097
vn 0.409076 0.798258 -0.442086
vn 0.415718 0.787751 -0.454563
vn 0.022453 0.981955 0.187778
vn 0.244050 0.922274 -0.299751
vn 0.149559 0.973284 -0.174215
vn 0.152669 0.971769 -0.179883
vn 0.248862 0.918073 -0.308562
vn 0.038637 0.997326 -0.062028
vn 0.008913 0.999832 -0.016009
vn 0.009191 0.999821 -0.016514
vn 0.039760 0.997156 -0.064027
vn 0.000000 1.000000 0.000000
vn 0.000000 1.000000 0.000000
vn 0.000000 1.000000 0.000000
vn 0.000000 1.000000 0.000000
vn 0.000000 1.000000 0.000000
vn 0.000000 1.000000 0.000000
vn 0.000000 1.000000 0.000000
vn 0.000000 1.000000 0.000000
vn -0.051987 0.991071 0.122781
vn -0.054944 0.985751 0.158987
vn -0.057416 0.984886 0.163412
vn -0.053984 0.990514 0.126363
vn -0.032395 0.997317 0.065651
vn -0.051987 0.991071 0.122781
vn -0.053984 0.990514 0.126363
vn -0.033516 0.997146 0.067645
vn 0.000000 1.000000 0.000000
vn 0.000001 1.000000 -0.000001
vn 0.000001 1.000000 -0.000001
vn 0.000000 1.000000 0.000000
vn 0.000000 1.000000 0.000000
vn 0.000000 1.000000 0.000000
vn 0.000000 1.000000 0.000000
vn 0.000000 1.000000 0.000000
vn -0.161697 0.795868 0.583480
vn 0.176191 0.980084 -0.091610
vn 0.169614 0.982523 -0.076681
vn -0.168731 0.785303 0.595676
vn -0.127082 0.921413 0.367218
vn -0.173688 0.836816 0.519203
vn -0.180325 0.828238 0.530571
vn -0.132046 0.917199 0.375911
vn -0.069959 0.972915 0.220324
vn -0.127082 0.921413 0.367218
vn -0.132046 0.917199 0.375911
vn -0.073115 0.971388 0.225962
vn -0.054944 0.985751 0.158987
vn -0.069959 0.972915 0.220324
vn -0.073115 0.971388 0.225962
vn -0.057416 0.984886 0.163412
vn -0.008903 0.999832 0.016014
vn -0.032395 0.997317 0.065651
vn -0.033516 0.997146 0.067645
vn -0.009183 0.999821 0.016522
vn 0.000001 1.000000 -0.000001
vn -0.008903 0.999832 0.016014
vn -0.009183 0.999821 0.016522
vn 0.000001 1.000000 -0.000001
vn 0.000000 1.000000 0.000000
vn 0.000000 1.000000 0.000000
vn 0.000000 1.000000 0.000000
vn 0.000000 1.000000 0.000000
vn -0.039764 -0.997156 0.064026
vn -0.038636 -0.997326 0.062030
vn -0.076657 -0.991140 0.108464
vn -0.078637 -0.990586 0.112052
vn 0.000000 -1.000000 0.000000
vn 0.000000 -1.000000 0.000000
vn 0.000000 -1.000000 0.000000
vn 0.000000 -1.000000 0.000000
vn -0.248793 -0.918085 0.308581
vn -0.244014 -0.922276 0.299772
vn -0.348377 -0.838515 0.418958
vn -0.354574 -0.829968 0.430616
vn -0.108078 -0.985064 0.134044
vn -0.105609 -0.985924 0.129617
vn -0.149568 -0.973272 0.174271
vn -0.152707 -0.971755 0.179924
vn 0.000000 -1.000000 0.000000
vn -0.008915 -0.999832 0.016014
vn -0.009198 -0.999821 0.016519
vn 0.000000 -1.000000 0.000000
vn 0.000000 -1.000000 0.000000
vn 0.000000 -1.000000 0.000000
vn 0.000000 -1.000000 0.000000
vn 0.000000 -1.000000 0.000000
vn 0.176191 0.980084 -0.091610
vn 0.397901 -0.155804 -0.904102
vn 0.400739 -0.139809 -0.905462
vn 0.169614 0.982523 -0.076681
vn -0.591470 0.697461 -0.404612
vn -0.561796 0.701782 -0.438050
vn 0.078670 0.990584 -0.112046
vn 0.039760 0.997156 -0.064027
vn -0.611534 0.707107 -0.355002
vn -0.611534 0.707107 -0.355002
vn 0.000000 1.000000 0.000000
vn 0.000000 1.000000 0.000000
vn -0.457745 0.661585 -0.593949
vn -0.363646 0.624275 -0.691406
vn 0.354626 0.829916 -0.430674
vn 0.248862 0.918073 -0.308562
vn -0.537771 0.710327 -0.454134
vn -0.513880 0.702115 -0.492911
vn 0.152669 0.971769 -0.179883
vn 0.108066 0.985065 -0.134045
vn -0.611533 0.707108 -0.355002
vn -0.608715 0.702407 -0.368906
vn 0.009191 0.999821 -0.016514
vn 0.000000 1.000000 0.000001
vn -0.611534 0.707107 -0.355002
vn -0.611534 0.707107 -0.355002
vn 0.000000 1.000000 0.000000
vn 0.000000 1.000000 0.000000
vn -0.682731 -0.682984 -0.259637
vn -0.661180 -0.699114 -0.272177
vn -0.078637 -0.990586 0.112052
vn -0.108078 -0.985064 0.134044
vn -0.611534 -0.707107 -0.355002
vn -0.611534 -0.707107 -0.355002
vn 0.000000 -1.000000 0.000000
vn 0.000000 -1.000000 0.000000
vn -0.558309 -0.143674 0.817098
vn -0.934258 -0.056105 0.352156
vn -0.866389 -0.495125 -0.064980
vn -0.415458 -0.787889 0.454560
vn -0.760360 -0.637449 -0.124543
vn -0.705366 -0.672979 -0.222617
vn -0.152707 -0.971755 0.179924
vn -0.248793 -0.918085 0.308581
vn -0.632384 -0.712306 -0.304484
vn -0.614491 -0.711436 -0.340970
vn -0.009198 -0.999821 0.016519
vn -0.039764 -0.997156 0.064026
vn -0.611534 -0.707107 -0.355002
vn -0.611534 -0.707107 -0.355002
vn 0.000000 -1.000000 0.000000
vn 0.000000 -1.000000 0.000000
vn -0.611534 -0.707107 -0.355002
vn -0.611534 -0.707107 -0.355002
vn 0.000000 -1.000000 0.000000
vn 0.000000 -1.000000 0.000000
vn -0.567633 -0.695735 -0.440165
vn -0.568093 -0.678710 -0.465428
vn 0.057449 -0.984886 -0.163397
vn 0.053987 -0.990515 -0.126352
vn -0.580034 -0.710483 -0.398465
vn -0.567633 -0.695735 -0.440165
vn 0.053987 -0.990515 -0.126352
vn 0.033512 -0.997146 -0.067647
vn -0.611534 -0.707107 -0.355002
vn -0.611534 -0.707107 -0.355002
vn 0.000000 -1.000000 0.000000
vn 0.000000 -1.000000 0.000000
vn -0.611534 -0.707107 -0.355002
vn -0.611534 -0.707107 -0.355002
vn 0.000000 -1.000000 0.000000
vn 0.000000 -1.000000 0.000000
vn -0.478371 -0.540016 -0.692491
vn -0.501037 -0.483077 -0.718052
vn 0.171755 -0.785753 -0.594216
vn 0.180331 -0.828300 -0.530471
vn -0.496148 -0.629031 -0.598462
vn -0.478371 -0.540016 -0.692491
vn 0.180331 -0.828300 -0.530471
vn 0.132070 -0.917212 -0.375871
vn -0.549132 -0.667373 -0.503058
vn -0.496148 -0.629031 -0.598462
vn 0.132070 -0.917212 -0.375871
vn 0.073142 -0.971377 -0.226002
vn -0.568093 -0.678710 -0.465428
vn -0.549132 -0.667373 -0.503058
vn 0.073142 -0.971377 -0.226002
vn 0.057449 -0.984886 -0.163397
vn -0.601409 -0.710949 -0.364498
vn -0.580034 -0.710483 -0.398465
vn 0.033512 -0.997146 -0.067647
vn 0.009186 -0.999821 -0.016527
vn -0.611534 -0.707107 -0.355002
vn -0.601409 -0.710949 -0.364498
vn 0.009186 -0.999821 -0.016527
vn 0.000000 -1.000000 0.000000
vn -0.611534 -0.707107 -0.355002
vn -0.611534 -0.707107 -0.355002
vn 0.000000 -1.000000 0.000000
vn 0.000000 -1.000000 0.000000
vn 0.022453 0.981955 0.187778
vn -0.477946 0.860860 -0.174609
vn -0.934258 -0.056105 0.352156
vn -0.558309 -0.143674 0.817098
vn -0.363646 0.624275 -0.691406
vn -0.309281 0.616323 -0.724218
vn 0.404041 0.789192 -0.462522
vn 0.354626 0.829916 -0.430674
vn -0.354574 -0.829968 0.430616
vn -0.348377 -0.838515 0.418958
vn -0.397268 -0.799729 0.450125
vn -0.403813 -0.789254 0.462616
vn -0.180325 0.828238 0.530571
vn -0.173688 0.836816 0.519203
vn -0.165224 0.796248 0.581971
vn -0.171696 0.785695 0.594310
vn 0.161872 -0.795774 -0.583559
vn 0.165305 -0.796305 -0.581870
vn 0.171755 -0.785753 -0.594216
vn 0.168796 -0.785329 -0.595622
vn -0.165224 0.796248 0.581971
vn -0.161697 0.795868 0.583480
vn -0.168731 0.785303 0.595676
vn -0.171696 0.785695 0.594310
vn 0.397901 -0.155804 -0.904102
vn 0.161872 -0.795774 -0.583559
vn 0.168796 -0.785329 -0.595622
vn 0.400739 -0.139809 -0.905462
vn -0.309281 0.616323 -0.724218
vn -0.300603 0.621304 -0.723616
vn 0.415718 0.787751 -0.454563
vn 0.404041 0.789192 -0.462522
vn -0.403813 -0.789254 0.462616
vn -0.397268 -0.799729 0.450125
vn -0.408987 -0.798276 0.442137
vn -0.415458 -0.787889 0.454560
s off
g sheet_1
usemtl paper_Mat
f 1/1/1 2/2/2 3/3/3 4/4/4
f 5/5/5 1/1/6 4/4/7 6/6/8
f 1/1/9 5/5/10 7/7/11 8/8/12
f 2/2/13 1/1/14 8/8/15 9/9/16
f 10/10/17 11/11/18 12/12/19 13/13/20
f 14/14/21 10/10/22 13/13/23 15/15/24
f 10/10/25 14/14/26 16/16/27 17/17/28
f 11/11/29 10/10/30 17/17/31 18/18/32
f 19/19/33 20/20/34 18/18/35 17/17/36
f 21/21/37 19/19/38 17/17/39 16/16/40
f 19/19/41 21/21/42 22/22/43 23/23/44
f 20/20/45 19/19/46 23/23/47 24/24/48
f 25/25/49 26/26/50 27/27/51 28/28/52
f 29/29/53 30/30/54 26/26/55 25/25/56
f 31/31/57 32/32/58 33/33/59 34/34/60
f 35/35/61 31/31/62 34/34/63 36/36/64
f 37/37/65 38/38/66 36/36/67 34/34/68
f 39/39/69 37/37/70 34/34/71 33/33/72
f 37/37/73 39/39/74 6/6/75 4/4/76
f 38/38/77 37/37/78 4/4/79 3/3/80
f 40/40/81 41/41/82 42/42/83 43/43/84
f 44/44/85 40/40/86 43/43/87 15/15/88
f 40/40/89 44/44/90 7/7/91 45/45/92
f 41/41/93 40/40/94 45/45/95 46/46/96
f 47/47/97 48/48/98 49/49/99 50/50/100
f 51/51/101 52/52/102 47/47/103 50/50/104
f 53/53/105 54/54/106 55/55/107 56/56/108
f 48/48/109 47/47/110 57/57/111 46/46/112
f 58/58/113 5/5/114 6/6/115 59/59/116
f 48/48/117 58/58/118 59/59/119 49/49/120
f 58/58/121 48/48/122 46/46/123 45/45/124
f 5/5/125 58/58/126 45/45/127 7/7/128
f 60/60/129 2/2/130 9/9/131 61/61/132
f 62/62/133 63/63/134 60/60/135 61/61/136
f 64/64/137 65/65/138 66/66/139 67/67/140
f 2/2/141 60/60/142 68/68/143 3/3/144
f 69/69/145 70/70/146 42/42/147 71/71/148
f 72/72/149 73/73/150 69/69/151 71/71/152
f 74/74/153 75/75/154 76/76/155 77/77/156
f 70/70/157 69/69/158 78/78/159 79/79/160
f 80/80/161 14/14/162 15/15/163 43/43/164
f 70/70/165 80/80/166 43/43/167 42/42/168
f 80/80/169 70/70/170 79/79/171 81/81/172
f 14/14/173 80/80/174 81/81/175 16/16/176
f 82/82/177 11/11/178 18/18/179 83/83/180
f 84/84/181 85/85/182 82/82/183 83/83/184
f 86/86/185 87/87/186 88/88/187 89/89/188
f 11/11/189 82/82/190 90/90/191 12/12/192
f 91/91/193 92/92/194 79/79/195 78/78/196
f 93/93/197 94/94/198 91/91/199 78/78/200
f 95/95/201 96/96/202 97/97/203 98/98/204
f 92/92/205 91/91/206 99/99/207 100/100/208
f 101/101/209 21/21/210 16/16/211 81/81/212
f 92/92/213 101/101/214 81/81/215 79/79/216
f 101/101/217 92/92/218 100/100/219 102/102/220
f 21/21/221 101/101/222 102/102/223 22/22/224
f 103/103/225 104/104/226 105/105/227 106/106/228
f 107/107/229 108/108/230 104/104/231 103/103/232
f 109/109/233 110/110/234 111/111/235 112/112/236
f 113/113/237 114/114/238 115/115/239 116/116/240
f 117/117/241 118/118/242 30/30/243 29/29/244
f 106/106/245 105/105/246 118/118/247 117/117/248
f 119/119/249 113/113/250 116/116/251 120/120/252
f 32/32/253 119/119/254 120/120/255 33/33/256
f 121/121/257 35/35/258 36/36/259 122/122/260
f 123/123/261 124/124/262 121/121/263 122/122/264
f 125/125/265 126/126/266 127/127/267 128/128/268
f 28/28/269 27/27/270 129/129/271 130/130/272
f 131/131/273 132/132/274 116/116/275 115/115/276
f 133/133/277 134/134/278 131/131/279 115/115/280
f 135/135/281 136/136/282 137/137/283 138/138/284
f 132/132/285 131/131/286 50/50/287 49/49/288
f 139/139/289 39/39/290 33/33/291 120/120/292
f 132/132/293 139/139/294 120/120/295 116/116/296
f 139/139/297 132/132/298 49/49/299 59/59/300
f 39/39/301 139/139/302 59/59/303 6/6/304
f 140/140/305 38/38/306 3/3/307 68/68/308
f 141/141/309 142/142/310 140/140/311 68/68/312
f 143/143/313 144/144/314 145/145/315 146/146/316
f 38/38/317 140/140/318 122/122/319 36/36/320
f 147/147/321 148/148/322 12/12/323 90/90/324
f 149/149/325 150/150/326 147/147/327 90/90/328
f 151/151/329 152/152/330 153/153/331 154/154/332
f 148/148/333 147/147/334 61/61/335 9/9/336
f 155/155/337 44/44/338 15/15/339 13/13/340
f 148/148/341 155/155/342 13/13/343 12/12/344
f 155/155/345 148/148/346 9/9/347 8/8/348
f 44/44/349 155/155/350 8/8/351 7/7/352
f 156/156/353 41/41/354 46/46/355 57/57/356
f 157/157/357 158/158/358 156/156/359 57/57/360
f 159/159/361 160/160/362 161/161/363 162/162/364
f 41/41/365 156/156/366 71/71/367 42/42/368
f 163/163/369 164/164/370 165/165/371 166/166/372
f 167/167/373 168/168/374 164/164/375 163/163/376
f 169/169/377 83/83/378 18/18/379 20/20/380
f 170/170/381 169/169/382 20/20/383 24/24/384
f 171/171/385 172/172/386 173/173/387 174/174/388
f 175/175/389 171/171/390 174/174/391 176/176/392
f 171/171/393 175/175/394 177/177/395 178/178/396
f 172/172/397 171/171/398 178/178/399 179/179/400
f 180/180/401 181/181/402 182/182/403 183/183/404
f 184/184/405 180/180/406 183/183/407 185/185/408
f 180/180/409 184/184/410 186/186/411 187/187/412
f 181/181/413 180/180/414 187/187/415 188/188/416
f 189/189/417 184/184/418 185/185/419 190/190/420
f 23/23/421 189/189/422 190/190/423 24/24/424
f 189/189/425 23/23/426 22/22/427 191/191/428
f 184/184/429 189/189/430 191/191/431 186/186/432
f 192/192/433 193/193/434 194/194/435 195/195/436
f 196/196/437 197/197/438 198/198/439 199/199/440
f 197/197/441 196/196/442 200/200/443 201/201/444
f 201/201/445 202/202/446 203/203/447 197/197/448
f 204/204/449 196/196/450 199/199/451 205/205/452
f 172/172/453 204/204/454 205/205/455 173/173/456
f 204/204/457 172/172/458 179/179/459 206/206/460
f 196/196/461 204/204/462 206/206/463 200/200/464
f 207/207/465 208/208/466 209/209/467 210/210/468
f 211/211/469 207/207/470 210/210/471 212/212/472
f 207/207/473 211/211/474 177/177/475 213/213/476
f 208/208/477 207/207/478 213/213/479 188/188/480
f 214/214/481 215/215/482 216/216/483 217/217/484
f 218/218/485 214/214/486 217/217/487 212/212/488
f 219/219/489 220/220/490 221/221/491 222/222/492
f 223/223/493 224/224/494 220/220/495 219/219/496
f 225/225/497 226/226/498 179/179/499 178/178/500
f 211/211/501 225/225/502 178/178/503 177/177/504
f 225/225/505 211/211/506 212/212/507 217/217/508
f 226/226/509 225/225/510 217/217/511 216/216/512
f 227/227/513 228/228/514 176/176/515 174/174/516
f 229/229/517 227/227/518 174/174/519 173/173/520
f 230/230/521 231/231/522 232/232/523 233/233/524
f 234/234/525 235/235/526 231/231/527 230/230/528
f 236/236/529 237/237/530 209/209/531 238/238/532
f 239/239/533 236/236/534 238/238/535 240/240/536
f 241/241/537 242/242/538 243/243/539 244/244/540
f 245/245/541 246/246/542 242/242/543 241/241/544
f 247/247/545 208/208/546 188/188/547 187/187/548
f 248/248/549 247/247/550 187/187/551 186/186/552
f 247/247/553 248/248/554 240/240/555 238/238/556
f 208/208/557 247/247/558 238/238/559 209/209/560
f 249/249/561 250/250/562 185/185/563 183/183/564
f 251/251/565 249/249/566 183/183/567 182/182/568
f 252/252/569 253/253/570 254/254/571 255/255/572
f 256/256/573 257/257/574 253/253/575 252/252/576
f 258/258/577 239/239/578 240/240/579 259/259/580
f 99/99/581 258/258/582 259/259/583 100/100/584
f 260/260/585 261/261/586 95/95/587 98/98/588
f 244/244/589 243/243/590 261/261/591 260/260/592
f 262/262/593 248/248/594 186/186/595 191/191/596
f 102/102/597 262/262/598 191/191/599 22/22/600
f 262/262/601 102/102/602 100/100/603 259/259/604
f 248/248/605 262/262/606 259/259/607 240/240/608
f 263/263/609 264/264/610 265/265/611 266/266/612
f 267/267/613 268/268/614 269/269/615 270/270/616
f 271/271/617 272/272/618 273/273/619 274/274/620
f 275/275/621 276/276/622 272/272/623 271/271/624
f 277/277/625 278/278/626 279/279/627 280/280/628
f 281/281/629 282/282/630 201/201/631 200/200/632
f 282/282/633 281/281/634 270/270/635 269/269/636
f 269/269/637 283/283/638 284/284/639 282/282/640
f 285/285/641 286/286/642 199/199/643 198/198/644
f 198/198/645 287/287/646 288/288/647 285/285/648
f 289/289/649 290/290/650 291/291/651 292/292/652
f 293/293/653 294/294/654 295/295/655 296/296/656
f 297/297/657 267/267/658 270/270/659 298/298/660
f 215/215/661 297/297/662 298/298/663 216/216/664
f 299/299/665 300/300/666 224/224/667 223/223/668
f 274/274/669 273/273/670 300/300/671 299/299/672
f 301/301/673 281/281/674 200/200/675 206/206/676
f 226/226/677 301/301/678 206/206/679 179/179/680
f 301/301/681 226/226/682 216/216/683 298/298/684
f 281/281/685 301/301/686 298/298/687 270/270/688
f 302/302/689 229/229/690 173/173/691 205/205/692
f 286/286/693 302/302/694 205/205/695 199/199/696
f 303/303/697 304/304/698 294/294/699 293/293/700
f 233/233/701 232/232/702 304/304/703 303/303/704
f 305/305/705 251/251/706 182/182/707 306/306/708
f 228/228/709 305/305/710 306/306/711 176/176/712
f 307/307/713 308/308/714 235/235/715 234/234/716
f 255/255/717 254/254/718 308/308/719 307/307/720
f 309/309/721 181/181/722 188/188/723 213/213/724
f 175/175/725 309/309/726 213/213/727 177/177/728
f 309/309/729 175/175/730 176/176/731 306/306/732
f 181/181/733 309/309/734 306/306/735 182/182/736
f 310/310/737 218/218/738 212/212/739 210/210/740
f 237/237/741 310/310/742 210/210/743 209/209/744
f 311/311/745 312/312/746 246/246/747 245/245/748
f 222/222/749 221/221/750 312/312/751 311/311/752
f 165/165/753 313/313/754 314/314/755 166/166/756
f 190/190/757 315/315/758 170/170/759 24/24/760
f 315/315/761 190/190/762 185/185/763 250/250/764
f 316/316/765 317/317/766 315/315/767 250/250/768
f 318/318/769 319/319/770 320/320/771 321/321/772
f 321/321/773 320/320/774 322/322/775 323/323/776
f 324/324/777 322/322/778 320/320/779 325/325/780
f 325/325/781 320/320/782 319/319/783 326/326/784
f 327/327/785 328/328/786 329/329/787 330/330/788
f 330/330/789 329/329/790 331/331/791 332/332/792
f 333/333/793 331/331/794 329/329/795 334/334/796
f 334/334/797 329/329/798 328/328/799 335/335/800
f 335/335/801 336/336/802 337/337/803 334/334/804
f 334/334/805 337/337/806 338/338/807 333/333/808
f 339/339/809 338/338/810 337/337/811 340/340/812
f 340/340/813 337/337/814 336/336/815 341/341/816
f 342/342/817 343/343/818 344/344/819 345/345/820
f 346/346/821 342/342/822 345/345/823 347/347/824
f 348/348/825 347/347/826 345/345/827 349/349/828
f 349/349/829 345/345/830 344/344/831 350/350/832
f 350/350/833 351/351/834 352/352/835 349/349/836
f 349/349/837 352/352/838 353/353/839 348/348/840
f 323/323/841 353/353/842 352/352/843 321/321/844
f 321/321/845 352/352/846 351/351/847 318/318/848
f 354/354/849 355/355/850 356/356/851 357/357/852
f 357/357/853 356/356/854 358/358/855 332/332/856
f 324/324/857 358/358/858 356/356/859 359/359/860
f 359/359/861 356/356/862 355/355/863 360/360/864
f 361/361/865 362/362/866 363/363/867 364/364/868
f 365/365/869 366/366/870 367/367/871 368/368/872
f 369/369/873 370/370/874 371/371/875 363/363/876
f 369/369/877 363/363/878 362/362/879 360/360/880
f 323/323/881 322/322/882 372/372/883 373/373/884
f 373/373/885 372/372/886 362/362/887 361/361/888
f 360/360/889 362/362/890 372/372/891 359/359/892
f 359/359/893 372/372/894 322/322/895 324/324/896
f 326/326/897 319/319/898 374/374/899 375/375/900
f 376/376/901 377/377/902 378/378/903 379/379/904
f 380/380/905 381/381/906 382/382/907 374/374/908
f 380/380/909 374/374/910 319/319/911 318/318/912
f 354/354/913 383/383/914 384/384/915 385/385/916
f 386/386/917 387/387/918 388/388/919 389/389/920
f 390/390/921 391/391/922 392/392/923 384/384/924
f 390/390/925 384/384/926 383/383/927 393/393/928
f 332/332/929 331/331/930 394/394/931 357/357/932
f 357/357/933 394/394/934 383/383/935 354/354/936
f 393/393/937 383/383/938 394/394/939 395/395/940
f 395/395/941 394/394/942 331/331/943 333/333/944
f 335/335/945 328/328/946 396/396/947 397/397/948
f 398/398/949 399/399/950 400/400/951 401/401/952
f 402/402/953 403/403/954 404/404/955 396/396/956
f 402/402/957 396/396/958 328/328/959 327/327/960
f 393/393/961 405/405/962 406/406/963 390/390/964
f 407/407/965 408/408/966 409/409/967 410/410/968
f 411/411/969 412/412/970 413/413/971 406/406/972
f 411/411/973 406/406/974 405/405/975 414/414/976
f 333/333/977 338/338/978 415/415/979 395/395/980
f 395/395/981 415/415/982 405/405/983 393/393/984
f 414/414/985 405/405/986 415/415/987 416/416/988
f 416/416/989 415/415/990 338/338/991 339/339/992
f 417/417/993 418/418/994 419/419/995 420/420/996
f 421/421/997 422/422/998 423/423/999 424/424/1000
f 425/425/1001 426/426/1002 427/427/1003 420/420/1004
f 425/425/1005 420/420/1006 419/419/1007 428/428/1008
f 429/429/1009 346/346/1010 347/347/1011 430/430/1012
f 418/418/1013 429/429/1014 430/430/1015 419/419/1016
f 428/428/1017 419/419/1018 430/430/1019 431/431/1020
f 431/431/1021 430/430/1022 347/347/1023 348/348/1024
f 350/350/1025 344/344/1026 432/432/1027 433/433/1028
f 434/434/1029 435/435/1030 436/436/1031 437/437/1032
f 438/438/1033 439/439/1034 440/440/1035 432/432/1036
f 343/343/1037 438/438/1038 432/432/1039 344/344/1040
f 428/428/1041 441/441/1042 442/442/1043 425/425/1044
f 443/443/1045 444/444/1046 445/445/1047 446/446/1048
f 364/364/1049 447/447/1050 448/448/1051 442/442/1052
f 364/364/1053 442/442/1054 441/441/1055 361/361/1056
f 348/348/1057 353/353/1058 449/449/1059 431/431/1060
f 431/431/1061 449/449/1062 441/441/1063 428/428/1064
f 361/361/1065 441/441/1066 449/449/1067 373/373/1068
f 373/373/1069 449/449/1070 353/353/1071 323/323/1072
f 318/318/1073 351/351/1074 450/450/1075 380/380/1076
f 451/451/1077 452/452/1078 453/453/1079 454/454/1080
f 433/433/1081 455/455/1082 456/456/1083 450/450/1084
f 433/433/1085 450/450/1086 351/351/1087 350/350/1088
f 327/327/1089 457/457/1090 458/458/1091 402/402/1092
f 459/459/1093 460/460/1094 461/461/1095 462/462/1096
f 375/375/1097 463/463/1098 464/464/1099 458/458/1100
f 375/375/1101 458/458/1102 457/457/1103 326/326/1104
f 332/332/1105 358/358/1106 465/465/1107 330/330/1108
f 330/330/1109 465/465/1110 457/457/1111 327/327/1112
f 326/326/1113 457/457/1114 465/465/1115 325/325/1116
f 325/325/1117 465/465/1118 358/358/1119 324/324/1120
f 360/360/1121 355/355/1122 466/466/1123 369/369/1124
f 467/467/1125 468/468/1126 469/469/1127 470/470/1128
f 385/385/1129 471/471/1130 472/472/1131 466/466/1132
f 385/385/1133 466/466/1134 355/355/1135 354/354/1136
f 473/473/1137 474/474/1138 475/475/1139 476/476/1140
f 477/477/1141 474/474/1142 473/473/1143 397/397/1144
f 335/335/1145 397/397/1146 473/473/1147 336/336/1148
f 336/336/1149 473/473/1150 476/476/1151 341/341/1152
f 478/478/1153 479/479/1154 480/480/1155 481/481/1156
f 481/481/1157 480/480/1158 482/482/1159 483/483/1160
f 484/484/1161 482/482/1162 480/480/1163 485/485/1164
f 485/485/1165 480/480/1166 479/479/1167 486/486/1168
f 487/487/1169 488/488/1170 489/489/1171 490/490/1172
f 490/490/1173 489/489/1174 491/491/1175 492/492/1176
f 493/493/1177 491/491/1178 489/489/1179 494/494/1180
f 494/494/1181 489/489/1182 488/488/1183 495/495/1184
f 492/492/1185 491/491/1186 496/496/1187 497/497/1188
f 497/497/1189 496/496/1190 340/340/1191 341/341/1192
f 339/339/1193 340/340/1194 496/496/1195 498/498/1196
f 498/498/1197 496/496/1198 491/491/1199 493/493/1200
f 499/499/1201 500/500/1202 501/501/1203 502/502/1204
f 500/500/1205 499/499/1206 503/503/1207 504/504/1208
f 505/505/1209 503/503/1210 499/499/1211 506/506/1212
f 507/507/1213 508/508/1214 509/509/1215 510/510/1216
f 504/504/1217 503/503/1218 511/511/1219 512/512/1220
f 512/512/1221 511/511/1222 479/479/1223 478/478/1224
f 486/486/1225 479/479/1226 511/511/1227 513/513/1228
f 513/513/1229 511/511/1230 503/503/1231 505/505/1232
f 514/514/1233 515/515/1234 516/516/1235 517/517/1236
f 517/517/1237 516/516/1238 518/518/1239 519/519/1240
f 484/484/1241 518/518/1242 516/516/1243 520/520/1244
f 520/520/1245 516/516/1246 515/515/1247 495/495/1248
f 521/521/1249 522/522/1250 523/523/1251 524/524/1252
f 524/524/1253 523/523/1254 525/525/1255 519/519/1256
f 523/523/1257 526/526/1258 527/527/1259 525/525/1260
f 522/522/1261 528/528/1262 526/526/1263 523/523/1264
f 486/486/1265 529/529/1266 530/530/1267 485/485/1268
f 485/485/1269 530/530/1270 518/518/1271 484/484/1272
f 519/519/1273 518/518/1274 530/530/1275 524/524/1276
f 524/524/1277 530/530/1278 529/529/1279 521/521/1280
f 483/483/1281 531/531/1282 532/532/1283 481/481/1284
f 481/481/1285 532/532/1286 533/533/1287 478/478/1288
f 532/532/1289 534/534/1290 535/535/1291 533/533/1292
f 531/531/1293 536/536/1294 534/534/1295 532/532/1296
f 514/514/1297 537/537/1298 538/538/1299 539/539/1300
f 539/539/1301 538/538/1302 540/540/1303 541/541/1304
f 538/538/1305 542/542/1306 543/543/1307 540/540/1308
f 537/537/1309 544/544/1310 542/542/1311 538/538/1312
f 495/495/1313 515/515/1314 545/545/1315 494/494/1316
f 494/494/1317 545/545/1318 546/546/1319 493/493/1320
f 541/541/1321 546/546/1322 545/545/1323 539/539/1324
f 539/539/1325 545/545/1326 515/515/1327 514/514/1328
f 492/492/1329 547/547/1330 548/548/1331 490/490/1332
f 490/490/1333 548/548/1334 549/549/1335 487/487/1336
f 548/548/1337 550/550/1338 551/551/1339 549/549/1340
f 547/547/1341 552/552/1342 550/550/1343 548/548/1344
f 541/541/1345 540/540/1346 553/553/1347 554/554/1348
f 554/554/1349 553/553/1350 411/411/1351 414/414/1352
f 553/553/1353 555/555/1354 412/412/1355 411/411/1356
f 540/540/1357 543/543/1358 555/555/1359 553/553/1360
f 493/493/1361 546/546/1362 556/556/1363 498/498/1364
f 498/498/1365 556/556/1366 416/416/1367 339/339/1368
f 414/414/1369 416/416/1370 556/556/1371 554/554/1372
f 554/554/1373 556/556/1374 546/546/1375 541/541/1376
f 557/557/1377 558/558/1378 559/559/1379 560/560/1380
f 558/558/1381 557/557/1382 561/561/1383 562/562/1384
f 557/557/1385 563/563/1386 564/564/1387 561/561/1388
f 565/565/1389 566/566/1390 567/567/1391 568/568/1392
f 569/569/1393 506/506/1394 570/570/1395 571/571/1396
f 506/506/1397 569/569/1398 572/572/1399 505/505/1400
f 562/562/1401 572/572/1402 569/569/1403 558/558/1404
f 573/573/1405 574/574/1406 575/575/1407 576/576/1408
f 504/504/1409 577/577/1410 578/578/1411 500/500/1412
f 579/579/1413 580/580/1414 581/581/1415 582/582/1416
f 583/583/1417 584/584/1418 585/585/1419 578/578/1420
f 586/586/1421 583/583/1422 578/578/1423 577/577/1424
f 562/562/1425 561/561/1426 587/587/1427 588/588/1428
f 588/588/1429 587/587/1430 522/522/1431 521/521/1432
f 587/587/1433 589/589/1434 528/528/1435 522/522/1436
f 561/561/1437 564/564/1438 589/589/1439 587/587/1440
f 505/505/1441 572/572/1442 590/590/1443 513/513/1444
f 513/513/1445 590/590/1446 529/529/1447 486/486/1448
f 521/521/1449 529/529/1450 590/590/1451 588/588/1452
f 588/588/1453 590/590/1454 572/572/1455 562/562/1456
f 478/478/1457 533/533/1458 591/591/1459 512/512/1460
f 512/512/1461 591/591/1462 577/577/1463 504/504/1464
f 591/591/1465 592/592/1466 586/586/1467 577/577/1468
f 533/533/1469 535/535/1470 592/592/1471 591/591/1472
f 487/487/1473 549/549/1474 593/593/1475 594/594/1476
f 594/594/1477 593/593/1478 531/531/1479 483/483/1480
f 593/593/1481 595/595/1482 536/536/1483 531/531/1484
f 549/549/1485 551/551/1486 595/595/1487 593/593/1488
f 495/495/1489 488/488/1490 596/596/1491 520/520/1492
f 520/520/1493 596/596/1494 482/482/1495 484/484/1496
f 483/483/1497 482/482/1498 596/596/1499 594/594/1500
f 594/594/1501 596/596/1502 488/488/1503 487/487/1504
f 519/519/1505 525/525/1506 597/597/1507 517/517/1508
f 517/517/1509 597/597/1510 537/537/1511 514/514/1512
f 597/597/1513 598/598/1514 544/544/1515 537/537/1516
f 525/525/1517 527/527/1518 598/598/1519 597/597/1520
f 476/476/1521 475/475/1522 599/599/1523 600/600/1524
f 476/476/1525 600/600/1526 497/497/1527 341/341/1528
f 492/492/1529 497/497/1530 600/600/1531 547/547/1532
f 601/601/1533 602/602/1534 603/603/1535 604/604/1536
f 605/605/1537 606/606/1538 25/607/1539 28/608/1540
f 606/606/1541 607/609/1542 29/610/1543 25/607/1544
f 365/611/1545 368/612/1546 55/613/1547 138/614/1548
f 368/612/1549 467/615/1550 56/616/1551 55/613/1552
f 376/617/1553 379/618/1554 66/619/1555 154/620/1556
f 379/618/1557 451/621/1558 67/622/1559 66/619/1560
f 386/623/1561 389/624/1562 76/625/1563 162/626/1564
f 389/624/1565 407/627/1566 77/628/1567 76/625/1568
f 398/629/1569 401/630/1570 88/631/1571 167/632/1572
f 401/630/1573 459/633/1574 89/634/1575 88/631/1576
f 407/627/1577 410/635/1578 97/636/1579 77/628/1580
f 410/635/1581 608/637/1582 98/638/1583 97/636/1584
f 609/639/1585 610/640/1586 103/641/1587 106/642/1588
f 611/643/1589 612/644/1590 613/645/1591 614/646/1592
f 615/647/1593 421/648/1594 424/649/1595 111/650/1596
f 424/649/1597 443/651/1598 112/652/1599 111/650/1600
f 607/609/1601 616/653/1602 117/654/1603 29/610/1604
f 616/653/1605 609/639/1606 106/642/1607 117/654/1608
f 434/655/1609 437/656/1610 617/657/1611 146/658/1612
f 618/659/1613 619/660/1614 620/661/1615 130/662/1616
f 127/663/1617 621/664/1618 622/665/1619 128/666/1620
f 620/661/1621 605/605/1622 28/608/1623 130/662/1624
f 443/651/1625 446/667/1626 137/668/1627 112/652/1628
f 446/667/1629 365/611/1630 138/614/1631 137/668/1632
f 451/621/1633 454/669/1634 145/670/1635 67/622/1636
f 454/669/1637 434/655/1638 146/658/1639 145/670/1640
f 459/633/1641 462/671/1642 153/672/1643 89/634/1644
f 462/671/1645 376/617/1646 154/620/1647 153/672/1648
f 467/615/1649 470/673/1650 161/674/1651 56/616/1652
f 470/673/1653 386/623/1654 162/626/1655 161/674/1656
f 623/675/1657 624/676/1658 163/677/1659 166/678/1660
f 624/676/1661 398/629/1662 167/632/1663 163/677/1664
f 510/679/1665 579/680/1666 195/681/1667 194/682/1668
f 507/683/1669 510/679/1670 194/682/1671 280/684/1672
f 625/685/1673 626/686/1674 219/687/1675 222/688/1676
f 626/686/1677 627/689/1678 223/690/1679 219/687/1680
f 628/691/1681 629/692/1682 230/693/1683 233/694/1684
f 629/692/1685 630/695/1686 234/696/1687 230/693/1688
f 631/697/1689 632/698/1690 241/699/1691 244/700/1692
f 632/698/1693 633/701/1694 245/702/1695 241/699/1696
f 634/703/1697 635/704/1698 252/705/1699 255/706/1700
f 635/704/1701 601/707/1702 256/708/1703 252/705/1704
f 608/637/1705 636/709/1706 260/710/1707 98/638/1708
f 636/709/1709 631/697/1710 244/700/1711 260/710/1712
f 568/711/1713 573/712/1714 266/713/1715 265/714/1716
f 637/715/1717 638/716/1718 271/717/1719 274/718/1720
f 639/719/1721 640/720/1722 641/721/1723 642/722/1724
f 643/723/1725 565/724/1726 568/711/1727 265/714/1728
f 576/725/1729 507/683/1730 280/684/1731 279/726/1732
f 573/712/1733 576/725/1734 279/726/1735 266/713/1736
f 579/680/1737 582/727/1738 644/728/1739 195/681/1740
f 645/729/1741 646/730/1742 647/731/1743 296/732/1744
f 290/733/1745 648/734/1746 649/735/1747 291/736/1748
f 647/731/1749 650/737/1750 293/738/1751 296/732/1752
f 627/689/1753 651/739/1754 299/740/1755 223/690/1756
f 651/739/1757 637/715/1758 274/718/1759 299/740/1760
f 650/737/1761 652/741/1762 303/742/1763 293/738/1764
f 652/741/1765 628/691/1766 233/694/1767 303/742/1768
f 630/695/1769 653/743/1770 307/744/1771 234/696/1772
f 653/743/1773 634/703/1774 255/706/1775 307/744/1776
f 633/701/1777 654/745/1778 311/746/1779 245/702/1780
f 654/745/1781 625/685/1782 222/688/1783 311/746/1784
f 604/747/1785 623/675/1786 166/678/1787 314/748/1788
f 601/707/1789 604/747/1790 314/748/1791 256/708/1792
f 151/151/1793 65/65/1794 63/63/1795 62/62/1796
f 68/68/1797 60/60/1798 63/63/1799 141/141/1800
f 168/168/1801 87/87/1802 85/85/1803 84/84/1804
f 90/90/1805 82/82/1806 85/85/1807 149/149/1808
f 143/143/1809 655/749/1810 124/124/1811 123/123/1812
f 130/130/1813 129/129/1814 656/750/1815 618/751/1816
f 64/64/1817 144/144/1818 142/142/1819 141/141/1820
f 122/122/1821 140/140/1822 142/142/1823 123/123/1824
f 86/86/1825 152/152/1826 150/150/1827 149/149/1828
f 61/61/1829 147/147/1830 150/150/1831 62/62/1832
f 169/169/1833 170/170/1834 657/752/1835 658/753/1836
f 83/83/1837 169/169/1838 658/753/1839 84/84/1840
f 227/227/1841 229/229/1842 659/754/1843 660/755/1844
f 228/228/1845 227/227/1846 660/755/1847 661/756/1848
f 249/249/1849 251/251/1850 662/757/1851 663/758/1852
f 250/250/1853 249/249/1854 663/758/1855 316/316/1856
f 285/285/1857 288/288/1858 664/759/1859 665/760/1860
f 286/286/1861 285/285/1862 665/760/1863 666/761/1864
f 302/302/1865 286/286/1866 666/761/1867 667/762/1868
f 229/229/1869 302/302/1870 667/762/1871 659/754/1872
f 305/305/1873 228/228/1874 661/756/1875 668/763/1876
f 251/251/1877 305/305/1878 668/763/1879 662/757/1880
f 170/170/1881 315/315/1882 317/317/1883 657/752/1884
f 257/257/1885 313/313/1886 317/317/1887 316/316/1888
f 463/463/1889 375/375/1890 374/374/1891 382/382/1892
f 381/381/1893 452/452/1894 378/378/1895 382/382/1896
f 397/397/1897 396/396/1898 404/404/1899 477/477/1900
f 460/460/1901 400/400/1902 404/404/1903 403/403/1904
f 455/455/1905 433/433/1906 432/432/1907 440/440/1908
f 669/764/1909 670/765/1910 671/766/1911 619/767/1912
f 381/381/1913 380/380/1914 450/450/1915 456/456/1916
f 455/455/1917 435/435/1918 453/453/1919 456/456/1920
f 403/403/1921 402/402/1922 458/458/1923 464/464/1924
f 463/463/1925 377/377/1926 461/461/1927 464/464/1928
f 672/768/1929 673/769/1930 475/475/1931 474/474/1932
f 399/399/1933 672/768/1934 474/474/1935 477/477/1936
f 534/534/1937 674/770/1938 675/771/1939 535/535/1940
f 536/536/1941 676/772/1942 674/770/1943 534/534/1944
f 677/773/1945 678/774/1946 551/551/1947 550/550/1948
f 602/602/1949 677/773/1950 550/550/1951 552/552/1952
f 679/775/1953 680/776/1954 584/584/1955 583/583/1956
f 681/777/1957 679/775/1958 583/583/1959 586/586/1960
f 592/592/1961 682/778/1962 681/777/1963 586/586/1964
f 535/535/1965 675/771/1966 682/778/1967 592/592/1968
f 595/595/1969 683/779/1970 676/772/1971 536/536/1972
f 551/551/1973 678/774/1974 683/779/1975 595/595/1976
f 673/769/1977 603/603/1978 599/599/1979 475/475/1980
f 552/552/1981 547/547/1982 600/600/1983 599/599/1984
f 125/780/1985 669/781/1986 619/660/1987 618/659/1988
f 644/728/1989 582/727/1990 684/782/1991 685/783/1992
f 31/31/1993 35/35/1994 686/784/1995 687/785/1996
f 32/32/1997 31/31/1998 687/785/1999 688/786/2000
f 114/114/2001 113/113/2002 689/787/2003 690/788/2004
f 111/111/2005 110/110/2006 691/789/2007 615/790/2008
f 119/119/2009 32/32/2010 688/786/2011 692/791/2012
f 113/113/2013 119/119/2014 692/791/2015 689/787/2016
f 693/792/2017 124/124/2018 655/749/2019 694/793/2020
f 35/35/2021 121/121/2022 695/794/2023 686/784/2024
f 696/795/2025 697/796/2026 343/343/2027 342/342/2028
f 698/797/2029 696/795/2030 342/342/2031 346/346/2032
f 699/798/2033 700/799/2034 418/418/2035 417/417/2036
f 701/800/2037 702/801/2038 422/422/2039 421/421/2040
f 703/802/2041 698/797/2042 346/346/2043 429/429/2044
f 700/799/2045 703/802/2046 429/429/2047 418/418/2048
f 704/803/2049 671/766/2050 439/439/2051 438/438/2052
f 697/796/2053 704/803/2054 438/438/2055 343/343/2056
f 705/804/2057 701/805/2058 421/648/2059 615/647/2060
f 617/657/2061 437/656/2062 706/806/2063 707/807/2064
f 121/121/2065 124/124/2066 693/792/2067 695/794/2068
f 437/437/2069 436/436/2070 708/808/2071 706/809/2072
f 135/135/2073 54/54/2074 52/52/2075 51/51/2076
f 57/57/2077 47/47/2078 52/52/2079 157/157/2080
f 159/159/2081 75/75/2082 73/73/2083 72/72/2084
f 78/78/2085 69/69/2086 73/73/2087 93/93/2088
f 74/74/2089 96/96/2090 94/94/2091 93/93/2092
f 99/99/2093 91/91/2094 94/94/2095 709/810/2096
f 611/811/2097 710/812/2098 108/108/2099 107/107/2100
f 115/115/2101 114/114/2102 711/813/2103 133/133/2104
f 109/109/2105 136/136/2106 134/134/2107 133/133/2108
f 50/50/2109 131/131/2110 134/134/2111 51/51/2112
f 53/53/2113 160/160/2114 158/158/2115 157/157/2116
f 71/71/2117 156/156/2118 158/158/2119 72/72/2120
f 214/214/2121 218/218/2122 712/814/2123 713/815/2124
f 215/215/2125 214/214/2126 713/815/2127 714/816/2128
f 236/236/2129 239/239/2130 715/817/2131 716/818/2132
f 237/237/2133 236/236/2134 716/818/2135 717/819/2136
f 258/258/2137 99/99/2138 709/810/2139 718/820/2140
f 239/239/2141 258/258/2142 718/820/2143 715/817/2144
f 268/268/2145 267/267/2146 719/821/2147 720/822/2148
f 265/265/2149 264/264/2150 721/823/2151 643/824/2152
f 297/297/2153 215/215/2154 714/816/2155 722/825/2156
f 267/267/2157 297/297/2158 722/825/2159 719/821/2160
f 310/310/2161 237/237/2162 717/819/2163 723/826/2164
f 218/218/2165 310/310/2166 723/826/2167 712/814/2168
f 447/447/2169 364/364/2170 363/363/2171 371/371/2172
f 370/370/2173 468/468/2174 367/367/2175 371/371/2176
f 471/471/2177 385/385/2178 384/384/2179 392/392/2180
f 408/408/2181 388/388/2182 392/392/2183 391/391/2184
f 390/390/2185 406/406/2186 413/413/2187 391/391/2188
f 724/827/2189 409/409/2190 413/413/2191 412/412/2192
f 417/417/2193 420/420/2194 427/427/2195 725/828/2196
f 426/426/2197 444/444/2198 423/423/2199 427/427/2200
f 426/426/2201 425/425/2202 442/442/2203 448/448/2204
f 447/447/2205 366/366/2206 445/445/2207 448/448/2208
f 370/370/2209 369/369/2210 466/466/2211 472/472/2212
f 387/387/2213 469/469/2214 472/472/2215 471/471/2216
f 726/829/2217 727/830/2218 527/527/2219 526/526/2220
f 728/831/2221 726/829/2222 526/526/2223 528/528/2224
f 729/832/2225 730/833/2226 543/543/2227 542/542/2228
f 731/834/2229 729/832/2230 542/542/2231 544/544/2232
f 732/835/2233 724/827/2234 412/412/2235 555/555/2236
f 730/833/2237 732/835/2238 555/555/2239 543/543/2240
f 563/563/2241 733/836/2242 734/837/2243 564/564/2244
f 565/565/2245 735/838/2246 736/839/2247 566/566/2248
f 589/589/2249 737/840/2250 728/831/2251 528/528/2252
f 564/564/2253 734/837/2254 737/840/2255 589/589/2256
f 738/841/2257 731/834/2258 544/544/2259 598/598/2260
f 727/830/2261 738/841/2262 598/598/2263 527/527/2264
f 103/641/2265 610/640/2266 739/842/2267 107/843/2268
f 740/844/2269 735/845/2270 565/724/2271 643/723/2272
f 114/114/2273 690/788/2274 741/846/2275 711/813/2276
f 610/847/2277 699/798/2278 742/848/2279 739/849/2280
f 287/287/2281 198/198/2282 197/197/2283 203/203/2284
f 277/277/2285 193/193/2286 203/203/2287 202/202/2288
f 283/283/2289 269/269/2290 268/268/2291 743/850/2292
f 275/275/2293 639/851/2294 744/852/2295 276/276/2296
f 202/202/2297 201/201/2298 282/282/2299 284/284/2300
f 263/263/2301 278/278/2302 284/284/2303 283/283/2304
f 192/192/2305 745/853/2306 288/288/2307 287/287/2308
f 296/296/2309 295/295/2310 746/854/2311 645/855/2312
f 580/580/2313 509/509/2314 502/502/2315 501/501/2316
f 506/506/2317 499/499/2318 502/502/2319 570/570/2320
f 574/574/2321 567/567/2322 560/560/2323 559/559/2324
f 563/563/2325 557/557/2326 560/560/2327 747/856/2328
f 508/508/2329 575/575/2330 571/571/2331 570/570/2332
f 558/558/2333 569/569/2334 571/571/2335 559/559/2336
f 500/500/2337 578/578/2338 585/585/2339 501/501/2340
f 748/857/2341 581/581/2342 585/585/2343 584/584/2344
f 271/717/2345 638/716/2346 749/858/2347 275/859/2348
f 645/729/2349 292/860/2350 750/861/2351 646/730/2352
f 745/853/2353 751/862/2354 664/759/2355 288/288/2356
f 750/863/2357 752/864/2358 680/776/2359 646/865/2360
f 743/850/2361 268/268/2362 720/822/2363 753/866/2364
f 638/867/2365 733/836/2366 754/868/2367 749/869/2368
f 287/287/2369 203/203/2370 193/193/2371 192/192/2372
f 283/283/2373 743/850/2374 264/264/2375 263/263/2376
f 202/202/2377 284/284/2378 278/278/2379 277/277/2380
f 645/855/2381 746/854/2382 289/289/2383 292/292/2384
f 570/570/2385 502/502/2386 509/509/2387 508/508/2388
f 747/856/2389 560/560/2390 567/567/2391 566/566/2392
f 559/559/2393 571/571/2394 575/575/2395 574/574/2396
f 501/501/2397 585/585/2398 581/581/2399 580/580/2400
f 275/859/2401 749/858/2402 640/720/2403 639/719/2404
f 743/850/2405 753/866/2406 721/823/2407 264/264/2408
f 749/869/2409 754/868/2410 736/839/2411 640/870/2412
f 280/280/2413 194/194/2414 193/193/2415 277/277/2416
f 639/851/2417 642/871/2418 740/872/2419 744/852/2420
f 266/266/2421 279/279/2422 278/278/2423 263/263/2424
f 195/195/2425 644/873/2426 745/853/2427 192/192/2428
f 579/579/2429 510/510/2430 509/509/2431 580/580/2432
f 573/573/2433 568/568/2434 567/567/2435 574/574/2436
f 507/507/2437 576/576/2438 575/575/2439 508/508/2440
f 684/874/2441 582/582/2442 581/581/2443 748/857/2444
f 292/860/2445 291/875/2446 649/876/2447 750/861/2448
f 644/873/2449 685/877/2450 751/862/2451 745/853/2452
f 648/878/2453 752/864/2454 750/863/2455 649/879/2456
f 157/157/2457 52/52/2458 54/54/2459 53/53/2460
f 93/93/2461 73/73/2462 75/75/2463 74/74/2464
f 709/810/2465 94/94/2466 96/96/2467 95/95/2468
f 133/133/2469 711/813/2470 110/110/2471 109/109/2472
f 51/51/2473 134/134/2474 136/136/2475 135/135/2476
f 72/72/2477 158/158/2478 160/160/2479 159/159/2480
f 713/815/2481 712/814/2482 221/221/2483 220/220/2484
f 714/816/2485 713/815/2486 220/220/2487 224/224/2488
f 716/818/2489 715/817/2490 243/243/2491 242/242/2492
f 717/819/2493 716/818/2494 242/242/2495 246/246/2496
f 718/820/2497 709/810/2498 95/95/2499 261/261/2500
f 715/817/2501 718/820/2502 261/261/2503 243/243/2504
f 720/822/2505 719/821/2506 273/273/2507 272/272/2508
f 753/866/2509 720/822/2510 272/272/2511 276/276/2512
f 722/825/2513 714/816/2514 224/224/2515 300/300/2516
f 719/821/2517 722/825/2518 300/300/2519 273/273/2520
f 723/826/2521 717/819/2522 246/246/2523 312/312/2524
f 712/814/2525 723/826/2526 312/312/2527 221/221/2528
f 366/366/2529 447/447/2530 371/371/2531 367/367/2532
f 471/471/2533 392/392/2534 388/388/2535 387/387/2536
f 391/391/2537 413/413/2538 409/409/2539 408/408/2540
f 422/422/2541 725/828/2542 427/427/2543 423/423/2544
f 444/444/2545 426/426/2546 448/448/2547 445/445/2548
f 468/468/2549 370/370/2550 472/472/2551 469/469/2552
f 107/843/2553 739/842/2554 612/644/2555 611/643/2556
f 711/813/2557 741/846/2558 691/789/2559 110/110/2560
f 739/849/2561 742/848/2562 702/801/2563 612/880/2564
f 138/138/2565 55/55/2566 54/54/2567 135/135/2568
f 162/162/2569 76/76/2570 75/75/2571 159/159/2572
f 77/77/2573 97/97/2574 96/96/2575 74/74/2576
f 614/881/2577 705/882/2578 710/812/2579 611/811/2580
f 112/112/2581 137/137/2582 136/136/2583 109/109/2584
f 56/56/2585 161/161/2586 160/160/2587 53/53/2588
f 467/467/2589 368/368/2590 367/367/2591 468/468/2592
f 407/407/2593 389/389/2594 388/388/2595 408/408/2596
f 608/883/2597 410/410/2598 409/409/2599 724/827/2600
f 443/443/2601 424/424/2602 423/423/2603 444/444/2604
f 365/365/2605 446/446/2606 445/445/2607 366/366/2608
f 386/386/2609 470/470/2610 469/469/2611 387/387/2612
f 626/884/2613 625/885/2614 727/830/2615 726/829/2616
f 627/886/2617 626/884/2618 726/829/2619 728/831/2620
f 632/887/2621 631/888/2622 730/833/2623 729/832/2624
f 633/889/2625 632/887/2626 729/832/2627 731/834/2628
f 636/890/2629 608/883/2630 724/827/2631 732/835/2632
f 631/888/2633 636/890/2634 732/835/2635 730/833/2636
f 638/867/2637 637/891/2638 734/837/2639 733/836/2640
f 735/838/2641 641/892/2642 640/870/2643 736/839/2644
f 651/893/2645 627/886/2646 728/831/2647 737/840/2648
f 637/891/2649 651/893/2650 737/840/2651 734/837/2652
f 654/894/2653 633/889/2654 731/834/2655 738/841/2656
f 625/885/2657 654/894/2658 738/841/2659 727/830/2660
f 642/895/2661 641/896/2662 735/845/2663 740/844/2664
f 721/823/2665 753/866/2666 276/276/2667 744/852/2668
f 733/836/2669 563/563/2670 747/856/2671 754/868/2672
f 754/868/2673 747/856/2674 566/566/2675 736/839/2676
f 643/824/2677 721/823/2678 744/852/2679 740/872/2680
f 687/785/2681 686/784/2682 27/27/2683 26/26/2684
f 688/786/2685 687/785/2686 26/26/2687 30/30/2688
f 690/788/2689 689/787/2690 105/105/2691 104/104/2692
f 741/846/2693 690/788/2694 104/104/2695 108/108/2696
f 692/791/2697 688/786/2698 30/30/2699 118/118/2700
f 689/787/2701 692/791/2702 118/118/2703 105/105/2704
f 656/750/2705 693/792/2706 694/793/2707 126/126/2708
f 686/784/2709 695/794/2710 129/129/2711 27/27/2712
f 707/807/2713 706/806/2714 621/664/2715 127/663/2716
f 695/794/2717 693/792/2718 656/750/2719 129/129/2720
f 706/809/2721 708/808/2722 670/765/2723 621/897/2724
f 606/898/2725 605/899/2726 697/796/2727 696/795/2728
f 607/900/2729 606/898/2730 696/795/2731 698/797/2732
f 610/847/2733 609/901/2734 700/799/2735 699/798/2736
f 613/902/2737 612/880/2738 702/801/2739 701/800/2740
f 616/903/2741 607/900/2742 698/797/2743 703/802/2744
f 609/901/2745 616/903/2746 703/802/2747 700/799/2748
f 620/904/2749 619/767/2750 671/766/2751 704/803/2752
f 605/899/2753 620/904/2754 704/803/2755 697/796/2756
f 614/905/2757 613/906/2758 701/805/2759 705/804/2760
f 710/812/2761 691/789/2762 741/846/2763 108/108/2764
f 417/417/2765 725/828/2766 742/848/2767 699/798/2768
f 725/828/2769 422/422/2770 702/801/2771 742/848/2772
f 615/790/2773 691/789/2774 710/812/2775 705/882/2776
f 141/141/2777 63/63/2778 65/65/2779 64/64/2780
f 149/149/2781 85/85/2782 87/87/2783 86/86/2784
f 618/751/2785 656/750/2786 126/126/2787 125/125/2788
f 123/123/2789 142/142/2790 144/144/2791 143/143/2792
f 62/62/2793 150/150/2794 152/152/2795 151/151/2796
f 658/753/2797 657/752/2798 165/165/2799 164/164/2800
f 84/84/2801 658/753/2802 164/164/2803 168/168/2804
f 660/755/2805 659/754/2806 232/232/2807 231/231/2808
f 661/756/2809 660/755/2810 231/231/2811 235/235/2812
f 663/758/2813 662/757/2814 254/254/2815 253/253/2816
f 316/316/2817 663/758/2818 253/253/2819 257/257/2820
f 751/862/2821 685/877/2822 290/290/2823 289/289/2824
f 666/761/2825 665/760/2826 295/295/2827 294/294/2828
f 667/762/2829 666/761/2830 294/294/2831 304/304/2832
f 659/754/2833 667/762/2834 304/304/2835 232/232/2836
f 668/763/2837 661/756/2838 235/235/2839 308/308/2840
f 662/757/2841 668/763/2842 308/308/2843 254/254/2844
f 657/752/2845 317/317/2846 313/313/2847 165/165/2848
f 377/377/2849 463/463/2850 382/382/2851 378/378/2852
f 477/477/2853 404/404/2854 400/400/2855 399/399/2856
f 435/435/2857 455/455/2858 440/440/2859 436/436/2860
f 452/452/2861 381/381/2862 456/456/2863 453/453/2864
f 403/403/2865 464/464/2866 461/461/2867 460/460/2868
f 552/552/2869 599/599/2870 603/603/2871 602/602/2872
f 685/783/2873 684/782/2874 648/734/2875 290/733/2876
f 154/154/2877 66/66/2878 65/65/2879 151/151/2880
f 167/167/2881 88/88/2882 87/87/2883 168/168/2884
f 146/146/2885 617/907/2886 655/749/2887 143/143/2888
f 67/67/2889 145/145/2890 144/144/2891 64/64/2892
f 89/89/2893 153/153/2894 152/152/2895 86/86/2896
f 256/256/2897 314/314/2898 313/313/2899 257/257/2900
f 451/451/2901 379/379/2902 378/378/2903 452/452/2904
f 459/459/2905 401/401/2906 400/400/2907 460/460/2908
f 669/764/2909 622/908/2910 621/897/2911 670/765/2912
f 434/434/2913 454/454/2914 453/453/2915 435/435/2916
f 376/376/2917 462/462/2918 461/461/2919 377/377/2920
f 624/909/2921 623/910/2922 673/769/2923 672/768/2924
f 398/398/2925 624/909/2926 672/768/2927 399/399/2928
f 629/911/2929 628/912/2930 675/771/2931 674/770/2932
f 630/913/2933 629/911/2934 674/770/2935 676/772/2936
f 635/914/2937 634/915/2938 678/774/2939 677/773/2940
f 601/601/2941 635/914/2942 677/773/2943 602/602/2944
f 647/916/2945 646/865/2946 680/776/2947 679/775/2948
f 650/917/2949 647/916/2950 679/775/2951 681/777/2952
f 652/918/2953 650/917/2954 681/777/2955 682/778/2956
f 628/912/2957 652/918/2958 682/778/2959 675/771/2960
f 653/919/2961 630/913/2962 676/772/2963 683/779/2964
f 634/915/2965 653/919/2966 683/779/2967 678/774/2968
f 623/910/2969 604/604/2970 603/603/2971 673/769/2972
f 125/780/2973 128/920/2974 622/921/2975 669/781/2976
f 617/907/2977 707/922/2978 694/793/2979 655/749/2980
f 436/436/2981 440/440/2982 439/439/2983 708/808/2984
f 295/295/2985 665/760/2986 664/759/2987 746/854/2988
f 748/857/2989 584/584/2990 680/776/2991 752/864/2992
f 664/759/2993 751/862/2994 289/289/2995 746/854/2996
f 684/874/2997 748/857/2998 752/864/2999 648/878/3000
f 707/922/3001 127/127/3002 126/126/3003 694/793/3004
f 708/808/3005 439/439/3006 671/766/3007 670/765/3008
g default
v 38.214920 3.841091 15.952906
v 38.208607 3.841226 15.939090
v 37.304150 4.557500 16.434433
v 37.310230 4.557350 16.448376
v 39.322681 3.344155 15.346565
v 39.316101 3.344215 15.332895
v 25.878456 4.103106 -11.052942
v 25.422020 4.849510 -10.802158
v 31.365982 4.704165 2.823246
v 32.046307 3.972979 2.450241
v 26.465893 3.459575 -11.379135
v 32.893696 3.402764 1.984083
v 41.762253 2.741760 14.011971
v 41.755108 2.741582 13.998602
v 40.559750 2.993838 14.652405
v 40.566616 2.993893 14.665921
v 34.779064 2.567498 0.945318
v 27.797356 2.391561 -12.122257
v 27.141392 2.884449 -11.755938
v 33.853298 2.940035 1.455430
v 13.847232 1.962704 -38.259617
v 13.848086 1.957319 -38.260197
v 13.845601 1.957251 -38.264828
v 13.844745 1.962636 -38.264248
v 13.609307 3.564054 -38.104839
v 13.611590 3.564036 -38.100101
v 13.719796 2.762982 -38.173550
v 13.717414 2.762961 -38.178234
v 20.851616 2.156617 -25.210476
v 27.856720 2.346956 -12.155407
v 27.861530 2.343340 -12.158094
v 20.854450 2.152117 -25.212109
v 20.430332 2.825408 -24.967724
v 20.038532 3.513222 -24.742575
v 13.532245 5.135261 -38.051979
v 13.534354 5.135210 -38.047142
v 13.543187 4.356157 -38.053516
v 13.540998 4.356202 -38.058308
v 19.710556 4.230672 -24.556122
v 19.477737 4.993096 -24.427431
v 36.189701 8.108792 17.062531
v 36.184025 8.108577 17.048351
v 36.332790 9.456512 16.967190
v 36.338421 9.456934 16.981403
v 36.300560 6.781657 17.001610
v 36.294796 6.781616 16.987492
v 25.091980 7.686852 -10.649751
v 25.328621 8.634109 -10.799576
v 30.833694 9.045825 3.090869
v 30.640957 7.898161 3.206371
v 25.028728 6.700445 -10.600373
v 30.664719 6.741452 3.200632
v 36.667480 5.567487 16.783249
v 36.673382 5.567401 16.797295
v 25.138859 5.734733 -10.651279
v 30.906128 5.651591 3.073056
v 13.602761 5.897404 -38.099140
v 13.604808 5.897376 -38.094269
v 13.755210 6.615281 -38.201580
v 13.757213 6.615296 -38.196682
v 19.371243 5.816670 -24.375477
v 19.392374 6.658459 -24.401222
v 14.315793 7.807895 -38.579174
v 14.317748 7.808042 -38.574245
v 13.994069 7.261320 -38.356113
v 13.992101 7.261244 -38.361034
v 19.542538 7.474657 -24.505676
v 19.822899 8.221574 -24.689743
v 38.210964 12.869482 15.957580
v 38.205219 12.868419 15.943380
v 39.208355 13.621038 15.394693
v 39.214207 13.622278 15.408853
v 37.377926 11.889494 16.413136
v 37.372257 11.888634 16.398914
v 26.984737 10.790497 -11.796581
v 27.773354 11.200686 -12.264399
v 33.494022 12.411518 1.572158
v 32.598137 11.830101 2.080413
v 26.298599 10.209882 -11.387085
v 31.838547 11.049882 2.512938
v 36.738468 10.733891 16.745457
v 36.744099 10.734530 16.759684
v 25.738674 9.483025 -11.050043
v 31.241623 10.109038 2.854748
v 14.729346 8.228823 -38.858013
v 14.731301 8.229046 -38.853081
v 15.214961 8.528589 -39.185394
v 15.216928 8.528888 -39.180462
v 20.234871 8.856329 -24.954470
v 20.757690 9.369417 -25.286697
v 16.328922 8.779225 -39.936111
v 16.330956 8.779655 -39.931202
v 15.756331 8.711230 -39.544003
v 15.754338 8.710861 -39.548923
v 21.370384 9.750668 -25.673172
v 22.051853 9.989827 -26.100611
v 42.837322 14.156522 13.423458
v 42.830982 14.155007 13.409515
v 44.045544 13.717212 12.739989
v 44.052078 13.718742 12.753836
v 41.586533 14.278151 14.110250
v 41.580372 14.276689 14.096224
v 30.434689 11.196457 -13.830244
v 31.272339 10.727438 -14.320574
v 37.662373 12.222921 -0.783385
v 36.636181 12.676386 -0.203431
v 29.542763 11.420518 -13.306980
v 35.564827 12.849281 0.401591
v 40.353043 14.094551 14.768499
v 40.359039 14.095922 14.782599
v 28.640820 11.416327 -12.776439
v 34.500130 12.756111 1.003028
v 16.919510 8.737426 -40.334164
v 16.921589 8.737901 -40.329273
v 17.496082 8.564246 -40.723007
v 17.498222 8.564754 -40.718143
v 22.780804 10.076654 -26.555618
v 23.520035 9.992015 -27.015289
v 18.490509 7.739321 -41.394276
v 18.492779 7.739851 -41.389469
v 18.031540 8.239188 -41.078049
v 18.029339 8.238664 -41.082886
v 24.232559 9.716992 -27.456821
v 24.881783 9.232647 -27.857594
v 46.895000 10.707842 11.186848
v 46.887928 10.706469 11.173264
v 47.374279 9.366841 10.923733
v 47.381466 9.368090 10.937256
v 46.139114 11.925662 11.597889
v 46.132202 11.924202 11.584227
v 33.074730 8.025304 -15.361298
v 33.334538 6.927089 -15.497404
v 40.358006 8.147472 -2.280038
v 39.984898 9.366401 -2.087183
v 32.623539 9.071877 -15.106310
v 39.381405 10.498556 -1.754177
v 45.165249 12.950788 12.119047
v 45.171978 12.952300 12.132803
v 32.012215 9.996069 -14.752617
v 38.592228 11.473967 -1.309901
v 18.851315 7.043261 -41.637783
v 18.853649 7.043785 -41.633011
v 19.107548 6.221161 -41.810551
v 19.109947 6.221667 -41.805813
v 25.431877 8.518976 -28.195259
v 25.865524 7.645949 -28.458439
v 19.287834 4.488077 -41.932316
v 19.290325 4.488509 -41.927631
v 19.256916 5.345763 -41.904926
v 19.254459 5.345287 -41.909634
v 26.164528 6.684834 -28.635452
v 26.311096 5.707197 -28.714828
v 46.980980 5.298583 11.317776
v 46.973759 5.297847 11.304249
v 46.305355 4.152789 11.754362
v 46.312492 4.153371 11.767945
v 47.398930 6.595273 11.018642
v 47.391674 6.594362 11.005144
v 32.863777 3.860912 -15.125345
v 32.358925 3.014585 -14.785425
v 39.335697 3.583963 -1.508734
v 39.922356 4.579698 -1.903765
v 33.208374 4.815171 -15.366152
v 40.303635 5.705149 -2.173727
v 47.533627 7.973572 10.873016
v 47.540874 7.974661 10.886513
v 33.372150 5.847226 -15.494585
v 40.456501 6.910852 -2.304007
v 19.203781 3.721326 -41.875965
v 19.206295 3.721703 -41.871288
v 19.018230 3.036135 -41.751221
v 19.020744 3.036450 -41.746540
v 26.287868 4.783970 -28.685234
v 26.113205 3.925446 -28.558647
v 18.405239 1.875638 -41.338741
v 18.407719 1.875840 -41.334026
v 18.749363 2.424007 -41.563942
v 18.746857 2.423752 -41.568630
v 25.805260 3.142243 -28.346966
v 25.382122 2.445164 -28.062099
v 42.979980 1.894717 13.928849
v 42.973202 1.894390 13.915039
v 41.442715 1.417138 14.903547
v 41.449455 1.417409 14.917366
v 44.305416 2.486619 13.073929
v 44.298542 2.486229 13.060179
v 29.739395 1.255791 -13.062906
v 28.274300 0.889590 -12.097572
v 34.861851 1.153503 1.409931
v 36.359631 1.575237 0.433008
v 30.863880 1.724260 -13.801340
v 37.584606 2.105415 -0.363680
v 45.411514 3.227424 12.339767
v 45.418522 3.227895 12.353432
v 31.714573 2.306479 -14.359760
v 38.566532 2.767179 -1.003163
v 18.010269 1.384721 -41.072765
v 18.012703 1.384885 -41.068027
v 17.422287 0.961870 -40.676579
v 17.424675 0.962005 -40.671810
v 24.862537 1.845709 -27.716316
v 24.143166 1.343108 -27.239004
v 15.099074 0.361684 -39.112480
v 15.101411 0.361777 -39.107685
v 16.501282 0.616984 -40.049923
v 16.498932 0.616870 -40.054714
v 23.119205 0.936349 -26.558846
v 21.686733 0.625654 -25.605072
v 18.753675 0.106107 30.018415
v 18.745987 0.106107 30.005276
v 14.594170 0.106107 32.798077
v 14.601951 0.106107 32.811157
v 23.267151 0.123484 26.984934
v 23.259567 0.123479 26.971725
v 3.725373 0.106119 4.333341
v -0.607339 0.106119 7.247826
v 6.997308 0.106113 20.029491
v 11.239521 0.106114 17.175877
v 8.437188 0.114807 1.165144
v 15.852170 0.119146 14.075042
v 31.810837 0.279858 21.261253
v 31.803513 0.279814 21.247858
v 27.742802 0.175592 23.963785
v 27.750271 0.175610 23.977077
v 17.498932 0.192998 -4.918740
v 13.153317 0.140871 -2.003357
v 20.451790 0.158241 10.986864
v 24.654884 0.236429 8.171270
v -1.443650 0.106131 -27.983791
v -1.441061 0.106137 -27.979179
v 3.189519 0.106146 -31.094067
v 3.186978 0.106131 -31.098713
v -6.392777 0.106131 -24.654642
v -6.390145 0.106132 -24.650063
v 10.342964 0.149565 -18.008743
v 5.854837 0.123501 -14.993582
v 1.022209 0.110469 -11.744755
v -15.816632 0.106131 -18.315502
v -15.813935 0.106131 -18.310966
v -11.300264 0.106131 -21.347172
v -11.302932 0.106131 -21.351732
v -3.788777 0.106125 -8.509196
v -8.211989 0.106125 -5.533837
v -8.554132 0.106107 48.387672
v -8.562631 0.106189 48.375076
v -9.010568 0.106217 48.676445
v -9.002069 0.106107 48.689037
v -8.106198 0.106107 48.086311
v -8.114705 0.106162 48.073719
v -25.174026 0.265638 23.773226
v -25.616764 0.323135 24.071100
v -17.309410 0.214659 36.380085
v -16.864086 0.185905 36.080467
v -24.731384 0.214166 23.475426
v -16.418793 0.160161 35.780884
v -7.210313 0.106107 47.483616
v -7.218825 0.106124 47.471027
v -7.666766 0.106140 47.772373
v -7.658261 0.106107 47.784962
v -23.846348 0.138581 22.880014
v -24.288818 0.171040 23.177683
v -15.973542 0.138589 35.481331
v -15.528329 0.122352 35.181820
v -40.919361 0.235846 -1.429601
v -40.916405 0.235834 -1.425237
v -40.479393 0.170989 -1.719236
v -40.482349 0.170994 -1.723602
v -41.356548 0.322029 -1.135469
v -41.353603 0.322010 -1.131103
v -32.164341 0.154796 10.578197
v -32.604088 0.203458 10.874029
v -33.043964 0.268121 11.169964
v -42.231480 0.539863 -0.546821
v -42.228535 0.539825 -0.542454
v -41.790981 0.424886 -0.836838
v -41.793926 0.424914 -0.841207
v -33.483971 0.345306 11.465992
v -33.924110 0.431534 11.762118
v -2.696786 0.106108 44.447475
v -2.705190 0.106108 44.434818
v -4.290082 0.106107 45.500927
v -4.281621 0.106107 45.513546
v -0.770892 0.106108 43.151989
v -0.779223 0.106108 43.139278
v -19.126404 0.106120 19.705025
v -20.822464 0.106119 20.845909
v -12.552041 0.106114 33.179729
v -10.911597 0.106114 32.076248
v -17.054413 0.106120 18.311260
v -8.912648 0.106114 30.731621
v 3.649331 0.106107 40.178642
v 3.641179 0.106107 40.165813
v 1.374131 0.106107 41.690784
v 1.382375 0.106107 41.703552
v -12.283862 0.106119 15.102258
v -14.731790 0.106119 16.748901
v -6.674710 0.106114 29.226227
v -4.317265 0.106114 27.640450
v -30.845959 0.106131 -8.205747
v -30.843098 0.106131 -8.201315
v -28.214222 0.106131 -9.969676
v -28.217052 0.106131 -9.974129
v -33.337925 0.106132 -6.529474
v -33.335033 0.106132 -6.525067
v -20.250458 0.106125 2.564067
v -22.788876 0.106125 4.271582
v -25.196171 0.106126 5.890894
v -37.363308 0.106131 -3.821722
v -37.360374 0.106131 -3.817344
v -35.553104 0.106132 -5.033039
v -35.556019 0.106132 -5.037430
v -27.341217 0.106126 7.333798
v -29.092892 0.106125 8.512096
v 5.916286 0.106107 38.653732
v 5.908227 0.106107 38.640842
v 8.371722 0.106107 37.002037
v 8.363758 0.106107 36.989082
v -9.835928 0.106119 13.455610
v -1.959823 0.106114 26.054668
v -7.199518 0.106119 11.682178
v 0.586102 0.106114 24.342108
v 11.196244 0.106107 35.083755
v 11.204117 0.106107 35.096775
v -4.186148 0.106119 9.655178
v 3.508982 0.106114 22.375973
v -19.576420 0.106131 -15.786411
v -19.573689 0.106131 -15.781897
v -22.770763 0.106131 -13.637676
v -22.768002 0.106131 -13.633184
v -11.881286 0.106125 -3.065616
v -14.985143 0.106125 -0.977748
v -25.585354 0.106131 -11.738037
v -25.588150 0.106131 -11.742508
v -17.712040 0.106125 0.856551
v 13.082740 0.208387 -37.755756
v 13.085105 0.208460 -37.750984
v 10.435151 0.131698 -35.974567
v 10.437564 0.131748 -35.969830
v 26.402264 0.614141 -10.858714
v 19.742550 0.411277 -24.307283
v 24.038754 0.415567 -9.288125
v 17.236990 0.273639 -22.631386
v 7.144038 0.106160 -33.754234
v 7.141564 0.106130 -33.758926
v 21.099186 0.279872 -7.327557
v 14.120395 0.193003 -20.543268
v 35.056686 0.453589 19.103865
v 35.049545 0.453500 19.090343
v 37.642151 0.699380 17.398413
v 37.635189 0.699235 17.384762
v 28.077942 0.366733 5.888170
v 30.840466 0.557481 4.055166
v 39.714756 1.019587 16.024668
v 39.721569 1.019794 16.038429
v 33.061924 0.816979 2.589884
v -12.579198 0.106093 51.096081
v -12.587518 0.106684 51.083363
v -12.593640 0.106685 51.087482
v -12.585317 0.106093 51.100197
v -11.689555 0.106099 50.497395
v -11.697959 0.106520 50.484737
v -12.145793 0.106600 50.786144
v -12.137435 0.106095 50.798832
v -20.712006 0.684045 38.669819
v -28.844482 1.261057 26.243206
v -28.849491 1.263392 26.246576
v -20.717571 0.685213 38.673561
v -28.112255 0.928194 25.750378
v -28.483093 1.092473 26.000013
v -20.310429 0.599732 38.399586
v -19.901047 0.517531 38.124035
v -10.793761 0.106104 49.894558
v -10.802222 0.106380 49.881939
v -11.250096 0.106445 50.183331
v -11.241660 0.106102 50.195965
v -27.338085 0.645497 25.229313
v -27.732185 0.777048 25.494553
v -19.487038 0.441868 37.845379
v -19.065990 0.375991 37.562019
v -44.222652 1.445487 0.793041
v -44.219727 1.445368 0.797423
v -43.879345 1.183170 0.568333
v -43.882282 1.183266 0.563955
v -44.535099 1.747046 1.003359
v -44.532177 1.746901 1.007748
v -35.610142 0.914579 12.896579
v -35.977306 1.111561 13.143689
v -36.323483 1.337978 13.376707
v -45.062187 2.354604 1.358151
v -45.059296 2.354405 1.362559
v -44.826183 2.074970 1.205681
v -44.829082 2.075144 1.201277
v -36.922184 1.793827 13.779692
v -28.782764 1.232264 26.201674
v -36.655827 1.584197 13.600441
v -10.345849 0.106105 49.593166
v -10.354329 0.106327 49.580563
v -9.897933 0.106106 49.291782
v -9.906426 0.106284 49.279186
v -26.924873 0.539932 24.951246
v -18.635391 0.323131 37.272247
v -26.497051 0.454718 24.663378
v -18.197498 0.280482 36.977608
v -9.458501 0.106249 48.977818
v -9.450002 0.106106 48.990414
v -26.059422 0.384308 24.368927
v -17.754704 0.245255 36.679676
v -42.668861 0.662133 -0.252546
v -42.665913 0.662084 -0.248178
v -43.096176 0.802768 0.034970
v -43.093227 0.802707 0.039339
v -34.364124 0.523265 12.058165
v -34.796597 0.628811 12.349143
v -43.500885 0.972748 0.313648
v -43.503826 0.972825 0.309275
v -35.214336 0.756493 12.630228
v -38.622791 0.106131 -2.974510
v -38.619843 0.106131 -2.970140
v -39.471237 0.112626 -2.403780
v -39.468288 0.112625 -2.399414
v -22.017246 0.106119 21.649603
v -30.320019 0.106125 9.337548
v -22.835979 0.109367 22.200344
v -31.153610 0.110997 9.898283
v -40.042446 0.132090 -2.013183
v -40.045399 0.132092 -2.017546
v -23.403889 0.119108 22.582369
v -31.724648 0.125602 10.282411
v -6.762368 0.106107 47.182278
v -6.770881 0.106114 47.169689
v -6.200727 0.106107 46.804470
v -6.209235 0.106109 46.791882
v -15.083133 0.112609 34.882320
v -14.518350 0.107738 34.502407
v -5.420203 0.106107 46.261120
v -5.411706 0.106107 46.273716
v -13.714478 0.106114 33.961658
v 38.119793 3.820983 15.773638
v 37.212833 4.541767 16.269543
v 31.347790 4.688889 2.831034
v 32.032547 3.953021 2.456346
v 39.227970 3.321204 15.167686
v 32.883514 3.380442 1.988890
v 25.401623 4.838046 -10.793360
v 25.861103 4.086886 -11.045152
v 26.451305 3.440500 -11.372185
v 41.779694 2.689987 13.772365
v 41.770943 2.691850 13.777149
v 34.855675 2.510167 0.903132
v 34.862473 2.507432 0.899387
v 27.844765 2.325971 -12.148952
v 27.849583 2.322351 -12.151642
v 40.470295 2.968761 14.488365
v 33.845291 2.916722 1.459599
v 27.128654 2.863963 -11.749374
v 13.727166 2.758696 -38.104813
v 13.845412 2.024860 -38.184177
v 20.798843 2.197329 -25.180897
v 20.412018 2.811205 -24.958347
v 13.617326 3.560332 -38.031109
v 20.019096 3.500558 -24.733259
v 27.785336 2.370617 -12.115793
v 13.537429 5.135654 -37.977665
v 13.547421 4.353983 -37.984249
v 19.689659 4.220751 -24.546646
v 19.455456 4.987203 -24.417747
v 36.090820 8.106380 16.882843
v 36.240692 9.457187 16.800758
v 30.811428 9.053250 3.099472
v 30.617825 7.900283 3.215607
v 36.201069 6.775911 16.822660
v 30.641781 6.738149 3.210015
v 25.307068 8.643724 -10.791322
v 25.069126 7.691337 -10.640664
v 25.005596 6.699865 -10.590915
v 36.574169 5.557224 16.618725
v 30.884651 5.642474 3.082037
v 25.116440 5.728903 -10.641879
v 13.607314 5.901352 -38.024769
v 19.348232 5.815333 -24.365795
v 13.759898 6.623478 -38.127464
v 19.369411 6.661581 -24.391846
v 19.802711 8.234201 -24.682117
v 14.324401 7.826615 -38.507183
v 13.997989 7.274432 -38.287636
v 19.520432 7.482390 -24.496937
v 32.583958 11.850250 2.084644
v 38.119011 12.874399 15.773123
v 39.124943 13.627925 15.222852
v 33.484077 12.434357 1.574280
v 31.820881 11.066512 2.518974
v 37.283710 11.893339 16.230078
v 27.765190 11.224277 -12.263080
v 26.972340 10.811936 -11.793167
v 26.282490 10.228249 -11.381775
v 36.647961 10.736887 16.577896
v 31.221241 10.121419 2.862255
v 25.719463 9.497437 -11.043093
v 20.217686 8.873455 -24.948441
v 14.741940 8.252426 -38.787987
v 20.744106 9.389984 -25.282524
v 15.231925 8.555688 -39.117489
v 22.046295 10.014201 -26.100437
v 16.354469 8.809849 -39.872318
v 15.775664 8.740222 -39.483120
v 21.360725 9.773623 -25.670982
v 36.640713 12.700521 -0.208120
v 42.755901 14.160793 13.233505
v 43.973007 13.721138 12.562880
v 37.671917 12.244959 -0.790335
v 35.564381 12.874161 0.399192
v 41.502670 14.283533 13.921444
v 31.283672 10.748360 -14.328243
v 30.440937 11.220051 -13.835655
v 29.543961 11.445295 -13.310089
v 40.272594 14.101772 14.595095
v 34.494862 12.780550 1.002893
v 28.637218 11.441051 -12.777308
v 22.779575 10.101552 -26.557514
v 16.949650 8.768393 -40.272503
v 23.523533 10.016429 -27.019371
v 17.531605 8.594324 -40.663784
v 24.895432 9.251761 -27.866154
v 18.537415 7.762247 -41.340000
v 18.070724 8.266118 -41.026249
v 24.241161 9.739582 -27.463200
v 40.004520 9.377025 -2.098459
v 46.819660 10.701615 10.994765
v 47.306789 9.357758 10.745182
v 40.379425 8.152563 -2.291879
v 39.398506 10.513631 -1.764438
v 46.062946 11.922699 11.405945
v 33.356247 6.930698 -15.509258
v 33.095116 8.034113 -15.372784
v 32.641888 9.085073 -15.116997
v 45.094711 12.952156 11.941174
v 38.606079 11.492802 -1.318754
v 32.027702 10.013262 -14.762089
v 25.449322 8.533721 -28.205421
v 18.902073 7.061183 -41.585140
v 25.885269 7.656516 -28.469551
v 19.160625 6.234718 -41.758919
v 26.333073 5.708832 -28.726643
v 19.343128 4.492749 -41.881477
v 19.309002 5.354643 -41.858612
v 26.185707 6.691201 -28.647106
v 46.904377 5.276952 11.127542
v 46.234035 4.128863 11.578749
v 39.352520 3.567350 -1.516853
v 39.941959 4.567677 -1.913567
v 47.323631 6.576849 10.827555
v 40.325008 5.698348 -2.184760
v 32.375824 2.998068 -14.793589
v 32.883240 3.848590 -15.135057
v 33.229595 4.807696 -15.377050
v 47.466270 7.959977 10.694773
v 40.478542 6.909824 -2.315755
v 33.394169 5.845145 -15.506235
v 26.309792 4.780467 -28.696716
v 19.258942 3.720826 -41.824780
v 19.072338 3.030607 -41.699211
v 26.134178 3.917044 -28.569347
v 18.455448 1.862201 -41.284229
v 18.799206 2.413821 -41.515469
v 25.824524 3.129505 -28.356544
v 25.399128 2.428788 -28.070320
v 42.896687 1.866540 13.741856
v 41.364765 1.389434 14.731071
v 34.866436 1.128991 1.408161
v 36.366364 1.551318 0.430264
v 44.223400 2.458751 12.886400
v 37.594299 2.082760 -0.367898
v 28.278233 0.864945 -12.099018
v 29.745712 1.231737 -13.065447
v 30.873508 1.701570 -13.805523
v 45.338108 3.201161 12.165199
v 38.579823 2.746907 -1.009287
v 31.728062 2.286371 -14.365992
v 18.056961 1.367478 -41.016201
v 24.876301 1.825835 -27.722698
v 17.463730 0.940992 -40.617188
v 24.152718 1.320379 -27.243149
v 15.133000 0.338101 -39.049469
v 16.535748 0.594087 -39.993008
v 23.125065 0.912156 -26.561157
v 21.690029 0.600898 -25.606203
v 18.651188 0.081107 29.843189
v 14.498202 0.081107 32.636780
v 6.997308 0.081113 20.029491
v 11.239548 0.081113 17.175865
v 23.166134 0.098425 26.808744
v 15.852275 0.094146 14.074994
v -0.607339 0.081119 7.247826
v 3.725388 0.081119 4.333333
v 8.437259 0.089807 1.165115
v 31.713955 0.254279 21.082382
v 27.651043 0.150376 23.799715
v 20.452053 0.133243 10.986757
v 24.655441 0.211436 8.171056
v 13.153491 0.115872 -2.003416
v 17.499302 0.168001 -4.918851
v -1.409096 0.081213 -27.922302
v 3.220885 0.081337 -31.036728
v 10.343163 0.124566 -18.008762
v 5.854929 0.098502 -14.993595
v -6.357685 0.081152 -24.593550
v 1.022244 0.085469 -11.744764
v -15.780646 0.081131 -18.255020
v -11.267373 0.081131 -21.290958
v -3.788770 0.081125 -8.509200
v -8.211989 0.081125 -5.533837
v -8.667590 0.082196 48.219685
v -9.115518 0.082589 48.520996
v -17.310658 0.189698 36.380703
v -16.865211 0.160938 36.081062
v -8.219670 0.081845 47.918385
v -16.419754 0.135185 35.781422
v -25.619156 0.298288 24.072495
v -25.176205 0.240768 23.774538
v -24.733265 0.189263 23.476585
v -7.323817 0.081329 47.315777
v -7.771749 0.081551 47.617081
v -15.974301 0.113605 35.481777
v -15.528844 0.097359 35.182133
v -24.290310 0.146102 23.178623
v -23.847370 0.113610 22.880671
v -40.882973 0.210943 -1.369465
v -40.445026 0.146037 -1.664059
v -32.165878 0.129862 10.579199
v -32.606319 0.178599 10.875469
v -41.320919 0.297163 -1.074873
v -33.046761 0.243342 11.171741
v -42.196812 0.514956 -0.485685
v -41.758873 0.400050 -0.780275
v -33.487198 0.320598 11.468012
v -33.927639 0.406880 11.764282
v -2.808862 0.081107 44.278694
v -4.394452 0.081107 45.345280
v -12.552041 0.081113 33.179729
v -10.911597 0.081113 32.076248
v -0.881967 0.081107 42.982540
v -8.912648 0.081113 30.731621
v -20.822464 0.081119 20.845909
v -19.126404 0.081119 19.705025
v -17.054413 0.081120 18.311260
v 3.540645 0.081107 40.007587
v 1.272450 0.081107 41.533321
v -6.674710 0.081113 29.226227
v -4.317265 0.081113 27.640450
v -14.731790 0.081119 16.748901
v -12.283862 0.081119 15.102258
v -30.807827 0.081131 -8.146702
v -28.179352 0.081131 -9.914797
v -20.250458 0.081125 2.564067
v -22.788876 0.081125 4.271582
v -33.299397 0.081132 -6.470702
v -25.196171 0.081126 5.890894
v -37.324177 0.081131 -3.763357
v -35.517147 0.081131 -4.978887
v -27.341217 0.081125 7.333798
v -29.092892 0.081125 8.512096
v 5.808832 0.081107 38.481842
v -1.959823 0.081113 26.054668
v 8.265506 0.081107 36.829319
v 0.586102 0.081113 24.342108
v -9.835928 0.081119 13.455610
v -7.199518 0.081119 11.682178
v 11.099131 0.081107 34.923222
v 3.508982 0.081113 22.375973
v -4.186148 0.081119 9.655178
v -19.540005 0.081131 -15.726215
v -11.881286 0.081126 -3.065616
v -22.733921 0.081131 -13.577768
v -14.985143 0.081125 -0.977748
v -25.550880 0.081131 -11.682888
v -17.712040 0.081125 0.856551
v 13.115474 0.184379 -37.692387
v 19.744286 0.386342 -24.307766
v 10.467837 0.107374 -35.911453
v 17.237873 0.248655 -22.631565
v 26.404617 0.589264 -10.859502
v 24.040100 0.390607 -9.288540
v 7.174752 0.081542 -33.696339
v 14.120822 0.168007 -20.543324
v 21.099918 0.254883 -7.327773
v 34.962894 0.427450 18.923035
v 28.079014 0.341759 5.887777
v 37.551754 0.672576 17.215481
v 30.842327 0.532560 4.054488
v 39.634415 0.992342 15.853555
v 33.064949 0.792187 2.588760
v -12.249452 0.087847 50.629093
v -12.615375 0.088801 50.875240
v -20.647511 0.645037 38.625301
v -20.314388 0.575101 38.401215
v -11.802014 0.086724 50.328117
v -19.904697 0.492851 38.125637
v -28.790760 1.208967 26.205938
v -28.490894 1.069095 26.004223
v -28.119473 0.904595 25.754381
v -10.906901 0.084791 49.726002
v -11.354505 0.085691 50.027088
v -19.490246 0.417119 37.846840
v -19.068630 0.351161 37.563236
v -27.738518 0.753129 25.498125
v -27.343258 0.621214 25.232246
v -44.196007 1.423561 0.859110
v -43.853321 1.160043 0.628596
v -35.617870 0.891268 12.901247
v -35.986778 1.089140 13.149399
v -44.510117 1.726135 1.070402
v -36.334236 1.316340 13.383124
v -45.090717 2.396376 1.460955
v -45.086819 2.391710 1.458332
v -36.988926 1.816112 13.823514
v -36.993374 1.819615 13.826507
v -28.852528 1.237776 26.247486
v -28.857536 1.240113 26.250854
v -44.805187 2.054747 1.268885
v -36.667381 1.563090 13.607223
v -10.459176 0.084069 49.424831
v -18.637482 0.298237 37.273212
v -10.011340 0.083487 49.123585
v -18.199181 0.255550 36.978386
v -26.928917 0.515367 24.953531
v -26.500275 0.429993 24.665197
v -9.563451 0.083006 48.822300
v -17.756107 0.220303 36.680340
v -26.062103 0.359499 24.370451
v -42.634762 0.637232 -0.191093
v -34.368076 0.498695 12.060549
v -43.063179 0.778054 0.097092
v -34.801361 0.604437 12.352009
v -43.472538 0.948599 0.372454
v -35.220345 0.732497 12.633842
v -38.583569 0.081131 -2.916204
v -30.320068 0.081125 9.337582
v -39.432232 0.087622 -2.345333
v -31.153881 0.085999 9.898461
v -22.017281 0.081119 21.649628
v -22.836163 0.084368 22.200462
v -40.007084 0.107093 -1.958647
v -31.725441 0.100620 10.282932
v -23.404423 0.094116 22.582712
v -6.875899 0.081196 47.014465
v -15.083400 0.087612 34.882488
v -6.314202 0.081129 46.636635
v -14.518443 0.082738 34.502464
v -5.524981 0.081107 46.105747
v -13.714494 0.081113 33.961670
v 37.293957 4.539732 16.455421
v 38.203987 3.819157 15.957837
v 39.315723 3.320384 15.349966
v 41.870457 2.718943 13.952794
v 41.866589 2.694363 13.955219
v 41.875370 2.692512 13.950417
v 41.879227 2.717093 13.947995
v 41.783596 2.714555 13.769920
v 34.869637 2.531051 0.895414
v 40.561928 2.969481 14.668571
v 13.834176 2.029051 -38.257114
v 13.812352 2.024040 -38.245998
v 13.695382 2.758446 -38.167316
v 13.826285 1.952256 -38.249065
v 13.823794 1.952190 -38.253696
v 13.586886 3.560617 -38.094334
v 20.836689 2.137271 -25.202667
v 13.518216 4.354616 -38.048138
v 13.509292 5.136359 -38.042133
v 36.315784 9.462774 16.990269
v 36.166523 8.109230 17.071878
v 36.277966 6.776433 17.010941
v 36.652863 5.556046 16.805954
v 13.580022 5.901761 -38.089714
v 13.733228 6.623297 -38.192768
v 13.971734 7.273444 -38.353207
v 14.298352 7.824677 -38.572910
v 39.202965 13.644434 15.411633
v 38.195568 12.888565 15.962452
v 37.359264 11.904776 16.419720
v 36.723022 10.745401 16.767605
v 14.715905 8.249474 -38.853786
v 15.205718 8.551722 -39.183270
v 15.749112 8.735309 -39.548794
v 16.327408 8.804123 -39.937794
v 44.060162 13.741556 12.747574
v 42.840485 14.180991 13.419422
v 41.584805 14.303027 14.108475
v 40.352505 14.120049 14.783095
v 16.921932 8.762053 -40.337711
v 17.503113 8.587563 -40.728657
v 18.041389 8.259112 -41.090736
v 18.507187 7.755165 -41.404064
v 47.402603 9.374428 10.925507
v 46.913925 10.719936 11.175861
v 46.155125 11.942188 11.588112
v 45.184460 12.972342 12.124578
v 18.870945 7.054182 -41.648754
v 19.128651 6.227958 -41.822102
v 19.276306 5.348289 -41.921425
v 19.309898 4.486967 -41.944023
v 46.329212 4.136630 11.759884
v 47.000675 5.286762 11.307917
v 47.420429 6.589000 11.007532
v 47.562923 7.974502 10.874729
v 19.225422 3.715788 -41.887199
v 19.038761 3.026392 -41.761639
v 18.765804 2.410419 -41.578030
v 18.422436 1.859507 -41.347057
v 41.454647 1.393037 14.915347
v 42.987011 1.870900 13.925975
v 44.315090 2.463951 13.069731
v 45.431583 3.207444 12.347422
v 18.024540 1.365298 -41.079403
v 17.431931 0.939188 -40.680775
v 16.504417 0.592574 -40.056866
v 15.101821 0.336852 -39.113384
v 14.601951 0.081107 32.811157
v 18.753704 0.081107 30.018400
v 23.267292 0.098484 26.984873
v 27.750614 0.150612 23.976938
v 31.811584 0.254871 21.260965
v 3.187020 0.081131 -31.098671
v -1.443634 0.081131 -27.983772
v -6.392775 0.081131 -24.654642
v -11.302932 0.081131 -21.351732
v -15.816632 0.081131 -18.315502
v -9.002170 0.081107 48.688915
v -8.554208 0.081107 48.387585
v -8.106252 0.081107 48.086262
v -7.658290 0.081107 47.784931
v -7.210328 0.081107 47.483601
v -40.484394 0.146114 -1.722269
v -40.922325 0.211097 -1.427683
v -41.360260 0.297420 -1.133098
v -41.798195 0.400428 -0.838514
v -42.236126 0.515470 -0.543930
v -4.281621 0.081107 45.513546
v -2.696786 0.081107 44.447475
v -0.770892 0.081107 43.151989
v 1.382375 0.081107 41.703552
v 3.649331 0.081107 40.178642
v -28.217052 0.081131 -9.974129
v -30.845959 0.081131 -8.205747
v -33.337925 0.081132 -6.529474
v -35.556019 0.081131 -5.037430
v -37.363308 0.081131 -3.821722
v 5.916286 0.081107 38.653732
v 8.371722 0.081107 37.002037
v 11.204117 0.081107 35.096775
v -19.576420 0.081131 -15.786411
v -22.770763 0.081131 -13.637676
v -25.588150 0.081131 -11.742508
v 13.083955 0.183419 -37.756031
v 10.435645 0.106702 -35.974594
v 7.141725 0.081131 -33.758877
v 35.058113 0.428635 19.103329
v 37.644558 0.674512 17.397514
v 39.725281 0.995111 16.037025
v -12.503741 0.106093 51.045307
v -12.504277 0.081107 51.044674
v -12.137898 0.081107 50.798222
v -12.594184 0.081700 51.086842
v -12.585858 0.081107 51.099552
v -11.689939 0.081107 50.496891
v -20.721691 0.660610 38.675201
v -11.241977 0.081107 50.195564
v -10.794015 0.081107 49.894234
v -43.892475 1.161321 0.570244
v -44.235035 1.425151 0.800675
v -44.548992 1.728084 1.011860
v -45.110195 2.412165 1.390463
v -45.125313 2.394446 1.399534
v -45.129215 2.399119 1.402159
v -45.114086 2.416832 1.393082
v -45.075600 2.414105 1.451884
v -36.981503 1.840506 13.819609
v -44.843876 2.057084 1.210221
v -10.346053 0.081107 49.592903
v -9.898091 0.081107 49.291576
v -9.450130 0.081107 48.990246
v -42.674061 0.637890 -0.249346
v -43.102459 0.778880 0.038822
v -43.511768 0.949627 0.314156
v -38.622856 0.081131 -2.974464
v -39.471592 0.087629 -2.403547
v -40.046459 0.107124 -2.016851
v -6.762378 0.081107 47.182270
v -6.200727 0.081107 46.804470
v -5.411706 0.081107 46.273716
v -12.512073 0.106670 51.032600
v -20.643425 0.669645 38.623669
v -45.107311 2.411961 1.394873
v -36.977051 1.837005 13.816614
v -12.579736 0.081107 51.095432
v -12.588061 0.081699 51.082722
v -12.512614 0.081684 51.031971
v -20.716129 0.659442 38.671459
v -44.840969 2.056909 1.214619
v -45.074356 2.336627 1.371609
v -45.077244 2.336827 1.367201
v -36.934010 1.772897 13.786572
v 20.816654 2.212117 -25.190331
v 13.867221 2.029918 -38.195278
v 13.749181 2.763256 -38.115723
v 13.639731 3.563814 -38.041611
v 13.570193 4.355608 -37.994415
v 13.560380 5.134588 -37.987507
v 13.630059 5.897022 -38.034199
v 13.781884 6.615486 -38.136272
v 14.018365 7.262254 -38.295467
v 14.341853 7.809853 -38.513447
v 14.755401 8.231792 -38.792225
v 15.241189 8.532569 -39.119625
v 15.780913 8.715782 -39.483261
v 16.356007 8.784954 -39.870640
v 16.947247 8.743763 -40.268963
v 17.524586 8.571003 -40.658138
v 18.058693 8.245660 -41.018402
v 18.520756 7.746388 -41.330219
v 18.882458 7.050244 -41.574169
v 19.139526 6.227904 -41.747368
v 19.287163 5.351626 -41.846821
v 19.321068 4.493846 -41.869770
v 19.237305 3.726355 -41.813549
v 19.051804 3.040343 -41.688793
v 18.780258 2.427152 -41.506065
v 18.438255 1.878333 -41.275913
v 18.042694 1.386903 -41.009563
v 17.454090 0.963674 -40.612988
v 15.130248 0.362933 -39.048565
v 16.530258 0.618382 -39.990849
v -1.409112 0.106213 -27.922318
v 3.220840 0.106337 -31.036770
v -6.357689 0.106151 -24.593552
v -15.780646 0.106131 -18.255020
v -11.267373 0.106131 -21.290958
v -40.442989 0.170918 -1.665388
v -40.880009 0.235693 -1.371380
v -41.317215 0.321774 -1.077242
v -41.754604 0.424537 -0.782970
v -42.192173 0.539350 -0.488573
v -30.807827 0.106131 -8.146702
v -28.179352 0.106131 -9.914797
v -33.299397 0.106132 -6.470702
v -35.517147 0.106132 -4.978887
v -37.324177 0.106131 -3.763357
v -19.540005 0.106131 -15.726215
v -22.733921 0.106131 -13.577768
v -25.550880 0.106131 -11.682888
v 13.114255 0.209348 -37.692120
v 10.467338 0.132369 -35.911427
v 7.174588 0.106541 -33.696384
v -43.843136 1.181995 0.622315
v -44.183636 1.443907 0.851486
v -44.496235 1.745111 1.061909
v -44.790409 2.072821 1.259957
v -45.023666 2.351951 1.416931
v -42.629562 0.661476 -0.194290
v -43.056904 0.801945 0.093245
v -43.464600 0.971801 0.367577
v -38.583500 0.106131 -2.916248
v -39.431873 0.112618 -2.345566
v -40.006023 0.132061 -1.959343
v 13.697768 2.758465 -38.162632
v 13.814834 2.024101 -38.241360
v 13.589170 3.560595 -38.089592
v 13.511399 5.136307 -38.037300
v 13.520406 4.354569 -38.043346
v 13.582067 5.901731 -38.084843
v 13.735229 6.623311 -38.187878
v 14.300303 7.824823 -38.567982
v 13.973702 7.273518 -38.348293
v 14.717860 8.249695 -38.848854
v 15.207685 8.552019 -39.178341
v 16.329437 8.804552 -39.932884
v 15.751101 8.735677 -39.543865
v 16.924007 8.762529 -40.332821
v 17.505249 8.588070 -40.723789
v 18.509453 7.755696 -41.399261
v 18.043587 8.259638 -41.085896
v 18.873276 7.054707 -41.643986
v 19.131050 6.228466 -41.817368
v 19.312389 4.487401 -41.939331
v 19.278755 5.348765 -41.916714
v 19.227932 3.716166 -41.882519
v 19.041279 3.026708 -41.756962
v 18.424911 1.859709 -41.342350
v 18.768311 2.410674 -41.573341
v 18.026970 1.365461 -41.074665
v 17.434311 0.939324 -40.676006
v 15.104161 0.336946 -39.108593
v 16.506767 0.592688 -40.052078
v -1.441043 0.081137 -27.979164
v 3.189561 0.081146 -31.094025
v -6.390141 0.081133 -24.650059
v -15.813935 0.081131 -18.310966
v -11.300264 0.081131 -21.347172
v -40.919373 0.211085 -1.423319
v -40.481438 0.146108 -1.717903
v -41.357311 0.297400 -1.128729
v -42.233181 0.515431 -0.539560
v -41.795246 0.400400 -0.834144
v -30.843098 0.081131 -8.201315
v -28.214222 0.081131 -9.969676
v -33.335033 0.081132 -6.525067
v -37.360374 0.081131 -3.817344
v -35.553104 0.081131 -5.033039
v -19.573689 0.081131 -15.781897
v -22.768002 0.081131 -13.633184
v -25.585354 0.081131 -11.738037
v 13.086318 0.183491 -37.751255
v 10.438060 0.106752 -35.969860
v 7.144202 0.081162 -33.754185
v -44.232109 1.425032 0.805056
v -43.889545 1.161225 0.574623
v -44.546074 1.727937 1.016251
v -45.126331 2.398913 1.406571
v -45.122429 2.394241 1.403946
v -42.671116 0.637841 -0.244976
v -43.099506 0.778818 0.043192
v -43.508831 0.949550 0.318529
v -38.619907 0.081131 -2.970094
v -39.468639 0.087629 -2.399179
v -40.043507 0.107122 -2.012485
v 13.856980 1.953066 -38.191936
v 13.878768 1.958173 -38.203064
v -45.111202 2.416627 1.397492
v -45.071709 2.409443 1.449261
v -45.038708 2.334159 1.425968
v 13.836658 2.029116 -38.252476
v 38.130764 3.842890 15.768691
v 37.229137 4.559353 16.262489
v 39.234966 3.344954 15.164263
v 34.862843 2.533785 0.899156
v 41.774849 2.716417 13.774703
v 40.475029 2.993158 14.485693
v 36.263321 9.451324 16.791899
v 36.114002 8.105919 16.873491
v 36.223675 6.781108 16.813328
v 36.594700 5.568550 16.610058
v 39.136169 13.605760 15.220082
v 38.134392 12.855302 15.768256
v 37.302349 11.878037 16.223499
v 36.669029 10.725998 16.569984
v 43.964909 13.698335 12.569151
v 42.752720 14.136330 13.237547
v 41.504379 14.258657 13.923225
v 40.279106 14.077644 14.594606
v 47.285648 9.351438 10.756935
v 46.800728 10.689541 11.005751
v 46.046925 11.906192 11.415730
v 45.082211 12.932132 11.949406
v 46.217304 4.145603 11.586815
v 46.884678 5.288775 11.137400
v 47.302135 6.583129 10.838661
v 47.444225 7.960148 10.706557
v 42.889660 1.890359 13.744728
v 41.359585 1.413808 14.733089
v 44.213726 2.481418 12.890600
v 45.325043 3.221610 12.171211
v 18.651157 0.106107 29.843206
v 14.498202 0.106107 32.636780
v 23.165993 0.123424 26.808807
v 31.713207 0.279266 21.082666
v 27.650703 0.175373 23.799856
v -9.115403 0.107587 48.521114
v -8.667500 0.107195 48.219765
v -8.219605 0.106844 47.918430
v -7.771705 0.106550 47.617107
v -7.323794 0.106329 47.315784
v -4.394452 0.106107 45.345280
v -2.808862 0.106108 44.278694
v -0.881967 0.106108 42.982540
v 3.540645 0.106107 40.007587
v 1.272450 0.106107 41.533321
v 5.808832 0.106107 38.481842
v 8.265506 0.106107 36.829319
v 11.099131 0.106107 34.923222
v 34.961479 0.452404 18.923565
v 37.549355 0.697445 17.216373
v 39.630718 1.017027 15.854955
v -12.696269 0.113994 50.930660
v -12.690154 0.113978 50.926548
v -12.248935 0.112829 50.629673
v -11.801587 0.111712 50.328590
v -11.354150 0.110683 50.027470
v -10.906617 0.109786 49.726307
v -10.458945 0.109066 49.425076
v -10.011161 0.108485 49.123783
v -9.563300 0.108005 48.822460
v -6.875886 0.106196 47.014469
v -6.314202 0.106130 46.636635
v -5.524981 0.106107 46.105747
v 38.197674 3.819294 15.944022
v 37.287872 4.539885 16.441479
v 39.309139 3.320446 15.336295
v 41.868191 2.692322 13.937060
v 41.859417 2.694174 13.941860
v 40.555054 2.969427 14.655057
v 36.160839 8.109017 17.057701
v 36.310154 9.462355 16.976051
v 36.272198 6.776394 16.996820
v 36.646961 5.556134 16.791914
v 38.189823 12.887503 15.948253
v 39.197113 13.643196 15.397474
v 37.353600 11.903917 16.405497
v 36.717396 10.744761 16.753378
v 42.834141 14.179477 13.405480
v 44.053623 13.740025 12.733723
v 41.578648 14.301565 14.094449
v 40.346512 14.118677 14.768995
v 46.906853 10.718563 11.162279
v 47.395420 9.373178 10.911982
v 46.148212 11.940727 11.574451
v 45.177727 12.970828 12.110823
v 46.993458 5.286027 11.294392
v 46.322079 4.136047 11.746298
v 47.413174 6.588089 10.994034
v 47.555676 7.973413 10.861233
v 42.980236 1.870573 13.912167
v 41.447903 1.392767 14.901527
v 44.308216 2.463561 13.055981
v 45.424576 3.206973 12.333757
v 18.746017 0.081107 30.005260
v 14.594170 0.081107 32.798077
v 23.259708 0.098479 26.971664
v 31.804260 0.254827 21.247570
v 27.743149 0.150595 23.963644
v -8.562715 0.081189 48.374996
v -9.010669 0.081218 48.676319
v -8.114758 0.081163 48.073673
v -7.218843 0.081124 47.471016
v -7.666799 0.081141 47.772343
v -2.705190 0.081107 44.434818
v -4.290082 0.081107 45.500927
v -0.779223 0.081107 43.139278
v 3.641179 0.081107 40.165813
v 1.374131 0.081107 41.690784
v 5.908227 0.081107 38.640842
v 8.363758 0.081107 36.989082
v 11.196244 0.081107 35.083755
v 35.050972 0.428547 19.089806
v 37.637596 0.674368 17.383862
v 39.718464 0.994903 16.023266
v -12.146266 0.081613 50.785542
v -11.698344 0.081529 50.484234
v -10.802484 0.081383 49.881618
v -11.250415 0.081451 50.182926
v -10.354541 0.081329 49.580303
v -9.906587 0.081286 49.278976
v -9.458631 0.081250 48.977650
v -6.770888 0.081114 47.169689
v -6.209235 0.081109 46.791882
v -5.420203 0.081107 46.261120
v 41.872059 2.716902 13.934640
v -12.696853 0.089013 50.930050
v -12.614793 0.113782 50.875843
v -12.690738 0.088997 50.925938
v 41.863285 2.718753 13.939437
v 34.771828 2.543905 0.949310
v 41.663006 2.714830 13.836168
v 13.856112 1.958451 -38.191357
v 20.833851 2.141775 -25.201036
v 41.758320 2.717194 14.014413
v 13.822938 1.957579 -38.253117
v 13.877902 1.963554 -38.202480
v 13.825423 1.957645 -38.248486
v 41.666981 2.739383 13.833704
v 41.751171 2.717016 14.001044
vt 0.332149 0.026665
vt 0.332228 0.026665
vt 0.332228 0.031755
vt 0.332149 0.031755
vt 0.332149 0.021336
vt 0.332228 0.021336
vt 0.487084 0.026665
vt 0.487084 0.031755
vt 0.409616 0.031755
vt 0.409616 0.026665
vt 0.487084 0.021336
vt 0.409616 0.021336
vt 0.332149 0.010512
vt 0.332228 0.010512
vt 0.332228 0.015747
vt 0.332149 0.015747
vt 0.409616 0.010512
vt 0.487084 0.010512
vt 0.487084 0.015747
vt 0.409616 0.015747
vt 0.641991 0.010038
vt 0.641991 0.010000
vt 0.642019 0.010000
vt 0.642019 0.010038
vt 0.642019 0.021336
vt 0.641991 0.021336
vt 0.641991 0.015747
vt 0.642019 0.015747
vt 0.564552 0.010038
vt 0.487084 0.010038
vt 0.487084 0.010000
vt 0.564552 0.010000
vt 0.564552 0.015747
vt 0.564552 0.021336
vt 0.642019 0.031755
vt 0.641991 0.031755
vt 0.641991 0.026665
vt 0.642019 0.026665
vt 0.564552 0.026665
vt 0.564552 0.031755
vt 0.332149 0.047292
vt 0.332228 0.047292
vt 0.332228 0.052513
vt 0.332149 0.052513
vt 0.332149 0.042052
vt 0.332228 0.042052
vt 0.487084 0.047292
vt 0.487084 0.052513
vt 0.409616 0.052513
vt 0.409616 0.047292
vt 0.487084 0.042052
vt 0.409616 0.042052
vt 0.332228 0.036861
vt 0.332149 0.036861
vt 0.487084 0.036861
vt 0.409616 0.036861
vt 0.642019 0.036861
vt 0.641991 0.036861
vt 0.642019 0.042052
vt 0.641991 0.042052
vt 0.564552 0.036861
vt 0.564552 0.042052
vt 0.642019 0.052513
vt 0.641991 0.052513
vt 0.641991 0.047292
vt 0.642019 0.047292
vt 0.564552 0.047292
vt 0.564552 0.052513
vt 0.332149 0.068101
vt 0.332228 0.068101
vt 0.332228 0.073412
vt 0.332149 0.073412
vt 0.332149 0.062864
vt 0.332228 0.062864
vt 0.487084 0.068101
vt 0.487084 0.073412
vt 0.409616 0.073412
vt 0.409616 0.068101
vt 0.487084 0.062864
vt 0.409616 0.062864
vt 0.332228 0.057679
vt 0.332149 0.057679
vt 0.487084 0.057679
vt 0.409616 0.057679
vt 0.642019 0.057679
vt 0.641991 0.057679
vt 0.642019 0.062864
vt 0.641991 0.062864
vt 0.564552 0.057679
vt 0.564552 0.062864
vt 0.642019 0.073412
vt 0.641991 0.073412
vt 0.641991 0.068101
vt 0.642019 0.068101
vt 0.564552 0.068101
vt 0.564552 0.073412
vt 0.332149 0.089879
vt 0.332228 0.089879
vt 0.332228 0.095554
vt 0.332149 0.095554
vt 0.332149 0.084323
vt 0.332228 0.084323
vt 0.487084 0.089879
vt 0.487084 0.095554
vt 0.409616 0.095554
vt 0.409616 0.089879
vt 0.487084 0.084323
vt 0.409616 0.084323
vt 0.332228 0.078830
vt 0.332149 0.078830
vt 0.487084 0.078830
vt 0.409616 0.078830
vt 0.642019 0.078830
vt 0.641991 0.078830
vt 0.642019 0.084323
vt 0.641991 0.084323
vt 0.564552 0.078830
vt 0.564552 0.084323
vt 0.642019 0.095554
vt 0.641991 0.095554
vt 0.641991 0.089879
vt 0.642019 0.089879
vt 0.564552 0.089879
vt 0.564552 0.095554
vt 0.332149 0.113795
vt 0.332228 0.113795
vt 0.332228 0.119751
vt 0.332149 0.119751
vt 0.332149 0.107647
vt 0.332228 0.107647
vt 0.487084 0.113795
vt 0.487084 0.119751
vt 0.409616 0.119751
vt 0.409616 0.113795
vt 0.487084 0.107647
vt 0.409616 0.107647
vt 0.332228 0.101505
vt 0.332149 0.101505
vt 0.487084 0.101505
vt 0.409616 0.101505
vt 0.642019 0.101505
vt 0.641991 0.101505
vt 0.642019 0.107647
vt 0.641991 0.107647
vt 0.564552 0.101505
vt 0.564552 0.107647
vt 0.642019 0.119751
vt 0.641991 0.119751
vt 0.641991 0.113795
vt 0.642019 0.113795
vt 0.564552 0.113795
vt 0.564552 0.119751
vt 0.332149 0.136289
vt 0.332228 0.136289
vt 0.332228 0.141704
vt 0.332149 0.141704
vt 0.332149 0.130869
vt 0.332228 0.130869
vt 0.487084 0.136289
vt 0.487084 0.141704
vt 0.409616 0.141704
vt 0.409616 0.136289
vt 0.487084 0.130869
vt 0.409616 0.130869
vt 0.332228 0.125388
vt 0.332149 0.125388
vt 0.487084 0.125388
vt 0.409616 0.125388
vt 0.642019 0.125388
vt 0.641991 0.125388
vt 0.642019 0.130869
vt 0.641991 0.130869
vt 0.564552 0.125388
vt 0.564552 0.130869
vt 0.642019 0.141704
vt 0.641991 0.141704
vt 0.641991 0.136289
vt 0.642019 0.136289
vt 0.564552 0.136289
vt 0.564552 0.141704
vt 0.332149 0.160635
vt 0.332228 0.160635
vt 0.332228 0.169952
vt 0.332149 0.169952
vt 0.332149 0.153235
vt 0.332228 0.153235
vt 0.487084 0.160635
vt 0.487084 0.169952
vt 0.409616 0.169952
vt 0.409616 0.160635
vt 0.487084 0.153235
vt 0.409616 0.153235
vt 0.332228 0.147148
vt 0.332149 0.147148
vt 0.487084 0.147148
vt 0.409616 0.147148
vt 0.642019 0.147148
vt 0.641991 0.147148
vt 0.642019 0.153235
vt 0.641991 0.153235
vt 0.564552 0.147148
vt 0.564552 0.153235
vt 0.642019 0.169952
vt 0.641991 0.169952
vt 0.641991 0.160635
vt 0.642019 0.160635
vt 0.564552 0.160635
vt 0.564552 0.169952
vt 0.332149 0.323564
vt 0.332228 0.323564
vt 0.332228 0.350684
vt 0.332149 0.350684
vt 0.332149 0.294074
vt 0.332228 0.294074
vt 0.487084 0.323564
vt 0.487084 0.350684
vt 0.409616 0.350684
vt 0.409616 0.323564
vt 0.487084 0.294074
vt 0.409616 0.294074
vt 0.332149 0.237384
vt 0.332228 0.237384
vt 0.332228 0.264565
vt 0.332149 0.264565
vt 0.487084 0.237384
vt 0.487084 0.264565
vt 0.409616 0.264565
vt 0.409616 0.237384
vt 0.642019 0.264565
vt 0.641991 0.264565
vt 0.641991 0.237384
vt 0.642019 0.237384
vt 0.642019 0.294074
vt 0.641991 0.294074
vt 0.564552 0.237384
vt 0.564552 0.264565
vt 0.564552 0.294074
vt 0.642019 0.350684
vt 0.641991 0.350684
vt 0.641991 0.323564
vt 0.642019 0.323564
vt 0.564552 0.323564
vt 0.564552 0.350684
vt 0.332149 0.504507
vt 0.332228 0.504507
vt 0.332228 0.507305
vt 0.332149 0.507305
vt 0.332149 0.501715
vt 0.332228 0.501715
vt 0.487084 0.504507
vt 0.487084 0.507305
vt 0.409616 0.507305
vt 0.409616 0.504507
vt 0.487084 0.501715
vt 0.409616 0.501715
vt 0.332149 0.496151
vt 0.332228 0.496151
vt 0.332228 0.498930
vt 0.332149 0.498930
vt 0.487084 0.496151
vt 0.487084 0.498930
vt 0.409616 0.498930
vt 0.409616 0.496151
vt 0.642019 0.498930
vt 0.641991 0.498930
vt 0.641991 0.496151
vt 0.642019 0.496151
vt 0.642019 0.501715
vt 0.641991 0.501715
vt 0.564552 0.496151
vt 0.564552 0.498930
vt 0.564552 0.501715
vt 0.642019 0.507305
vt 0.641991 0.507305
vt 0.641991 0.504507
vt 0.642019 0.504507
vt 0.564552 0.504507
vt 0.564552 0.507305
vt 0.332149 0.466604
vt 0.332228 0.466604
vt 0.332228 0.477220
vt 0.332149 0.477220
vt 0.332149 0.453634
vt 0.332228 0.453634
vt 0.487084 0.466604
vt 0.487084 0.477220
vt 0.409616 0.477220
vt 0.409616 0.466604
vt 0.487084 0.453634
vt 0.409616 0.453634
vt 0.332149 0.423773
vt 0.332228 0.423773
vt 0.332228 0.439096
vt 0.332149 0.439096
vt 0.487084 0.423773
vt 0.487084 0.439096
vt 0.409616 0.439096
vt 0.409616 0.423773
vt 0.642019 0.439096
vt 0.641991 0.439096
vt 0.641991 0.423773
vt 0.642019 0.423773
vt 0.642019 0.453634
vt 0.641991 0.453634
vt 0.564552 0.423773
vt 0.564552 0.439096
vt 0.564552 0.453634
vt 0.642019 0.477220
vt 0.641991 0.477220
vt 0.641991 0.466604
vt 0.642019 0.466604
vt 0.564552 0.466604
vt 0.564552 0.477220
vt 0.332149 0.408450
vt 0.332228 0.408450
vt 0.332149 0.391947
vt 0.332228 0.391947
vt 0.487084 0.408450
vt 0.409616 0.408450
vt 0.487084 0.391947
vt 0.409616 0.391947
vt 0.332228 0.373085
vt 0.332149 0.373085
vt 0.487084 0.373085
vt 0.409616 0.373085
vt 0.642019 0.373085
vt 0.641991 0.373085
vt 0.642019 0.391947
vt 0.641991 0.391947
vt 0.564552 0.373085
vt 0.564552 0.391947
vt 0.641991 0.408450
vt 0.642019 0.408450
vt 0.564552 0.408450
vt 0.642019 0.181715
vt 0.641991 0.181715
vt 0.642019 0.196503
vt 0.641991 0.196503
vt 0.487084 0.181715
vt 0.564552 0.181715
vt 0.487084 0.196503
vt 0.564552 0.196503
vt 0.641991 0.214877
vt 0.642019 0.214877
vt 0.487084 0.214877
vt 0.564552 0.214877
vt 0.332149 0.214877
vt 0.332228 0.214877
vt 0.332149 0.196503
vt 0.332228 0.196503
vt 0.409616 0.214877
vt 0.409616 0.196503
vt 0.332228 0.181715
vt 0.332149 0.181715
vt 0.409616 0.181715
vt 0.332149 0.528692
vt 0.332228 0.528692
vt 0.332228 0.528727
vt 0.332149 0.528727
vt 0.332149 0.523543
vt 0.332228 0.523543
vt 0.332228 0.526136
vt 0.332149 0.526136
vt 0.409616 0.528692
vt 0.487084 0.528692
vt 0.487084 0.528727
vt 0.409616 0.528727
vt 0.487084 0.523543
vt 0.487084 0.526136
vt 0.409616 0.526136
vt 0.409616 0.523543
vt 0.332149 0.518310
vt 0.332228 0.518310
vt 0.332228 0.520939
vt 0.332149 0.520939
vt 0.487084 0.518310
vt 0.487084 0.520939
vt 0.409616 0.520939
vt 0.409616 0.518310
vt 0.642019 0.520939
vt 0.641991 0.520939
vt 0.641991 0.518310
vt 0.642019 0.518310
vt 0.642019 0.523543
vt 0.641991 0.523543
vt 0.564552 0.518310
vt 0.564552 0.520939
vt 0.564552 0.523543
vt 0.642019 0.528255
vt 0.641991 0.528255
vt 0.641991 0.526136
vt 0.642019 0.526136
vt 0.564552 0.528255
vt 0.487084 0.528255
vt 0.564552 0.526136
vt 0.332149 0.515625
vt 0.332228 0.515625
vt 0.332149 0.512886
vt 0.332228 0.512886
vt 0.487084 0.515625
vt 0.409616 0.515625
vt 0.487084 0.512886
vt 0.409616 0.512886
vt 0.332228 0.510106
vt 0.332149 0.510106
vt 0.487084 0.510106
vt 0.409616 0.510106
vt 0.642019 0.510106
vt 0.641991 0.510106
vt 0.642019 0.512886
vt 0.641991 0.512886
vt 0.564552 0.510106
vt 0.564552 0.512886
vt 0.641991 0.515625
vt 0.642019 0.515625
vt 0.564552 0.515625
vt 0.642019 0.484699
vt 0.641991 0.484699
vt 0.642019 0.489824
vt 0.641991 0.489824
vt 0.487084 0.484699
vt 0.564552 0.484699
vt 0.487084 0.489824
vt 0.564552 0.489824
vt 0.641991 0.493379
vt 0.642019 0.493379
vt 0.487084 0.493379
vt 0.564552 0.493379
vt 0.332149 0.493379
vt 0.332228 0.493379
vt 0.332149 0.489824
vt 0.332228 0.489824
vt 0.409616 0.493379
vt 0.409616 0.489824
vt 0.332228 0.484699
vt 0.332149 0.484699
vt 0.409616 0.484699
vt 0.318818 0.026697
vt 0.318818 0.031816
vt 0.242406 0.031816
vt 0.242406 0.026697
vt 0.318818 0.021350
vt 0.242406 0.021350
vt 0.164937 0.031816
vt 0.164937 0.026697
vt 0.164937 0.021350
vt 0.318818 0.010000
vt 0.318818 0.010038
vt 0.242406 0.010038
vt 0.242406 0.010000
vt 0.164937 0.010038
vt 0.164937 0.010000
vt 0.318818 0.015751
vt 0.242406 0.015751
vt 0.164937 0.015751
vt 0.010367 0.015751
vt 0.010367 0.010513
vt 0.087469 0.010513
vt 0.087469 0.015751
vt 0.010367 0.021350
vt 0.087469 0.021350
vt 0.164937 0.010513
vt 0.010367 0.031816
vt 0.010367 0.026697
vt 0.087469 0.026697
vt 0.087469 0.031816
vt 0.318818 0.047435
vt 0.318818 0.052685
vt 0.242406 0.052685
vt 0.242406 0.047435
vt 0.318818 0.042169
vt 0.242406 0.042169
vt 0.164937 0.052685
vt 0.164937 0.047435
vt 0.164937 0.042169
vt 0.318818 0.036951
vt 0.242406 0.036951
vt 0.164937 0.036951
vt 0.010367 0.036951
vt 0.087469 0.036951
vt 0.010367 0.042169
vt 0.087469 0.042169
vt 0.087469 0.052685
vt 0.010367 0.052685
vt 0.010367 0.047435
vt 0.087469 0.047435
vt 0.242406 0.068356
vt 0.318818 0.068356
vt 0.318818 0.073692
vt 0.242406 0.073692
vt 0.242406 0.063092
vt 0.318818 0.063092
vt 0.164937 0.073692
vt 0.164937 0.068356
vt 0.164937 0.063092
vt 0.318818 0.057880
vt 0.242406 0.057880
vt 0.164937 0.057880
vt 0.087469 0.057880
vt 0.010367 0.057880
vt 0.087469 0.063092
vt 0.010367 0.063092
vt 0.087469 0.073692
vt 0.010367 0.073692
vt 0.010367 0.068356
vt 0.087469 0.068356
vt 0.242406 0.090243
vt 0.318818 0.090243
vt 0.318818 0.095950
vt 0.242406 0.095950
vt 0.242406 0.084657
vt 0.318818 0.084657
vt 0.164937 0.095950
vt 0.164937 0.090243
vt 0.164937 0.084657
vt 0.318818 0.079137
vt 0.242406 0.079137
vt 0.164937 0.079137
vt 0.087469 0.079137
vt 0.010367 0.079137
vt 0.087469 0.084657
vt 0.010367 0.084657
vt 0.087469 0.095950
vt 0.010367 0.095950
vt 0.010367 0.090243
vt 0.087469 0.090243
vt 0.242406 0.114270
vt 0.318818 0.114270
vt 0.318818 0.120254
vt 0.242406 0.120254
vt 0.242406 0.108098
vt 0.318818 0.108098
vt 0.164937 0.120254
vt 0.164937 0.114270
vt 0.164937 0.108098
vt 0.318818 0.101931
vt 0.242406 0.101931
vt 0.164937 0.101931
vt 0.087469 0.101931
vt 0.010367 0.101931
vt 0.087469 0.108098
vt 0.010367 0.108098
vt 0.087469 0.120254
vt 0.010367 0.120254
vt 0.010367 0.114270
vt 0.087469 0.114270
vt 0.318818 0.136876
vt 0.318818 0.142316
vt 0.242406 0.142316
vt 0.242406 0.136876
vt 0.318818 0.131429
vt 0.242406 0.131429
vt 0.164937 0.142316
vt 0.164937 0.136876
vt 0.164937 0.131429
vt 0.318818 0.125920
vt 0.242406 0.125920
vt 0.164937 0.125920
vt 0.087469 0.125920
vt 0.010367 0.125920
vt 0.010367 0.131429
vt 0.087469 0.131429
vt 0.010367 0.142316
vt 0.010367 0.136876
vt 0.087469 0.136876
vt 0.087469 0.142316
vt 0.318818 0.161322
vt 0.318818 0.170653
vt 0.242406 0.170653
vt 0.242406 0.161322
vt 0.318818 0.153902
vt 0.242406 0.153902
vt 0.164937 0.170653
vt 0.164937 0.161322
vt 0.164937 0.153902
vt 0.318818 0.147787
vt 0.242406 0.147787
vt 0.164937 0.147787
vt 0.010367 0.147787
vt 0.087469 0.147787
vt 0.010367 0.153902
vt 0.087469 0.153902
vt 0.010367 0.170653
vt 0.010367 0.161322
vt 0.087469 0.161322
vt 0.087469 0.170653
vt 0.318818 0.324288
vt 0.318818 0.351408
vt 0.242406 0.351408
vt 0.242406 0.324288
vt 0.318818 0.294798
vt 0.242406 0.294798
vt 0.164937 0.351408
vt 0.164937 0.324288
vt 0.164937 0.294798
vt 0.318818 0.238105
vt 0.318818 0.265287
vt 0.242406 0.265287
vt 0.242406 0.238105
vt 0.164937 0.265287
vt 0.164937 0.238105
vt 0.010367 0.265287
vt 0.010367 0.238105
vt 0.087469 0.238105
vt 0.087469 0.265287
vt 0.010367 0.294798
vt 0.087469 0.294798
vt 0.010367 0.351408
vt 0.010367 0.324288
vt 0.087469 0.324288
vt 0.087469 0.351408
vt 0.318818 0.505247
vt 0.318818 0.508046
vt 0.242406 0.508046
vt 0.242406 0.505247
vt 0.318818 0.502453
vt 0.242406 0.502453
vt 0.164937 0.508046
vt 0.164937 0.505247
vt 0.164937 0.502453
vt 0.318818 0.496885
vt 0.318818 0.499666
vt 0.242406 0.499666
vt 0.242406 0.496885
vt 0.164937 0.499666
vt 0.164937 0.496885
vt 0.010367 0.499666
vt 0.010367 0.496885
vt 0.087469 0.496885
vt 0.087469 0.499666
vt 0.010367 0.502453
vt 0.087469 0.502453
vt 0.010367 0.508046
vt 0.010367 0.505247
vt 0.087469 0.505247
vt 0.087469 0.508046
vt 0.318818 0.467330
vt 0.318818 0.477947
vt 0.242406 0.477947
vt 0.242406 0.467330
vt 0.318818 0.454360
vt 0.242406 0.454360
vt 0.164937 0.477947
vt 0.164937 0.467330
vt 0.164937 0.454360
vt 0.318818 0.424498
vt 0.318818 0.439821
vt 0.242406 0.439821
vt 0.242406 0.424498
vt 0.164937 0.439821
vt 0.164937 0.424498
vt 0.010367 0.439821
vt 0.010367 0.424498
vt 0.087469 0.424498
vt 0.087469 0.439821
vt 0.010367 0.454360
vt 0.087469 0.454360
vt 0.010367 0.477947
vt 0.010367 0.467330
vt 0.087469 0.467330
vt 0.087469 0.477947
vt 0.318818 0.409175
vt 0.242406 0.409175
vt 0.318818 0.392672
vt 0.242406 0.392672
vt 0.164937 0.409175
vt 0.164937 0.392672
vt 0.318818 0.373810
vt 0.242406 0.373810
vt 0.164937 0.373810
vt 0.010367 0.373810
vt 0.087469 0.373810
vt 0.010367 0.392672
vt 0.087469 0.392672
vt 0.010367 0.409175
vt 0.087469 0.409175
vt 0.010367 0.182424
vt 0.087469 0.182424
vt 0.010367 0.197218
vt 0.087469 0.197218
vt 0.164937 0.182424
vt 0.164937 0.197218
vt 0.010367 0.215595
vt 0.087469 0.215595
vt 0.164937 0.215595
vt 0.318818 0.215595
vt 0.242406 0.215595
vt 0.318818 0.197218
vt 0.242406 0.197218
vt 0.318818 0.182424
vt 0.242406 0.182424
vt 0.318818 0.526912
vt 0.318818 0.529032
vt 0.242406 0.529032
vt 0.242406 0.526912
vt 0.318818 0.524315
vt 0.242406 0.524315
vt 0.164937 0.529032
vt 0.164937 0.526912
vt 0.164937 0.524315
vt 0.318818 0.519069
vt 0.318818 0.521706
vt 0.242406 0.521706
vt 0.242406 0.519069
vt 0.164937 0.521706
vt 0.164937 0.519069
vt 0.010367 0.521706
vt 0.010367 0.519069
vt 0.087469 0.519069
vt 0.087469 0.521706
vt 0.010367 0.524315
vt 0.087469 0.524315
vt 0.010367 0.529505
vt 0.010367 0.529469
vt 0.087469 0.529469
vt 0.087469 0.529505
vt 0.164937 0.529469
vt 0.164937 0.529505
vt 0.010367 0.526912
vt 0.087469 0.526912
vt 0.318818 0.516376
vt 0.242406 0.516376
vt 0.318818 0.513632
vt 0.242406 0.513632
vt 0.164937 0.516376
vt 0.164937 0.513632
vt 0.318818 0.510849
vt 0.242406 0.510849
vt 0.164937 0.510849
vt 0.010367 0.510849
vt 0.087469 0.510849
vt 0.010367 0.513632
vt 0.087469 0.513632
vt 0.010367 0.516376
vt 0.087469 0.516376
vt 0.010367 0.485426
vt 0.087469 0.485426
vt 0.010367 0.490551
vt 0.087469 0.490551
vt 0.164937 0.485426
vt 0.164937 0.490551
vt 0.010367 0.494109
vt 0.087469 0.494109
vt 0.164937 0.494109
vt 0.318818 0.494109
vt 0.242406 0.494109
vt 0.318818 0.490551
vt 0.242406 0.490551
vt 0.318818 0.485426
vt 0.242406 0.485426
vt 0.976447 0.039190
vt 0.976447 0.032629
vt 0.976577 0.032629
vt 0.976577 0.039190
vt 0.976447 0.025546
vt 0.976577 0.025546
vt 0.976577 0.010053
vt 0.976447 0.010053
vt 0.976447 0.010000
vt 0.976577 0.010000
vt 0.077244 0.847243
vt 0.077114 0.847243
vt 0.077114 0.771183
vt 0.077244 0.771183
vt 0.077114 0.694071
vt 0.077244 0.694071
vt 0.976447 0.017930
vt 0.976577 0.017930
vt 0.989870 0.010381
vt 0.990000 0.010381
vt 0.990000 0.014277
vt 0.989870 0.014277
vt 0.077244 0.538636
vt 0.077244 0.538663
vt 0.077114 0.538663
vt 0.077114 0.538636
vt 0.990000 0.018511
vt 0.989870 0.018511
vt 0.077114 0.616353
vt 0.077244 0.616353
vt 0.990000 0.022666
vt 0.990000 0.026734
vt 0.989870 0.026734
vt 0.989870 0.022666
vt 0.976447 0.066466
vt 0.976447 0.059373
vt 0.976577 0.059373
vt 0.976577 0.066466
vt 0.976447 0.052412
vt 0.976577 0.052412
vt 0.976447 0.045692
vt 0.976577 0.045692
vt 0.990000 0.030739
vt 0.989870 0.030739
vt 0.990000 0.034611
vt 0.989870 0.034611
vt 0.990000 0.038304
vt 0.990000 0.041820
vt 0.989870 0.041820
vt 0.989870 0.038304
vt 0.976447 0.094941
vt 0.976447 0.087793
vt 0.976577 0.087793
vt 0.976577 0.094941
vt 0.976447 0.080670
vt 0.976577 0.080670
vt 0.976447 0.073559
vt 0.976577 0.073559
vt 0.990000 0.045237
vt 0.989870 0.045237
vt 0.990000 0.048679
vt 0.989870 0.048679
vt 0.990000 0.052212
vt 0.990000 0.055851
vt 0.989870 0.055851
vt 0.989870 0.052212
vt 0.976447 0.124625
vt 0.976447 0.117032
vt 0.976577 0.117032
vt 0.976577 0.124625
vt 0.976447 0.109556
vt 0.976577 0.109556
vt 0.976447 0.102188
vt 0.976577 0.102188
vt 0.990000 0.059581
vt 0.989870 0.059581
vt 0.990000 0.063330
vt 0.989870 0.063330
vt 0.990000 0.067103
vt 0.990000 0.071018
vt 0.989870 0.071018
vt 0.989870 0.067103
vt 0.976447 0.155626
vt 0.976447 0.148071
vt 0.976577 0.148071
vt 0.976577 0.155626
vt 0.976447 0.140288
vt 0.976577 0.140288
vt 0.976447 0.132415
vt 0.976577 0.132415
vt 0.990000 0.075311
vt 0.989870 0.075311
vt 0.990000 0.079900
vt 0.989870 0.079900
vt 0.990000 0.084568
vt 0.990000 0.089051
vt 0.989870 0.089051
vt 0.989870 0.084568
vt 0.976447 0.184824
vt 0.976447 0.177512
vt 0.976577 0.177512
vt 0.976577 0.184824
vt 0.976447 0.170229
vt 0.976577 0.170229
vt 0.976447 0.162956
vt 0.976577 0.162956
vt 0.990000 0.093094
vt 0.989870 0.093094
vt 0.990000 0.096862
vt 0.989870 0.096862
vt 0.990000 0.100490
vt 0.990000 0.104073
vt 0.989870 0.104073
vt 0.989870 0.100490
vt 0.976447 0.218735
vt 0.976447 0.208916
vt 0.976577 0.208916
vt 0.976577 0.218735
vt 0.976447 0.200131
vt 0.976577 0.200131
vt 0.976447 0.192204
vt 0.976577 0.192204
vt 0.990000 0.107649
vt 0.989870 0.107649
vt 0.990000 0.111968
vt 0.989870 0.111968
vt 0.990000 0.118055
vt 0.990000 0.126957
vt 0.989870 0.126957
vt 0.989870 0.118055
vt 0.976447 0.387238
vt 0.976447 0.361168
vt 0.976577 0.361168
vt 0.976577 0.387238
vt 0.976447 0.332833
vt 0.976577 0.332833
vt 0.976447 0.304703
vt 0.976447 0.279245
vt 0.976577 0.279245
vt 0.976577 0.304703
vt 0.990000 0.201820
vt 0.990000 0.230907
vt 0.989870 0.230907
vt 0.989870 0.201820
vt 0.990000 0.261994
vt 0.989870 0.261994
vt 0.990000 0.292835
vt 0.990000 0.321187
vt 0.989870 0.321187
vt 0.989870 0.292835
vt 0.976447 0.535455
vt 0.976447 0.532642
vt 0.976577 0.532642
vt 0.976577 0.535455
vt 0.976447 0.529829
vt 0.976577 0.529829
vt 0.976447 0.527017
vt 0.976447 0.524204
vt 0.976577 0.524204
vt 0.976577 0.527017
vt 0.990000 0.476135
vt 0.990000 0.478903
vt 0.989870 0.478903
vt 0.989870 0.476135
vt 0.990000 0.481688
vt 0.989870 0.481688
vt 0.990000 0.484489
vt 0.990000 0.487303
vt 0.989870 0.487303
vt 0.989870 0.484489
vt 0.976447 0.505813
vt 0.976447 0.495862
vt 0.976577 0.495862
vt 0.976577 0.505813
vt 0.976447 0.483768
vt 0.976577 0.483768
vt 0.976447 0.470248
vt 0.976447 0.456012
vt 0.976577 0.456012
vt 0.976577 0.470248
vt 0.990000 0.399078
vt 0.990000 0.415590
vt 0.989870 0.415590
vt 0.989870 0.399078
vt 0.990000 0.431243
vt 0.989870 0.431243
vt 0.990000 0.445175
vt 0.990000 0.456527
vt 0.989870 0.456527
vt 0.989870 0.445175
vt 0.976447 0.441778
vt 0.976577 0.441778
vt 0.976447 0.426359
vt 0.976577 0.426359
vt 0.976447 0.408574
vt 0.976577 0.408574
vt 0.990000 0.344803
vt 0.989870 0.344803
vt 0.990000 0.364868
vt 0.989870 0.364868
vt 0.990000 0.382565
vt 0.989870 0.382565
vt 0.990000 0.139653
vt 0.989870 0.139653
vt 0.990000 0.156290
vt 0.989870 0.156290
vt 0.990000 0.176980
vt 0.989870 0.176980
vt 0.976447 0.258916
vt 0.976577 0.258916
vt 0.976447 0.242725
vt 0.976577 0.242725
vt 0.976447 0.229669
vt 0.976577 0.229669
vt 0.976577 0.557446
vt 0.976447 0.557446
vt 0.976447 0.555145
vt 0.976577 0.555145
vt 0.063822 0.538715
vt 0.063692 0.538715
vt 0.063692 0.538636
vt 0.063822 0.538636
vt 0.976447 0.552332
vt 0.976577 0.552332
vt 0.063692 0.693732
vt 0.063692 0.616184
vt 0.063822 0.616184
vt 0.063822 0.693732
vt 0.976447 0.549520
vt 0.976447 0.546707
vt 0.976577 0.546707
vt 0.976577 0.549520
vt 0.990000 0.498253
vt 0.990000 0.500798
vt 0.989870 0.500798
vt 0.989870 0.498253
vt 0.990000 0.503319
vt 0.989870 0.503319
vt 0.989870 0.508331
vt 0.990000 0.508331
vt 0.990000 0.508366
vt 0.989870 0.508366
vt 0.063822 0.848461
vt 0.063692 0.848461
vt 0.063692 0.771280
vt 0.063822 0.771280
vt 0.990000 0.505839
vt 0.989870 0.505839
vt 0.976447 0.543894
vt 0.976577 0.543894
vt 0.976447 0.541081
vt 0.976577 0.541081
vt 0.976447 0.538268
vt 0.976577 0.538268
vt 0.990000 0.490126
vt 0.989870 0.490126
vt 0.990000 0.492912
vt 0.989870 0.492912
vt 0.990000 0.495627
vt 0.989870 0.495627
vt 0.990000 0.464439
vt 0.989870 0.464439
vt 0.990000 0.469769
vt 0.989870 0.469769
vt 0.990000 0.473379
vt 0.989870 0.473379
vt 0.976447 0.521391
vt 0.976577 0.521391
vt 0.976447 0.517864
vt 0.976577 0.517864
vt 0.976447 0.512909
vt 0.976577 0.512909
vt 0.332228 0.528255
vt 0.332149 0.528255
vt 0.409616 0.528255
vt 0.642019 0.528692
vt 0.641991 0.528692
vt 0.564552 0.528692
vt 0.319875 0.529469
vt 0.319796 0.529469
vt 0.319796 0.529032
vt 0.319875 0.529032
vt 0.242406 0.529469
vt 0.010000 0.526912
vt 0.010027 0.526912
vt 0.010027 0.529032
vt 0.010000 0.529032
vt 0.087469 0.529032
vt 0.976577 0.557919
vt 0.976447 0.557919
vt 0.990000 0.507906
vt 0.989870 0.507906
vt 0.564552 0.010512
vt 0.641652 0.010512
vt 0.641652 0.015747
vt 0.641652 0.021336
vt 0.641652 0.026665
vt 0.641652 0.031755
vt 0.641652 0.036861
vt 0.641652 0.042052
vt 0.641652 0.047292
vt 0.641652 0.052513
vt 0.641652 0.057679
vt 0.641652 0.062864
vt 0.641652 0.068101
vt 0.641652 0.073412
vt 0.641652 0.078830
vt 0.641652 0.084323
vt 0.641652 0.089879
vt 0.641652 0.095554
vt 0.641652 0.101505
vt 0.641652 0.107647
vt 0.641652 0.113795
vt 0.641652 0.119751
vt 0.641652 0.125388
vt 0.641652 0.130869
vt 0.641652 0.136289
vt 0.641652 0.141704
vt 0.641652 0.147148
vt 0.641652 0.153235
vt 0.641652 0.169952
vt 0.641652 0.160635
vt 0.641652 0.264565
vt 0.641652 0.237384
vt 0.641652 0.294074
vt 0.641652 0.350684
vt 0.641652 0.323564
vt 0.641652 0.496151
vt 0.641652 0.498930
vt 0.641652 0.501715
vt 0.641652 0.504507
vt 0.641652 0.507305
vt 0.641652 0.439096
vt 0.641652 0.423773
vt 0.641652 0.453634
vt 0.641652 0.466604
vt 0.641652 0.477220
vt 0.641652 0.373085
vt 0.641652 0.391947
vt 0.641652 0.408450
vt 0.641652 0.181715
vt 0.641652 0.196503
vt 0.641652 0.214877
vt 0.641652 0.518310
vt 0.641652 0.520939
vt 0.641652 0.523543
vt 0.641652 0.526136
vt 0.641652 0.528255
vt 0.641652 0.510106
vt 0.641652 0.512886
vt 0.641652 0.515625
vt 0.641652 0.484699
vt 0.641652 0.489824
vt 0.641652 0.493379
vt 0.010027 0.015751
vt 0.010027 0.010513
vt 0.010027 0.021350
vt 0.010027 0.031816
vt 0.010027 0.026697
vt 0.010027 0.036951
vt 0.010027 0.042169
vt 0.010027 0.052685
vt 0.010027 0.047435
vt 0.010027 0.057880
vt 0.010027 0.063092
vt 0.010027 0.073692
vt 0.010027 0.068356
vt 0.010027 0.079137
vt 0.010027 0.084657
vt 0.010027 0.095950
vt 0.010027 0.090243
vt 0.010027 0.101931
vt 0.010027 0.108098
vt 0.010027 0.120254
vt 0.010027 0.114270
vt 0.010027 0.125920
vt 0.010027 0.131429
vt 0.010027 0.142316
vt 0.010027 0.136876
vt 0.010027 0.147787
vt 0.010027 0.153902
vt 0.010027 0.170653
vt 0.010027 0.161322
vt 0.010027 0.265287
vt 0.010027 0.238105
vt 0.010027 0.294798
vt 0.010027 0.351408
vt 0.010027 0.324288
vt 0.010027 0.499666
vt 0.010027 0.496885
vt 0.010027 0.502453
vt 0.010027 0.508046
vt 0.010027 0.505247
vt 0.010027 0.439821
vt 0.010027 0.424498
vt 0.010027 0.454360
vt 0.010027 0.477947
vt 0.010027 0.467330
vt 0.010027 0.373810
vt 0.010027 0.392672
vt 0.010027 0.409175
vt 0.010027 0.182424
vt 0.010027 0.197218
vt 0.010027 0.215595
vt 0.010027 0.521706
vt 0.010027 0.519069
vt 0.010027 0.524315
vt 0.010027 0.529505
vt 0.010027 0.529469
vt 0.010027 0.510849
vt 0.010027 0.513632
vt 0.010027 0.516376
vt 0.010027 0.485426
vt 0.010027 0.490551
vt 0.010027 0.494109
vt 0.077114 0.539004
vt 0.077244 0.539004
vt 0.090667 0.538975
vt 0.090537 0.538975
vt 0.090537 0.538636
vt 0.090667 0.538636
vt 0.564552 0.528727
vt 0.641652 0.528692
vt 0.641652 0.528727
vt 0.010367 0.529032
vt 0.641991 0.010512
vt 0.641991 0.528727
vt 0.010000 0.015751
vt 0.010000 0.010513
vt 0.010000 0.021350
vt 0.010000 0.031816
vt 0.010000 0.026697
vt 0.010000 0.036951
vt 0.010000 0.042169
vt 0.010000 0.052685
vt 0.010000 0.047435
vt 0.010000 0.057880
vt 0.010000 0.063092
vt 0.010000 0.073692
vt 0.010000 0.068356
vt 0.010000 0.079137
vt 0.010000 0.084657
vt 0.010000 0.095950
vt 0.010000 0.090243
vt 0.010000 0.101931
vt 0.010000 0.108098
vt 0.010000 0.120254
vt 0.010000 0.114270
vt 0.010000 0.125920
vt 0.010000 0.131429
vt 0.010000 0.142316
vt 0.010000 0.136876
vt 0.010000 0.147787
vt 0.010000 0.153902
vt 0.010000 0.170653
vt 0.010000 0.161322
vt 0.010000 0.265287
vt 0.010000 0.238105
vt 0.010000 0.294798
vt 0.010000 0.351408
vt 0.010000 0.324288
vt 0.010000 0.499666
vt 0.010000 0.496885
vt 0.010000 0.502453
vt 0.010000 0.508046
vt 0.010000 0.505247
vt 0.010000 0.439821
vt 0.010000 0.424498
vt 0.010000 0.454360
vt 0.010000 0.477947
vt 0.010000 0.467330
vt 0.010000 0.373810
vt 0.010000 0.392672
vt 0.010000 0.409175
vt 0.010000 0.182424
vt 0.010000 0.197218
vt 0.010000 0.215595
vt 0.010000 0.521706
vt 0.010000 0.519069
vt 0.010000 0.524315
vt 0.010000 0.529469
vt 0.010000 0.529505
vt 0.010000 0.510849
vt 0.010000 0.513632
vt 0.010000 0.516376
vt 0.010000 0.485426
vt 0.010000 0.490551
vt 0.010000 0.494109
vt 0.090667 0.539002
vt 0.090537 0.539002
vt 0.642019 0.528727
vt 0.319875 0.529505
vt 0.319796 0.529505
vt 0.242406 0.529505
vt 0.976577 0.557958
vt 0.976447 0.557958
vt 0.333206 0.026665
vt 0.333206 0.031755
vt 0.333206 0.021336
vt 0.409616 0.010000
vt 0.409616 0.010038
vt 0.333206 0.010038
vt 0.333206 0.010000
vt 0.333206 0.015747
vt 0.333206 0.052513
vt 0.333206 0.047292
vt 0.333206 0.042052
vt 0.333206 0.036861
vt 0.333206 0.073412
vt 0.333206 0.068101
vt 0.333206 0.062864
vt 0.333206 0.057679
vt 0.333206 0.095554
vt 0.333206 0.089879
vt 0.333206 0.084323
vt 0.333206 0.078830
vt 0.333206 0.119751
vt 0.333206 0.113795
vt 0.333206 0.107647
vt 0.333206 0.101505
vt 0.333206 0.141704
vt 0.333206 0.136289
vt 0.333206 0.130869
vt 0.333206 0.125388
vt 0.333206 0.160635
vt 0.333206 0.169952
vt 0.333206 0.153235
vt 0.333206 0.147148
vt 0.333206 0.323564
vt 0.333206 0.350684
vt 0.333206 0.294074
vt 0.333206 0.237384
vt 0.333206 0.264565
vt 0.333206 0.507305
vt 0.333206 0.504507
vt 0.333206 0.501715
vt 0.333206 0.498930
vt 0.333206 0.496151
vt 0.333206 0.477220
vt 0.333206 0.466604
vt 0.333206 0.453634
vt 0.333206 0.423773
vt 0.333206 0.439096
vt 0.333206 0.408450
vt 0.333206 0.391947
vt 0.333206 0.373085
vt 0.333206 0.214877
vt 0.333206 0.196503
vt 0.333206 0.181715
vt 0.333206 0.528727
vt 0.333206 0.528692
vt 0.333206 0.526136
vt 0.333206 0.523543
vt 0.333206 0.520939
vt 0.333206 0.518310
vt 0.333206 0.515625
vt 0.333206 0.512886
vt 0.333206 0.510106
vt 0.333206 0.493379
vt 0.333206 0.489824
vt 0.333206 0.484699
vt 0.319796 0.026697
vt 0.319796 0.031816
vt 0.319796 0.021350
vt 0.319796 0.010000
vt 0.319796 0.010038
vt 0.319796 0.015751
vt 0.319796 0.047435
vt 0.319796 0.052685
vt 0.319796 0.042169
vt 0.319796 0.036951
vt 0.319796 0.068356
vt 0.319796 0.073692
vt 0.319796 0.063092
vt 0.319796 0.057880
vt 0.319796 0.090243
vt 0.319796 0.095950
vt 0.319796 0.084657
vt 0.319796 0.079137
vt 0.319796 0.114270
vt 0.319796 0.120254
vt 0.319796 0.108098
vt 0.319796 0.101931
vt 0.319796 0.136876
vt 0.319796 0.142316
vt 0.319796 0.131429
vt 0.319796 0.125920
vt 0.319796 0.161322
vt 0.319796 0.170653
vt 0.319796 0.153902
vt 0.319796 0.147787
vt 0.319796 0.324288
vt 0.319796 0.351408
vt 0.319796 0.294798
vt 0.319796 0.238105
vt 0.319796 0.265287
vt 0.319796 0.505247
vt 0.319796 0.508046
vt 0.319796 0.502453
vt 0.319796 0.496885
vt 0.319796 0.499666
vt 0.319796 0.467330
vt 0.319796 0.477947
vt 0.319796 0.454360
vt 0.319796 0.424498
vt 0.319796 0.439821
vt 0.319796 0.409175
vt 0.319796 0.392672
vt 0.319796 0.373810
vt 0.319796 0.215595
vt 0.319796 0.197218
vt 0.319796 0.182424
vt 0.319796 0.526912
vt 0.319796 0.524315
vt 0.319796 0.519069
vt 0.319796 0.521706
vt 0.319796 0.516376
vt 0.319796 0.513632
vt 0.319796 0.510849
vt 0.319796 0.494109
vt 0.319796 0.490551
vt 0.319796 0.485426
vt 0.077244 0.848216
vt 0.077114 0.848216
vt 0.063692 0.539694
vt 0.063822 0.539694
vt 0.333206 0.528255
vt 0.318818 0.529469
vt 0.318818 0.529505
vt 0.332149 0.010038
vt 0.332228 0.010038
vt 0.642019 0.010512
vt 0.242406 0.010513
vt 0.318818 0.010513
vt 0.010367 0.010038
vt 0.087469 0.010038
vt 0.976447 0.010707
vt 0.976577 0.010707
vt 0.989870 0.010029
vt 0.990000 0.010029
vt 0.641652 0.010038
vt 0.010027 0.010038
vt 0.010000 0.010038
vt 0.333206 0.010512
vt 0.319875 0.015751
vt 0.319796 0.010513
vt 0.319875 0.010513
vt 0.319875 0.010038
vt 0.332149 0.010000
vt 0.332228 0.010000
vt 0.010367 0.010000
vt 0.087469 0.010000
vt 0.989870 0.010000
vt 0.990000 0.010000
vt 0.641652 0.010000
vt 0.010027 0.010000
vt 0.010000 0.010000
vt 0.319875 0.026697
vt 0.319875 0.031816
vt 0.319875 0.021350
vt 0.319875 0.010000
vt 0.319875 0.047435
vt 0.319875 0.052685
vt 0.319875 0.042169
vt 0.319875 0.036951
vt 0.319875 0.068356
vt 0.319875 0.073692
vt 0.319875 0.063092
vt 0.319875 0.057880
vt 0.319875 0.090243
vt 0.319875 0.095950
vt 0.319875 0.084657
vt 0.319875 0.079137
vt 0.319875 0.114270
vt 0.319875 0.120254
vt 0.319875 0.108098
vt 0.319875 0.101931
vt 0.319875 0.136876
vt 0.319875 0.142316
vt 0.319875 0.131429
vt 0.319875 0.125920
vt 0.319875 0.161322
vt 0.319875 0.170653
vt 0.319875 0.153902
vt 0.319875 0.147787
vt 0.319875 0.324288
vt 0.319875 0.351408
vt 0.319875 0.294798
vt 0.319875 0.238105
vt 0.319875 0.265287
vt 0.319875 0.505247
vt 0.319875 0.508046
vt 0.319875 0.502453
vt 0.319875 0.496885
vt 0.319875 0.499666
vt 0.319875 0.467330
vt 0.319875 0.477947
vt 0.319875 0.454360
vt 0.319875 0.424498
vt 0.319875 0.439821
vt 0.319875 0.409175
vt 0.319875 0.392672
vt 0.319875 0.373810
vt 0.319875 0.215595
vt 0.319875 0.197218
vt 0.319875 0.182424
vt 0.319875 0.526912
vt 0.319875 0.524315
vt 0.319875 0.519069
vt 0.319875 0.521706
vt 0.319875 0.516376
vt 0.319875 0.513632
vt 0.319875 0.510849
vt 0.319875 0.494109
vt 0.319875 0.490551
vt 0.319875 0.485426
vt 0.077244 0.848295
vt 0.077114 0.848295
vn 0.525593 0.820103 -0.226239
vn 0.525593 0.820103 -0.226239
vn 0.525593 0.820103 -0.226239
vn 0.525593 0.820103 -0.226239
vn 0.534496 0.646475 0.544411
vn 0.275864 0.952557 -0.128586
vn 0.433402 0.881071 -0.189413
vn 0.636025 0.570455 0.519667
vn 0.694270 0.649086 -0.310929
vn 0.816120 0.458942 -0.351170
vn 0.727763 0.611293 -0.310937
vn 0.550437 0.798518 -0.243696
vn 0.583566 0.763169 -0.277533
vn 0.694270 0.649086 -0.310929
vn 0.550437 0.798518 -0.243696
vn 0.407170 0.892940 -0.192018
vn 0.449877 0.702231 0.551799
vn 0.155010 0.983242 -0.095954
vn 0.186563 0.977464 -0.098786
vn 0.472528 0.684546 0.555080
vn 0.287811 0.943115 -0.166430
vn 0.479009 0.836132 -0.267270
vn 0.509481 0.819506 -0.262371
vn 0.320261 0.932567 -0.166591
vn 0.472528 0.684546 0.555080
vn 0.186563 0.977464 -0.098786
vn 0.275864 0.952557 -0.128586
vn 0.534496 0.646475 0.544411
vn 0.509481 0.819506 -0.262371
vn 0.583566 0.763169 -0.277533
vn 0.407170 0.892940 -0.192018
vn 0.320261 0.932567 -0.166591
vn 0.864229 0.187602 -0.466813
vn 0.735896 -0.555747 -0.386784
vn 0.328330 -0.452935 -0.828884
vn 0.283571 0.147019 -0.947614
vn 0.320831 0.106340 -0.941148
vn 0.893409 0.131140 -0.429677
vn 0.877560 0.173630 -0.446923
vn 0.298563 0.138035 -0.944355
vn 0.709197 0.587806 -0.389261
vn 0.478252 0.836100 -0.268722
vn 0.860832 0.206484 -0.465115
vn 0.871656 -0.152745 -0.465709
vn 0.583566 0.763169 -0.277533
vn 0.509481 0.819506 -0.262371
vn 0.732547 0.568252 -0.374787
vn 0.777597 0.506848 -0.372086
vn 0.351826 -0.039792 -0.935219
vn 0.915347 -0.047670 -0.399834
vn 0.908198 0.058128 -0.414485
vn 0.340879 0.047917 -0.938885
vn 0.816120 0.458942 -0.351170
vn 0.694270 0.649086 -0.310929
vn 0.836124 0.397260 -0.378261
vn 0.891513 0.236247 -0.386512
vn 0.340879 0.047917 -0.938885
vn 0.908198 0.058128 -0.414485
vn 0.893409 0.131140 -0.429677
vn 0.320831 0.106340 -0.941148
vn 0.694270 0.649086 -0.310929
vn 0.583566 0.763169 -0.277533
vn 0.777597 0.506848 -0.372086
vn 0.836124 0.397260 -0.378261
vn 0.902969 -0.009517 0.429601
vn 0.928328 -0.014944 -0.371463
vn 0.906626 -0.232131 -0.352343
vn 0.885804 -0.135767 0.443755
vn 0.894068 0.125148 0.430093
vn 0.904364 0.212890 -0.369871
vn 0.928328 -0.014944 -0.371463
vn 0.902969 -0.009517 0.429601
vn 0.914209 -0.179357 -0.363391
vn 0.861923 -0.384777 -0.330205
vn 0.890666 -0.297079 -0.344178
vn 0.925424 -0.084884 -0.369305
vn 0.925497 0.023361 -0.378035
vn 0.914209 -0.179357 -0.363391
vn 0.925424 -0.084884 -0.369305
vn 0.917514 0.132236 -0.375075
vn 0.758287 0.431656 0.488542
vn 0.647206 0.711120 -0.274651
vn 0.819700 0.459760 -0.341633
vn 0.851074 0.273574 0.448142
vn 0.816120 0.458942 -0.351170
vn 0.896936 0.233431 -0.375521
vn 0.859151 0.364850 -0.358810
vn 0.727763 0.611293 -0.310937
vn 0.851074 0.273574 0.448142
vn 0.819700 0.459760 -0.341633
vn 0.904364 0.212890 -0.369871
vn 0.894068 0.125148 0.430093
vn 0.896936 0.233431 -0.375521
vn 0.925497 0.023361 -0.378035
vn 0.917514 0.132236 -0.375075
vn 0.859151 0.364850 -0.358810
vn 0.348805 -0.148336 -0.925382
vn 0.907069 -0.176429 -0.382230
vn 0.915347 -0.047670 -0.399834
vn 0.351826 -0.039792 -0.935219
vn 0.322040 -0.270328 -0.907311
vn 0.877034 -0.321068 -0.357388
vn 0.907069 -0.176429 -0.382230
vn 0.348805 -0.148336 -0.925382
vn 0.896936 0.233431 -0.375521
vn 0.816120 0.458942 -0.351170
vn 0.891513 0.236247 -0.386512
vn 0.920664 0.053816 -0.386628
vn 0.925497 0.023361 -0.378035
vn 0.896936 0.233431 -0.375521
vn 0.920664 0.053816 -0.386628
vn 0.918664 -0.124716 -0.374837
vn 0.151830 -0.548932 -0.821962
vn 0.698853 -0.667398 -0.257264
vn 0.813778 -0.486278 -0.318274
vn 0.261708 -0.407144 -0.875067
vn 0.861923 -0.384777 -0.330205
vn 0.914209 -0.179357 -0.363391
vn 0.884404 -0.309318 -0.349502
vn 0.807288 -0.505227 -0.305012
vn 0.261708 -0.407144 -0.875067
vn 0.813778 -0.486278 -0.318274
vn 0.877034 -0.321068 -0.357388
vn 0.322040 -0.270328 -0.907311
vn 0.914209 -0.179357 -0.363391
vn 0.925497 0.023361 -0.378035
vn 0.918664 -0.124716 -0.374837
vn 0.884404 -0.309318 -0.349502
vn 0.716831 -0.445242 0.536575
vn 0.616016 -0.763984 -0.191972
vn 0.448486 -0.887272 -0.107743
vn 0.621677 -0.519497 0.586209
vn 0.791922 -0.355925 0.496162
vn 0.747133 -0.611355 -0.260841
vn 0.616016 -0.763984 -0.191972
vn 0.716831 -0.445242 0.536575
vn 0.495989 -0.857548 -0.136402
vn 0.326907 -0.943592 -0.052595
vn 0.398018 -0.913467 -0.084617
vn 0.567347 -0.805927 -0.169115
vn 0.644299 -0.734685 -0.212405
vn 0.495989 -0.857548 -0.136402
vn 0.567347 -0.805927 -0.169115
vn 0.706546 -0.665224 -0.241391
vn 0.885804 -0.135767 0.443755
vn 0.906626 -0.232131 -0.352343
vn 0.844144 -0.434145 -0.314547
vn 0.848374 -0.253007 0.465026
vn 0.861923 -0.384777 -0.330205
vn 0.768251 -0.576586 -0.278097
vn 0.815178 -0.495276 -0.300310
vn 0.890666 -0.297079 -0.344178
vn 0.848374 -0.253007 0.465026
vn 0.844144 -0.434145 -0.314547
vn 0.747133 -0.611355 -0.260841
vn 0.791922 -0.355925 0.496162
vn 0.768251 -0.576586 -0.278097
vn 0.644299 -0.734685 -0.212405
vn 0.706546 -0.665224 -0.241391
vn 0.815178 -0.495276 -0.300310
vn 0.015005 -0.662109 -0.749257
vn 0.540362 -0.822616 -0.176952
vn 0.698853 -0.667398 -0.257264
vn 0.151830 -0.548932 -0.821962
vn -0.122882 -0.726347 -0.676254
vn 0.373047 -0.923151 -0.092889
vn 0.540362 -0.822616 -0.176952
vn 0.015005 -0.662109 -0.749257
vn 0.768251 -0.576586 -0.278097
vn 0.861923 -0.384777 -0.330205
vn 0.807288 -0.505227 -0.305012
vn 0.687287 -0.685172 -0.241198
vn 0.644299 -0.734685 -0.212405
vn 0.768251 -0.576586 -0.278097
vn 0.687287 -0.685172 -0.241198
vn 0.543383 -0.822728 -0.166896
vn -0.362572 -0.750513 -0.552514
vn 0.064544 -0.996083 0.060445
vn 0.212674 -0.977039 -0.012863
vn -0.249592 -0.752035 -0.610038
vn 0.326907 -0.943592 -0.052595
vn 0.495989 -0.857548 -0.136402
vn 0.386422 -0.918156 -0.087569
vn 0.222567 -0.974894 -0.006740
vn -0.249592 -0.752035 -0.610038
vn 0.212674 -0.977039 -0.012863
vn 0.373047 -0.923151 -0.092889
vn -0.122882 -0.726347 -0.676254
vn 0.495989 -0.857548 -0.136402
vn 0.644299 -0.734685 -0.212405
vn 0.543383 -0.822728 -0.166896
vn 0.386422 -0.918156 -0.087569
vn 0.278642 -0.605259 0.745667
vn -0.130043 -0.977625 0.165342
vn -0.326854 -0.910068 0.254837
vn 0.154851 -0.575052 0.803328
vn 0.398127 -0.604595 0.689898
vn 0.066026 -0.995017 0.074709
vn -0.130043 -0.977625 0.165342
vn 0.278642 -0.605259 0.745667
vn -0.250164 -0.943726 0.216332
vn -0.453654 -0.836787 0.306572
vn -0.382176 -0.881354 0.277772
vn -0.181422 -0.965382 0.187413
vn -0.047877 -0.991086 0.124320
vn -0.250164 -0.943726 0.216332
vn -0.181422 -0.965382 0.187413
vn 0.017726 -0.995229 0.095944
vn 0.621677 -0.519497 0.586209
vn 0.448486 -0.887272 -0.107743
vn 0.258990 -0.965743 -0.016251
vn 0.512516 -0.576086 0.636752
vn 0.326907 -0.943592 -0.052595
vn 0.144192 -0.988936 0.034834
vn 0.210649 -0.977546 0.005479
vn 0.398018 -0.913467 -0.084617
vn 0.512516 -0.576086 0.636752
vn 0.258990 -0.965743 -0.016251
vn 0.066026 -0.995017 0.074709
vn 0.398127 -0.604595 0.689898
vn 0.144192 -0.988936 0.034834
vn -0.047877 -0.991086 0.124320
vn 0.017726 -0.995229 0.095944
vn 0.210649 -0.977546 0.005479
vn -0.480217 -0.719875 -0.501170
vn -0.090829 -0.986734 0.134556
vn 0.064544 -0.996083 0.060445
vn -0.362572 -0.750513 -0.552514
vn -0.609157 -0.653211 -0.449714
vn -0.273628 -0.936838 0.217858
vn -0.090829 -0.986734 0.134556
vn -0.480217 -0.719875 -0.501170
vn 0.144192 -0.988936 0.034834
vn 0.326907 -0.943592 -0.052595
vn 0.222567 -0.974894 -0.006740
vn 0.049313 -0.995900 0.075837
vn -0.047877 -0.991086 0.124320
vn 0.144192 -0.988936 0.034834
vn 0.049313 -0.995900 0.075837
vn -0.140124 -0.976573 0.163312
vn -0.839912 -0.398516 -0.368420
vn -0.662833 -0.642865 0.383897
vn -0.474769 -0.825380 0.305521
vn -0.736391 -0.543062 -0.403499
vn -0.453654 -0.836787 0.306572
vn -0.250164 -0.943726 0.216332
vn -0.344389 -0.903580 0.254832
vn -0.546303 -0.764455 0.342288
vn -0.736391 -0.543062 -0.403499
vn -0.474769 -0.825380 0.305521
vn -0.273628 -0.936838 0.217858
vn -0.609157 -0.653211 -0.449714
vn -0.250164 -0.943726 0.216332
vn -0.047877 -0.991086 0.124320
vn -0.140124 -0.976573 0.163312
vn -0.344389 -0.903580 0.254832
vn -0.150076 -0.317984 0.936143
vn -0.757234 -0.480184 0.442742
vn -0.845386 -0.249527 0.472290
vn -0.214263 -0.158926 0.963760
vn -0.066027 -0.434336 0.898328
vn -0.641349 -0.657852 0.394845
vn -0.757234 -0.480184 0.442742
vn -0.150076 -0.317984 0.936143
vn -0.814973 -0.352616 0.459871
vn -0.868181 -0.144677 0.474689
vn -0.856582 -0.203930 0.474004
vn -0.784520 -0.425204 0.451365
vn -0.733704 -0.527932 0.427746
vn -0.814973 -0.352616 0.459871
vn -0.784520 -0.425204 0.451365
vn -0.683899 -0.603077 0.410585
vn 0.154851 -0.575052 0.803328
vn -0.326854 -0.910068 0.254837
vn -0.501124 -0.798720 0.333049
vn 0.034262 -0.518859 0.854173
vn -0.453654 -0.836787 0.306572
vn -0.619413 -0.687643 0.378781
vn -0.554167 -0.753341 0.354086
vn -0.382176 -0.881354 0.277772
vn 0.034262 -0.518859 0.854173
vn -0.501124 -0.798720 0.333049
vn -0.641349 -0.657852 0.394845
vn -0.066027 -0.434336 0.898328
vn -0.619413 -0.687643 0.378781
vn -0.733704 -0.527932 0.427746
vn -0.683899 -0.603077 0.410585
vn -0.554167 -0.753341 0.354086
vn -0.902419 -0.269923 -0.335830
vn -0.785601 -0.441985 0.432991
vn -0.662833 -0.642865 0.383897
vn -0.839912 -0.398516 -0.368420
vn -0.932738 -0.166166 -0.319982
vn -0.845660 -0.274894 0.457485
vn -0.785601 -0.441985 0.432991
vn -0.902419 -0.269923 -0.335830
vn -0.619413 -0.687643 0.378781
vn -0.453654 -0.836787 0.306572
vn -0.546303 -0.764455 0.342288
vn -0.697882 -0.589745 0.406401
vn -0.733704 -0.527932 0.427746
vn -0.619413 -0.687643 0.378781
vn -0.697882 -0.589745 0.406401
vn -0.789576 -0.422791 0.444767
vn -0.945091 0.028500 -0.325562
vn -0.883826 0.041750 0.465950
vn -0.874981 -0.122492 0.468407
vn -0.946113 -0.071872 -0.315761
vn -0.868181 -0.144677 0.474689
vn -0.814973 -0.352616 0.459871
vn -0.846901 -0.255011 0.466614
vn -0.878631 -0.065791 0.472948
vn -0.946113 -0.071872 -0.315761
vn -0.874981 -0.122492 0.468407
vn -0.845660 -0.274894 0.457485
vn -0.932738 -0.166166 -0.319982
vn -0.814973 -0.352616 0.459871
vn -0.733704 -0.527932 0.427746
vn -0.789576 -0.422791 0.444767
vn -0.846901 -0.255011 0.466614
vn -0.188265 0.364123 0.912124
vn -0.788242 0.471716 0.395170
vn -0.670692 0.667310 0.323836
vn -0.096865 0.504465 0.857982
vn -0.240696 0.202420 0.949259
vn -0.859435 0.251465 0.445126
vn -0.788242 0.471716 0.395170
vn -0.188265 0.364123 0.912124
vn -0.778497 0.492701 0.388829
vn -0.675978 0.660449 0.326896
vn -0.672944 0.664406 0.325132
vn -0.784129 0.480724 0.392487
vn -0.848719 0.298856 0.436303
vn -0.778497 0.492701 0.388829
vn -0.784129 0.480724 0.392487
vn -0.855056 0.271899 0.441532
vn -0.214263 -0.158926 0.963760
vn -0.845386 -0.249527 0.472290
vn -0.881251 0.008788 0.472567
vn -0.250725 0.024875 0.967739
vn -0.868181 -0.144677 0.474689
vn -0.880714 0.083028 0.466314
vn -0.881613 0.040961 0.470192
vn -0.856582 -0.203930 0.474004
vn -0.250725 0.024875 0.967739
vn -0.881251 0.008788 0.472567
vn -0.859435 0.251465 0.445126
vn -0.240696 0.202420 0.949259
vn -0.880714 0.083028 0.466314
vn -0.848719 0.298856 0.436303
vn -0.855056 0.271899 0.441532
vn -0.881613 0.040961 0.470192
vn -0.930668 0.134270 -0.340337
vn -0.866600 0.220007 0.447885
vn -0.883826 0.041750 0.465950
vn -0.945091 0.028500 -0.325562
vn -0.903247 0.234681 -0.359263
vn -0.821947 0.389583 0.415485
vn -0.866600 0.220007 0.447885
vn -0.930668 0.134270 -0.340337
vn -0.880714 0.083028 0.466314
vn -0.868181 -0.144677 0.474689
vn -0.878631 -0.065791 0.472948
vn -0.876978 0.139901 0.459715
vn -0.848719 0.298856 0.436303
vn -0.880714 0.083028 0.466314
vn -0.876978 0.139901 0.459715
vn -0.838802 0.335897 0.428468
vn -0.827588 0.394833 -0.399006
vn -0.686774 0.646008 0.333189
vn -0.757398 0.534121 0.375583
vn -0.867216 0.323250 -0.378743
vn -0.675978 0.660449 0.326896
vn -0.778497 0.492701 0.388829
vn -0.770333 0.509379 0.383563
vn -0.680268 0.654779 0.329393
vn -0.867216 0.323250 -0.378743
vn -0.757398 0.534121 0.375583
vn -0.821947 0.389583 0.415485
vn -0.903247 0.234681 -0.359263
vn -0.778497 0.492701 0.388829
vn -0.848719 0.298856 0.436303
vn -0.838802 0.335897 0.428468
vn -0.770333 0.509379 0.383563
vn 0.182785 0.701053 0.689285
vn -0.284278 0.951581 0.116961
vn -0.209775 0.974198 0.083265
vn 0.236030 0.713395 0.659817
vn 0.106931 0.671308 0.733424
vn -0.390306 0.904948 0.169498
vn -0.284278 0.951581 0.116961
vn 0.182785 0.701053 0.689285
vn -0.252698 0.962240 0.101181
vn -0.157424 0.985855 0.057513
vn -0.183413 0.980520 0.070293
vn -0.269243 0.956836 0.109425
vn -0.384994 0.907720 0.166804
vn -0.252698 0.962240 0.101181
vn -0.269243 0.956836 0.109425
vn -0.387767 0.906275 0.168232
vn -0.096865 0.504465 0.857982
vn -0.670692 0.667310 0.323836
vn -0.525603 0.815745 0.241457
vn 0.009622 0.609835 0.792470
vn -0.675978 0.660449 0.326896
vn -0.539449 0.804361 0.248994
vn -0.531539 0.810915 0.244710
vn -0.672944 0.664406 0.325132
vn 0.009622 0.609835 0.792470
vn -0.525603 0.815745 0.241457
vn -0.390306 0.904948 0.169498
vn 0.106931 0.671308 0.733424
vn -0.539449 0.804361 0.248994
vn -0.384994 0.907720 0.166804
vn -0.387767 0.906275 0.168232
vn -0.531539 0.810915 0.244710
vn -0.757932 0.464947 -0.457562
vn -0.566538 0.780640 0.263887
vn -0.686774 0.646008 0.333189
vn -0.827588 0.394833 -0.399006
vn -0.651928 0.562368 -0.508657
vn -0.378857 0.910846 0.163791
vn -0.566538 0.780640 0.263887
vn -0.757932 0.464947 -0.457562
vn -0.539449 0.804361 0.248994
vn -0.675978 0.660449 0.326896
vn -0.680268 0.654779 0.329393
vn -0.550418 0.795012 0.254943
vn -0.384994 0.907720 0.166804
vn -0.539449 0.804361 0.248994
vn -0.550418 0.795012 0.254943
vn -0.381999 0.909266 0.165262
vn -0.474362 0.669223 -0.571945
vn -0.106290 0.993807 0.032420
vn -0.213833 0.973437 0.081833
vn -0.548253 0.632711 -0.546896
vn -0.157424 0.985855 0.057513
vn -0.252698 0.962240 0.101181
vn -0.234370 0.967779 0.092059
vn -0.131746 0.990266 0.044902
vn -0.548253 0.632711 -0.546896
vn -0.213833 0.973437 0.081833
vn -0.378857 0.910846 0.163791
vn -0.651928 0.562368 -0.508657
vn -0.252698 0.962240 0.101181
vn -0.384994 0.907720 0.166804
vn -0.381999 0.909266 0.165262
vn -0.234370 0.967779 0.092059
vn 0.393775 0.706884 0.587585
vn -0.001381 0.999999 0.000808
vn 0.000000 1.000000 0.000000
vn 0.394667 0.707107 0.586718
vn 0.390498 0.707118 0.589488
vn -0.005753 0.999979 0.002955
vn -0.001381 0.999999 0.000808
vn 0.393775 0.706884 0.587585
vn -0.000661 1.000000 0.000387
vn 0.000000 1.000000 0.000000
vn 0.000000 1.000000 0.000000
vn -0.001014 0.999999 0.000594
vn -0.002822 0.999995 0.001285
vn -0.000661 1.000000 0.000387
vn -0.001014 0.999999 0.000594
vn -0.004249 0.999989 0.002104
vn 0.371971 0.708953 0.599186
vn -0.030611 0.999441 0.013438
vn -0.014204 0.999877 0.006629
vn 0.384164 0.707799 0.592822
vn -0.014847 0.999878 0.004799
vn -0.007013 0.999972 0.002603
vn -0.010494 0.999935 0.004559
vn -0.022372 0.999710 0.008913
vn 0.384164 0.707799 0.592822
vn -0.014204 0.999877 0.006629
vn -0.005753 0.999979 0.002955
vn 0.390498 0.707118 0.589488
vn -0.007013 0.999972 0.002603
vn -0.002822 0.999995 0.001285
vn -0.004249 0.999989 0.002104
vn -0.010494 0.999935 0.004559
vn -0.395098 0.706339 -0.587352
vn -0.000655 0.999999 -0.000971
vn -0.001626 0.999996 -0.002413
vn -0.395702 0.705259 -0.588243
vn -0.394695 0.707059 -0.586757
vn -0.000133 1.000000 -0.000197
vn -0.000655 0.999999 -0.000971
vn -0.395098 0.706339 -0.587352
vn -0.007013 0.999972 0.002603
vn -0.014847 0.999878 0.004799
vn -0.007960 0.999968 0.001033
vn -0.003739 0.999993 0.000764
vn -0.002822 0.999995 0.001285
vn -0.007013 0.999972 0.002603
vn -0.003739 0.999993 0.000764
vn -0.001461 0.999999 0.000503
vn -0.394645 0.707146 -0.586685
vn 0.000000 1.000000 0.000000
vn 0.000000 1.000000 0.000000
vn -0.394646 0.707145 -0.586686
vn 0.000000 1.000000 0.000000
vn -0.000661 1.000000 0.000387
vn -0.000324 1.000000 0.000190
vn 0.000000 1.000000 0.000000
vn -0.394646 0.707145 -0.586686
vn 0.000000 1.000000 0.000000
vn -0.000133 1.000000 -0.000197
vn -0.394695 0.707059 -0.586757
vn -0.000661 1.000000 0.000387
vn -0.002822 0.999995 0.001285
vn -0.001461 0.999999 0.000503
vn -0.000324 1.000000 0.000190
vn 0.396677 0.703570 0.589607
vn 0.003048 0.999986 0.004439
vn 0.004119 0.999973 0.006022
vn 0.397393 0.702286 0.590656
vn 0.395984 0.704811 0.588591
vn 0.002069 0.999993 0.002994
vn 0.003048 0.999986 0.004439
vn 0.396677 0.703570 0.589607
vn 0.087169 0.994814 -0.052415
vn 0.095659 0.993849 -0.055805
vn 0.049831 0.998449 -0.024829
vn 0.045017 0.998700 -0.023923
vn 0.075203 0.996087 -0.046431
vn 0.087169 0.994814 -0.052415
vn 0.045017 0.998700 -0.023923
vn 0.038522 0.999023 -0.021636
vn 0.395071 0.706419 0.587275
vn 0.000632 0.999999 0.000896
vn 0.001253 0.999998 0.001800
vn 0.395451 0.705748 0.587825
vn 0.040892 0.998817 -0.026332
vn 0.059772 0.997497 -0.037767
vn 0.030389 0.999378 -0.017901
vn 0.020658 0.999707 -0.012649
vn 0.395451 0.705748 0.587825
vn 0.001253 0.999998 0.001800
vn 0.002069 0.999993 0.002994
vn 0.395984 0.704811 0.588591
vn 0.059772 0.997497 -0.037767
vn 0.075203 0.996087 -0.046431
vn 0.038522 0.999023 -0.021636
vn 0.030389 0.999378 -0.017901
vn -0.313498 0.696967 -0.644946
vn 0.118659 0.989891 -0.077687
vn 0.081733 0.995191 -0.053992
vn -0.340232 0.698937 -0.629071
vn -0.291708 0.695222 -0.656943
vn 0.148276 0.984297 -0.095784
vn 0.118659 0.989891 -0.077687
vn -0.313498 0.696967 -0.644946
vn 0.059772 0.997497 -0.037767
vn 0.040892 0.998817 -0.026332
vn 0.061273 0.997315 -0.040116
vn 0.089253 0.994336 -0.057702
vn 0.075203 0.996087 -0.046431
vn 0.059772 0.997497 -0.037767
vn 0.089253 0.994336 -0.057702
vn 0.111854 0.991170 -0.071215
vn -0.263231 0.693453 -0.670696
vn 0.185878 0.975603 -0.116828
vn 0.170595 0.979320 -0.108766
vn -0.275001 0.693886 -0.665505
vn 0.095659 0.993849 -0.055805
vn 0.087169 0.994814 -0.052415
vn 0.129128 0.988331 -0.080793
vn 0.141145 0.986196 -0.086577
vn -0.275001 0.693886 -0.665505
vn 0.170595 0.979320 -0.108766
vn 0.148276 0.984297 -0.095784
vn -0.291708 0.695222 -0.656943
vn 0.087169 0.994814 -0.052415
vn 0.075203 0.996087 -0.046431
vn 0.111854 0.991170 -0.071215
vn 0.129128 0.988331 -0.080793
vn 0.394667 0.707107 0.586718
vn 0.000000 1.000000 0.000000
vn 0.000000 1.000000 0.000000
vn 0.394669 0.707102 0.586722
vn 0.394667 0.707107 0.586718
vn 0.000000 1.000000 0.000000
vn 0.000000 1.000000 0.000000
vn 0.394667 0.707107 0.586718
vn 0.000000 1.000000 0.000000
vn 0.000000 1.000000 0.000000
vn 0.000000 1.000000 0.000000
vn 0.000000 1.000000 0.000000
vn 0.000000 1.000000 0.000000
vn 0.000000 1.000000 0.000000
vn 0.000000 1.000000 0.000000
vn 0.000000 1.000000 0.000000
vn 0.394667 0.707107 0.586718
vn 0.000000 1.000000 0.000000
vn 0.000000 1.000000 0.000000
vn 0.394667 0.707107 0.586718
vn 0.000000 1.000000 0.000000
vn 0.000000 1.000000 0.000000
vn 0.000000 1.000000 0.000000
vn 0.000000 1.000000 0.000000
vn 0.394667 0.707107 0.586718
vn 0.000000 1.000000 0.000000
vn 0.000000 1.000000 0.000000
vn 0.394667 0.707107 0.586718
vn 0.000000 1.000000 0.000000
vn 0.000000 1.000000 0.000000
vn 0.000000 1.000000 0.000000
vn 0.000000 1.000000 0.000000
vn -0.394667 0.707106 -0.586718
vn 0.000000 1.000000 0.000000
vn 0.000000 1.000000 0.000000
vn -0.394667 0.707107 -0.586718
vn -0.394667 0.707107 -0.586718
vn 0.000000 1.000000 0.000000
vn 0.000000 1.000000 0.000000
vn -0.394667 0.707106 -0.586718
vn 0.000000 1.000000 0.000000
vn 0.000000 1.000000 0.000000
vn 0.000000 1.000000 0.000000
vn 0.000000 1.000000 0.000000
vn 0.000000 1.000000 0.000000
vn 0.000000 1.000000 0.000000
vn 0.000000 1.000000 0.000000
vn 0.000000 1.000000 0.000000
vn -0.394669 0.707103 -0.586721
vn 0.000000 1.000000 0.000000
vn 0.000000 1.000000 0.000000
vn -0.394667 0.707108 -0.586717
vn 0.000000 1.000000 0.000000
vn 0.000000 1.000000 0.000000
vn 0.000000 1.000000 0.000000
vn 0.000000 1.000000 0.000000
vn -0.394667 0.707108 -0.586717
vn 0.000000 1.000000 0.000000
vn 0.000000 1.000000 0.000000
vn -0.394667 0.707107 -0.586718
vn 0.000000 1.000000 0.000000
vn 0.000000 1.000000 0.000000
vn 0.000000 1.000000 0.000000
vn 0.000000 1.000000 0.000000
vn 0.394645 0.707145 0.586686
vn 0.000000 1.000000 0.000000
vn 0.000000 1.000000 0.000000
vn 0.394667 0.707107 0.586718
vn 0.394645 0.707146 0.586686
vn 0.000000 1.000000 0.000000
vn 0.000000 1.000000 0.000000
vn 0.394645 0.707145 0.586686
vn 0.000000 1.000000 0.000000
vn 0.000000 1.000000 0.000000
vn 0.000000 1.000000 0.000000
vn 0.000000 1.000000 0.000000
vn 0.000000 1.000000 0.000000
vn 0.000000 1.000000 0.000000
vn 0.000000 1.000000 0.000000
vn 0.000000 1.000000 0.000000
vn 0.394667 0.707107 0.586718
vn 0.000000 1.000000 0.000000
vn 0.000000 1.000000 0.000000
vn 0.394667 0.707107 0.586718
vn 0.000000 1.000000 0.000000
vn 0.000000 1.000000 0.000000
vn 0.000000 1.000000 0.000000
vn 0.000000 1.000000 0.000000
vn 0.394667 0.707107 0.586718
vn 0.000000 1.000000 0.000000
vn 0.000000 1.000000 0.000000
vn 0.394645 0.707146 0.586686
vn 0.000000 1.000000 0.000000
vn 0.000000 1.000000 0.000000
vn 0.000000 1.000000 0.000000
vn 0.000000 1.000000 0.000000
vn -0.394667 0.707106 -0.586718
vn 0.000000 1.000000 0.000000
vn 0.000000 1.000000 0.000000
vn -0.394645 0.707146 -0.586685
vn -0.394667 0.707107 -0.586718
vn 0.000000 1.000000 0.000000
vn 0.000000 1.000000 0.000000
vn -0.394667 0.707106 -0.586718
vn 0.000000 1.000000 0.000000
vn 0.000000 1.000000 0.000000
vn 0.000000 1.000000 0.000000
vn 0.000000 1.000000 0.000000
vn 0.000000 1.000000 0.000000
vn 0.000000 1.000000 0.000000
vn 0.000000 1.000000 0.000000
vn 0.000000 1.000000 0.000000
vn -0.394667 0.707107 -0.586718
vn 0.000000 1.000000 0.000000
vn 0.000000 1.000000 0.000000
vn -0.394667 0.707107 -0.586718
vn 0.000000 1.000000 0.000000
vn 0.000000 1.000000 0.000000
vn 0.000000 1.000000 0.000000
vn 0.000000 1.000000 0.000000
vn -0.394667 0.707107 -0.586718
vn 0.000000 1.000000 0.000000
vn 0.000000 1.000000 0.000000
vn -0.394667 0.707107 -0.586718
vn 0.000000 1.000000 0.000000
vn 0.000000 1.000000 0.000000
vn 0.000000 1.000000 0.000000
vn 0.000000 1.000000 0.000000
vn -0.430368 0.688349 -0.583917
vn -0.046951 0.998864 0.008141
vn -0.106290 0.993807 0.032420
vn -0.474362 0.669223 -0.571945
vn -0.409243 0.697325 -0.588437
vn -0.018988 0.999819 -0.000926
vn -0.046951 0.998864 0.008141
vn -0.430368 0.688349 -0.583917
vn -0.094021 0.995070 0.031550
vn -0.157424 0.985855 0.057513
vn -0.131746 0.990266 0.044902
vn -0.069427 0.997400 0.019334
vn -0.053792 0.998411 0.016801
vn -0.094021 0.995070 0.031550
vn -0.069427 0.997400 0.019334
vn -0.035407 0.999345 0.007419
vn -0.395702 0.705259 -0.588243
vn -0.001626 0.999996 -0.002413
vn -0.006115 0.999976 -0.003314
vn -0.399330 0.702333 -0.589291
vn -0.014847 0.999878 0.004799
vn -0.029214 0.999534 0.008857
vn -0.017053 0.999852 0.002433
vn -0.007960 0.999968 0.001033
vn -0.399330 0.702333 -0.589291
vn -0.006115 0.999976 -0.003314
vn -0.018988 0.999819 -0.000926
vn -0.409243 0.697325 -0.588437
vn -0.029214 0.999534 0.008857
vn -0.053792 0.998411 0.016801
vn -0.035407 0.999345 0.007419
vn -0.017053 0.999852 0.002433
vn 0.351227 0.711280 0.608868
vn -0.058140 0.998017 0.024136
vn -0.030611 0.999441 0.013438
vn 0.371971 0.708953 0.599186
vn 0.321348 0.713688 0.622403
vn -0.097950 0.994413 0.039356
vn -0.058140 0.998017 0.024136
vn 0.351227 0.711280 0.608868
vn -0.029214 0.999534 0.008857
vn -0.014847 0.999878 0.004799
vn -0.022372 0.999710 0.008913
vn -0.042826 0.998954 0.016049
vn -0.053792 0.998411 0.016801
vn -0.029214 0.999534 0.008857
vn -0.042826 0.998954 0.016049
vn -0.074506 0.996845 0.027378
vn 0.236030 0.713395 0.659817
vn -0.209775 0.974198 0.083265
vn -0.150508 0.986807 0.059657
vn 0.281681 0.714791 0.640102
vn -0.157424 0.985855 0.057513
vn -0.094021 0.995070 0.031550
vn -0.120961 0.991639 0.044944
vn -0.183413 0.980520 0.070293
vn 0.281681 0.714791 0.640102
vn -0.150508 0.986807 0.059657
vn -0.097950 0.994413 0.039356
vn 0.321348 0.713688 0.622403
vn -0.094021 0.995070 0.031550
vn -0.053792 0.998411 0.016801
vn -0.074506 0.996845 0.027378
vn -0.120961 0.991639 0.044944
vn 0.408754 0.681024 0.607557
vn 0.021852 0.999244 0.032167
vn -0.575091 0.708261 0.409436
vn -0.149703 0.556316 0.817375
vn 0.405108 0.688154 0.601940
vn 0.015576 0.999617 0.022888
vn 0.018667 0.999448 0.027464
vn 0.407180 0.684170 0.605075
vn 0.164822 0.984365 -0.062125
vn 0.321882 0.931859 -0.167424
vn -0.317930 0.914409 0.250552
vn -0.463059 0.818056 0.341118
vn 0.288723 0.943897 -0.160305
vn 0.311835 0.935091 -0.168413
vn 0.158428 0.985213 -0.065238
vn 0.146115 0.987184 -0.064171
vn 0.401527 0.694778 0.596707
vn 0.010235 0.999835 0.015014
vn 0.012725 0.999745 0.018677
vn 0.403169 0.691762 0.599100
vn 0.206813 0.971298 -0.117509
vn 0.253323 0.956728 -0.143174
vn 0.128329 0.989988 -0.058781
vn 0.105588 0.993197 -0.049104
vn 0.403169 0.691762 0.599100
vn 0.012725 0.999745 0.018677
vn 0.015576 0.999617 0.022888
vn 0.405108 0.688154 0.601940
vn 0.253323 0.956728 -0.143174
vn 0.288723 0.943897 -0.160305
vn 0.146115 0.987184 -0.064171
vn 0.128329 0.989988 -0.058781
vn -0.049332 0.577365 -0.814995
vn 0.494595 0.812626 -0.308246
vn 0.407234 0.877265 -0.254100
vn -0.116043 0.617624 -0.777865
vn -0.000302 0.543576 -0.839360
vn 0.554941 0.757522 -0.343802
vn 0.494595 0.812626 -0.308246
vn -0.049332 0.577365 -0.814995
vn 0.253323 0.956728 -0.143174
vn 0.206813 0.971298 -0.117509
vn 0.309205 0.932415 -0.187069
vn 0.378880 0.896750 -0.228669
vn 0.288723 0.943897 -0.160305
vn 0.253323 0.956728 -0.143174
vn 0.378880 0.896750 -0.228669
vn 0.430148 0.865457 -0.256822
vn 0.047590 0.518837 -0.853547
vn 0.604325 0.708624 -0.364202
vn 0.591233 0.721235 -0.360920
vn 0.032804 0.523575 -0.851348
vn 0.474626 0.836711 -0.273212
vn 0.321381 0.931853 -0.168416
vn 0.311835 0.935091 -0.168413
vn 0.462237 0.844259 -0.271227
vn 0.032804 0.523575 -0.851348
vn 0.591233 0.721235 -0.360920
vn 0.554941 0.757522 -0.343802
vn -0.000302 0.543576 -0.839360
vn 0.311835 0.935091 -0.168413
vn 0.288723 0.943897 -0.160305
vn 0.430148 0.865457 -0.256822
vn 0.462237 0.844259 -0.271227
vn 0.400219 0.697167 0.594797
vn 0.008235 0.999893 0.012080
vn 0.010235 0.999835 0.015014
vn 0.401527 0.694778 0.596707
vn 0.399076 0.699237 0.593132
vn 0.006614 0.999931 0.009700
vn 0.008235 0.999893 0.012080
vn 0.400219 0.697167 0.594797
vn 0.161682 0.982592 -0.091498
vn 0.206813 0.971298 -0.117509
vn 0.105588 0.993197 -0.049104
vn 0.083563 0.995751 -0.038691
vn 0.128943 0.988967 -0.072918
vn 0.161682 0.982592 -0.091498
vn 0.083563 0.995751 -0.038691
vn 0.067235 0.997249 -0.031199
vn 0.397393 0.702286 0.590656
vn 0.004119 0.999973 0.006022
vn 0.005285 0.999956 0.007744
vn 0.398221 0.700783 0.591881
vn 0.095659 0.993849 -0.055805
vn 0.107248 0.992350 -0.061143
vn 0.056109 0.998071 -0.026573
vn 0.049831 0.998449 -0.024829
vn 0.398221 0.700783 0.591881
vn 0.005285 0.999956 0.007744
vn 0.006614 0.999931 0.009700
vn 0.399076 0.699237 0.593132
vn 0.107248 0.992350 -0.061143
vn 0.128943 0.988967 -0.072918
vn 0.067235 0.997249 -0.031199
vn 0.056109 0.998071 -0.026573
vn -0.249429 0.687760 -0.681742
vn 0.207905 0.969561 -0.129331
vn 0.185878 0.975603 -0.116828
vn -0.263231 0.693453 -0.670696
vn -0.220847 0.676173 -0.702864
vn 0.251118 0.955326 -0.155860
vn 0.207905 0.969561 -0.129331
vn -0.249429 0.687760 -0.681742
vn 0.107248 0.992350 -0.061143
vn 0.095659 0.993849 -0.055805
vn 0.141145 0.986196 -0.086577
vn 0.158050 0.982799 -0.095530
vn 0.128943 0.988967 -0.072918
vn 0.107248 0.992350 -0.061143
vn 0.158050 0.982799 -0.095530
vn 0.190622 0.974940 -0.114698
vn -0.116043 0.617624 -0.777865
vn 0.407234 0.877265 -0.254100
vn 0.317374 0.927581 -0.197150
vn -0.176427 0.655026 -0.734721
vn 0.206813 0.971298 -0.117509
vn 0.161682 0.982592 -0.091498
vn 0.240397 0.959802 -0.144877
vn 0.309205 0.932415 -0.187069
vn -0.176427 0.655026 -0.734721
vn 0.317374 0.927581 -0.197150
vn 0.251118 0.955326 -0.155860
vn -0.220847 0.676173 -0.702864
vn 0.161682 0.982592 -0.091498
vn 0.128943 0.988967 -0.072918
vn 0.190622 0.974940 -0.114698
vn 0.240397 0.959802 -0.144877
vn -0.393222 0.706356 -0.588590
vn 0.002632 0.999995 -0.001776
vn 0.000000 1.000000 0.000000
vn -0.394669 0.707103 -0.586721
vn -0.385911 0.704622 -0.595467
vn 0.014338 0.999851 -0.009569
vn 0.002632 0.999995 -0.001776
vn -0.393222 0.706356 -0.588590
vn 0.001365 0.999999 -0.000920
vn 0.000000 1.000000 0.000000
vn 0.000000 1.000000 0.000000
vn 0.002011 0.999997 -0.001355
vn 0.007319 0.999962 -0.004816
vn 0.001365 0.999999 -0.000920
vn 0.002011 0.999997 -0.001355
vn 0.010859 0.999915 -0.007209
vn -0.340232 0.698937 -0.629071
vn 0.081733 0.995191 -0.053992
vn 0.042407 0.998704 -0.028157
vn -0.367692 0.701327 -0.610691
vn 0.040892 0.998817 -0.026332
vn 0.021252 0.999678 -0.013848
vn 0.031815 0.999273 -0.020995
vn 0.061273 0.997315 -0.040116
vn -0.367692 0.701327 -0.610691
vn 0.042407 0.998704 -0.028157
vn 0.014338 0.999851 -0.009569
vn -0.385911 0.704622 -0.595467
vn 0.021252 0.999678 -0.013848
vn 0.007319 0.999962 -0.004816
vn 0.010859 0.999915 -0.007209
vn 0.031815 0.999273 -0.020995
vn 0.394855 0.706792 0.586971
vn 0.000255 1.000000 0.000355
vn 0.000632 0.999999 0.000896
vn 0.395071 0.706419 0.587275
vn 0.394668 0.707112 0.586711
vn 0.000061 1.000000 0.000083
vn 0.000255 1.000000 0.000355
vn 0.394855 0.706792 0.586971
vn 0.021252 0.999678 -0.013848
vn 0.040892 0.998817 -0.026332
vn 0.020658 0.999707 -0.012649
vn 0.010727 0.999920 -0.006728
vn 0.007319 0.999962 -0.004816
vn 0.021252 0.999678 -0.013848
vn 0.010727 0.999920 -0.006728
vn 0.003720 0.999990 -0.002383
vn 0.394669 0.707102 0.586722
vn 0.000000 1.000000 0.000000
vn 0.000001 1.000000 0.000000
vn 0.394668 0.707107 0.586718
vn 0.000000 1.000000 0.000000
vn 0.001365 0.999999 -0.000920
vn 0.000695 1.000000 -0.000468
vn 0.000000 1.000000 0.000000
vn 0.394668 0.707107 0.586718
vn 0.000001 1.000000 0.000000
vn 0.000061 1.000000 0.000083
vn 0.394668 0.707112 0.586711
vn 0.001365 0.999999 -0.000920
vn 0.007319 0.999962 -0.004816
vn 0.003720 0.999990 -0.002383
vn 0.000695 1.000000 -0.000468
vn -0.434837 -0.880230 0.190033
vn -0.648188 -0.710045 0.275117
vn -0.727778 -0.611275 0.310936
vn -0.550521 -0.798452 0.243723
vn -0.277352 -0.952036 0.129240
vn -0.434837 -0.880230 0.190033
vn -0.550521 -0.798452 0.243723
vn -0.407225 -0.892912 0.192030
vn -0.727778 -0.611275 0.310936
vn -0.816131 -0.458927 0.351164
vn -0.694328 -0.649019 0.310938
vn -0.550521 -0.798452 0.243723
vn -0.550521 -0.798452 0.243723
vn -0.694328 -0.649019 0.310938
vn -0.583616 -0.763131 0.277531
vn -0.407225 -0.892912 0.192030
vn 0.502741 -0.824899 -0.258445
vn -0.155915 -0.982935 0.097618
vn -0.287177 -0.943107 0.167566
vn 0.387794 -0.900752 -0.195605
vn 0.387794 -0.900752 -0.195605
vn -0.287177 -0.943107 0.167566
vn -0.478240 -0.836119 0.268686
vn 0.187667 -0.978375 -0.086967
vn -0.187990 -0.977119 0.099492
vn -0.277352 -0.952036 0.129240
vn -0.407225 -0.892912 0.192030
vn -0.320288 -0.932558 0.166588
vn -0.407225 -0.892912 0.192030
vn -0.583616 -0.763131 0.277531
vn -0.509513 -0.819491 0.262356
vn -0.320288 -0.932558 0.166588
vn -0.877278 -0.175444 0.446769
vn -0.864787 -0.189618 0.464961
vn -0.710057 -0.587932 0.387497
vn -0.732568 -0.568234 0.374773
vn -0.893268 -0.132846 0.429447
vn -0.877278 -0.175444 0.446769
vn -0.732568 -0.568234 0.374773
vn -0.777622 -0.506815 0.372080
vn -0.732568 -0.568234 0.374773
vn -0.710057 -0.587932 0.387497
vn -0.479030 -0.836127 0.267248
vn -0.509513 -0.819491 0.262356
vn -0.732568 -0.568234 0.374773
vn -0.509513 -0.819491 0.262356
vn -0.583616 -0.763131 0.277531
vn -0.777622 -0.506815 0.372080
vn -0.915336 0.046371 0.400013
vn -0.908087 -0.059657 0.414510
vn -0.836148 -0.397212 0.378259
vn -0.891521 -0.236229 0.386505
vn -0.836148 -0.397212 0.378259
vn -0.694328 -0.649019 0.310938
vn -0.816131 -0.458927 0.351164
vn -0.891521 -0.236229 0.386505
vn -0.908087 -0.059657 0.414510
vn -0.893268 -0.132846 0.429447
vn -0.777622 -0.506815 0.372080
vn -0.836148 -0.397212 0.378259
vn -0.777622 -0.506815 0.372080
vn -0.583616 -0.763131 0.277531
vn -0.694328 -0.649019 0.310938
vn -0.836148 -0.397212 0.378259
vn -0.928303 0.015712 0.371492
vn -0.906450 0.232844 0.352325
vn -0.890667 0.297077 0.344177
vn -0.925424 0.084883 0.369303
vn -0.904516 -0.212029 0.369994
vn -0.928303 0.015712 0.371492
vn -0.925424 0.084883 0.369303
vn -0.917512 -0.132262 0.375071
vn -0.890667 0.297077 0.344177
vn -0.861923 0.384781 0.330201
vn -0.914208 0.179368 0.363387
vn -0.925424 0.084883 0.369303
vn -0.925424 0.084883 0.369303
vn -0.914208 0.179368 0.363387
vn -0.925498 -0.023373 0.378030
vn -0.917512 -0.132262 0.375071
vn -0.648188 -0.710045 0.275117
vn -0.820171 -0.458772 0.341831
vn -0.859129 -0.364913 0.358797
vn -0.727778 -0.611275 0.310936
vn -0.859129 -0.364913 0.358797
vn -0.896929 -0.233474 0.375512
vn -0.816131 -0.458927 0.351164
vn -0.727778 -0.611275 0.310936
vn -0.820171 -0.458772 0.341831
vn -0.904516 -0.212029 0.369994
vn -0.917512 -0.132262 0.375071
vn -0.859129 -0.364913 0.358797
vn -0.917512 -0.132262 0.375071
vn -0.925498 -0.023373 0.378030
vn -0.896929 -0.233474 0.375512
vn -0.859129 -0.364913 0.358797
vn -0.907209 0.175348 0.382395
vn -0.915336 0.046371 0.400013
vn -0.891521 -0.236229 0.386505
vn -0.920667 -0.053823 0.386621
vn -0.877367 0.320141 0.357402
vn -0.907209 0.175348 0.382395
vn -0.920667 -0.053823 0.386621
vn -0.918665 0.124731 0.374829
vn -0.891521 -0.236229 0.386505
vn -0.816131 -0.458927 0.351164
vn -0.896929 -0.233474 0.375512
vn -0.920667 -0.053823 0.386621
vn -0.920667 -0.053823 0.386621
vn -0.896929 -0.233474 0.375512
vn -0.925498 -0.023373 0.378030
vn -0.918665 0.124731 0.374829
vn -0.807288 0.505234 0.305000
vn -0.699462 0.666651 0.257546
vn -0.814088 0.485510 0.318653
vn -0.884398 0.309350 0.349489
vn -0.884398 0.309350 0.349489
vn -0.914208 0.179368 0.363387
vn -0.861923 0.384781 0.330201
vn -0.807288 0.505234 0.305000
vn -0.884398 0.309350 0.349489
vn -0.814088 0.485510 0.318653
vn -0.877367 0.320141 0.357402
vn -0.918665 0.124731 0.374829
vn -0.918665 0.124731 0.374829
vn -0.925498 -0.023373 0.378030
vn -0.914208 0.179368 0.363387
vn -0.884398 0.309350 0.349489
vn -0.567342 0.805931 0.169111
vn -0.615512 0.764462 0.191685
vn -0.447946 0.887573 0.107514
vn -0.398020 0.913466 0.084616
vn -0.706547 0.665224 0.241390
vn -0.746722 0.611957 0.260604
vn -0.615512 0.764462 0.191685
vn -0.567342 0.805931 0.169111
vn -0.398020 0.913466 0.084616
vn -0.326909 0.943591 0.052592
vn -0.495991 0.857548 0.136398
vn -0.567342 0.805931 0.169111
vn -0.567342 0.805931 0.169111
vn -0.495991 0.857548 0.136398
vn -0.644306 0.734680 0.212403
vn -0.706547 0.665224 0.241390
vn -0.906450 0.232844 0.352325
vn -0.843861 0.434815 0.314380
vn -0.815183 0.495268 0.300310
vn -0.890667 0.297077 0.344177
vn -0.815183 0.495268 0.300310
vn -0.768260 0.576575 0.278096
vn -0.861923 0.384781 0.330201
vn -0.890667 0.297077 0.344177
vn -0.815183 0.495268 0.300310
vn -0.843861 0.434815 0.314380
vn -0.746722 0.611957 0.260604
vn -0.706547 0.665224 0.241390
vn -0.706547 0.665224 0.241390
vn -0.644306 0.734680 0.212403
vn -0.768260 0.576575 0.278096
vn -0.815183 0.495268 0.300310
vn -0.687307 0.685153 0.241194
vn -0.541258 0.821961 0.177255
vn -0.699462 0.666651 0.257546
vn -0.807288 0.505234 0.305000
vn -0.543405 0.822714 0.166893
vn -0.373973 0.922730 0.093345
vn -0.541258 0.821961 0.177255
vn -0.687307 0.685153 0.241194
vn -0.807288 0.505234 0.305000
vn -0.861923 0.384781 0.330201
vn -0.768260 0.576575 0.278096
vn -0.687307 0.685153 0.241194
vn -0.687307 0.685153 0.241194
vn -0.768260 0.576575 0.278096
vn -0.644306 0.734680 0.212403
vn -0.543405 0.822714 0.166893
vn -0.222571 0.974893 0.006733
vn -0.065346 0.996051 -0.060099
vn -0.213605 0.976830 0.013289
vn -0.386441 0.918148 0.087567
vn -0.386441 0.918148 0.087567
vn -0.495991 0.857548 0.136398
vn -0.326909 0.943591 0.052592
vn -0.222571 0.974893 0.006733
vn -0.386441 0.918148 0.087567
vn -0.213605 0.976830 0.013289
vn -0.373973 0.922730 0.093345
vn -0.543405 0.822714 0.166893
vn -0.543405 0.822714 0.166893
vn -0.644306 0.734680 0.212403
vn -0.495991 0.857548 0.136398
vn -0.386441 0.918148 0.087567
vn 0.181435 0.965378 -0.187420
vn 0.130579 0.977510 -0.165601
vn 0.327447 0.909784 -0.255090
vn 0.382167 0.881358 -0.277769
vn -0.017720 0.995229 -0.095947
vn -0.065513 0.995034 -0.074939
vn 0.130579 0.977510 -0.165601
vn 0.181435 0.965378 -0.187420
vn 0.382167 0.881358 -0.277769
vn 0.453637 0.836797 -0.306568
vn 0.250184 0.943718 -0.216344
vn 0.181435 0.965378 -0.187420
vn 0.181435 0.965378 -0.187420
vn 0.250184 0.943718 -0.216344
vn 0.047893 0.991085 -0.124329
vn -0.017720 0.995229 -0.095947
vn -0.398020 0.913466 0.084616
vn -0.447946 0.887573 0.107514
vn -0.258497 0.965880 0.015988
vn -0.210654 0.977545 -0.005478
vn -0.210654 0.977545 -0.005478
vn -0.144189 0.988937 -0.034838
vn -0.326909 0.943591 0.052592
vn -0.398020 0.913466 0.084616
vn -0.210654 0.977545 -0.005478
vn -0.258497 0.965880 0.015988
vn -0.065513 0.995034 -0.074939
vn -0.017720 0.995229 -0.095947
vn -0.017720 0.995229 -0.095947
vn 0.047893 0.991085 -0.124329
vn -0.144189 0.988937 -0.034838
vn -0.210654 0.977545 -0.005478
vn -0.049296 0.995900 -0.075852
vn 0.090206 0.986830 -0.134273
vn -0.065346 0.996051 -0.060099
vn -0.222571 0.974893 0.006733
vn 0.140154 0.976565 -0.163332
vn 0.273091 0.937055 -0.217600
vn 0.090206 0.986830 -0.134273
vn -0.049296 0.995900 -0.075852
vn -0.222571 0.974893 0.006733
vn -0.326909 0.943591 0.052592
vn -0.144189 0.988937 -0.034838
vn -0.049296 0.995900 -0.075852
vn -0.049296 0.995900 -0.075852
vn -0.144189 0.988937 -0.034838
vn 0.047893 0.991085 -0.124329
vn 0.140154 0.976565 -0.163332
vn 0.546274 0.764477 -0.342286
vn 0.662320 0.643529 -0.383670
vn 0.474171 0.825753 -0.305439
vn 0.344417 0.903564 -0.254852
vn 0.344417 0.903564 -0.254852
vn 0.250184 0.943718 -0.216344
vn 0.453637 0.836797 -0.306568
vn 0.546274 0.764477 -0.342286
vn 0.344417 0.903564 -0.254852
vn 0.474171 0.825753 -0.305439
vn 0.273091 0.937055 -0.217600
vn 0.140154 0.976565 -0.163332
vn 0.140154 0.976565 -0.163332
vn 0.047893 0.991085 -0.124329
vn 0.250184 0.943718 -0.216344
vn 0.344417 0.903564 -0.254852
vn 0.784531 0.425178 -0.451369
vn 0.757572 0.479561 -0.442838
vn 0.845530 0.249019 -0.472301
vn 0.856585 0.203915 -0.474005
vn 0.683899 0.603076 -0.410586
vn 0.641808 0.657262 -0.395082
vn 0.757572 0.479561 -0.442838
vn 0.784531 0.425178 -0.451369
vn 0.856585 0.203915 -0.474005
vn 0.868183 0.144661 -0.474690
vn 0.814980 0.352594 -0.459875
vn 0.784531 0.425178 -0.451369
vn 0.784531 0.425178 -0.451369
vn 0.814980 0.352594 -0.459875
vn 0.733699 0.527938 -0.427747
vn 0.683899 0.603076 -0.410586
vn 0.382167 0.881358 -0.277769
vn 0.327447 0.909784 -0.255090
vn 0.501667 0.798257 -0.333341
vn 0.554149 0.753357 -0.354080
vn 0.554149 0.753357 -0.354080
vn 0.619385 0.687672 -0.378774
vn 0.453637 0.836797 -0.306568
vn 0.382167 0.881358 -0.277769
vn 0.554149 0.753357 -0.354080
vn 0.501667 0.798257 -0.333341
vn 0.641808 0.657262 -0.395082
vn 0.683899 0.603076 -0.410586
vn 0.683899 0.603076 -0.410586
vn 0.733699 0.527938 -0.427747
vn 0.619385 0.687672 -0.378774
vn 0.554149 0.753357 -0.354080
vn 0.697839 0.589801 -0.406393
vn 0.785155 0.442823 -0.432943
vn 0.662320 0.643529 -0.383670
vn 0.546274 0.764477 -0.342286
vn 0.789566 0.422809 -0.444769
vn 0.845497 0.275665 -0.457322
vn 0.785155 0.442823 -0.432943
vn 0.697839 0.589801 -0.406393
vn 0.546274 0.764477 -0.342286
vn 0.453637 0.836797 -0.306568
vn 0.619385 0.687672 -0.378774
vn 0.697839 0.589801 -0.406393
vn 0.697839 0.589801 -0.406393
vn 0.619385 0.687672 -0.378774
vn 0.733699 0.527938 -0.427747
vn 0.789566 0.422809 -0.444769
vn 0.878631 0.065773 -0.472949
vn 0.883906 -0.041233 -0.465843
vn 0.875111 0.123137 -0.467993
vn 0.846903 0.254996 -0.466618
vn 0.846903 0.254996 -0.466618
vn 0.814980 0.352594 -0.459875
vn 0.868183 0.144661 -0.474690
vn 0.878631 0.065773 -0.472949
vn 0.846903 0.254996 -0.466618
vn 0.875111 0.123137 -0.467993
vn 0.845497 0.275665 -0.457322
vn 0.789566 0.422809 -0.444769
vn 0.789566 0.422809 -0.444769
vn 0.733699 0.527938 -0.427747
vn 0.814980 0.352594 -0.459875
vn 0.846903 0.254996 -0.466618
vn 0.788189 -0.471823 -0.395146
vn 0.670725 -0.667275 -0.323841
vn 0.672948 -0.664401 -0.325135
vn 0.784130 -0.480722 -0.392488
vn 0.859330 -0.251690 -0.445201
vn 0.788189 -0.471823 -0.395146
vn 0.784130 -0.480722 -0.392488
vn 0.855058 -0.271889 -0.441533
vn 0.672948 -0.664401 -0.325135
vn 0.675972 -0.660457 -0.326893
vn 0.778499 -0.492696 -0.388830
vn 0.784130 -0.480722 -0.392488
vn 0.784130 -0.480722 -0.392488
vn 0.778499 -0.492696 -0.388830
vn 0.848722 -0.298845 -0.436305
vn 0.855058 -0.271889 -0.441533
vn 0.856585 0.203915 -0.474005
vn 0.845530 0.249019 -0.472301
vn 0.881245 -0.009121 -0.472571
vn 0.881613 -0.040948 -0.470194
vn 0.881613 -0.040948 -0.470194
vn 0.880715 -0.083016 -0.466316
vn 0.868183 0.144661 -0.474690
vn 0.856585 0.203915 -0.474005
vn 0.881613 -0.040948 -0.470194
vn 0.881245 -0.009121 -0.472571
vn 0.859330 -0.251690 -0.445201
vn 0.855058 -0.271889 -0.441533
vn 0.855058 -0.271889 -0.441533
vn 0.848722 -0.298845 -0.436305
vn 0.880715 -0.083016 -0.466316
vn 0.881613 -0.040948 -0.470194
vn 0.876977 -0.139896 -0.459717
vn 0.866757 -0.219589 -0.447788
vn 0.883906 -0.041233 -0.465843
vn 0.878631 0.065773 -0.472949
vn 0.821939 -0.389282 -0.415783
vn 0.866757 -0.219589 -0.447788
vn 0.876977 -0.139896 -0.459717
vn 0.838806 -0.335881 -0.428472
vn 0.878631 0.065773 -0.472949
vn 0.868183 0.144661 -0.474690
vn 0.880715 -0.083016 -0.466316
vn 0.876977 -0.139896 -0.459717
vn 0.876977 -0.139896 -0.459717
vn 0.880715 -0.083016 -0.466316
vn 0.848722 -0.298845 -0.436305
vn 0.838806 -0.335881 -0.428472
vn 0.686697 -0.646122 -0.333127
vn 0.757603 -0.533948 -0.375417
vn 0.770340 -0.509365 -0.383567
vn 0.680246 -0.654809 -0.329380
vn 0.770340 -0.509365 -0.383567
vn 0.778499 -0.492696 -0.388830
vn 0.675972 -0.660457 -0.326893
vn 0.680246 -0.654809 -0.329380
vn 0.757603 -0.533948 -0.375417
vn 0.821939 -0.389282 -0.415783
vn 0.838806 -0.335881 -0.428472
vn 0.770340 -0.509365 -0.383567
vn 0.838806 -0.335881 -0.428472
vn 0.848722 -0.298845 -0.436305
vn 0.778499 -0.492696 -0.388830
vn 0.770340 -0.509365 -0.383567
vn 0.284126 -0.951640 -0.116849
vn 0.209438 -0.974284 -0.083107
vn 0.183420 -0.980518 -0.070297
vn 0.269261 -0.956829 -0.109435
vn 0.390270 -0.904959 -0.169523
vn 0.284126 -0.951640 -0.116849
vn 0.269261 -0.956829 -0.109435
vn 0.387794 -0.906261 -0.168246
vn 0.183420 -0.980518 -0.070297
vn 0.157435 -0.985853 -0.057518
vn 0.252722 -0.962233 -0.101193
vn 0.269261 -0.956829 -0.109435
vn 0.269261 -0.956829 -0.109435
vn 0.252722 -0.962233 -0.101193
vn 0.385026 -0.907704 -0.166820
vn 0.387794 -0.906261 -0.168246
vn 0.670725 -0.667275 -0.323841
vn 0.525666 -0.815682 -0.241534
vn 0.531560 -0.810898 -0.244722
vn 0.672948 -0.664401 -0.325135
vn 0.531560 -0.810898 -0.244722
vn 0.539456 -0.804356 -0.248997
vn 0.675972 -0.660457 -0.326893
vn 0.672948 -0.664401 -0.325135
vn 0.525666 -0.815682 -0.241534
vn 0.390270 -0.904959 -0.169523
vn 0.387794 -0.906261 -0.168246
vn 0.531560 -0.810898 -0.244722
vn 0.387794 -0.906261 -0.168246
vn 0.385026 -0.907704 -0.166820
vn 0.539456 -0.804356 -0.248997
vn 0.531560 -0.810898 -0.244722
vn 0.566477 -0.780753 -0.263681
vn 0.686697 -0.646122 -0.333127
vn 0.680246 -0.654809 -0.329380
vn 0.550400 -0.795028 -0.254933
vn 0.379015 -0.910792 -0.163726
vn 0.566477 -0.780753 -0.263681
vn 0.550400 -0.795028 -0.254933
vn 0.382039 -0.909246 -0.165283
vn 0.680246 -0.654809 -0.329380
vn 0.675972 -0.660457 -0.326893
vn 0.539456 -0.804356 -0.248997
vn 0.550400 -0.795028 -0.254933
vn 0.550400 -0.795028 -0.254933
vn 0.539456 -0.804356 -0.248997
vn 0.385026 -0.907704 -0.166820
vn 0.382039 -0.909246 -0.165283
vn 0.106430 -0.993789 -0.032485
vn 0.213992 -0.973393 -0.081933
vn 0.234404 -0.967769 -0.092076
vn 0.131759 -0.990264 -0.044908
vn 0.234404 -0.967769 -0.092076
vn 0.252722 -0.962233 -0.101193
vn 0.157435 -0.985853 -0.057518
vn 0.131759 -0.990264 -0.044908
vn 0.213992 -0.973393 -0.081933
vn 0.379015 -0.910792 -0.163726
vn 0.382039 -0.909246 -0.165283
vn 0.234404 -0.967769 -0.092076
vn 0.382039 -0.909246 -0.165283
vn 0.385026 -0.907704 -0.166820
vn 0.252722 -0.962233 -0.101193
vn 0.234404 -0.967769 -0.092076
vn 0.001376 -0.999999 -0.000806
vn 0.000000 -1.000000 0.000000
vn 0.000000 -1.000000 0.000000
vn 0.001014 -0.999999 -0.000594
vn 0.005727 -0.999979 -0.002953
vn 0.001376 -0.999999 -0.000806
vn 0.001014 -0.999999 -0.000594
vn 0.004249 -0.999989 -0.002105
vn 0.000000 -1.000000 0.000000
vn 0.000000 -1.000000 0.000000
vn 0.000661 -1.000000 -0.000387
vn 0.001014 -0.999999 -0.000594
vn 0.001014 -0.999999 -0.000594
vn 0.000661 -1.000000 -0.000387
vn 0.002822 -0.999995 -0.001285
vn 0.004249 -0.999989 -0.002105
vn 0.030512 -0.999445 -0.013363
vn 0.014149 -0.999878 -0.006613
vn 0.010494 -0.999935 -0.004559
vn 0.022372 -0.999710 -0.008914
vn 0.010494 -0.999935 -0.004559
vn 0.007014 -0.999972 -0.002603
vn 0.014847 -0.999878 -0.004799
vn 0.022372 -0.999710 -0.008914
vn 0.014149 -0.999878 -0.006613
vn 0.005727 -0.999979 -0.002953
vn 0.004249 -0.999989 -0.002105
vn 0.010494 -0.999935 -0.004559
vn 0.004249 -0.999989 -0.002105
vn 0.002822 -0.999995 -0.001285
vn 0.007014 -0.999972 -0.002603
vn 0.010494 -0.999935 -0.004559
vn 0.000666 -0.999999 0.000961
vn 0.001661 -0.999996 0.002411
vn 0.007960 -0.999968 -0.001033
vn 0.003739 -0.999993 -0.000764
vn 0.000169 -1.000000 0.000239
vn 0.000666 -0.999999 0.000961
vn 0.003739 -0.999993 -0.000764
vn 0.001461 -0.999999 -0.000503
vn 0.007960 -0.999968 -0.001033
vn 0.014847 -0.999878 -0.004799
vn 0.007014 -0.999972 -0.002603
vn 0.003739 -0.999993 -0.000764
vn 0.003739 -0.999993 -0.000764
vn 0.007014 -0.999972 -0.002603
vn 0.002822 -0.999995 -0.001285
vn 0.001461 -0.999999 -0.000503
vn 0.000000 -1.000000 0.000000
vn 0.000001 -1.000000 -0.000001
vn 0.000324 -1.000000 -0.000190
vn 0.000000 -1.000000 0.000000
vn 0.000324 -1.000000 -0.000190
vn 0.000661 -1.000000 -0.000387
vn 0.000000 -1.000000 0.000000
vn 0.000000 -1.000000 0.000000
vn 0.000001 -1.000000 -0.000001
vn 0.000169 -1.000000 0.000239
vn 0.001461 -0.999999 -0.000503
vn 0.000324 -1.000000 -0.000190
vn 0.001461 -0.999999 -0.000503
vn 0.002822 -0.999995 -0.001285
vn 0.000661 -1.000000 -0.000387
vn 0.000324 -1.000000 -0.000190
vn -0.003572 -0.999985 -0.004075
vn -0.004703 -0.999973 -0.005648
vn -0.049830 -0.998449 0.024828
vn -0.045016 -0.998700 0.023922
vn -0.002528 -0.999993 -0.002687
vn -0.003572 -0.999985 -0.004075
vn -0.045016 -0.998700 0.023922
vn -0.038522 -0.999023 0.021636
vn -0.049830 -0.998449 0.024828
vn -0.095660 -0.993849 0.055805
vn -0.087168 -0.994814 0.052414
vn -0.045016 -0.998700 0.023922
vn -0.045016 -0.998700 0.023922
vn -0.087168 -0.994814 0.052414
vn -0.075202 -0.996087 0.046431
vn -0.038522 -0.999023 0.021636
vn -0.000883 -0.999999 -0.000724
vn -0.001617 -0.999997 -0.001548
vn -0.030389 -0.999378 0.017901
vn -0.020658 -0.999707 0.012649
vn -0.030389 -0.999378 0.017901
vn -0.059771 -0.997497 0.037766
vn -0.040892 -0.998817 0.026332
vn -0.020658 -0.999707 0.012649
vn -0.001617 -0.999997 -0.001548
vn -0.002528 -0.999993 -0.002687
vn -0.038522 -0.999023 0.021636
vn -0.030389 -0.999378 0.017901
vn -0.038522 -0.999023 0.021636
vn -0.075202 -0.996087 0.046431
vn -0.059771 -0.997497 0.037766
vn -0.030389 -0.999378 0.017901
vn -0.118577 -0.989913 0.077534
vn -0.081663 -0.995201 0.053909
vn -0.061272 -0.997315 0.040116
vn -0.089252 -0.994336 0.057701
vn -0.148076 -0.984333 0.095723
vn -0.118577 -0.989913 0.077534
vn -0.089252 -0.994336 0.057701
vn -0.111852 -0.991170 0.071214
vn -0.061272 -0.997315 0.040116
vn -0.040892 -0.998817 0.026332
vn -0.059771 -0.997497 0.037766
vn -0.089252 -0.994336 0.057701
vn -0.089252 -0.994336 0.057701
vn -0.059771 -0.997497 0.037766
vn -0.075202 -0.996087 0.046431
vn -0.111852 -0.991170 0.071214
vn -0.185665 -0.975655 0.116729
vn -0.170375 -0.979366 0.108696
vn -0.129127 -0.988331 0.080793
vn -0.141146 -0.986196 0.086578
vn -0.129127 -0.988331 0.080793
vn -0.087168 -0.994814 0.052414
vn -0.095660 -0.993849 0.055805
vn -0.141146 -0.986196 0.086578
vn -0.170375 -0.979366 0.108696
vn -0.148076 -0.984333 0.095723
vn -0.111852 -0.991170 0.071214
vn -0.129127 -0.988331 0.080793
vn -0.111852 -0.991170 0.071214
vn -0.075202 -0.996087 0.046431
vn -0.087168 -0.994814 0.052414
vn -0.129127 -0.988331 0.080793
vn 0.000000 -1.000000 0.000000
vn 0.000000 -1.000000 0.000000
vn 0.000000 -1.000000 0.000000
vn 0.000000 -1.000000 0.000000
vn 0.000000 -1.000000 0.000000
vn 0.000000 -1.000000 0.000000
vn 0.000000 -1.000000 0.000000
vn 0.000000 -1.000000 0.000000
vn 0.000000 -1.000000 0.000000
vn 0.000000 -1.000000 0.000000
vn 0.000000 -1.000000 0.000000
vn 0.000000 -1.000000 0.000000
vn 0.000000 -1.000000 0.000000
vn 0.000000 -1.000000 0.000000
vn 0.000000 -1.000000 0.000000
vn 0.000000 -1.000000 0.000000
vn 0.000000 -1.000000 0.000000
vn 0.000000 -1.000000 0.000000
vn 0.000000 -1.000000 0.000000
vn 0.000000 -1.000000 0.000000
vn 0.000000 -1.000000 0.000000
vn 0.000000 -1.000000 0.000000
vn 0.000000 -1.000000 0.000000
vn 0.000000 -1.000000 0.000000
vn 0.000000 -1.000000 0.000000
vn 0.000000 -1.000000 0.000000
vn 0.000000 -1.000000 0.000000
vn 0.000000 -1.000000 0.000000
vn 0.000000 -1.000000 0.000000
vn 0.000000 -1.000000 0.000000
vn 0.000000 -1.000000 0.000000
vn 0.000000 -1.000000 0.000000
vn 0.000000 -1.000000 0.000000
vn 0.000000 -1.000000 0.000000
vn 0.000000 -1.000000 0.000000
vn 0.000000 -1.000000 0.000000
vn 0.000000 -1.000000 0.000000
vn 0.000000 -1.000000 0.000000
vn 0.000000 -1.000000 0.000000
vn 0.000000 -1.000000 0.000000
vn 0.000000 -1.000000 0.000000
vn 0.000000 -1.000000 0.000000
vn 0.000000 -1.000000 0.000000
vn 0.000000 -1.000000 0.000000
vn 0.000000 -1.000000 0.000000
vn 0.000000 -1.000000 0.000000
vn 0.000000 -1.000000 0.000000
vn 0.000000 -1.000000 0.000000
vn 0.000000 -1.000000 0.000000
vn 0.000000 -1.000000 0.000000
vn 0.000000 -1.000000 0.000000
vn 0.000000 -1.000000 0.000000
vn 0.000000 -1.000000 0.000000
vn 0.000000 -1.000000 0.000000
vn 0.000000 -1.000000 0.000000
vn 0.000000 -1.000000 0.000000
vn 0.000000 -1.000000 0.000000
vn 0.000000 -1.000000 0.000000
vn 0.000000 -1.000000 0.000000
vn 0.000000 -1.000000 0.000000
vn 0.000000 -1.000000 0.000000
vn 0.000000 -1.000000 0.000000
vn 0.000000 -1.000000 0.000000
vn 0.000000 -1.000000 0.000000
vn 0.000000 -1.000000 0.000000
vn 0.000000 -1.000000 0.000000
vn 0.000000 -1.000000 0.000000
vn 0.000000 -1.000000 0.000000
vn 0.000000 -1.000000 0.000000
vn 0.000000 -1.000000 0.000000
vn 0.000000 -1.000000 0.000000
vn 0.000000 -1.000000 0.000000
vn 0.000000 -1.000000 0.000000
vn 0.000000 -1.000000 0.000000
vn 0.000000 -1.000000 0.000000
vn 0.000000 -1.000000 0.000000
vn 0.000000 -1.000000 0.000000
vn 0.000000 -1.000000 0.000000
vn 0.000000 -1.000000 0.000000
vn 0.000000 -1.000000 0.000000
vn 0.000000 -1.000000 0.000000
vn 0.000000 -1.000000 0.000000
vn 0.000000 -1.000000 0.000000
vn 0.000000 -1.000000 0.000000
vn 0.000000 -1.000000 0.000000
vn 0.000000 -1.000000 0.000000
vn 0.000000 -1.000000 0.000000
vn 0.000000 -1.000000 0.000000
vn 0.000000 -1.000000 0.000000
vn 0.000000 -1.000000 0.000000
vn 0.000000 -1.000000 0.000000
vn 0.000000 -1.000000 0.000000
vn 0.000000 -1.000000 0.000000
vn 0.000000 -1.000000 0.000000
vn 0.000000 -1.000000 0.000000
vn 0.000000 -1.000000 0.000000
vn 0.000000 -1.000000 0.000000
vn 0.000000 -1.000000 0.000000
vn 0.000000 -1.000000 0.000000
vn 0.000000 -1.000000 0.000000
vn 0.000000 -1.000000 0.000000
vn 0.000000 -1.000000 0.000000
vn 0.000000 -1.000000 0.000000
vn 0.000000 -1.000000 0.000000
vn 0.000000 -1.000000 0.000000
vn 0.000000 -1.000000 0.000000
vn 0.000000 -1.000000 0.000000
vn 0.000000 -1.000000 0.000000
vn 0.000000 -1.000000 0.000000
vn 0.000000 -1.000000 0.000000
vn 0.000000 -1.000000 0.000000
vn 0.000000 -1.000000 0.000000
vn 0.000000 -1.000000 0.000000
vn 0.000000 -1.000000 0.000000
vn 0.000000 -1.000000 0.000000
vn 0.000000 -1.000000 0.000000
vn 0.000000 -1.000000 0.000000
vn 0.000000 -1.000000 0.000000
vn 0.000000 -1.000000 0.000000
vn 0.000000 -1.000000 0.000000
vn 0.000000 -1.000000 0.000000
vn 0.000000 -1.000000 0.000000
vn 0.000000 -1.000000 0.000000
vn 0.000000 -1.000000 0.000000
vn 0.000000 -1.000000 0.000000
vn 0.000000 -1.000000 0.000000
vn 0.000000 -1.000000 0.000000
vn 0.000000 -1.000000 0.000000
vn 0.047029 -0.998860 -0.008219
vn 0.106430 -0.993789 -0.032485
vn 0.131759 -0.990264 -0.044908
vn 0.069432 -0.997399 -0.019336
vn 0.019075 -0.999818 0.000915
vn 0.047029 -0.998860 -0.008219
vn 0.069432 -0.997399 -0.019336
vn 0.035408 -0.999345 -0.007419
vn 0.131759 -0.990264 -0.044908
vn 0.157435 -0.985853 -0.057518
vn 0.094024 -0.995070 -0.031551
vn 0.069432 -0.997399 -0.019336
vn 0.069432 -0.997399 -0.019336
vn 0.094024 -0.995070 -0.031551
vn 0.053794 -0.998411 -0.016802
vn 0.035408 -0.999345 -0.007419
vn 0.001661 -0.999996 0.002411
vn 0.006175 -0.999976 0.003311
vn 0.017053 -0.999852 -0.002433
vn 0.007960 -0.999968 -0.001033
vn 0.017053 -0.999852 -0.002433
vn 0.029215 -0.999534 -0.008857
vn 0.014847 -0.999878 -0.004799
vn 0.007960 -0.999968 -0.001033
vn 0.006175 -0.999976 0.003311
vn 0.019075 -0.999818 0.000915
vn 0.035408 -0.999345 -0.007419
vn 0.017053 -0.999852 -0.002433
vn 0.035408 -0.999345 -0.007419
vn 0.053794 -0.998411 -0.016802
vn 0.029215 -0.999534 -0.008857
vn 0.017053 -0.999852 -0.002433
vn 0.057933 -0.998031 -0.024033
vn 0.030512 -0.999445 -0.013363
vn 0.022372 -0.999710 -0.008914
vn 0.042827 -0.998954 -0.016050
vn 0.097637 -0.994450 -0.039194
vn 0.057933 -0.998031 -0.024033
vn 0.042827 -0.998954 -0.016050
vn 0.074507 -0.996845 -0.027378
vn 0.022372 -0.999710 -0.008914
vn 0.014847 -0.999878 -0.004799
vn 0.029215 -0.999534 -0.008857
vn 0.042827 -0.998954 -0.016050
vn 0.042827 -0.998954 -0.016050
vn 0.029215 -0.999534 -0.008857
vn 0.053794 -0.998411 -0.016802
vn 0.074507 -0.996845 -0.027378
vn 0.209438 -0.974284 -0.083107
vn 0.150120 -0.986878 -0.059455
vn 0.120963 -0.991639 -0.044945
vn 0.183420 -0.980518 -0.070297
vn 0.120963 -0.991639 -0.044945
vn 0.094024 -0.995070 -0.031551
vn 0.157435 -0.985853 -0.057518
vn 0.183420 -0.980518 -0.070297
vn 0.150120 -0.986878 -0.059455
vn 0.097637 -0.994450 -0.039194
vn 0.074507 -0.996845 -0.027378
vn 0.120963 -0.991639 -0.044945
vn 0.074507 -0.996845 -0.027378
vn 0.053794 -0.998411 -0.016802
vn 0.094024 -0.995070 -0.031551
vn 0.120963 -0.991639 -0.044945
vn -0.020327 -0.999444 -0.026419
vn -0.022990 -0.999276 -0.030299
vn -0.164271 -0.984401 0.063012
vn -0.158430 -0.985213 0.065235
vn -0.017133 -0.999614 -0.021891
vn -0.020327 -0.999444 -0.026419
vn -0.158430 -0.985213 0.065235
vn -0.146115 -0.987184 0.064167
vn -0.158430 -0.985213 0.065235
vn -0.164271 -0.984401 0.063012
vn -0.321369 -0.931859 0.168405
vn -0.311836 -0.935091 0.168411
vn -0.158430 -0.985213 0.065235
vn -0.311836 -0.935091 0.168411
vn -0.288717 -0.943900 0.160299
vn -0.146115 -0.987184 0.064167
vn -0.011396 -0.999834 -0.014249
vn -0.014115 -0.999742 -0.017774
vn -0.128329 -0.989988 0.058779
vn -0.105589 -0.993197 0.049103
vn -0.128329 -0.989988 0.058779
vn -0.253317 -0.956730 0.143169
vn -0.206815 -0.971298 0.117510
vn -0.105589 -0.993197 0.049103
vn -0.014115 -0.999742 -0.017774
vn -0.017133 -0.999614 -0.021891
vn -0.146115 -0.987184 0.064167
vn -0.128329 -0.989988 0.058779
vn -0.146115 -0.987184 0.064167
vn -0.288717 -0.943900 0.160299
vn -0.253317 -0.956730 0.143169
vn -0.128329 -0.989988 0.058779
vn -0.494097 -0.813062 0.307894
vn -0.406829 -0.877539 0.253802
vn -0.309206 -0.932414 0.187070
vn -0.378862 -0.896761 0.228657
vn -0.554672 -0.758045 0.343084
vn -0.494097 -0.813062 0.307894
vn -0.378862 -0.896761 0.228657
vn -0.430135 -0.865466 0.256813
vn -0.309206 -0.932414 0.187070
vn -0.206815 -0.971298 0.117510
vn -0.253317 -0.956730 0.143169
vn -0.378862 -0.896761 0.228657
vn -0.378862 -0.896761 0.228657
vn -0.253317 -0.956730 0.143169
vn -0.288717 -0.943900 0.160299
vn -0.430135 -0.865466 0.256813
vn -0.836657 -0.003549 0.547715
vn -0.604500 -0.709177 0.362833
vn -0.475386 -0.836549 0.272387
vn -0.823320 -0.204084 0.529616
vn -0.823320 -0.204084 0.529616
vn -0.475386 -0.836549 0.272387
vn -0.321992 -0.931808 0.167495
vn -0.774221 -0.402798 0.488196
vn -0.590619 -0.721832 0.360733
vn -0.554672 -0.758045 0.343084
vn -0.430135 -0.865466 0.256813
vn -0.462225 -0.844267 0.271220
vn -0.430135 -0.865466 0.256813
vn -0.288717 -0.943900 0.160299
vn -0.311836 -0.935091 0.168411
vn -0.462225 -0.844267 0.271220
vn -0.009162 -0.999892 -0.011456
vn -0.011396 -0.999834 -0.014249
vn -0.105589 -0.993197 0.049103
vn -0.083565 -0.995751 0.038691
vn -0.007373 -0.999931 -0.009196
vn -0.009162 -0.999892 -0.011456
vn -0.083565 -0.995751 0.038691
vn -0.067236 -0.997249 0.031200
vn -0.105589 -0.993197 0.049103
vn -0.206815 -0.971298 0.117510
vn -0.161689 -0.982590 0.091503
vn -0.083565 -0.995751 0.038691
vn -0.083565 -0.995751 0.038691
vn -0.161689 -0.982590 0.091503
vn -0.128946 -0.988967 0.072920
vn -0.067236 -0.997249 0.031200
vn -0.004703 -0.999973 -0.005648
vn -0.005921 -0.999956 -0.007311
vn -0.056110 -0.998071 0.026574
vn -0.049830 -0.998449 0.024828
vn -0.056110 -0.998071 0.026574
vn -0.107249 -0.992350 0.061144
vn -0.095660 -0.993849 0.055805
vn -0.049830 -0.998449 0.024828
vn -0.005921 -0.999956 -0.007311
vn -0.007373 -0.999931 -0.009196
vn -0.067236 -0.997249 0.031200
vn -0.056110 -0.998071 0.026574
vn -0.067236 -0.997249 0.031200
vn -0.128946 -0.988967 0.072920
vn -0.107249 -0.992350 0.061144
vn -0.056110 -0.998071 0.026574
vn -0.207709 -0.969624 0.129179
vn -0.185665 -0.975655 0.116729
vn -0.141146 -0.986196 0.086578
vn -0.158055 -0.982798 0.095533
vn -0.250936 -0.955414 0.155615
vn -0.207709 -0.969624 0.129179
vn -0.158055 -0.982798 0.095533
vn -0.190633 -0.974937 0.114705
vn -0.141146 -0.986196 0.086578
vn -0.095660 -0.993849 0.055805
vn -0.107249 -0.992350 0.061144
vn -0.158055 -0.982798 0.095533
vn -0.158055 -0.982798 0.095533
vn -0.107249 -0.992350 0.061144
vn -0.128946 -0.988967 0.072920
vn -0.190633 -0.974937 0.114705
vn -0.406829 -0.877539 0.253802
vn -0.317024 -0.927729 0.197016
vn -0.240415 -0.959796 0.144889
vn -0.309206 -0.932414 0.187070
vn -0.240415 -0.959796 0.144889
vn -0.161689 -0.982590 0.091503
vn -0.206815 -0.971298 0.117510
vn -0.309206 -0.932414 0.187070
vn -0.317024 -0.927729 0.197016
vn -0.250936 -0.955414 0.155615
vn -0.190633 -0.974937 0.114705
vn -0.240415 -0.959796 0.144889
vn -0.190633 -0.974937 0.114705
vn -0.128946 -0.988967 0.072920
vn -0.161689 -0.982590 0.091503
vn -0.240415 -0.959796 0.144889
vn -0.002631 -0.999995 0.001774
vn 0.000000 -1.000000 0.000000
vn 0.000000 -1.000000 0.000000
vn -0.002011 -0.999997 0.001356
vn -0.014328 -0.999852 0.009555
vn -0.002631 -0.999995 0.001774
vn -0.002011 -0.999997 0.001356
vn -0.010861 -0.999915 0.007211
vn 0.000000 -1.000000 0.000000
vn 0.000000 -1.000000 0.000000
vn -0.001365 -0.999999 0.000920
vn -0.002011 -0.999997 0.001356
vn -0.002011 -0.999997 0.001356
vn -0.001365 -0.999999 0.000920
vn -0.007320 -0.999962 0.004817
vn -0.010861 -0.999915 0.007211
vn -0.081663 -0.995201 0.053909
vn -0.042362 -0.998706 0.028134
vn -0.031817 -0.999273 0.020996
vn -0.061272 -0.997315 0.040116
vn -0.031817 -0.999273 0.020996
vn -0.021253 -0.999678 0.013849
vn -0.040892 -0.998817 0.026332
vn -0.061272 -0.997315 0.040116
vn -0.042362 -0.998706 0.028134
vn -0.014328 -0.999852 0.009555
vn -0.010861 -0.999915 0.007211
vn -0.031817 -0.999273 0.020996
vn -0.010861 -0.999915 0.007211
vn -0.007320 -0.999962 0.004817
vn -0.021253 -0.999678 0.013849
vn -0.031817 -0.999273 0.020996
vn -0.000387 -1.000000 -0.000267
vn -0.000883 -0.999999 -0.000724
vn -0.020658 -0.999707 0.012649
vn -0.010727 -0.999920 0.006728
vn -0.000112 -1.000000 -0.000057
vn -0.000387 -1.000000 -0.000267
vn -0.010727 -0.999920 0.006728
vn -0.003721 -0.999990 0.002383
vn -0.020658 -0.999707 0.012649
vn -0.040892 -0.998817 0.026332
vn -0.021253 -0.999678 0.013849
vn -0.010727 -0.999920 0.006728
vn -0.010727 -0.999920 0.006728
vn -0.021253 -0.999678 0.013849
vn -0.007320 -0.999962 0.004817
vn -0.003721 -0.999990 0.002383
vn 0.000000 -1.000000 0.000000
vn -0.000010 -1.000000 0.000006
vn -0.000695 -1.000000 0.000468
vn 0.000000 -1.000000 0.000000
vn -0.000695 -1.000000 0.000468
vn -0.001365 -0.999999 0.000920
vn 0.000000 -1.000000 0.000000
vn 0.000000 -1.000000 0.000000
vn -0.000010 -1.000000 0.000006
vn -0.000112 -1.000000 -0.000057
vn -0.003721 -0.999990 0.002383
vn -0.000695 -1.000000 0.000468
vn -0.003721 -0.999990 0.002383
vn -0.007320 -0.999962 0.004817
vn -0.001365 -0.999999 0.000920
vn -0.000695 -1.000000 0.000468
vn -0.186048 -0.554864 0.810871
vn -0.002027 -0.665854 0.746080
vn 0.636025 0.570455 0.519667
vn 0.758287 0.431656 0.488542
vn -0.002027 -0.665854 0.746080
vn 0.129900 -0.697767 0.704449
vn 0.534496 0.646475 0.544411
vn 0.636025 0.570455 0.519667
vn 0.449762 0.702771 0.551204
vn 0.231271 -0.687716 0.688157
vn 0.685643 -0.666389 0.292949
vn 0.863895 0.469918 0.181282
vn 0.723440 0.565126 -0.396570
vn 0.502741 -0.824899 -0.258445
vn 0.387794 -0.900752 -0.195605
vn 0.791061 0.434144 -0.430977
vn 0.387794 -0.900752 -0.195605
vn 0.187667 -0.978375 -0.086967
vn 0.860832 0.206484 -0.465115
vn 0.791061 0.434144 -0.430977
vn 0.129900 -0.697767 0.704449
vn 0.203642 -0.697450 0.687091
vn 0.472528 0.684546 0.555080
vn 0.534496 0.646475 0.544411
vn 0.284793 0.147088 -0.947237
vn -0.945704 -0.118193 -0.302779
vn -0.943660 -0.108114 -0.312757
vn 0.298563 0.138035 -0.944355
vn 0.328330 -0.452935 -0.828884
vn 0.735896 -0.555747 -0.386784
vn -0.484107 -0.831639 0.272061
vn -0.671957 -0.675696 -0.303165
vn -0.943660 -0.108114 -0.312757
vn -0.941463 -0.080073 -0.327468
vn 0.320831 0.106340 -0.941148
vn 0.298563 0.138035 -0.944355
vn 0.187667 -0.978375 -0.086967
vn -0.128795 -0.988173 0.083221
vn 0.871656 -0.152745 -0.465709
vn 0.860832 0.206484 -0.465115
vn -0.940307 -0.034803 -0.338543
vn -0.937369 0.028948 -0.347133
vn 0.351826 -0.039792 -0.935219
vn 0.340879 0.047917 -0.938885
vn -0.941463 -0.080073 -0.327468
vn -0.940307 -0.034803 -0.338543
vn 0.340879 0.047917 -0.938885
vn 0.320831 0.106340 -0.941148
vn -0.405357 0.188719 0.894467
vn -0.418728 0.012674 0.908023
vn 0.902969 -0.009517 0.429601
vn 0.885804 -0.135767 0.443755
vn -0.418728 0.012674 0.908023
vn -0.396363 -0.169686 0.902277
vn 0.894068 0.125148 0.430093
vn 0.902969 -0.009517 0.429601
vn -0.325941 -0.363725 0.872621
vn -0.186048 -0.554864 0.810871
vn 0.758287 0.431656 0.488542
vn 0.851074 0.273574 0.448142
vn -0.396363 -0.169686 0.902277
vn -0.325941 -0.363725 0.872621
vn 0.851074 0.273574 0.448142
vn 0.894068 0.125148 0.430093
vn -0.937369 0.028948 -0.347133
vn -0.927486 0.105364 -0.358703
vn 0.348805 -0.148336 -0.925382
vn 0.351826 -0.039792 -0.935219
vn -0.927486 0.105364 -0.358703
vn -0.908850 0.192206 -0.370200
vn 0.322040 -0.270328 -0.907311
vn 0.348805 -0.148336 -0.925382
vn -0.873573 0.295134 -0.386997
vn -0.809350 0.415613 -0.414991
vn 0.151830 -0.548932 -0.821962
vn 0.261708 -0.407144 -0.875067
vn -0.908850 0.192206 -0.370200
vn -0.873573 0.295134 -0.386997
vn 0.261708 -0.407144 -0.875067
vn 0.322040 -0.270328 -0.907311
vn -0.034869 0.718083 0.695083
vn -0.170569 0.620557 0.765386
vn 0.716831 -0.445242 0.536575
vn 0.621677 -0.519497 0.586209
vn -0.170569 0.620557 0.765386
vn -0.276987 0.497263 0.822197
vn 0.791922 -0.355925 0.496162
vn 0.716831 -0.445242 0.536575
vn -0.355392 0.353073 0.865469
vn -0.405357 0.188719 0.894467
vn 0.885804 -0.135767 0.443755
vn 0.848374 -0.253007 0.465026
vn -0.276987 0.497263 0.822197
vn -0.355392 0.353073 0.865469
vn 0.848374 -0.253007 0.465026
vn 0.791922 -0.355925 0.496162
vn -0.809350 0.415613 -0.414991
vn -0.717188 0.520388 -0.463506
vn 0.015005 -0.662109 -0.749257
vn 0.151830 -0.548932 -0.821962
vn -0.717188 0.520388 -0.463506
vn -0.617054 0.593544 -0.516672
vn -0.122882 -0.726347 -0.676254
vn 0.015005 -0.662109 -0.749257
vn -0.517955 0.638764 -0.568950
vn -0.422896 0.662822 -0.617921
vn -0.362572 -0.750513 -0.552514
vn -0.249592 -0.752035 -0.610038
vn -0.617054 0.593544 -0.516672
vn -0.517955 0.638764 -0.568950
vn -0.249592 -0.752035 -0.610038
vn -0.122882 -0.726347 -0.676254
vn 0.580135 0.706424 0.405474
vn 0.429373 0.767714 0.475661
vn 0.278642 -0.605259 0.745667
vn 0.154851 -0.575052 0.803328
vn 0.429373 0.767714 0.475661
vn 0.275498 0.789858 0.547929
vn 0.398127 -0.604595 0.689898
vn 0.278642 -0.605259 0.745667
vn 0.120473 0.774434 0.621078
vn -0.034869 0.718083 0.695083
vn 0.621677 -0.519497 0.586209
vn 0.512516 -0.576086 0.636752
vn 0.275498 0.789858 0.547929
vn 0.120473 0.774434 0.621078
vn 0.512516 -0.576086 0.636752
vn 0.398127 -0.604595 0.689898
vn -0.422896 0.662822 -0.617921
vn -0.313899 0.675663 -0.667044
vn -0.480217 -0.719875 -0.501170
vn -0.362572 -0.750513 -0.552514
vn -0.313899 0.675663 -0.667044
vn -0.177496 0.663703 -0.726631
vn -0.609157 -0.653211 -0.449714
vn -0.480217 -0.719875 -0.501170
vn -0.018465 0.605610 -0.795548
vn 0.136432 0.485569 -0.863487
vn -0.839912 -0.398516 -0.368420
vn -0.736391 -0.543062 -0.403499
vn -0.177496 0.663703 -0.726631
vn -0.018465 0.605610 -0.795548
vn -0.736391 -0.543062 -0.403499
vn -0.609157 -0.653211 -0.449714
vn 0.948428 0.199987 0.245947
vn 0.890370 0.366471 0.270074
vn -0.150076 -0.317984 0.936143
vn -0.214263 -0.158926 0.963760
vn 0.890370 0.366471 0.270074
vn 0.810813 0.499320 0.305388
vn -0.066027 -0.434336 0.898328
vn -0.150076 -0.317984 0.936143
vn 0.710535 0.610772 0.349424
vn 0.580135 0.706424 0.405474
vn 0.154851 -0.575052 0.803328
vn 0.034262 -0.518859 0.854173
vn 0.810813 0.499320 0.305388
vn 0.710535 0.610772 0.349424
vn 0.034262 -0.518859 0.854173
vn -0.066027 -0.434336 0.898328
vn 0.136432 0.485569 -0.863487
vn 0.229789 0.338504 -0.912476
vn -0.902419 -0.269923 -0.335830
vn -0.839912 -0.398516 -0.368420
vn 0.229789 0.338504 -0.912476
vn 0.276898 0.211404 -0.937356
vn -0.932738 -0.166166 -0.319982
vn -0.902419 -0.269923 -0.335830
vn 0.303508 0.093193 -0.948260
vn 0.317047 -0.036528 -0.947706
vn -0.945091 0.028500 -0.325562
vn -0.946113 -0.071872 -0.315761
vn 0.276898 0.211404 -0.937356
vn 0.303508 0.093193 -0.948260
vn -0.946113 -0.071872 -0.315761
vn -0.932738 -0.166166 -0.319982
vn 0.822063 -0.445802 0.354221
vn 0.900686 -0.306993 0.307442
vn -0.188265 0.364123 0.912124
vn -0.096865 0.504465 0.857982
vn 0.900686 -0.306993 0.307442
vn 0.949692 -0.153710 0.272872
vn -0.240696 0.202420 0.949259
vn -0.188265 0.364123 0.912124
vn 0.967945 0.015720 0.250672
vn 0.948428 0.199987 0.245947
vn -0.214263 -0.158926 0.963760
vn -0.250725 0.024875 0.967739
vn 0.949692 -0.153710 0.272872
vn 0.967945 0.015720 0.250672
vn -0.250725 0.024875 0.967739
vn -0.240696 0.202420 0.949259
vn 0.317047 -0.036528 -0.947706
vn 0.306906 -0.178384 -0.934873
vn -0.930668 0.134270 -0.340337
vn -0.945091 0.028500 -0.325562
vn 0.306906 -0.178384 -0.934873
vn 0.270835 -0.313091 -0.910287
vn -0.903247 0.234681 -0.359263
vn -0.930668 0.134270 -0.340337
vn 0.216476 -0.426299 -0.878298
vn 0.156111 -0.512152 -0.844589
vn -0.827588 0.394833 -0.399006
vn -0.867216 0.323250 -0.378743
vn 0.270835 -0.313091 -0.910287
vn 0.216476 -0.426299 -0.878298
vn -0.867216 0.323250 -0.378743
vn -0.903247 0.234681 -0.359263
vn 0.522485 -0.666510 0.531764
vn 0.568757 -0.648039 0.506518
vn 0.182785 0.701053 0.689285
vn 0.236030 0.713395 0.659817
vn 0.568757 -0.648039 0.506518
vn 0.636576 -0.613586 0.467208
vn 0.106931 0.671308 0.733424
vn 0.182785 0.701053 0.689285
vn 0.725188 -0.550486 0.413604
vn 0.822063 -0.445802 0.354221
vn -0.096865 0.504465 0.857982
vn 0.009622 0.609835 0.792470
vn 0.636576 -0.613586 0.467208
vn 0.725188 -0.550486 0.413604
vn 0.009622 0.609835 0.792470
vn 0.106931 0.671308 0.733424
vn 0.156111 -0.512152 -0.844589
vn 0.073275 -0.620619 -0.780681
vn -0.757932 0.464947 -0.457562
vn -0.827588 0.394833 -0.399006
vn 0.073275 -0.620619 -0.780681
vn -0.081369 -0.710009 -0.699476
vn -0.651928 0.562368 -0.508657
vn -0.757932 0.464947 -0.457562
vn -0.220644 -0.736981 -0.638886
vn -0.309037 -0.733874 -0.604917
vn -0.474362 0.669223 -0.571945
vn -0.548253 0.632711 -0.546896
vn -0.081369 -0.710009 -0.699476
vn -0.220644 -0.736981 -0.638886
vn -0.548253 0.632711 -0.546896
vn -0.651928 0.562368 -0.508657
vn 0.394667 -0.707107 0.586718
vn 0.395274 -0.707422 0.585929
vn 0.393775 0.706884 0.587585
vn 0.394667 0.707107 0.586718
vn 0.395274 -0.707422 0.585929
vn 0.397791 -0.707258 0.584422
vn 0.390498 0.707118 0.589488
vn 0.393775 0.706884 0.587585
vn 0.402697 -0.706591 0.581863
vn 0.412061 -0.705179 0.576999
vn 0.371971 0.708953 0.599186
vn 0.384164 0.707799 0.592822
vn 0.397791 -0.707258 0.584422
vn 0.402697 -0.706591 0.581863
vn 0.384164 0.707799 0.592822
vn 0.390498 0.707118 0.589488
vn -0.393626 -0.708967 -0.585170
vn -0.394238 -0.707874 -0.586081
vn -0.395098 0.706339 -0.587352
vn -0.395702 0.705259 -0.588243
vn -0.394238 -0.707874 -0.586081
vn -0.394601 -0.707225 -0.586620
vn -0.394695 0.707059 -0.586757
vn -0.395098 0.706339 -0.587352
vn -0.394646 -0.707145 -0.586686
vn -0.394645 -0.707146 -0.586685
vn -0.394645 0.707146 -0.586685
vn -0.394646 0.707145 -0.586686
vn -0.394601 -0.707225 -0.586620
vn -0.394646 -0.707145 -0.586686
vn -0.394646 0.707145 -0.586686
vn -0.394695 0.707059 -0.586757
vn 0.391971 -0.711906 0.582708
vn 0.392691 -0.710627 0.583783
vn 0.396677 0.703570 0.589607
vn 0.397393 0.702286 0.590656
vn 0.392691 -0.710627 0.583783
vn 0.393394 -0.709378 0.584828
vn 0.395984 0.704811 0.588591
vn 0.396677 0.703570 0.589607
vn 0.393907 -0.708466 0.585588
vn 0.394287 -0.707794 0.586144
vn 0.395071 0.706419 0.587275
vn 0.395451 0.705748 0.587825
vn 0.393394 -0.709378 0.584828
vn 0.393907 -0.708466 0.585588
vn 0.395451 0.705748 0.587825
vn 0.395984 0.704811 0.588591
vn -0.449943 -0.708323 -0.543902
vn -0.476614 -0.702842 -0.528064
vn -0.313498 0.696967 -0.644946
vn -0.340232 0.698937 -0.629071
vn -0.476614 -0.702842 -0.528064
vn -0.497923 -0.696749 -0.516347
vn -0.291708 0.695222 -0.656943
vn -0.313498 0.696967 -0.644946
vn -0.513889 -0.691143 -0.508173
vn -0.524832 -0.686217 -0.503644
vn -0.263231 0.693453 -0.670696
vn -0.275001 0.693886 -0.665505
vn -0.497923 -0.696749 -0.516347
vn -0.513889 -0.691143 -0.508173
vn -0.275001 0.693886 -0.665505
vn -0.291708 0.695222 -0.656943
vn 0.394669 -0.707102 0.586722
vn 0.394667 -0.707107 0.586718
vn 0.394667 0.707107 0.586718
vn 0.394669 0.707102 0.586722
vn 0.394667 -0.707107 0.586718
vn 0.394667 -0.707107 0.586718
vn 0.394667 0.707107 0.586718
vn 0.394667 0.707107 0.586718
vn 0.394667 -0.707107 0.586718
vn 0.394667 -0.707107 0.586718
vn 0.394667 0.707107 0.586718
vn 0.394667 0.707107 0.586718
vn 0.394667 -0.707107 0.586718
vn 0.394667 -0.707107 0.586718
vn 0.394667 0.707107 0.586718
vn 0.394667 0.707107 0.586718
vn -0.394667 -0.707107 -0.586718
vn -0.394667 -0.707106 -0.586718
vn -0.394667 0.707106 -0.586718
vn -0.394667 0.707107 -0.586718
vn -0.394667 -0.707106 -0.586718
vn -0.394667 -0.707107 -0.586718
vn -0.394667 0.707107 -0.586718
vn -0.394667 0.707106 -0.586718
vn -0.394667 -0.707108 -0.586717
vn -0.394669 -0.707103 -0.586721
vn -0.394669 0.707103 -0.586721
vn -0.394667 0.707108 -0.586717
vn -0.394667 -0.707107 -0.586718
vn -0.394667 -0.707108 -0.586717
vn -0.394667 0.707108 -0.586717
vn -0.394667 0.707107 -0.586718
vn 0.394667 -0.707107 0.586718
vn 0.394645 -0.707145 0.586686
vn 0.394645 0.707145 0.586686
vn 0.394667 0.707107 0.586718
vn 0.394645 -0.707145 0.586686
vn 0.394645 -0.707146 0.586686
vn 0.394645 0.707146 0.586686
vn 0.394645 0.707145 0.586686
vn 0.394667 -0.707107 0.586718
vn 0.394667 -0.707107 0.586718
vn 0.394667 0.707107 0.586718
vn 0.394667 0.707107 0.586718
vn 0.394645 -0.707146 0.586686
vn 0.394667 -0.707107 0.586718
vn 0.394667 0.707107 0.586718
vn 0.394645 0.707146 0.586686
vn -0.394645 -0.707146 -0.586685
vn -0.394667 -0.707106 -0.586718
vn -0.394667 0.707106 -0.586718
vn -0.394645 0.707146 -0.586685
vn -0.394667 -0.707106 -0.586718
vn -0.394667 -0.707107 -0.586718
vn -0.394667 0.707107 -0.586718
vn -0.394667 0.707106 -0.586718
vn -0.394667 -0.707107 -0.586718
vn -0.394667 -0.707107 -0.586718
vn -0.394667 0.707107 -0.586718
vn -0.394667 0.707107 -0.586718
vn -0.394667 -0.707107 -0.586718
vn -0.394667 -0.707107 -0.586718
vn -0.394667 0.707107 -0.586718
vn -0.394667 0.707107 -0.586718
vn -0.309037 -0.733874 -0.604917
vn -0.357617 -0.723727 -0.590195
vn -0.430368 0.688349 -0.583917
vn -0.474362 0.669223 -0.571945
vn -0.357617 -0.723727 -0.590195
vn -0.379832 -0.716524 -0.585082
vn -0.409243 0.697325 -0.588437
vn -0.430368 0.688349 -0.583917
vn -0.389964 -0.711858 -0.584111
vn -0.393626 -0.708967 -0.585170
vn -0.395702 0.705259 -0.588243
vn -0.399330 0.702333 -0.589291
vn -0.379832 -0.716524 -0.585082
vn -0.389964 -0.711858 -0.584111
vn -0.399330 0.702333 -0.589291
vn -0.409243 0.697325 -0.588437
vn 0.412061 -0.705179 0.576999
vn 0.428490 -0.701127 0.569927
vn 0.351227 0.711280 0.608868
vn 0.371971 0.708953 0.599186
vn 0.428490 -0.701127 0.569927
vn 0.452630 -0.694053 0.559837
vn 0.321348 0.713688 0.622403
vn 0.351227 0.711280 0.608868
vn 0.485007 -0.682708 0.546515
vn 0.522485 -0.666510 0.531764
vn 0.236030 0.713395 0.659817
vn 0.281681 0.714791 0.640102
vn 0.452630 -0.694053 0.559837
vn 0.485007 -0.682708 0.546515
vn 0.281681 0.714791 0.640102
vn 0.321348 0.713688 0.622403
vn 0.408491 0.681596 0.607092
vn 0.380422 -0.731739 0.565541
vn 0.381866 -0.729324 0.567685
vn 0.407180 0.684170 0.605075
vn -0.575091 0.708261 0.409436
vn -0.608051 -0.704844 0.365335
vn -0.174310 -0.596338 0.783579
vn -0.149703 0.556316 0.817375
vn 0.381866 -0.729324 0.567685
vn 0.384068 -0.725598 0.570963
vn 0.405108 0.688154 0.601940
vn 0.407180 0.684170 0.605075
vn -0.774221 -0.402798 0.488196
vn -0.697177 -0.573797 0.429769
vn -0.463059 0.818056 0.341118
vn -0.317930 0.914409 0.250552
vn 0.386093 -0.722140 0.573974
vn 0.387782 -0.719232 0.576482
vn 0.401527 0.694778 0.596707
vn 0.403169 0.691762 0.599100
vn 0.384068 -0.725598 0.570963
vn 0.386093 -0.722140 0.573974
vn 0.403169 0.691762 0.599100
vn 0.405108 0.688154 0.601940
vn -0.675944 -0.622428 -0.394567
vn -0.736882 -0.571814 -0.360601
vn -0.049332 0.577365 -0.814995
vn -0.116043 0.617624 -0.777865
vn -0.736882 -0.571814 -0.360601
vn -0.777780 -0.527653 -0.341528
vn -0.000302 0.543576 -0.839360
vn -0.049332 0.577365 -0.814995
vn 0.048525 0.519308 -0.853209
vn -0.807032 -0.482735 -0.340099
vn -0.998918 0.017486 -0.043087
vn -0.301171 0.834403 -0.461592
vn 0.018356 0.999242 0.034328
vn -0.836657 -0.003549 0.547715
vn -0.823320 -0.204084 0.529616
vn -0.150385 0.978112 0.143809
vn -0.823320 -0.204084 0.529616
vn -0.774221 -0.402798 0.488196
vn -0.317930 0.914409 0.250552
vn -0.150385 0.978112 0.143809
vn -0.777780 -0.527653 -0.341528
vn -0.800421 -0.496823 -0.335399
vn 0.032804 0.523575 -0.851348
vn -0.000302 0.543576 -0.839360
vn 0.387782 -0.719232 0.576482
vn 0.389123 -0.716901 0.578478
vn 0.400219 0.697167 0.594797
vn 0.401527 0.694778 0.596707
vn 0.389123 -0.716901 0.578478
vn 0.390276 -0.714885 0.580193
vn 0.399076 0.699237 0.593132
vn 0.400219 0.697167 0.594797
vn 0.391148 -0.713358 0.581484
vn 0.391971 -0.711906 0.582708
vn 0.397393 0.702286 0.590656
vn 0.398221 0.700783 0.591881
vn 0.390276 -0.714885 0.580193
vn 0.391148 -0.713358 0.581484
vn 0.398221 0.700783 0.591881
vn 0.399076 0.699237 0.593132
vn -0.524832 -0.686217 -0.503644
vn -0.539074 -0.683414 -0.492284
vn -0.249429 0.687760 -0.681742
vn -0.263231 0.693453 -0.670696
vn -0.539074 -0.683414 -0.492284
vn -0.568271 -0.674891 -0.470734
vn -0.220847 0.676173 -0.702864
vn -0.249429 0.687760 -0.681742
vn -0.613693 -0.656586 -0.438493
vn -0.675944 -0.622428 -0.394567
vn -0.116043 0.617624 -0.777865
vn -0.176427 0.655026 -0.734721
vn -0.568271 -0.674891 -0.470734
vn -0.613693 -0.656586 -0.438493
vn -0.176427 0.655026 -0.734721
vn -0.220847 0.676173 -0.702864
vn -0.394669 -0.707103 -0.586721
vn -0.396116 -0.707852 -0.584840
vn -0.393222 0.706356 -0.588590
vn -0.394669 0.707103 -0.586721
vn -0.396116 -0.707852 -0.584840
vn -0.403514 -0.709342 -0.577936
vn -0.385911 0.704622 -0.595467
vn -0.393222 0.706356 -0.588590
vn -0.422118 -0.710880 -0.562553
vn -0.449943 -0.708323 -0.543902
vn -0.340232 0.698937 -0.629071
vn -0.367692 0.701327 -0.610691
vn -0.403514 -0.709342 -0.577936
vn -0.422118 -0.710880 -0.562553
vn -0.367692 0.701327 -0.610691
vn -0.385911 0.704622 -0.595467
vn 0.394287 -0.707794 0.586144
vn 0.394490 -0.707427 0.586451
vn 0.394855 0.706792 0.586971
vn 0.395071 0.706419 0.587275
vn 0.394490 -0.707427 0.586451
vn 0.394648 -0.707140 0.586691
vn 0.394668 0.707112 0.586711
vn 0.394855 0.706792 0.586971
vn 0.394668 -0.707107 0.586718
vn 0.394669 -0.707102 0.586722
vn 0.394669 0.707102 0.586722
vn 0.394668 0.707107 0.586718
vn 0.394648 -0.707140 0.586691
vn 0.394668 -0.707107 0.586718
vn 0.394668 0.707107 0.586718
vn 0.394668 0.707112 0.586711
vn 0.407180 0.684170 0.605075
vn 0.018667 0.999448 0.027464
vn 0.021298 0.999281 0.031375
vn 0.408491 0.681596 0.607092
vn 0.158428 0.985213 -0.065238
vn 0.311835 0.935091 -0.168413
vn 0.321381 0.931853 -0.168416
vn 0.164276 0.984399 -0.063020
vn 0.048525 0.519308 -0.853209
vn 0.605118 0.708496 -0.363133
vn 0.604325 0.708624 -0.364202
vn 0.047590 0.518837 -0.853547
vn 0.475126 0.836755 -0.272206
vn 0.321882 0.931859 -0.167424
vn 0.321381 0.931853 -0.168416
vn 0.474626 0.836711 -0.273212
vn 0.380143 -0.732277 0.565032
vn -0.021873 -0.999242 -0.032192
vn -0.021315 -0.999280 -0.031397
vn 0.380422 -0.731739 0.565541
vn -0.164854 -0.984359 0.062140
vn -0.321992 -0.931808 0.167495
vn -0.321369 -0.931859 0.168405
vn -0.164271 -0.984401 0.063012
vn -0.800421 -0.496823 -0.335399
vn -0.590941 -0.721262 0.361343
vn -0.604441 -0.708629 0.364000
vn -0.807222 -0.483161 -0.339039
vn -0.462225 -0.844267 0.271220
vn -0.311836 -0.935091 0.168411
vn -0.321369 -0.931859 0.168405
vn -0.474625 -0.836711 0.273214
vn 0.408754 0.681024 0.607557
vn 0.380143 -0.732277 0.565032
vn 0.380422 -0.731739 0.565541
vn 0.408491 0.681596 0.607092
vn 0.032804 0.523575 -0.851348
vn -0.800421 -0.496823 -0.335399
vn -0.807222 -0.483161 -0.339039
vn 0.047590 0.518837 -0.853547
vn 0.732547 0.568252 -0.374787
vn 0.710045 0.587937 -0.387514
vn 0.864866 0.189638 -0.464805
vn 0.877339 0.175449 -0.446647
vn 0.777597 0.506848 -0.372086
vn 0.732547 0.568252 -0.374787
vn 0.877339 0.175449 -0.446647
vn 0.893334 0.132849 -0.429308
vn 0.891513 0.236247 -0.386512
vn 0.836124 0.397260 -0.378261
vn 0.908134 0.059664 -0.414407
vn 0.915364 -0.046366 -0.399948
vn 0.836124 0.397260 -0.378261
vn 0.777597 0.506848 -0.372086
vn 0.893334 0.132849 -0.429308
vn 0.908134 0.059664 -0.414407
vn 0.920664 0.053816 -0.386628
vn 0.891513 0.236247 -0.386512
vn 0.915364 -0.046366 -0.399948
vn 0.907218 -0.175333 -0.382379
vn 0.918664 -0.124716 -0.374837
vn 0.920664 0.053816 -0.386628
vn 0.907218 -0.175333 -0.382379
vn 0.877401 -0.320090 -0.357366
vn 0.807288 -0.505227 -0.305012
vn 0.884404 -0.309318 -0.349502
vn 0.814133 -0.485422 -0.318672
vn 0.699538 -0.666587 -0.257503
vn 0.884404 -0.309318 -0.349502
vn 0.918664 -0.124716 -0.374837
vn 0.877401 -0.320090 -0.357366
vn 0.814133 -0.485422 -0.318672
vn 0.687287 -0.685172 -0.241198
vn 0.807288 -0.505227 -0.305012
vn 0.699538 -0.666587 -0.257503
vn 0.541270 -0.821956 -0.177242
vn 0.543383 -0.822728 -0.166896
vn 0.687287 -0.685172 -0.241198
vn 0.541270 -0.821956 -0.177242
vn 0.373990 -0.922726 -0.093322
vn 0.222567 -0.974894 -0.006740
vn 0.386422 -0.918156 -0.087569
vn 0.213633 -0.976824 -0.013264
vn 0.065408 -0.996047 0.060098
vn 0.386422 -0.918156 -0.087569
vn 0.543383 -0.822728 -0.166896
vn 0.373990 -0.922726 -0.093322
vn 0.213633 -0.976824 -0.013264
vn 0.049313 -0.995900 0.075837
vn 0.222567 -0.974894 -0.006740
vn 0.065408 -0.996047 0.060098
vn -0.090088 -0.986845 0.134239
vn -0.140124 -0.976573 0.163312
vn 0.049313 -0.995900 0.075837
vn -0.090088 -0.986845 0.134239
vn -0.272942 -0.937112 0.217540
vn -0.546303 -0.764455 0.342288
vn -0.344389 -0.903580 0.254832
vn -0.474033 -0.825849 0.305396
vn -0.662278 -0.643554 0.383702
vn -0.344389 -0.903580 0.254832
vn -0.140124 -0.976573 0.163312
vn -0.272942 -0.937112 0.217540
vn -0.474033 -0.825849 0.305396
vn -0.697882 -0.589745 0.406401
vn -0.546303 -0.764455 0.342288
vn -0.662278 -0.643554 0.383702
vn -0.785158 -0.442769 0.432992
vn -0.789576 -0.422791 0.444767
vn -0.697882 -0.589745 0.406401
vn -0.785158 -0.442769 0.432992
vn -0.845489 -0.275650 0.457346
vn -0.878631 -0.065791 0.472948
vn -0.846901 -0.255011 0.466614
vn -0.875123 -0.123160 0.467965
vn -0.883897 0.041200 0.465863
vn -0.846901 -0.255011 0.466614
vn -0.789576 -0.422791 0.444767
vn -0.845489 -0.275650 0.457346
vn -0.875123 -0.123160 0.467965
vn -0.876978 0.139901 0.459715
vn -0.878631 -0.065791 0.472948
vn -0.883897 0.041200 0.465863
vn -0.866749 0.219586 0.447804
vn -0.838802 0.335897 0.428468
vn -0.876978 0.139901 0.459715
vn -0.866749 0.219586 0.447804
vn -0.821923 0.389305 0.415794
vn -0.680268 0.654779 0.329393
vn -0.770333 0.509379 0.383563
vn -0.757587 0.533979 0.375406
vn -0.686739 0.646056 0.333168
vn -0.770333 0.509379 0.383563
vn -0.838802 0.335897 0.428468
vn -0.821923 0.389305 0.415794
vn -0.757587 0.533979 0.375406
vn -0.566520 0.780719 0.263692
vn -0.550418 0.795012 0.254943
vn -0.680268 0.654779 0.329393
vn -0.686739 0.646056 0.333168
vn -0.378926 0.910838 0.163673
vn -0.381999 0.909266 0.165262
vn -0.550418 0.795012 0.254943
vn -0.566520 0.780719 0.263692
vn -0.106409 0.993792 0.032474
vn -0.131746 0.990266 0.044902
vn -0.234370 0.967779 0.092059
vn -0.213921 0.973412 0.081893
vn -0.213921 0.973412 0.081893
vn -0.234370 0.967779 0.092059
vn -0.381999 0.909266 0.165262
vn -0.378926 0.910838 0.163673
vn -0.000666 0.999999 -0.000961
vn -0.003739 0.999993 0.000764
vn -0.007960 0.999968 0.001033
vn -0.001661 0.999996 -0.002411
vn -0.000169 1.000000 -0.000240
vn -0.001461 0.999999 0.000503
vn -0.003739 0.999993 0.000764
vn -0.000666 0.999999 -0.000961
vn 0.000000 1.000000 0.000000
vn 0.000000 1.000000 0.000000
vn -0.000324 1.000000 0.000190
vn -0.000001 1.000000 0.000001
vn -0.000001 1.000000 0.000001
vn -0.000324 1.000000 0.000190
vn -0.001461 0.999999 0.000503
vn -0.000169 1.000000 -0.000240
vn 0.089253 0.994336 -0.057702
vn 0.061273 0.997315 -0.040116
vn 0.081669 0.995201 -0.053905
vn 0.118583 0.989912 -0.077535
vn 0.111854 0.991170 -0.071215
vn 0.089253 0.994336 -0.057702
vn 0.118583 0.989912 -0.077535
vn 0.148084 0.984331 -0.095722
vn 0.141145 0.986196 -0.086577
vn 0.129128 0.988331 -0.080793
vn 0.170369 0.979366 -0.108707
vn 0.185670 0.975656 -0.116716
vn 0.129128 0.988331 -0.080793
vn 0.111854 0.991170 -0.071215
vn 0.148084 0.984331 -0.095722
vn 0.170369 0.979366 -0.108707
vn 0.000000 1.000000 0.000000
vn 0.000000 1.000000 0.000000
vn 0.000000 1.000000 0.000000
vn 0.000000 1.000000 0.000000
vn 0.000000 1.000000 0.000000
vn 0.000000 1.000000 0.000000
vn 0.000000 1.000000 0.000000
vn 0.000000 1.000000 0.000000
vn 0.000000 1.000000 0.000000
vn 0.000000 1.000000 0.000000
vn 0.000000 1.000000 0.000000
vn 0.000000 1.000000 0.000000
vn 0.000000 1.000000 0.000000
vn 0.000000 1.000000 0.000000
vn 0.000000 1.000000 0.000000
vn 0.000000 1.000000 0.000000
vn 0.000000 1.000000 0.000000
vn 0.000000 1.000000 0.000000
vn 0.000000 1.000000 0.000000
vn 0.000000 1.000000 0.000000
vn 0.000000 1.000000 0.000000
vn 0.000000 1.000000 0.000000
vn 0.000000 1.000000 0.000000
vn 0.000000 1.000000 0.000000
vn 0.000000 1.000000 0.000000
vn 0.000000 1.000000 0.000000
vn 0.000000 1.000000 0.000000
vn 0.000000 1.000000 0.000000
vn 0.000000 1.000000 0.000000
vn 0.000000 1.000000 0.000000
vn 0.000000 1.000000 0.000000
vn 0.000000 1.000000 0.000000
vn -0.047022 0.998860 0.008218
vn -0.069427 0.997400 0.019334
vn -0.131746 0.990266 0.044902
vn -0.106409 0.993792 0.032474
vn -0.019073 0.999818 -0.000913
vn -0.035407 0.999345 0.007419
vn -0.069427 0.997400 0.019334
vn -0.047022 0.998860 0.008218
vn -0.001661 0.999996 -0.002411
vn -0.007960 0.999968 0.001033
vn -0.017053 0.999852 0.002433
vn -0.006177 0.999976 -0.003314
vn -0.006177 0.999976 -0.003314
vn -0.017053 0.999852 0.002433
vn -0.035407 0.999345 0.007419
vn -0.019073 0.999818 -0.000913
vn 0.378880 0.896750 -0.228669
vn 0.309205 0.932415 -0.187069
vn 0.406847 0.877537 -0.253779
vn 0.494137 0.813035 -0.307901
vn 0.430148 0.865457 -0.256822
vn 0.378880 0.896750 -0.228669
vn 0.494137 0.813035 -0.307901
vn 0.554711 0.758024 -0.343068
vn 0.474626 0.836711 -0.273212
vn 0.462237 0.844259 -0.271227
vn 0.590628 0.721825 -0.360732
vn 0.603923 0.709208 -0.363733
vn 0.462237 0.844259 -0.271227
vn 0.430148 0.865457 -0.256822
vn 0.554711 0.758024 -0.343068
vn 0.590628 0.721825 -0.360732
vn 0.158050 0.982799 -0.095530
vn 0.141145 0.986196 -0.086577
vn 0.185670 0.975656 -0.116716
vn 0.207699 0.969626 -0.129174
vn 0.190622 0.974940 -0.114698
vn 0.158050 0.982799 -0.095530
vn 0.207699 0.969626 -0.129174
vn 0.250923 0.955420 -0.155599
vn 0.309205 0.932415 -0.187069
vn 0.240397 0.959802 -0.144877
vn 0.316998 0.927743 -0.196992
vn 0.406847 0.877537 -0.253779
vn 0.240397 0.959802 -0.144877
vn 0.190622 0.974940 -0.114698
vn 0.250923 0.955420 -0.155599
vn 0.316998 0.927743 -0.196992
vn 0.002011 0.999997 -0.001355
vn 0.000000 1.000000 0.000000
vn 0.000000 1.000000 0.000000
vn 0.002630 0.999995 -0.001773
vn 0.010859 0.999915 -0.007209
vn 0.002011 0.999997 -0.001355
vn 0.002630 0.999995 -0.001773
vn 0.014323 0.999852 -0.009553
vn 0.061273 0.997315 -0.040116
vn 0.031815 0.999273 -0.020995
vn 0.042361 0.998706 -0.028128
vn 0.081669 0.995201 -0.053905
vn 0.031815 0.999273 -0.020995
vn 0.010859 0.999915 -0.007209
vn 0.014323 0.999852 -0.009553
vn 0.042361 0.998706 -0.028128
vn -0.877414 -0.173629 0.447212
vn -0.865081 -0.187749 0.465173
vn -0.864787 -0.189618 0.464961
vn -0.877278 -0.175444 0.446769
vn -0.893456 -0.131131 0.429583
vn -0.877414 -0.173629 0.447212
vn -0.877278 -0.175444 0.446769
vn -0.893268 -0.132846 0.429447
vn -0.915335 0.047679 0.399861
vn -0.908179 -0.058116 0.414528
vn -0.908087 -0.059657 0.414510
vn -0.915336 0.046371 0.400013
vn -0.908179 -0.058116 0.414528
vn -0.893456 -0.131131 0.429583
vn -0.893268 -0.132846 0.429447
vn -0.908087 -0.059657 0.414510
vn -0.907119 0.176438 0.382106
vn -0.915335 0.047679 0.399861
vn -0.915336 0.046371 0.400013
vn -0.907209 0.175348 0.382395
vn -0.877367 0.320141 0.357402
vn -0.876947 0.321131 0.357546
vn -0.907119 0.176438 0.382106
vn -0.907209 0.175348 0.382395
vn -0.699462 0.666651 0.257546
vn -0.698867 0.667426 0.257153
vn -0.813611 0.486401 0.318515
vn -0.814088 0.485510 0.318653
vn -0.814088 0.485510 0.318653
vn -0.813611 0.486401 0.318515
vn -0.876947 0.321131 0.357546
vn -0.877367 0.320141 0.357402
vn -0.541258 0.821961 0.177255
vn -0.540295 0.822640 0.177042
vn -0.698867 0.667426 0.257153
vn -0.699462 0.666651 0.257546
vn -0.373973 0.922730 0.093345
vn -0.372962 0.923175 0.092993
vn -0.540295 0.822640 0.177042
vn -0.541258 0.821961 0.177255
vn -0.065346 0.996051 -0.060099
vn -0.064497 0.996084 -0.060466
vn -0.212704 0.977032 0.012845
vn -0.213605 0.976830 0.013289
vn -0.213605 0.976830 0.013289
vn -0.212704 0.977032 0.012845
vn -0.372962 0.923175 0.092993
vn -0.373973 0.922730 0.093345
vn 0.090206 0.986830 -0.134273
vn 0.090948 0.986722 -0.134568
vn -0.064497 0.996084 -0.060466
vn -0.065346 0.996051 -0.060099
vn 0.273091 0.937055 -0.217600
vn 0.273801 0.936789 -0.217851
vn 0.090948 0.986722 -0.134568
vn 0.090206 0.986830 -0.134273
vn 0.662320 0.643529 -0.383670
vn 0.662877 0.642847 -0.383851
vn 0.474914 0.825289 -0.305540
vn 0.474171 0.825753 -0.305439
vn 0.474171 0.825753 -0.305439
vn 0.474914 0.825289 -0.305540
vn 0.273801 0.936789 -0.217851
vn 0.273091 0.937055 -0.217600
vn 0.785155 0.442823 -0.432943
vn 0.785561 0.442038 -0.433009
vn 0.662877 0.642847 -0.383851
vn 0.662320 0.643529 -0.383670
vn 0.845497 0.275665 -0.457322
vn 0.845567 0.274909 -0.457648
vn 0.785561 0.442038 -0.433009
vn 0.785155 0.442823 -0.432943
vn 0.883906 -0.041233 -0.465843
vn 0.883992 -0.041780 -0.465631
vn 0.875337 0.122464 -0.467748
vn 0.875111 0.123137 -0.467993
vn 0.875111 0.123137 -0.467993
vn 0.875337 0.122464 -0.467748
vn 0.845567 0.274909 -0.457648
vn 0.845497 0.275665 -0.457322
vn 0.866757 -0.219589 -0.447788
vn 0.866760 -0.220006 -0.447576
vn 0.883992 -0.041780 -0.465631
vn 0.883906 -0.041233 -0.465843
vn 0.821939 -0.389282 -0.415783
vn 0.821765 -0.389570 -0.415857
vn 0.866760 -0.220006 -0.447576
vn 0.866757 -0.219589 -0.447788
vn 0.686679 -0.646077 -0.333251
vn 0.757426 -0.534088 -0.375574
vn 0.757603 -0.533948 -0.375417
vn 0.686697 -0.646122 -0.333127
vn 0.757426 -0.534088 -0.375574
vn 0.821765 -0.389570 -0.415857
vn 0.821939 -0.389282 -0.415783
vn 0.757603 -0.533948 -0.375417
vn 0.566562 -0.780678 -0.263722
vn 0.686679 -0.646077 -0.333251
vn 0.686697 -0.646122 -0.333127
vn 0.566477 -0.780753 -0.263681
vn 0.379046 -0.910797 -0.163624
vn 0.566562 -0.780678 -0.263722
vn 0.566477 -0.780753 -0.263681
vn 0.379015 -0.910792 -0.163726
vn 0.106297 -0.993804 -0.032477
vn 0.213891 -0.973418 -0.081899
vn 0.213992 -0.973393 -0.081933
vn 0.106430 -0.993789 -0.032485
vn 0.213891 -0.973418 -0.081899
vn 0.379046 -0.910797 -0.163624
vn 0.379015 -0.910792 -0.163726
vn 0.213992 -0.973393 -0.081933
vn 0.000655 -0.999999 0.000971
vn 0.001626 -0.999996 0.002413
vn 0.001661 -0.999996 0.002411
vn 0.000666 -0.999999 0.000961
vn 0.000158 -1.000000 0.000234
vn 0.000655 -0.999999 0.000971
vn 0.000666 -0.999999 0.000961
vn 0.000169 -1.000000 0.000239
vn 0.000000 -1.000000 0.000000
vn 0.000000 -1.000000 0.000000
vn 0.000001 -1.000000 -0.000001
vn 0.000000 -1.000000 0.000000
vn 0.000000 -1.000000 0.000000
vn 0.000158 -1.000000 0.000234
vn 0.000169 -1.000000 0.000239
vn 0.000001 -1.000000 -0.000001
vn -0.118680 -0.989892 0.077652
vn -0.081729 -0.995191 0.053996
vn -0.081663 -0.995201 0.053909
vn -0.118577 -0.989913 0.077534
vn -0.148284 -0.984297 0.095765
vn -0.118680 -0.989892 0.077652
vn -0.118577 -0.989913 0.077534
vn -0.148076 -0.984333 0.095723
vn -0.185935 -0.975601 0.116749
vn -0.170565 -0.979321 0.108804
vn -0.170375 -0.979366 0.108696
vn -0.185665 -0.975655 0.116729
vn -0.170565 -0.979321 0.108804
vn -0.148284 -0.984297 0.095765
vn -0.148076 -0.984333 0.095723
vn -0.170375 -0.979366 0.108696
vn 0.000000 -1.000000 0.000000
vn 0.000000 -1.000000 0.000000
vn 0.000000 -1.000000 0.000000
vn 0.000000 -1.000000 0.000000
vn 0.000000 -1.000000 0.000000
vn 0.000000 -1.000000 0.000000
vn 0.000000 -1.000000 0.000000
vn 0.000000 -1.000000 0.000000
vn 0.000000 -1.000000 0.000000
vn 0.000000 -1.000000 0.000000
vn 0.000000 -1.000000 0.000000
vn 0.000000 -1.000000 0.000000
vn 0.000000 -1.000000 0.000000
vn 0.000000 -1.000000 0.000000
vn 0.000000 -1.000000 0.000000
vn 0.000000 -1.000000 0.000000
vn 0.000000 -1.000000 0.000000
vn 0.000000 -1.000000 0.000000
vn 0.000000 -1.000000 0.000000
vn 0.000000 -1.000000 0.000000
vn 0.000000 -1.000000 0.000000
vn 0.000000 -1.000000 0.000000
vn 0.000000 -1.000000 0.000000
vn 0.000000 -1.000000 0.000000
vn 0.000000 -1.000000 0.000000
vn 0.000000 -1.000000 0.000000
vn 0.000000 -1.000000 0.000000
vn 0.000000 -1.000000 0.000000
vn 0.000000 -1.000000 0.000000
vn 0.000000 -1.000000 0.000000
vn 0.000000 -1.000000 0.000000
vn 0.000000 -1.000000 0.000000
vn 0.046935 -0.998865 -0.008169
vn 0.106297 -0.993804 -0.032477
vn 0.106430 -0.993789 -0.032485
vn 0.047029 -0.998860 -0.008219
vn 0.018991 -0.999819 0.000925
vn 0.046935 -0.998865 -0.008169
vn 0.047029 -0.998860 -0.008219
vn 0.019075 -0.999818 0.000915
vn 0.001626 -0.999996 0.002413
vn 0.006137 -0.999976 0.003346
vn 0.006175 -0.999976 0.003311
vn 0.001661 -0.999996 0.002411
vn 0.006137 -0.999976 0.003346
vn 0.018991 -0.999819 0.000925
vn 0.019075 -0.999818 0.000915
vn 0.006175 -0.999976 0.003311
vn -0.494583 -0.812649 0.308202
vn -0.407432 -0.877246 0.253849
vn -0.406829 -0.877539 0.253802
vn -0.494097 -0.813062 0.307894
vn -0.555098 -0.757529 0.343534
vn -0.494583 -0.812649 0.308202
vn -0.494097 -0.813062 0.307894
vn -0.554672 -0.758045 0.343084
vn -0.836869 -0.003164 0.547394
vn -0.604942 -0.708815 0.362804
vn -0.604500 -0.709177 0.362833
vn -0.836657 -0.003549 0.547715
vn -0.590941 -0.721262 0.361343
vn -0.555098 -0.757529 0.343534
vn -0.554672 -0.758045 0.343084
vn -0.590619 -0.721832 0.360733
vn -0.207951 -0.969556 0.129294
vn -0.185935 -0.975601 0.116749
vn -0.185665 -0.975655 0.116729
vn -0.207709 -0.969624 0.129179
vn -0.251102 -0.955322 0.155910
vn -0.207951 -0.969556 0.129294
vn -0.207709 -0.969624 0.129179
vn -0.250936 -0.955414 0.155615
vn -0.407432 -0.877246 0.253849
vn -0.317472 -0.927562 0.197078
vn -0.317024 -0.927729 0.197016
vn -0.406829 -0.877539 0.253802
vn -0.317472 -0.927562 0.197078
vn -0.251102 -0.955322 0.155910
vn -0.250936 -0.955414 0.155615
vn -0.317024 -0.927729 0.197016
vn -0.002633 -0.999995 0.001776
vn 0.000000 -1.000000 0.000000
vn 0.000000 -1.000000 0.000000
vn -0.002631 -0.999995 0.001774
vn -0.014338 -0.999851 0.009572
vn -0.002633 -0.999995 0.001776
vn -0.002631 -0.999995 0.001774
vn -0.014328 -0.999852 0.009555
vn -0.081729 -0.995191 0.053996
vn -0.042441 -0.998703 0.028119
vn -0.042362 -0.998706 0.028134
vn -0.081663 -0.995201 0.053909
vn -0.042441 -0.998703 0.028119
vn -0.014338 -0.999851 0.009572
vn -0.014328 -0.999852 0.009555
vn -0.042362 -0.998706 0.028134
vn 0.871656 -0.152745 -0.465709
vn -0.128795 -0.988173 0.083221
vn -0.483192 -0.832376 0.271432
vn 0.736879 -0.553995 -0.387426
vn 0.018903 0.999244 0.033981
vn -0.836869 -0.003164 0.547394
vn -0.836657 -0.003549 0.547715
vn 0.018356 0.999242 0.034328
vn -0.150385 0.978112 0.143809
vn 0.475126 0.836755 -0.272206
vn 0.604588 0.709057 -0.362921
vn 0.018356 0.999242 0.034328
vn -0.462225 -0.844267 0.271220
vn -0.474625 -0.836711 0.273214
vn -0.603843 -0.709262 0.363759
vn -0.590619 -0.721832 0.360733
vn 0.877560 0.173630 -0.446923
vn 0.877339 0.175449 -0.446647
vn 0.864866 0.189638 -0.464805
vn 0.865090 0.187771 -0.465147
vn 0.893334 0.132849 -0.429308
vn 0.877339 0.175449 -0.446647
vn 0.877560 0.173630 -0.446923
vn 0.893409 0.131140 -0.429677
vn 0.915364 -0.046366 -0.399948
vn 0.908134 0.059664 -0.414407
vn 0.908198 0.058128 -0.414485
vn 0.915347 -0.047670 -0.399834
vn 0.908134 0.059664 -0.414407
vn 0.893334 0.132849 -0.429308
vn 0.893409 0.131140 -0.429677
vn 0.908198 0.058128 -0.414485
vn 0.907218 -0.175333 -0.382379
vn 0.915364 -0.046366 -0.399948
vn 0.915347 -0.047670 -0.399834
vn 0.907069 -0.176429 -0.382230
vn 0.877401 -0.320090 -0.357366
vn 0.907218 -0.175333 -0.382379
vn 0.907069 -0.176429 -0.382230
vn 0.877034 -0.321068 -0.357388
vn 0.699538 -0.666587 -0.257503
vn 0.814133 -0.485422 -0.318672
vn 0.813778 -0.486278 -0.318274
vn 0.698853 -0.667398 -0.257264
vn 0.814133 -0.485422 -0.318672
vn 0.877401 -0.320090 -0.357366
vn 0.877034 -0.321068 -0.357388
vn 0.813778 -0.486278 -0.318274
vn 0.541270 -0.821956 -0.177242
vn 0.699538 -0.666587 -0.257503
vn 0.698853 -0.667398 -0.257264
vn 0.540362 -0.822616 -0.176952
vn 0.373990 -0.922726 -0.093322
vn 0.541270 -0.821956 -0.177242
vn 0.540362 -0.822616 -0.176952
vn 0.373047 -0.923151 -0.092889
vn 0.065408 -0.996047 0.060098
vn 0.213633 -0.976824 -0.013264
vn 0.212674 -0.977039 -0.012863
vn 0.064544 -0.996083 0.060445
vn 0.213633 -0.976824 -0.013264
vn 0.373990 -0.922726 -0.093322
vn 0.373047 -0.923151 -0.092889
vn 0.212674 -0.977039 -0.012863
vn -0.090088 -0.986845 0.134239
vn 0.065408 -0.996047 0.060098
vn 0.064544 -0.996083 0.060445
vn -0.090829 -0.986734 0.134556
vn -0.272942 -0.937112 0.217540
vn -0.090088 -0.986845 0.134239
vn -0.090829 -0.986734 0.134556
vn -0.273628 -0.936838 0.217858
vn -0.662278 -0.643554 0.383702
vn -0.474033 -0.825849 0.305396
vn -0.474769 -0.825380 0.305521
vn -0.662833 -0.642865 0.383897
vn -0.474033 -0.825849 0.305396
vn -0.272942 -0.937112 0.217540
vn -0.273628 -0.936838 0.217858
vn -0.474769 -0.825380 0.305521
vn -0.785158 -0.442769 0.432992
vn -0.662278 -0.643554 0.383702
vn -0.662833 -0.642865 0.383897
vn -0.785601 -0.441985 0.432991
vn -0.845489 -0.275650 0.457346
vn -0.785158 -0.442769 0.432992
vn -0.785601 -0.441985 0.432991
vn -0.845660 -0.274894 0.457485
vn -0.883897 0.041200 0.465863
vn -0.875123 -0.123160 0.467965
vn -0.874981 -0.122492 0.468407
vn -0.883826 0.041750 0.465950
vn -0.875123 -0.123160 0.467965
vn -0.845489 -0.275650 0.457346
vn -0.845660 -0.274894 0.457485
vn -0.874981 -0.122492 0.468407
vn -0.866749 0.219586 0.447804
vn -0.883897 0.041200 0.465863
vn -0.883826 0.041750 0.465950
vn -0.866600 0.220007 0.447885
vn -0.821923 0.389305 0.415794
vn -0.866749 0.219586 0.447804
vn -0.866600 0.220007 0.447885
vn -0.821947 0.389583 0.415485
vn -0.686774 0.646008 0.333189
vn -0.686739 0.646056 0.333168
vn -0.757587 0.533979 0.375406
vn -0.757398 0.534121 0.375583
vn -0.757587 0.533979 0.375406
vn -0.821923 0.389305 0.415794
vn -0.821947 0.389583 0.415485
vn -0.757398 0.534121 0.375583
vn -0.566538 0.780640 0.263887
vn -0.566520 0.780719 0.263692
vn -0.686739 0.646056 0.333168
vn -0.686774 0.646008 0.333189
vn -0.378857 0.910846 0.163791
vn -0.378926 0.910838 0.163673
vn -0.566520 0.780719 0.263692
vn -0.566538 0.780640 0.263887
vn -0.106290 0.993807 0.032420
vn -0.106409 0.993792 0.032474
vn -0.213921 0.973412 0.081893
vn -0.213833 0.973437 0.081833
vn -0.213833 0.973437 0.081833
vn -0.213921 0.973412 0.081893
vn -0.378926 0.910838 0.163673
vn -0.378857 0.910846 0.163791
vn -0.000666 0.999999 -0.000961
vn -0.001661 0.999996 -0.002411
vn -0.001626 0.999996 -0.002413
vn -0.000655 0.999999 -0.000971
vn -0.000169 1.000000 -0.000240
vn -0.000666 0.999999 -0.000961
vn -0.000655 0.999999 -0.000971
vn -0.000133 1.000000 -0.000197
vn 0.000000 1.000000 0.000000
vn -0.000001 1.000000 0.000001
vn 0.000000 1.000000 0.000000
vn 0.000000 1.000000 0.000000
vn -0.000001 1.000000 0.000001
vn -0.000169 1.000000 -0.000240
vn -0.000133 1.000000 -0.000197
vn 0.000000 1.000000 0.000000
vn 0.118583 0.989912 -0.077535
vn 0.081669 0.995201 -0.053905
vn 0.081733 0.995191 -0.053992
vn 0.118659 0.989891 -0.077687
vn 0.148084 0.984331 -0.095722
vn 0.118583 0.989912 -0.077535
vn 0.118659 0.989891 -0.077687
vn 0.148276 0.984297 -0.095784
vn 0.185670 0.975656 -0.116716
vn 0.170369 0.979366 -0.108707
vn 0.170595 0.979320 -0.108766
vn 0.185878 0.975603 -0.116828
vn 0.170369 0.979366 -0.108707
vn 0.148084 0.984331 -0.095722
vn 0.148276 0.984297 -0.095784
vn 0.170595 0.979320 -0.108766
vn 0.000000 1.000000 0.000000
vn 0.000000 1.000000 0.000000
vn 0.000000 1.000000 0.000000
vn 0.000000 1.000000 0.000000
vn 0.000000 1.000000 0.000000
vn 0.000000 1.000000 0.000000
vn 0.000000 1.000000 0.000000
vn 0.000000 1.000000 0.000000
vn 0.000000 1.000000 0.000000
vn 0.000000 1.000000 0.000000
vn 0.000000 1.000000 0.000000
vn 0.000000 1.000000 0.000000
vn 0.000000 1.000000 0.000000
vn 0.000000 1.000000 0.000000
vn 0.000000 1.000000 0.000000
vn 0.000000 1.000000 0.000000
vn 0.000000 1.000000 0.000000
vn 0.000000 1.000000 0.000000
vn 0.000000 1.000000 0.000000
vn 0.000000 1.000000 0.000000
vn 0.000000 1.000000 0.000000
vn 0.000000 1.000000 0.000000
vn 0.000000 1.000000 0.000000
vn 0.000000 1.000000 0.000000
vn 0.000000 1.000000 0.000000
vn 0.000000 1.000000 0.000000
vn 0.000000 1.000000 0.000000
vn 0.000000 1.000000 0.000000
vn 0.000000 1.000000 0.000000
vn 0.000000 1.000000 0.000000
vn 0.000000 1.000000 0.000000
vn 0.000000 1.000000 0.000000
vn -0.046951 0.998864 0.008141
vn -0.047022 0.998860 0.008218
vn -0.106409 0.993792 0.032474
vn -0.106290 0.993807 0.032420
vn -0.018988 0.999819 -0.000926
vn -0.019073 0.999818 -0.000913
vn -0.047022 0.998860 0.008218
vn -0.046951 0.998864 0.008141
vn -0.001661 0.999996 -0.002411
vn -0.006177 0.999976 -0.003314
vn -0.006115 0.999976 -0.003314
vn -0.001626 0.999996 -0.002413
vn -0.006177 0.999976 -0.003314
vn -0.019073 0.999818 -0.000913
vn -0.018988 0.999819 -0.000926
vn -0.006115 0.999976 -0.003314
vn 0.494137 0.813035 -0.307901
vn 0.406847 0.877537 -0.253779
vn 0.407234 0.877265 -0.254100
vn 0.494595 0.812626 -0.308246
vn 0.554711 0.758024 -0.343068
vn 0.494137 0.813035 -0.307901
vn 0.494595 0.812626 -0.308246
vn 0.554941 0.757522 -0.343802
vn 0.603923 0.709208 -0.363733
vn 0.590628 0.721825 -0.360732
vn 0.591233 0.721235 -0.360920
vn 0.604325 0.708624 -0.364202
vn 0.590628 0.721825 -0.360732
vn 0.554711 0.758024 -0.343068
vn 0.554941 0.757522 -0.343802
vn 0.591233 0.721235 -0.360920
vn 0.207699 0.969626 -0.129174
vn 0.185670 0.975656 -0.116716
vn 0.185878 0.975603 -0.116828
vn 0.207905 0.969561 -0.129331
vn 0.250923 0.955420 -0.155599
vn 0.207699 0.969626 -0.129174
vn 0.207905 0.969561 -0.129331
vn 0.251118 0.955326 -0.155860
vn 0.406847 0.877537 -0.253779
vn 0.316998 0.927743 -0.196992
vn 0.317374 0.927581 -0.197150
vn 0.407234 0.877265 -0.254100
vn 0.316998 0.927743 -0.196992
vn 0.250923 0.955420 -0.155599
vn 0.251118 0.955326 -0.155860
vn 0.317374 0.927581 -0.197150
vn 0.002630 0.999995 -0.001773
vn 0.000000 1.000000 0.000000
vn 0.000000 1.000000 0.000000
vn 0.002632 0.999995 -0.001776
vn 0.014323 0.999852 -0.009553
vn 0.002630 0.999995 -0.001773
vn 0.002632 0.999995 -0.001776
vn 0.014338 0.999851 -0.009569
vn 0.081669 0.995201 -0.053905
vn 0.042361 0.998706 -0.028128
vn 0.042407 0.998704 -0.028157
vn 0.081733 0.995191 -0.053992
vn 0.042361 0.998706 -0.028128
vn 0.014323 0.999852 -0.009553
vn 0.014338 0.999851 -0.009569
vn 0.042407 0.998704 -0.028157
vn 0.735896 -0.555747 -0.386784
vn 0.736879 -0.553995 -0.387426
vn -0.483192 -0.832376 0.271432
vn -0.484107 -0.831639 0.272061
vn 0.018356 0.999242 0.034328
vn 0.604588 0.709057 -0.362921
vn 0.605118 0.708496 -0.363133
vn 0.018903 0.999244 0.033981
vn -0.590941 -0.721262 0.361343
vn -0.590619 -0.721832 0.360733
vn -0.603843 -0.709262 0.363759
vn -0.604441 -0.708629 0.364000
vn -0.943660 -0.108114 -0.312757
vn -0.945704 -0.118193 -0.302779
vn -0.865081 -0.187749 0.465173
vn -0.877414 -0.173629 0.447212
vn -0.941463 -0.080073 -0.327468
vn -0.943660 -0.108114 -0.312757
vn -0.877414 -0.173629 0.447212
vn -0.893456 -0.131131 0.429583
vn -0.937369 0.028948 -0.347133
vn -0.940307 -0.034803 -0.338543
vn -0.908179 -0.058116 0.414528
vn -0.915335 0.047679 0.399861
vn -0.940307 -0.034803 -0.338543
vn -0.941463 -0.080073 -0.327468
vn -0.893456 -0.131131 0.429583
vn -0.908179 -0.058116 0.414528
vn -0.927486 0.105364 -0.358703
vn -0.937369 0.028948 -0.347133
vn -0.915335 0.047679 0.399861
vn -0.907119 0.176438 0.382106
vn -0.908850 0.192206 -0.370200
vn -0.927486 0.105364 -0.358703
vn -0.907119 0.176438 0.382106
vn -0.876947 0.321131 0.357546
vn -0.809350 0.415613 -0.414991
vn -0.873573 0.295134 -0.386997
vn -0.813611 0.486401 0.318515
vn -0.698867 0.667426 0.257153
vn -0.873573 0.295134 -0.386997
vn -0.908850 0.192206 -0.370200
vn -0.876947 0.321131 0.357546
vn -0.813611 0.486401 0.318515
vn -0.717188 0.520388 -0.463506
vn -0.809350 0.415613 -0.414991
vn -0.698867 0.667426 0.257153
vn -0.540295 0.822640 0.177042
vn -0.617054 0.593544 -0.516672
vn -0.717188 0.520388 -0.463506
vn -0.540295 0.822640 0.177042
vn -0.372962 0.923175 0.092993
vn -0.422896 0.662822 -0.617921
vn -0.517955 0.638764 -0.568950
vn -0.212704 0.977032 0.012845
vn -0.064497 0.996084 -0.060466
vn -0.517955 0.638764 -0.568950
vn -0.617054 0.593544 -0.516672
vn -0.372962 0.923175 0.092993
vn -0.212704 0.977032 0.012845
vn -0.313899 0.675663 -0.667044
vn -0.422896 0.662822 -0.617921
vn -0.064497 0.996084 -0.060466
vn 0.090948 0.986722 -0.134568
vn -0.177496 0.663703 -0.726631
vn -0.313899 0.675663 -0.667044
vn 0.090948 0.986722 -0.134568
vn 0.273801 0.936789 -0.217851
vn 0.136432 0.485569 -0.863487
vn -0.018465 0.605610 -0.795548
vn 0.474914 0.825289 -0.305540
vn 0.662877 0.642847 -0.383851
vn -0.018465 0.605610 -0.795548
vn -0.177496 0.663703 -0.726631
vn 0.273801 0.936789 -0.217851
vn 0.474914 0.825289 -0.305540
vn 0.229789 0.338504 -0.912476
vn 0.136432 0.485569 -0.863487
vn 0.662877 0.642847 -0.383851
vn 0.785561 0.442038 -0.433009
vn 0.276898 0.211404 -0.937356
vn 0.229789 0.338504 -0.912476
vn 0.785561 0.442038 -0.433009
vn 0.845567 0.274909 -0.457648
vn 0.317047 -0.036528 -0.947706
vn 0.303508 0.093193 -0.948260
vn 0.875337 0.122464 -0.467748
vn 0.883992 -0.041780 -0.465631
vn 0.303508 0.093193 -0.948260
vn 0.276898 0.211404 -0.937356
vn 0.845567 0.274909 -0.457648
vn 0.875337 0.122464 -0.467748
vn 0.306906 -0.178384 -0.934873
vn 0.317047 -0.036528 -0.947706
vn 0.883992 -0.041780 -0.465631
vn 0.866760 -0.220006 -0.447576
vn 0.270835 -0.313091 -0.910287
vn 0.306906 -0.178384 -0.934873
vn 0.866760 -0.220006 -0.447576
vn 0.821765 -0.389570 -0.415857
vn 0.156111 -0.512152 -0.844589
vn 0.216476 -0.426299 -0.878298
vn 0.757426 -0.534088 -0.375574
vn 0.686679 -0.646077 -0.333251
vn 0.216476 -0.426299 -0.878298
vn 0.270835 -0.313091 -0.910287
vn 0.821765 -0.389570 -0.415857
vn 0.757426 -0.534088 -0.375574
vn 0.073275 -0.620619 -0.780681
vn 0.156111 -0.512152 -0.844589
vn 0.686679 -0.646077 -0.333251
vn 0.566562 -0.780678 -0.263722
vn -0.081369 -0.710009 -0.699476
vn 0.073275 -0.620619 -0.780681
vn 0.566562 -0.780678 -0.263722
vn 0.379046 -0.910797 -0.163624
vn -0.309037 -0.733874 -0.604917
vn -0.220644 -0.736981 -0.638886
vn 0.213891 -0.973418 -0.081899
vn 0.106297 -0.993804 -0.032477
vn -0.220644 -0.736981 -0.638886
vn -0.081369 -0.710009 -0.699476
vn 0.379046 -0.910797 -0.163624
vn 0.213891 -0.973418 -0.081899
vn -0.394238 -0.707874 -0.586081
vn -0.393626 -0.708967 -0.585170
vn 0.001626 -0.999996 0.002413
vn 0.000655 -0.999999 0.000971
vn -0.394601 -0.707225 -0.586620
vn -0.394238 -0.707874 -0.586081
vn 0.000655 -0.999999 0.000971
vn 0.000158 -1.000000 0.000234
vn -0.394645 -0.707146 -0.586685
vn -0.394646 -0.707145 -0.586686
vn 0.000000 -1.000000 0.000000
vn 0.000000 -1.000000 0.000000
vn -0.394646 -0.707145 -0.586686
vn -0.394601 -0.707225 -0.586620
vn 0.000158 -1.000000 0.000234
vn 0.000000 -1.000000 0.000000
vn -0.476614 -0.702842 -0.528064
vn -0.449943 -0.708323 -0.543902
vn -0.081729 -0.995191 0.053996
vn -0.118680 -0.989892 0.077652
vn -0.497923 -0.696749 -0.516347
vn -0.476614 -0.702842 -0.528064
vn -0.118680 -0.989892 0.077652
vn -0.148284 -0.984297 0.095765
vn -0.524832 -0.686217 -0.503644
vn -0.513889 -0.691143 -0.508173
vn -0.170565 -0.979321 0.108804
vn -0.185935 -0.975601 0.116749
vn -0.513889 -0.691143 -0.508173
vn -0.497923 -0.696749 -0.516347
vn -0.148284 -0.984297 0.095765
vn -0.170565 -0.979321 0.108804
vn -0.394667 -0.707106 -0.586718
vn -0.394667 -0.707107 -0.586718
vn 0.000000 -1.000000 0.000000
vn 0.000000 -1.000000 0.000000
vn -0.394667 -0.707107 -0.586718
vn -0.394667 -0.707106 -0.586718
vn 0.000000 -1.000000 0.000000
vn 0.000000 -1.000000 0.000000
vn -0.394669 -0.707103 -0.586721
vn -0.394667 -0.707108 -0.586717
vn 0.000000 -1.000000 0.000000
vn 0.000000 -1.000000 0.000000
vn -0.394667 -0.707108 -0.586717
vn -0.394667 -0.707107 -0.586718
vn 0.000000 -1.000000 0.000000
vn 0.000000 -1.000000 0.000000
vn -0.394667 -0.707106 -0.586718
vn -0.394645 -0.707146 -0.586685
vn 0.000000 -1.000000 0.000000
vn 0.000000 -1.000000 0.000000
vn -0.394667 -0.707107 -0.586718
vn -0.394667 -0.707106 -0.586718
vn 0.000000 -1.000000 0.000000
vn 0.000000 -1.000000 0.000000
vn -0.394667 -0.707107 -0.586718
vn -0.394667 -0.707107 -0.586718
vn 0.000000 -1.000000 0.000000
vn 0.000000 -1.000000 0.000000
vn -0.394667 -0.707107 -0.586718
vn -0.394667 -0.707107 -0.586718
vn 0.000000 -1.000000 0.000000
vn 0.000000 -1.000000 0.000000
vn -0.357617 -0.723727 -0.590195
vn -0.309037 -0.733874 -0.604917
vn 0.106297 -0.993804 -0.032477
vn 0.046935 -0.998865 -0.008169
vn -0.379832 -0.716524 -0.585082
vn -0.357617 -0.723727 -0.590195
vn 0.046935 -0.998865 -0.008169
vn 0.018991 -0.999819 0.000925
vn -0.393626 -0.708967 -0.585170
vn -0.389964 -0.711858 -0.584111
vn 0.006137 -0.999976 0.003346
vn 0.001626 -0.999996 0.002413
vn -0.389964 -0.711858 -0.584111
vn -0.379832 -0.716524 -0.585082
vn 0.018991 -0.999819 0.000925
vn 0.006137 -0.999976 0.003346
vn -0.736882 -0.571814 -0.360601
vn -0.675944 -0.622428 -0.394567
vn -0.407432 -0.877246 0.253849
vn -0.494583 -0.812649 0.308202
vn -0.777780 -0.527653 -0.341528
vn -0.736882 -0.571814 -0.360601
vn -0.494583 -0.812649 0.308202
vn -0.555098 -0.757529 0.343534
vn -0.807032 -0.482735 -0.340099
vn -0.604942 -0.708815 0.362804
vn -0.836869 -0.003164 0.547394
vn -0.998918 0.017486 -0.043087
vn -0.800421 -0.496823 -0.335399
vn -0.777780 -0.527653 -0.341528
vn -0.555098 -0.757529 0.343534
vn -0.590941 -0.721262 0.361343
vn -0.539074 -0.683414 -0.492284
vn -0.524832 -0.686217 -0.503644
vn -0.185935 -0.975601 0.116749
vn -0.207951 -0.969556 0.129294
vn -0.568271 -0.674891 -0.470734
vn -0.539074 -0.683414 -0.492284
vn -0.207951 -0.969556 0.129294
vn -0.251102 -0.955322 0.155910
vn -0.675944 -0.622428 -0.394567
vn -0.613693 -0.656586 -0.438493
vn -0.317472 -0.927562 0.197078
vn -0.407432 -0.877246 0.253849
vn -0.613693 -0.656586 -0.438493
vn -0.568271 -0.674891 -0.470734
vn -0.251102 -0.955322 0.155910
vn -0.317472 -0.927562 0.197078
vn -0.396116 -0.707852 -0.584840
vn -0.394669 -0.707103 -0.586721
vn 0.000000 -1.000000 0.000000
vn -0.002633 -0.999995 0.001776
vn -0.403514 -0.709342 -0.577936
vn -0.396116 -0.707852 -0.584840
vn -0.002633 -0.999995 0.001776
vn -0.014338 -0.999851 0.009572
vn -0.449943 -0.708323 -0.543902
vn -0.422118 -0.710880 -0.562553
vn -0.042441 -0.998703 0.028119
vn -0.081729 -0.995191 0.053996
vn -0.422118 -0.710880 -0.562553
vn -0.403514 -0.709342 -0.577936
vn -0.014338 -0.999851 0.009572
vn -0.042441 -0.998703 0.028119
vn -0.301171 0.834403 -0.461592
vn -0.998918 0.017486 -0.043087
vn -0.836869 -0.003164 0.547394
vn 0.018903 0.999244 0.033981
vn 0.408491 0.681596 0.607092
vn 0.021298 0.999281 0.031375
vn 0.021852 0.999244 0.032167
vn 0.408754 0.681024 0.607557
vn 0.164276 0.984399 -0.063020
vn 0.321381 0.931853 -0.168416
vn 0.321882 0.931859 -0.167424
vn 0.164822 0.984365 -0.062125
vn -0.603843 -0.709262 0.363759
vn -0.474625 -0.836711 0.273214
vn -0.475386 -0.836549 0.272387
vn -0.604500 -0.709177 0.362833
vn -0.474625 -0.836711 0.273214
vn -0.321369 -0.931859 0.168405
vn -0.321992 -0.931808 0.167495
vn -0.475386 -0.836549 0.272387
vn 0.047590 0.518837 -0.853547
vn -0.807222 -0.483161 -0.339039
vn -0.807032 -0.482735 -0.340099
vn 0.048525 0.519308 -0.853209
vn 0.018903 0.999244 0.033981
vn 0.605118 0.708496 -0.363133
vn 0.048525 0.519308 -0.853209
vn -0.301171 0.834403 -0.461592
vn -0.150385 0.978112 0.143809
vn -0.317930 0.914409 0.250552
vn 0.321882 0.931859 -0.167424
vn 0.475126 0.836755 -0.272206
vn 0.380143 -0.732277 0.565032
vn -0.174310 -0.596338 0.783579
vn -0.608051 -0.704844 0.365335
vn -0.021873 -0.999242 -0.032192
vn -0.697177 -0.573797 0.429769
vn -0.774221 -0.402798 0.488196
vn -0.321992 -0.931808 0.167495
vn -0.164854 -0.984359 0.062140
vn -0.149703 0.556316 0.817375
vn -0.174310 -0.596338 0.783579
vn 0.380143 -0.732277 0.565032
vn 0.408754 0.681024 0.607557
vn -0.604441 -0.708629 0.364000
vn -0.603843 -0.709262 0.363759
vn -0.604500 -0.709177 0.362833
vn -0.604942 -0.708815 0.362804
vn 0.474626 0.836711 -0.273212
vn 0.603923 0.709208 -0.363733
vn 0.604588 0.709057 -0.362921
vn 0.475126 0.836755 -0.272206
vn 0.604588 0.709057 -0.362921
vn 0.603923 0.709208 -0.363733
vn 0.604325 0.708624 -0.364202
vn 0.605118 0.708496 -0.363133
vn -0.807222 -0.483161 -0.339039
vn -0.604441 -0.708629 0.364000
vn -0.604942 -0.708815 0.362804
vn -0.807032 -0.482735 -0.340099
vn 0.434705 0.880304 -0.189990
vn 0.550437 0.798518 -0.243696
vn 0.727763 0.611293 -0.310937
vn 0.648129 0.710103 -0.275105
vn 0.277278 0.952059 -0.129230
vn 0.407170 0.892940 -0.192018
vn 0.550437 0.798518 -0.243696
vn 0.434705 0.880304 -0.189990
vn 0.791061 0.434144 -0.430977
vn 0.287201 0.943095 -0.167594
vn 0.155874 0.982941 -0.097621
vn 0.723440 0.565126 -0.396570
vn 0.187958 0.977124 -0.099502
vn 0.320261 0.932567 -0.166591
vn 0.407170 0.892940 -0.192018
vn 0.277278 0.952059 -0.129230
vn 0.925424 -0.084884 -0.369305
vn 0.890666 -0.297079 -0.344178
vn 0.906447 -0.232842 -0.352334
vn 0.928300 -0.015708 -0.371501
vn 0.917514 0.132236 -0.375075
vn 0.925424 -0.084884 -0.369305
vn 0.928300 -0.015708 -0.371501
vn 0.904522 0.212008 -0.369989
vn 0.648129 0.710103 -0.275105
vn 0.727763 0.611293 -0.310937
vn 0.859151 0.364850 -0.358810
vn 0.820181 0.458741 -0.341848
vn 0.859151 0.364850 -0.358810
vn 0.917514 0.132236 -0.375075
vn 0.904522 0.212008 -0.369989
vn 0.820181 0.458741 -0.341848
vn 0.567347 -0.805927 -0.169115
vn 0.398018 -0.913467 -0.084617
vn 0.447938 -0.887577 -0.107512
vn 0.615515 -0.764459 -0.191689
vn 0.706546 -0.665224 -0.241391
vn 0.567347 -0.805927 -0.169115
vn 0.615515 -0.764459 -0.191689
vn 0.746719 -0.611955 -0.260619
vn 0.890666 -0.297079 -0.344178
vn 0.815178 -0.495276 -0.300310
vn 0.843862 -0.434817 -0.314375
vn 0.906447 -0.232842 -0.352334
vn 0.815178 -0.495276 -0.300310
vn 0.706546 -0.665224 -0.241391
vn 0.746719 -0.611955 -0.260619
vn 0.843862 -0.434817 -0.314375
vn -0.181422 -0.965382 0.187413
vn -0.382176 -0.881354 0.277772
vn -0.327469 -0.909775 0.255094
vn -0.130587 -0.977509 0.165602
vn 0.017726 -0.995229 0.095944
vn -0.181422 -0.965382 0.187413
vn -0.130587 -0.977509 0.165602
vn 0.065496 -0.995035 0.074940
vn 0.398018 -0.913467 -0.084617
vn 0.210649 -0.977546 0.005479
vn 0.258475 -0.965886 -0.015986
vn 0.447938 -0.887577 -0.107512
vn 0.210649 -0.977546 0.005479
vn 0.017726 -0.995229 0.095944
vn 0.065496 -0.995035 0.074940
vn 0.258475 -0.965886 -0.015986
vn -0.784520 -0.425204 0.451365
vn -0.856582 -0.203930 0.474004
vn -0.845535 -0.249017 0.472293
vn -0.757569 -0.479575 0.442829
vn -0.683899 -0.603077 0.410585
vn -0.784520 -0.425204 0.451365
vn -0.757569 -0.479575 0.442829
vn -0.641812 -0.657258 0.395080
vn -0.382176 -0.881354 0.277772
vn -0.554167 -0.753341 0.354086
vn -0.501687 -0.798241 0.333350
vn -0.327469 -0.909775 0.255094
vn -0.554167 -0.753341 0.354086
vn -0.683899 -0.603077 0.410585
vn -0.641812 -0.657258 0.395080
vn -0.501687 -0.798241 0.333350
vn -0.784129 0.480724 0.392487
vn -0.672944 0.664406 0.325132
vn -0.670716 0.667279 0.323850
vn -0.788190 0.471819 0.395150
vn -0.855056 0.271899 0.441532
vn -0.784129 0.480724 0.392487
vn -0.788190 0.471819 0.395150
vn -0.859332 0.251701 0.445191
vn -0.856582 -0.203930 0.474004
vn -0.881613 0.040961 0.470192
vn -0.881250 0.009148 0.472562
vn -0.845535 -0.249017 0.472293
vn -0.881613 0.040961 0.470192
vn -0.855056 0.271899 0.441532
vn -0.859332 0.251701 0.445191
vn -0.881250 0.009148 0.472562
vn -0.284118 0.951643 0.116844
vn -0.269243 0.956836 0.109425
vn -0.183413 0.980520 0.070293
vn -0.209436 0.974284 0.083106
vn -0.390253 0.904968 0.169514
vn -0.387767 0.906275 0.168232
vn -0.269243 0.956836 0.109425
vn -0.284118 0.951643 0.116844
vn -0.670716 0.667279 0.323850
vn -0.672944 0.664406 0.325132
vn -0.531539 0.810915 0.244710
vn -0.525647 0.815696 0.241525
vn -0.525647 0.815696 0.241525
vn -0.531539 0.810915 0.244710
vn -0.387767 0.906275 0.168232
vn -0.390253 0.904968 0.169514
vn -0.001376 0.999999 0.000806
vn -0.001014 0.999999 0.000594
vn 0.000000 1.000000 0.000000
vn 0.000000 1.000000 0.000000
vn -0.005727 0.999979 0.002953
vn -0.004249 0.999989 0.002104
vn -0.001014 0.999999 0.000594
vn -0.001376 0.999999 0.000806
vn -0.030512 0.999445 0.013363
vn -0.022372 0.999710 0.008913
vn -0.010494 0.999935 0.004559
vn -0.014149 0.999878 0.006612
vn -0.014149 0.999878 0.006612
vn -0.010494 0.999935 0.004559
vn -0.004249 0.999989 0.002104
vn -0.005727 0.999979 0.002953
vn 0.045017 0.998700 -0.023923
vn 0.049831 0.998449 -0.024829
vn 0.004702 0.999973 0.005646
vn 0.003570 0.999985 0.004072
vn 0.038522 0.999023 -0.021636
vn 0.045017 0.998700 -0.023923
vn 0.003570 0.999985 0.004072
vn 0.002527 0.999993 0.002685
vn 0.020658 0.999707 -0.012649
vn 0.030389 0.999378 -0.017901
vn 0.001616 0.999997 0.001548
vn 0.000883 0.999999 0.000724
vn 0.030389 0.999378 -0.017901
vn 0.038522 0.999023 -0.021636
vn 0.002527 0.999993 0.002685
vn 0.001616 0.999997 0.001548
vn 0.000000 1.000000 0.000000
vn 0.000000 1.000000 0.000000
vn 0.000000 1.000000 0.000000
vn 0.000000 1.000000 0.000000
vn 0.000000 1.000000 0.000000
vn 0.000000 1.000000 0.000000
vn 0.000000 1.000000 0.000000
vn 0.000000 1.000000 0.000000
vn 0.000000 1.000000 0.000000
vn 0.000000 1.000000 0.000000
vn 0.000000 1.000000 0.000000
vn 0.000000 1.000000 0.000000
vn 0.000000 1.000000 0.000000
vn 0.000000 1.000000 0.000000
vn 0.000000 1.000000 0.000000
vn 0.000000 1.000000 0.000000
vn 0.000000 1.000000 0.000000
vn 0.000000 1.000000 0.000000
vn 0.000000 1.000000 0.000000
vn 0.000000 1.000000 0.000000
vn 0.000000 1.000000 0.000000
vn 0.000000 1.000000 0.000000
vn 0.000000 1.000000 0.000000
vn 0.000000 1.000000 0.000000
vn 0.000000 1.000000 0.000000
vn 0.000000 1.000000 0.000000
vn 0.000000 1.000000 0.000000
vn 0.000000 1.000000 0.000000
vn 0.000000 1.000000 0.000000
vn 0.000000 1.000000 0.000000
vn 0.000000 1.000000 0.000000
vn 0.000000 1.000000 0.000000
vn -0.057933 0.998031 0.024032
vn -0.042826 0.998954 0.016049
vn -0.022372 0.999710 0.008913
vn -0.030512 0.999445 0.013363
vn -0.097636 0.994450 0.039195
vn -0.074506 0.996845 0.027378
vn -0.042826 0.998954 0.016049
vn -0.057933 0.998031 0.024032
vn -0.209436 0.974284 0.083106
vn -0.183413 0.980520 0.070293
vn -0.120961 0.991639 0.044944
vn -0.150121 0.986878 0.059454
vn -0.150121 0.986878 0.059454
vn -0.120961 0.991639 0.044944
vn -0.074506 0.996845 0.027378
vn -0.097636 0.994450 0.039195
vn 0.164822 0.984365 -0.062125
vn -0.463059 0.818056 0.341118
vn -0.573891 0.709691 0.408642
vn 0.023528 0.999240 0.031077
vn 0.146115 0.987184 -0.064171
vn 0.158428 0.985213 -0.065238
vn 0.020314 0.999445 0.026399
vn 0.017121 0.999614 0.021876
vn 0.105588 0.993197 -0.049104
vn 0.128329 0.989988 -0.058781
vn 0.014105 0.999743 0.017762
vn 0.011389 0.999834 0.014242
vn 0.128329 0.989988 -0.058781
vn 0.146115 0.987184 -0.064171
vn 0.017121 0.999614 0.021876
vn 0.014105 0.999743 0.017762
vn 0.083563 0.995751 -0.038691
vn 0.105588 0.993197 -0.049104
vn 0.011389 0.999834 0.014242
vn 0.009158 0.999893 0.011451
vn 0.067235 0.997249 -0.031199
vn 0.083563 0.995751 -0.038691
vn 0.009158 0.999893 0.011451
vn 0.007370 0.999931 0.009192
vn 0.049831 0.998449 -0.024829
vn 0.056109 0.998071 -0.026573
vn 0.005919 0.999956 0.007309
vn 0.004702 0.999973 0.005646
vn 0.056109 0.998071 -0.026573
vn 0.067235 0.997249 -0.031199
vn 0.007370 0.999931 0.009192
vn 0.005919 0.999956 0.007309
vn 0.010727 0.999920 -0.006728
vn 0.020658 0.999707 -0.012649
vn 0.000883 0.999999 0.000724
vn 0.000386 1.000000 0.000266
vn 0.003720 0.999990 -0.002383
vn 0.010727 0.999920 -0.006728
vn 0.000386 1.000000 0.000266
vn 0.000112 1.000000 0.000058
vn 0.000000 1.000000 0.000000
vn 0.000695 1.000000 -0.000468
vn 0.000010 1.000000 -0.000006
vn 0.000000 1.000000 0.000000
vn 0.000695 1.000000 -0.000468
vn 0.003720 0.999990 -0.002383
vn 0.000112 1.000000 0.000058
vn 0.000010 1.000000 -0.000006
vn -0.433550 -0.880998 0.189412
vn -0.647249 -0.711061 0.274701
vn -0.648188 -0.710045 0.275117
vn -0.434837 -0.880230 0.190033
vn -0.275943 -0.952534 0.128586
vn -0.433550 -0.880998 0.189412
vn -0.434837 -0.880230 0.190033
vn -0.277352 -0.952036 0.129240
vn 0.503935 -0.823950 -0.259144
vn -0.154539 -0.983226 0.096874
vn -0.155915 -0.982935 0.097618
vn 0.502741 -0.824899 -0.258445
vn -0.186589 -0.977458 0.098792
vn -0.275943 -0.952534 0.128586
vn -0.277352 -0.952036 0.129240
vn -0.187990 -0.977119 0.099492
vn -0.928239 0.014946 0.371685
vn -0.906632 0.232133 0.352324
vn -0.906450 0.232844 0.352325
vn -0.928303 0.015712 0.371492
vn -0.904327 -0.212911 0.369947
vn -0.928239 0.014946 0.371685
vn -0.928303 0.015712 0.371492
vn -0.904516 -0.212029 0.369994
vn -0.647249 -0.711061 0.274701
vn -0.819685 -0.459791 0.341628
vn -0.820171 -0.458772 0.341831
vn -0.648188 -0.710045 0.275117
vn -0.819685 -0.459791 0.341628
vn -0.904327 -0.212911 0.369947
vn -0.904516 -0.212029 0.369994
vn -0.820171 -0.458772 0.341831
vn -0.615512 0.764462 0.191685
vn -0.616004 0.763988 0.191992
vn -0.448485 0.887269 0.107772
vn -0.447946 0.887573 0.107514
vn -0.746722 0.611957 0.260604
vn -0.747163 0.611352 0.260761
vn -0.616004 0.763988 0.191992
vn -0.615512 0.764462 0.191685
vn -0.906632 0.232133 0.352324
vn -0.844173 0.434141 0.314474
vn -0.843861 0.434815 0.314380
vn -0.906450 0.232844 0.352325
vn -0.843861 0.434815 0.314380
vn -0.844173 0.434141 0.314474
vn -0.747163 0.611352 0.260761
vn -0.746722 0.611957 0.260604
vn 0.130579 0.977510 -0.165601
vn 0.130011 0.977627 -0.165354
vn 0.326806 0.910079 -0.254860
vn 0.327447 0.909784 -0.255090
vn -0.065513 0.995034 -0.074939
vn -0.066034 0.995017 -0.074702
vn 0.130011 0.977627 -0.165354
vn 0.130579 0.977510 -0.165601
vn -0.447946 0.887573 0.107514
vn -0.448485 0.887269 0.107772
vn -0.259024 0.965735 0.016225
vn -0.258497 0.965880 0.015988
vn -0.258497 0.965880 0.015988
vn -0.259024 0.965735 0.016225
vn -0.066034 0.995017 -0.074702
vn -0.065513 0.995034 -0.074939
vn 0.757572 0.479561 -0.442838
vn 0.757212 0.480171 -0.442793
vn 0.845442 0.249529 -0.472190
vn 0.845530 0.249019 -0.472301
vn 0.641808 0.657262 -0.395082
vn 0.641315 0.657857 -0.394892
vn 0.757212 0.480171 -0.442793
vn 0.757572 0.479561 -0.442838
vn 0.327447 0.909784 -0.255090
vn 0.326806 0.910079 -0.254860
vn 0.501052 0.798739 -0.333111
vn 0.501667 0.798257 -0.333341
vn 0.501667 0.798257 -0.333341
vn 0.501052 0.798739 -0.333111
vn 0.641315 0.657857 -0.394892
vn 0.641808 0.657262 -0.395082
vn 0.788277 -0.471716 -0.395098
vn 0.670766 -0.667293 -0.323717
vn 0.670725 -0.667275 -0.323841
vn 0.788189 -0.471823 -0.395146
vn 0.859435 -0.251454 -0.445132
vn 0.788277 -0.471716 -0.395098
vn 0.788189 -0.471823 -0.395146
vn 0.859330 -0.251690 -0.445201
vn 0.845530 0.249019 -0.472301
vn 0.845442 0.249529 -0.472190
vn 0.881246 -0.008761 -0.472576
vn 0.881245 -0.009121 -0.472571
vn 0.881245 -0.009121 -0.472571
vn 0.881246 -0.008761 -0.472576
vn 0.859435 -0.251454 -0.445132
vn 0.859330 -0.251690 -0.445201
vn 0.284305 -0.951575 -0.116944
vn 0.209761 -0.974199 -0.083287
vn 0.209438 -0.974284 -0.083107
vn 0.284126 -0.951640 -0.116849
vn 0.390323 -0.904939 -0.169507
vn 0.284305 -0.951575 -0.116944
vn 0.284126 -0.951640 -0.116849
vn 0.390270 -0.904959 -0.169523
vn 0.670766 -0.667293 -0.323717
vn 0.525621 -0.815731 -0.241466
vn 0.525666 -0.815682 -0.241534
vn 0.670725 -0.667275 -0.323841
vn 0.525621 -0.815731 -0.241466
vn 0.390323 -0.904939 -0.169507
vn 0.390270 -0.904959 -0.169523
vn 0.525666 -0.815682 -0.241534
vn 0.001381 -0.999999 -0.000808
vn 0.000000 -1.000000 0.000000
vn 0.000000 -1.000000 0.000000
vn 0.001376 -0.999999 -0.000806
vn 0.005744 -0.999979 -0.002968
vn 0.001381 -0.999999 -0.000808
vn 0.001376 -0.999999 -0.000806
vn 0.005727 -0.999979 -0.002953
vn 0.030611 -0.999441 -0.013438
vn 0.014195 -0.999877 -0.006643
vn 0.014149 -0.999878 -0.006613
vn 0.030512 -0.999445 -0.013363
vn 0.014195 -0.999877 -0.006643
vn 0.005744 -0.999979 -0.002968
vn 0.005727 -0.999979 -0.002953
vn 0.014149 -0.999878 -0.006613
vn -0.003041 -0.999986 -0.004428
vn -0.004128 -0.999973 -0.006036
vn -0.004703 -0.999973 -0.005648
vn -0.003572 -0.999985 -0.004075
vn -0.002069 -0.999993 -0.002996
vn -0.003041 -0.999986 -0.004428
vn -0.003572 -0.999985 -0.004075
vn -0.002528 -0.999993 -0.002687
vn -0.000632 -0.999999 -0.000896
vn -0.001253 -0.999998 -0.001799
vn -0.001617 -0.999997 -0.001548
vn -0.000883 -0.999999 -0.000724
vn -0.001253 -0.999998 -0.001799
vn -0.002069 -0.999993 -0.002996
vn -0.002528 -0.999993 -0.002687
vn -0.001617 -0.999997 -0.001548
vn 0.000000 -1.000000 0.000000
vn 0.000000 -1.000000 0.000000
vn 0.000000 -1.000000 0.000000
vn 0.000000 -1.000000 0.000000
vn 0.000000 -1.000000 0.000000
vn 0.000000 -1.000000 0.000000
vn 0.000000 -1.000000 0.000000
vn 0.000000 -1.000000 0.000000
vn 0.000000 -1.000000 0.000000
vn 0.000000 -1.000000 0.000000
vn 0.000000 -1.000000 0.000000
vn 0.000000 -1.000000 0.000000
vn 0.000000 -1.000000 0.000000
vn 0.000000 -1.000000 0.000000
vn 0.000000 -1.000000 0.000000
vn 0.000000 -1.000000 0.000000
vn 0.000000 -1.000000 0.000000
vn 0.000000 -1.000000 0.000000
vn 0.000000 -1.000000 0.000000
vn 0.000000 -1.000000 0.000000
vn 0.000000 -1.000000 0.000000
vn 0.000000 -1.000000 0.000000
vn 0.000000 -1.000000 0.000000
vn 0.000000 -1.000000 0.000000
vn 0.000000 -1.000000 0.000000
vn 0.000000 -1.000000 0.000000
vn 0.000000 -1.000000 0.000000
vn 0.000000 -1.000000 0.000000
vn 0.000000 -1.000000 0.000000
vn 0.000000 -1.000000 0.000000
vn 0.000000 -1.000000 0.000000
vn 0.000000 -1.000000 0.000000
vn 0.058134 -0.998017 -0.024148
vn 0.030611 -0.999441 -0.013438
vn 0.030512 -0.999445 -0.013363
vn 0.057933 -0.998031 -0.024033
vn 0.097945 -0.994413 -0.039367
vn 0.058134 -0.998017 -0.024148
vn 0.057933 -0.998031 -0.024033
vn 0.097637 -0.994450 -0.039194
vn 0.209761 -0.974199 -0.083287
vn 0.150500 -0.986808 -0.059664
vn 0.150120 -0.986878 -0.059455
vn 0.209438 -0.974284 -0.083107
vn 0.150500 -0.986808 -0.059664
vn 0.097945 -0.994413 -0.039367
vn 0.097637 -0.994450 -0.039194
vn 0.150120 -0.986878 -0.059455
vn -0.018691 -0.999447 -0.027502
vn -0.021315 -0.999280 -0.031397
vn -0.022990 -0.999276 -0.030299
vn -0.020327 -0.999444 -0.026419
vn -0.015598 -0.999616 -0.022920
vn -0.018691 -0.999447 -0.027502
vn -0.020327 -0.999444 -0.026419
vn -0.017133 -0.999614 -0.021891
vn -0.010238 -0.999835 -0.015018
vn -0.012737 -0.999744 -0.018693
vn -0.014115 -0.999742 -0.017774
vn -0.011396 -0.999834 -0.014249
vn -0.012737 -0.999744 -0.018693
vn -0.015598 -0.999616 -0.022920
vn -0.017133 -0.999614 -0.021891
vn -0.014115 -0.999742 -0.017774
vn -0.008236 -0.999893 -0.012082
vn -0.010238 -0.999835 -0.015018
vn -0.011396 -0.999834 -0.014249
vn -0.009162 -0.999892 -0.011456
vn -0.006614 -0.999931 -0.009701
vn -0.008236 -0.999893 -0.012082
vn -0.009162 -0.999892 -0.011456
vn -0.007373 -0.999931 -0.009196
vn -0.004128 -0.999973 -0.006036
vn -0.005285 -0.999956 -0.007745
vn -0.005921 -0.999956 -0.007311
vn -0.004703 -0.999973 -0.005648
vn -0.005285 -0.999956 -0.007745
vn -0.006614 -0.999931 -0.009701
vn -0.007373 -0.999931 -0.009196
vn -0.005921 -0.999956 -0.007311
vn -0.000256 -1.000000 -0.000357
vn -0.000632 -0.999999 -0.000896
vn -0.000883 -0.999999 -0.000724
vn -0.000387 -1.000000 -0.000267
vn -0.000061 -1.000000 -0.000082
vn -0.000256 -1.000000 -0.000357
vn -0.000387 -1.000000 -0.000267
vn -0.000112 -1.000000 -0.000057
vn 0.000000 -1.000000 0.000000
vn -0.000001 -1.000000 0.000000
vn -0.000010 -1.000000 0.000006
vn 0.000000 -1.000000 0.000000
vn -0.000001 -1.000000 0.000000
vn -0.000061 -1.000000 -0.000082
vn -0.000112 -1.000000 -0.000057
vn -0.000010 -1.000000 0.000006
vn 0.722650 0.566502 -0.396046
vn 0.503935 -0.823950 -0.259144
vn 0.502741 -0.824899 -0.258445
vn 0.723440 0.565126 -0.396570
vn -0.463059 0.818056 0.341118
vn -0.697177 -0.573797 0.429769
vn -0.609188 -0.703465 0.366098
vn -0.573891 0.709691 0.408642
vn 0.158428 0.985213 -0.065238
vn 0.164276 0.984399 -0.063020
vn 0.022974 0.999277 0.030281
vn 0.020314 0.999445 0.026399
vn -0.164854 -0.984359 0.062140
vn -0.164271 -0.984401 0.063012
vn -0.022990 -0.999276 -0.030299
vn -0.023518 -0.999239 -0.031113
vn 0.164276 0.984399 -0.063020
vn 0.164822 0.984365 -0.062125
vn 0.023528 0.999240 0.031077
vn 0.022974 0.999277 0.030281
vn -0.697177 -0.573797 0.429769
vn -0.164854 -0.984359 0.062140
vn -0.023518 -0.999239 -0.031113
vn -0.609188 -0.703465 0.366098
vn 0.449762 0.702771 0.551204
vn 0.154486 0.983234 -0.096881
vn 0.155010 0.983242 -0.095954
vn 0.449877 0.702231 0.551799
vn 0.287201 0.943095 -0.167594
vn 0.478252 0.836100 -0.268722
vn 0.479009 0.836132 -0.267270
vn 0.287811 0.943115 -0.166430
vn 0.298563 0.138035 -0.944355
vn 0.877560 0.173630 -0.446923
vn 0.865090 0.187771 -0.465147
vn 0.284793 0.147088 -0.947237
vn 0.732547 0.568252 -0.374787
vn 0.509481 0.819506 -0.262371
vn 0.479009 0.836132 -0.267270
vn 0.710045 0.587937 -0.387514
vn -0.187990 -0.977119 0.099492
vn -0.320288 -0.932558 0.166588
vn -0.287831 -0.943110 0.166425
vn -0.156409 -0.982950 0.096674
vn -0.320288 -0.932558 0.166588
vn -0.509513 -0.819491 0.262356
vn -0.479030 -0.836127 0.267248
vn -0.287831 -0.943110 0.166425
vn -0.863854 -0.189567 0.466713
vn -0.709218 -0.587787 0.389251
vn -0.710057 -0.587932 0.387497
vn -0.864787 -0.189618 0.464961
vn -0.709218 -0.587787 0.389251
vn -0.478240 -0.836119 0.268686
vn -0.479030 -0.836127 0.267248
vn -0.710057 -0.587932 0.387497
vn 0.472528 0.684546 0.555080
vn 0.203642 -0.697450 0.687091
vn 0.230858 -0.688313 0.687699
vn 0.449877 0.702231 0.551799
vn 0.283571 0.147019 -0.947614
vn -0.946100 -0.118150 -0.301554
vn -0.945704 -0.118193 -0.302779
vn 0.284793 0.147088 -0.947237
vn 0.709197 0.587806 -0.389261
vn 0.863920 0.189661 -0.466552
vn 0.864866 0.189638 -0.464805
vn 0.710045 0.587937 -0.387514
vn -0.865081 -0.187749 0.465173
vn -0.864198 -0.188117 0.466663
vn -0.863854 -0.189567 0.466713
vn -0.864787 -0.189618 0.464961
vn 0.863920 0.189661 -0.466552
vn 0.864229 0.187602 -0.466813
vn 0.865090 0.187771 -0.465147
vn 0.864866 0.189638 -0.464805
vn -0.946100 -0.118150 -0.301554
vn -0.864198 -0.188117 0.466663
vn -0.865081 -0.187749 0.465173
vn -0.945704 -0.118193 -0.302779
vn 0.320261 0.932567 -0.166591
vn 0.187958 0.977124 -0.099502
vn 0.156391 0.982951 -0.096688
vn 0.287811 0.943115 -0.166430
vn 0.203642 -0.697450 0.687091
vn -0.186589 -0.977458 0.098792
vn -0.155031 -0.983240 0.095940
vn 0.230858 -0.688313 0.687699
vn 0.284793 0.147088 -0.947237
vn 0.865090 0.187771 -0.465147
vn 0.864229 0.187602 -0.466813
vn 0.283571 0.147019 -0.947614
vn 0.710045 0.587937 -0.387514
vn 0.479009 0.836132 -0.267270
vn 0.478252 0.836100 -0.268722
vn 0.709197 0.587806 -0.389261
vn -0.156409 -0.982950 0.096674
vn -0.287831 -0.943110 0.166425
vn -0.287177 -0.943107 0.167566
vn -0.155915 -0.982935 0.097618
vn -0.287831 -0.943110 0.166425
vn -0.479030 -0.836127 0.267248
vn -0.478240 -0.836119 0.268686
vn -0.287177 -0.943107 0.167566
vn 0.449877 0.702231 0.551799
vn 0.230858 -0.688313 0.687699
vn 0.231271 -0.687716 0.688157
vn 0.449762 0.702771 0.551204
vn 0.287811 0.943115 -0.166430
vn 0.156391 0.982951 -0.096688
vn 0.155874 0.982941 -0.097621
vn 0.287201 0.943095 -0.167594
vn 0.230858 -0.688313 0.687699
vn -0.155031 -0.983240 0.095940
vn -0.154539 -0.983226 0.096874
vn 0.231271 -0.687716 0.688157
vn 0.863895 0.469918 0.181282
vn 0.722650 0.566502 -0.396046
vn 0.154486 0.983234 -0.096881
vn 0.449762 0.702771 0.551204
vn 0.791061 0.434144 -0.430977
vn 0.860832 0.206484 -0.465115
vn 0.478252 0.836100 -0.268722
vn 0.287201 0.943095 -0.167594
vn -0.483192 -0.832376 0.271432
vn -0.128795 -0.988173 0.083221
vn -0.709218 -0.587787 0.389251
vn -0.863854 -0.189567 0.466713
vn -0.128795 -0.988173 0.083221
vn 0.187667 -0.978375 -0.086967
vn -0.478240 -0.836119 0.268686
vn -0.709218 -0.587787 0.389251
vn 0.328330 -0.452935 -0.828884
vn -0.671957 -0.675696 -0.303165
vn -0.946100 -0.118150 -0.301554
vn 0.283571 0.147019 -0.947614
vn 0.871656 -0.152745 -0.465709
vn 0.736879 -0.553995 -0.387426
vn 0.863920 0.189661 -0.466552
vn 0.709197 0.587806 -0.389261
vn -0.864198 -0.188117 0.466663
vn -0.484107 -0.831639 0.272061
vn -0.483192 -0.832376 0.271432
vn -0.863854 -0.189567 0.466713
vn 0.736879 -0.553995 -0.387426
vn 0.735896 -0.555747 -0.386784
vn 0.864229 0.187602 -0.466813
vn 0.863920 0.189661 -0.466552
vn -0.484107 -0.831639 0.272061
vn -0.864198 -0.188117 0.466663
vn -0.946100 -0.118150 -0.301554
vn -0.671957 -0.675696 -0.303165
vn 0.433402 0.881071 -0.189413
vn 0.434705 0.880304 -0.189990
vn 0.648129 0.710103 -0.275105
vn 0.647206 0.711120 -0.274651
vn 0.275864 0.952557 -0.128586
vn 0.277278 0.952059 -0.129230
vn 0.434705 0.880304 -0.189990
vn 0.433402 0.881071 -0.189413
vn 0.155010 0.983242 -0.095954
vn 0.156391 0.982951 -0.096688
vn 0.187958 0.977124 -0.099502
vn 0.186563 0.977464 -0.098786
vn 0.186563 0.977464 -0.098786
vn 0.187958 0.977124 -0.099502
vn 0.277278 0.952059 -0.129230
vn 0.275864 0.952557 -0.128586
vn 0.928300 -0.015708 -0.371501
vn 0.906447 -0.232842 -0.352334
vn 0.906626 -0.232131 -0.352343
vn 0.928328 -0.014944 -0.371463
vn 0.904364 0.212890 -0.369871
vn 0.904522 0.212008 -0.369989
vn 0.928300 -0.015708 -0.371501
vn 0.928328 -0.014944 -0.371463
vn 0.647206 0.711120 -0.274651
vn 0.648129 0.710103 -0.275105
vn 0.820181 0.458741 -0.341848
vn 0.819700 0.459760 -0.341633
vn 0.819700 0.459760 -0.341633
vn 0.820181 0.458741 -0.341848
vn 0.904522 0.212008 -0.369989
vn 0.904364 0.212890 -0.369871
vn 0.615515 -0.764459 -0.191689
vn 0.447938 -0.887577 -0.107512
vn 0.448486 -0.887272 -0.107743
vn 0.616016 -0.763984 -0.191972
vn 0.746719 -0.611955 -0.260619
vn 0.615515 -0.764459 -0.191689
vn 0.616016 -0.763984 -0.191972
vn 0.747133 -0.611355 -0.260841
vn 0.906447 -0.232842 -0.352334
vn 0.843862 -0.434817 -0.314375
vn 0.844144 -0.434145 -0.314547
vn 0.906626 -0.232131 -0.352343
vn 0.843862 -0.434817 -0.314375
vn 0.746719 -0.611955 -0.260619
vn 0.747133 -0.611355 -0.260841
vn 0.844144 -0.434145 -0.314547
vn -0.130587 -0.977509 0.165602
vn -0.327469 -0.909775 0.255094
vn -0.326854 -0.910068 0.254837
vn -0.130043 -0.977625 0.165342
vn 0.065496 -0.995035 0.074940
vn -0.130587 -0.977509 0.165602
vn -0.130043 -0.977625 0.165342
vn 0.066026 -0.995017 0.074709
vn 0.447938 -0.887577 -0.107512
vn 0.258475 -0.965886 -0.015986
vn 0.258990 -0.965743 -0.016251
vn 0.448486 -0.887272 -0.107743
vn 0.258475 -0.965886 -0.015986
vn 0.065496 -0.995035 0.074940
vn 0.066026 -0.995017 0.074709
vn 0.258990 -0.965743 -0.016251
vn -0.757569 -0.479575 0.442829
vn -0.845535 -0.249017 0.472293
vn -0.845386 -0.249527 0.472290
vn -0.757234 -0.480184 0.442742
vn -0.641812 -0.657258 0.395080
vn -0.757569 -0.479575 0.442829
vn -0.757234 -0.480184 0.442742
vn -0.641349 -0.657852 0.394845
vn -0.327469 -0.909775 0.255094
vn -0.501687 -0.798241 0.333350
vn -0.501124 -0.798720 0.333049
vn -0.326854 -0.910068 0.254837
vn -0.501687 -0.798241 0.333350
vn -0.641812 -0.657258 0.395080
vn -0.641349 -0.657852 0.394845
vn -0.501124 -0.798720 0.333049
vn -0.788242 0.471716 0.395170
vn -0.788190 0.471819 0.395150
vn -0.670716 0.667279 0.323850
vn -0.670692 0.667310 0.323836
vn -0.859332 0.251701 0.445191
vn -0.788190 0.471819 0.395150
vn -0.788242 0.471716 0.395170
vn -0.859435 0.251465 0.445126
vn -0.845535 -0.249017 0.472293
vn -0.881250 0.009148 0.472562
vn -0.881251 0.008788 0.472567
vn -0.845386 -0.249527 0.472290
vn -0.881250 0.009148 0.472562
vn -0.859332 0.251701 0.445191
vn -0.859435 0.251465 0.445126
vn -0.881251 0.008788 0.472567
vn -0.284278 0.951581 0.116961
vn -0.284118 0.951643 0.116844
vn -0.209436 0.974284 0.083106
vn -0.209775 0.974198 0.083265
vn -0.390306 0.904948 0.169498
vn -0.390253 0.904968 0.169514
vn -0.284118 0.951643 0.116844
vn -0.284278 0.951581 0.116961
vn -0.670692 0.667310 0.323836
vn -0.670716 0.667279 0.323850
vn -0.525647 0.815696 0.241525
vn -0.525603 0.815745 0.241457
vn -0.525603 0.815745 0.241457
vn -0.525647 0.815696 0.241525
vn -0.390253 0.904968 0.169514
vn -0.390306 0.904948 0.169498
vn -0.001376 0.999999 0.000806
vn 0.000000 1.000000 0.000000
vn 0.000000 1.000000 0.000000
vn -0.001381 0.999999 0.000808
vn -0.005727 0.999979 0.002953
vn -0.001376 0.999999 0.000806
vn -0.001381 0.999999 0.000808
vn -0.005753 0.999979 0.002955
vn -0.030611 0.999441 0.013438
vn -0.030512 0.999445 0.013363
vn -0.014149 0.999878 0.006612
vn -0.014204 0.999877 0.006629
vn -0.014204 0.999877 0.006629
vn -0.014149 0.999878 0.006612
vn -0.005727 0.999979 0.002953
vn -0.005753 0.999979 0.002955
vn 0.003570 0.999985 0.004072
vn 0.004702 0.999973 0.005646
vn 0.004119 0.999973 0.006022
vn 0.003048 0.999986 0.004439
vn 0.002527 0.999993 0.002685
vn 0.003570 0.999985 0.004072
vn 0.003048 0.999986 0.004439
vn 0.002069 0.999993 0.002994
vn 0.000883 0.999999 0.000724
vn 0.001616 0.999997 0.001548
vn 0.001253 0.999998 0.001800
vn 0.000632 0.999999 0.000896
vn 0.001616 0.999997 0.001548
vn 0.002527 0.999993 0.002685
vn 0.002069 0.999993 0.002994
vn 0.001253 0.999998 0.001800
vn 0.000000 1.000000 0.000000
vn 0.000000 1.000000 0.000000
vn 0.000000 1.000000 0.000000
vn 0.000000 1.000000 0.000000
vn 0.000000 1.000000 0.000000
vn 0.000000 1.000000 0.000000
vn 0.000000 1.000000 0.000000
vn 0.000000 1.000000 0.000000
vn 0.000000 1.000000 0.000000
vn 0.000000 1.000000 0.000000
vn 0.000000 1.000000 0.000000
vn 0.000000 1.000000 0.000000
vn 0.000000 1.000000 0.000000
vn 0.000000 1.000000 0.000000
vn 0.000000 1.000000 0.000000
vn 0.000000 1.000000 0.000000
vn 0.000000 1.000000 0.000000
vn 0.000000 1.000000 0.000000
vn 0.000000 1.000000 0.000000
vn 0.000000 1.000000 0.000000
vn 0.000000 1.000000 0.000000
vn 0.000000 1.000000 0.000000
vn 0.000000 1.000000 0.000000
vn 0.000000 1.000000 0.000000
vn 0.000000 1.000000 0.000000
vn 0.000000 1.000000 0.000000
vn 0.000000 1.000000 0.000000
vn 0.000000 1.000000 0.000000
vn 0.000000 1.000000 0.000000
vn 0.000000 1.000000 0.000000
vn 0.000000 1.000000 0.000000
vn 0.000000 1.000000 0.000000
vn -0.058140 0.998017 0.024136
vn -0.057933 0.998031 0.024032
vn -0.030512 0.999445 0.013363
vn -0.030611 0.999441 0.013438
vn -0.097950 0.994413 0.039356
vn -0.097636 0.994450 0.039195
vn -0.057933 0.998031 0.024032
vn -0.058140 0.998017 0.024136
vn -0.209775 0.974198 0.083265
vn -0.209436 0.974284 0.083106
vn -0.150121 0.986878 0.059454
vn -0.150508 0.986807 0.059657
vn -0.150508 0.986807 0.059657
vn -0.150121 0.986878 0.059454
vn -0.097636 0.994450 0.039195
vn -0.097950 0.994413 0.039356
vn 0.023528 0.999240 0.031077
vn -0.573891 0.709691 0.408642
vn -0.575091 0.708261 0.409436
vn 0.021852 0.999244 0.032167
vn 0.017121 0.999614 0.021876
vn 0.020314 0.999445 0.026399
vn 0.018667 0.999448 0.027464
vn 0.015576 0.999617 0.022888
vn 0.011389 0.999834 0.014242
vn 0.014105 0.999743 0.017762
vn 0.012725 0.999745 0.018677
vn 0.010235 0.999835 0.015014
vn 0.014105 0.999743 0.017762
vn 0.017121 0.999614 0.021876
vn 0.015576 0.999617 0.022888
vn 0.012725 0.999745 0.018677
vn 0.009158 0.999893 0.011451
vn 0.011389 0.999834 0.014242
vn 0.010235 0.999835 0.015014
vn 0.008235 0.999893 0.012080
vn 0.007370 0.999931 0.009192
vn 0.009158 0.999893 0.011451
vn 0.008235 0.999893 0.012080
vn 0.006614 0.999931 0.009700
vn 0.004702 0.999973 0.005646
vn 0.005919 0.999956 0.007309
vn 0.005285 0.999956 0.007744
vn 0.004119 0.999973 0.006022
vn 0.005919 0.999956 0.007309
vn 0.007370 0.999931 0.009192
vn 0.006614 0.999931 0.009700
vn 0.005285 0.999956 0.007744
vn 0.000386 1.000000 0.000266
vn 0.000883 0.999999 0.000724
vn 0.000632 0.999999 0.000896
vn 0.000255 1.000000 0.000355
vn 0.000112 1.000000 0.000058
vn 0.000386 1.000000 0.000266
vn 0.000255 1.000000 0.000355
vn 0.000061 1.000000 0.000083
vn 0.000000 1.000000 0.000000
vn 0.000010 1.000000 -0.000006
vn 0.000001 1.000000 0.000000
vn 0.000000 1.000000 0.000000
vn 0.000010 1.000000 -0.000006
vn 0.000112 1.000000 0.000058
vn 0.000061 1.000000 0.000083
vn 0.000001 1.000000 0.000000
vn -0.573891 0.709691 0.408642
vn -0.609188 -0.703465 0.366098
vn -0.608051 -0.704844 0.365335
vn -0.575091 0.708261 0.409436
vn 0.018667 0.999448 0.027464
vn 0.020314 0.999445 0.026399
vn 0.022974 0.999277 0.030281
vn 0.021298 0.999281 0.031375
vn -0.023518 -0.999239 -0.031113
vn -0.022990 -0.999276 -0.030299
vn -0.021315 -0.999280 -0.031397
vn -0.021873 -0.999242 -0.032192
vn 0.021298 0.999281 0.031375
vn 0.022974 0.999277 0.030281
vn 0.023528 0.999240 0.031077
vn 0.021852 0.999244 0.032167
vn -0.609188 -0.703465 0.366098
vn -0.023518 -0.999239 -0.031113
vn -0.021873 -0.999242 -0.032192
vn -0.608051 -0.704844 0.365335
vn -0.002027 -0.665854 0.746080
vn -0.186048 -0.554864 0.810871
vn -0.647249 -0.711061 0.274701
vn -0.433550 -0.880998 0.189412
vn 0.129900 -0.697767 0.704449
vn -0.002027 -0.665854 0.746080
vn -0.433550 -0.880998 0.189412
vn -0.275943 -0.952534 0.128586
vn 0.685643 -0.666389 0.292949
vn 0.231271 -0.687716 0.688157
vn -0.154539 -0.983226 0.096874
vn 0.503935 -0.823950 -0.259144
vn 0.203642 -0.697450 0.687091
vn 0.129900 -0.697767 0.704449
vn -0.275943 -0.952534 0.128586
vn -0.186589 -0.977458 0.098792
vn -0.418728 0.012674 0.908023
vn -0.405357 0.188719 0.894467
vn -0.906632 0.232133 0.352324
vn -0.928239 0.014946 0.371685
vn -0.396363 -0.169686 0.902277
vn -0.418728 0.012674 0.908023
vn -0.928239 0.014946 0.371685
vn -0.904327 -0.212911 0.369947
vn -0.186048 -0.554864 0.810871
vn -0.325941 -0.363725 0.872621
vn -0.819685 -0.459791 0.341628
vn -0.647249 -0.711061 0.274701
vn -0.325941 -0.363725 0.872621
vn -0.396363 -0.169686 0.902277
vn -0.904327 -0.212911 0.369947
vn -0.819685 -0.459791 0.341628
vn -0.170569 0.620557 0.765386
vn -0.034869 0.718083 0.695083
vn -0.448485 0.887269 0.107772
vn -0.616004 0.763988 0.191992
vn -0.276987 0.497263 0.822197
vn -0.170569 0.620557 0.765386
vn -0.616004 0.763988 0.191992
vn -0.747163 0.611352 0.260761
vn -0.405357 0.188719 0.894467
vn -0.355392 0.353073 0.865469
vn -0.844173 0.434141 0.314474
vn -0.906632 0.232133 0.352324
vn -0.355392 0.353073 0.865469
vn -0.276987 0.497263 0.822197
vn -0.747163 0.611352 0.260761
vn -0.844173 0.434141 0.314474
vn 0.429373 0.767714 0.475661
vn 0.580135 0.706424 0.405474
vn 0.326806 0.910079 -0.254860
vn 0.130011 0.977627 -0.165354
vn 0.275498 0.789858 0.547929
vn 0.429373 0.767714 0.475661
vn 0.130011 0.977627 -0.165354
vn -0.066034 0.995017 -0.074702
vn -0.034869 0.718083 0.695083
vn 0.120473 0.774434 0.621078
vn -0.259024 0.965735 0.016225
vn -0.448485 0.887269 0.107772
vn 0.120473 0.774434 0.621078
vn 0.275498 0.789858 0.547929
vn -0.066034 0.995017 -0.074702
vn -0.259024 0.965735 0.016225
vn 0.890370 0.366471 0.270074
vn 0.948428 0.199987 0.245947
vn 0.845442 0.249529 -0.472190
vn 0.757212 0.480171 -0.442793
vn 0.810813 0.499320 0.305388
vn 0.890370 0.366471 0.270074
vn 0.757212 0.480171 -0.442793
vn 0.641315 0.657857 -0.394892
vn 0.580135 0.706424 0.405474
vn 0.710535 0.610772 0.349424
vn 0.501052 0.798739 -0.333111
vn 0.326806 0.910079 -0.254860
vn 0.710535 0.610772 0.349424
vn 0.810813 0.499320 0.305388
vn 0.641315 0.657857 -0.394892
vn 0.501052 0.798739 -0.333111
vn 0.900686 -0.306993 0.307442
vn 0.822063 -0.445802 0.354221
vn 0.670766 -0.667293 -0.323717
vn 0.788277 -0.471716 -0.395098
vn 0.949692 -0.153710 0.272872
vn 0.900686 -0.306993 0.307442
vn 0.788277 -0.471716 -0.395098
vn 0.859435 -0.251454 -0.445132
vn 0.948428 0.199987 0.245947
vn 0.967945 0.015720 0.250672
vn 0.881246 -0.008761 -0.472576
vn 0.845442 0.249529 -0.472190
vn 0.967945 0.015720 0.250672
vn 0.949692 -0.153710 0.272872
vn 0.859435 -0.251454 -0.445132
vn 0.881246 -0.008761 -0.472576
vn 0.568757 -0.648039 0.506518
vn 0.522485 -0.666510 0.531764
vn 0.209761 -0.974199 -0.083287
vn 0.284305 -0.951575 -0.116944
vn 0.636576 -0.613586 0.467208
vn 0.568757 -0.648039 0.506518
vn 0.284305 -0.951575 -0.116944
vn 0.390323 -0.904939 -0.169507
vn 0.822063 -0.445802 0.354221
vn 0.725188 -0.550486 0.413604
vn 0.525621 -0.815731 -0.241466
vn 0.670766 -0.667293 -0.323717
vn 0.725188 -0.550486 0.413604
vn 0.636576 -0.613586 0.467208
vn 0.390323 -0.904939 -0.169507
vn 0.525621 -0.815731 -0.241466
vn 0.395274 -0.707422 0.585929
vn 0.394667 -0.707107 0.586718
vn 0.000000 -1.000000 0.000000
vn 0.001381 -0.999999 -0.000808
vn 0.397791 -0.707258 0.584422
vn 0.395274 -0.707422 0.585929
vn 0.001381 -0.999999 -0.000808
vn 0.005744 -0.999979 -0.002968
vn 0.412061 -0.705179 0.576999
vn 0.402697 -0.706591 0.581863
vn 0.014195 -0.999877 -0.006643
vn 0.030611 -0.999441 -0.013438
vn 0.402697 -0.706591 0.581863
vn 0.397791 -0.707258 0.584422
vn 0.005744 -0.999979 -0.002968
vn 0.014195 -0.999877 -0.006643
vn 0.392691 -0.710627 0.583783
vn 0.391971 -0.711906 0.582708
vn -0.004128 -0.999973 -0.006036
vn -0.003041 -0.999986 -0.004428
vn 0.393394 -0.709378 0.584828
vn 0.392691 -0.710627 0.583783
vn -0.003041 -0.999986 -0.004428
vn -0.002069 -0.999993 -0.002996
vn 0.394287 -0.707794 0.586144
vn 0.393907 -0.708466 0.585588
vn -0.001253 -0.999998 -0.001799
vn -0.000632 -0.999999 -0.000896
vn 0.393907 -0.708466 0.585588
vn 0.393394 -0.709378 0.584828
vn -0.002069 -0.999993 -0.002996
vn -0.001253 -0.999998 -0.001799
vn 0.394667 -0.707107 0.586718
vn 0.394669 -0.707102 0.586722
vn 0.000000 -1.000000 0.000000
vn 0.000000 -1.000000 0.000000
vn 0.394667 -0.707107 0.586718
vn 0.394667 -0.707107 0.586718
vn 0.000000 -1.000000 0.000000
vn 0.000000 -1.000000 0.000000
vn 0.394667 -0.707107 0.586718
vn 0.394667 -0.707107 0.586718
vn 0.000000 -1.000000 0.000000
vn 0.000000 -1.000000 0.000000
vn 0.394667 -0.707107 0.586718
vn 0.394667 -0.707107 0.586718
vn 0.000000 -1.000000 0.000000
vn 0.000000 -1.000000 0.000000
vn 0.394645 -0.707145 0.586686
vn 0.394667 -0.707107 0.586718
vn 0.000000 -1.000000 0.000000
vn 0.000000 -1.000000 0.000000
vn 0.394645 -0.707146 0.586686
vn 0.394645 -0.707145 0.586686
vn 0.000000 -1.000000 0.000000
vn 0.000000 -1.000000 0.000000
vn 0.394667 -0.707107 0.586718
vn 0.394667 -0.707107 0.586718
vn 0.000000 -1.000000 0.000000
vn 0.000000 -1.000000 0.000000
vn 0.394667 -0.707107 0.586718
vn 0.394645 -0.707146 0.586686
vn 0.000000 -1.000000 0.000000
vn 0.000000 -1.000000 0.000000
vn 0.428490 -0.701127 0.569927
vn 0.412061 -0.705179 0.576999
vn 0.030611 -0.999441 -0.013438
vn 0.058134 -0.998017 -0.024148
vn 0.452630 -0.694053 0.559837
vn 0.428490 -0.701127 0.569927
vn 0.058134 -0.998017 -0.024148
vn 0.097945 -0.994413 -0.039367
vn 0.522485 -0.666510 0.531764
vn 0.485007 -0.682708 0.546515
vn 0.150500 -0.986808 -0.059664
vn 0.209761 -0.974199 -0.083287
vn 0.485007 -0.682708 0.546515
vn 0.452630 -0.694053 0.559837
vn 0.097945 -0.994413 -0.039367
vn 0.150500 -0.986808 -0.059664
vn 0.381866 -0.729324 0.567685
vn 0.380422 -0.731739 0.565541
vn -0.021315 -0.999280 -0.031397
vn -0.018691 -0.999447 -0.027502
vn 0.384068 -0.725598 0.570963
vn 0.381866 -0.729324 0.567685
vn -0.018691 -0.999447 -0.027502
vn -0.015598 -0.999616 -0.022920
vn 0.387782 -0.719232 0.576482
vn 0.386093 -0.722140 0.573974
vn -0.012737 -0.999744 -0.018693
vn -0.010238 -0.999835 -0.015018
vn 0.386093 -0.722140 0.573974
vn 0.384068 -0.725598 0.570963
vn -0.015598 -0.999616 -0.022920
vn -0.012737 -0.999744 -0.018693
vn 0.389123 -0.716901 0.578478
vn 0.387782 -0.719232 0.576482
vn -0.010238 -0.999835 -0.015018
vn -0.008236 -0.999893 -0.012082
vn 0.390276 -0.714885 0.580193
vn 0.389123 -0.716901 0.578478
vn -0.008236 -0.999893 -0.012082
vn -0.006614 -0.999931 -0.009701
vn 0.391971 -0.711906 0.582708
vn 0.391148 -0.713358 0.581484
vn -0.005285 -0.999956 -0.007745
vn -0.004128 -0.999973 -0.006036
vn 0.391148 -0.713358 0.581484
vn 0.390276 -0.714885 0.580193
vn -0.006614 -0.999931 -0.009701
vn -0.005285 -0.999956 -0.007745
vn 0.394490 -0.707427 0.586451
vn 0.394287 -0.707794 0.586144
vn -0.000632 -0.999999 -0.000896
vn -0.000256 -1.000000 -0.000357
vn 0.394648 -0.707140 0.586691
vn 0.394490 -0.707427 0.586451
vn -0.000256 -1.000000 -0.000357
vn -0.000061 -1.000000 -0.000082
vn 0.394669 -0.707102 0.586722
vn 0.394668 -0.707107 0.586718
vn -0.000001 -1.000000 0.000000
vn 0.000000 -1.000000 0.000000
vn 0.394668 -0.707107 0.586718
vn 0.394648 -0.707140 0.586691
vn -0.000061 -1.000000 -0.000082
vn -0.000001 -1.000000 0.000000
vn 0.863895 0.469918 0.181282
vn 0.685643 -0.666389 0.292949
vn 0.503935 -0.823950 -0.259144
vn 0.722650 0.566502 -0.396046
vn 0.154486 0.983234 -0.096881
vn 0.155874 0.982941 -0.097621
vn 0.156391 0.982951 -0.096688
vn 0.155010 0.983242 -0.095954
vn -0.187990 -0.977119 0.099492
vn -0.156409 -0.982950 0.096674
vn -0.155031 -0.983240 0.095940
vn -0.186589 -0.977458 0.098792
vn -0.156409 -0.982950 0.096674
vn -0.155915 -0.982935 0.097618
vn -0.154539 -0.983226 0.096874
vn -0.155031 -0.983240 0.095940
vn 0.723440 0.565126 -0.396570
vn 0.155874 0.982941 -0.097621
vn 0.154486 0.983234 -0.096881
vn 0.722650 0.566502 -0.396046
s off
g sheet_2
usemtl paper_Mat
f 755/923/3009 756/924/3010 757/925/3011 758/926/3012
f 759/927/3013 760/928/3014 756/924/3015 755/923/3016
f 761/929/3017 762/930/3018 763/931/3019 764/932/3020
f 765/933/3021 761/929/3022 764/932/3023 766/934/3024
f 767/935/3025 768/936/3026 769/937/3027 770/938/3028
f 771/939/3029 772/940/3030 773/941/3031 774/942/3032
f 770/938/3033 769/937/3034 760/928/3035 759/927/3036
f 773/941/3037 765/933/3038 766/934/3039 774/942/3040
f 775/943/3041 776/944/3042 777/945/3043 778/946/3044
f 779/947/3045 780/948/3046 781/949/3047 782/950/3048
f 783/951/3049 784/952/3050 785/953/3051 786/954/3052
f 765/933/3053 773/941/3054 787/955/3055 788/956/3056
f 789/957/3057 790/958/3058 791/959/3059 792/960/3060
f 762/930/3061 761/929/3062 793/961/3063 794/962/3064
f 792/960/3065 791/959/3066 780/948/3067 779/947/3068
f 761/929/3069 765/933/3070 788/956/3071 793/961/3072
f 795/963/3073 796/964/3074 797/965/3075 798/966/3076
f 799/967/3077 800/968/3078 796/964/3079 795/963/3080
f 801/969/3081 802/970/3082 803/971/3083 804/972/3084
f 805/973/3085 801/969/3086 804/972/3087 806/974/3088
f 758/926/3089 757/925/3090 807/975/3091 808/976/3092
f 762/930/3093 809/977/3094 810/978/3095 763/931/3096
f 808/976/3097 807/975/3098 800/968/3099 799/967/3100
f 809/977/3101 805/973/3102 806/974/3103 810/978/3104
f 811/979/3105 812/980/3106 790/958/3107 789/957/3108
f 813/981/3109 814/982/3110 812/980/3111 811/979/3112
f 809/977/3113 762/930/3114 794/962/3115 815/983/3116
f 805/973/3117 809/977/3118 815/983/3119 816/984/3120
f 817/985/3121 818/986/3122 819/987/3123 820/988/3124
f 802/970/3125 801/969/3126 821/989/3127 822/990/3128
f 820/988/3129 819/987/3130 814/982/3131 813/981/3132
f 801/969/3133 805/973/3134 816/984/3135 821/989/3136
f 823/991/3137 824/992/3138 825/993/3139 826/994/3140
f 827/995/3141 828/996/3142 824/992/3143 823/991/3144
f 829/997/3145 830/998/3146 831/999/3147 832/1000/3148
f 833/1001/3149 829/997/3150 832/1000/3151 834/1002/3152
f 798/966/3153 797/965/3154 835/1003/3155 836/1004/3156
f 802/970/3157 837/1005/3158 838/1006/3159 803/971/3160
f 836/1004/3161 835/1003/3162 828/996/3163 827/995/3164
f 837/1005/3165 833/1001/3166 834/1002/3167 838/1006/3168
f 839/1007/3169 840/1008/3170 818/986/3171 817/985/3172
f 841/1009/3173 842/1010/3174 840/1008/3175 839/1007/3176
f 837/1005/3177 802/970/3178 822/990/3179 843/1011/3180
f 833/1001/3181 837/1005/3182 843/1011/3183 844/1012/3184
f 845/1013/3185 846/1014/3186 847/1015/3187 848/1016/3188
f 830/998/3189 829/997/3190 849/1017/3191 850/1018/3192
f 848/1016/3193 847/1015/3194 842/1010/3195 841/1009/3196
f 829/997/3197 833/1001/3198 844/1012/3199 849/1017/3200
f 851/1019/3201 852/1020/3202 853/1021/3203 854/1022/3204
f 855/1023/3205 856/1024/3206 852/1020/3207 851/1019/3208
f 857/1025/3209 858/1026/3210 859/1027/3211 860/1028/3212
f 861/1029/3213 857/1025/3214 860/1028/3215 862/1030/3216
f 826/994/3217 825/993/3218 863/1031/3219 864/1032/3220
f 830/998/3221 865/1033/3222 866/1034/3223 831/999/3224
f 864/1032/3225 863/1031/3226 856/1024/3227 855/1023/3228
f 865/1033/3229 861/1029/3230 862/1030/3231 866/1034/3232
f 867/1035/3233 868/1036/3234 846/1014/3235 845/1013/3236
f 869/1037/3237 870/1038/3238 868/1036/3239 867/1035/3240
f 865/1033/3241 830/998/3242 850/1018/3243 871/1039/3244
f 861/1029/3245 865/1033/3246 871/1039/3247 872/1040/3248
f 873/1041/3249 874/1042/3250 875/1043/3251 876/1044/3252
f 858/1026/3253 857/1025/3254 877/1045/3255 878/1046/3256
f 876/1044/3257 875/1043/3258 870/1038/3259 869/1037/3260
f 857/1025/3261 861/1029/3262 872/1040/3263 877/1045/3264
f 879/1047/3265 880/1048/3266 881/1049/3267 882/1050/3268
f 883/1051/3269 884/1052/3270 880/1048/3271 879/1047/3272
f 885/1053/3273 886/1054/3274 887/1055/3275 888/1056/3276
f 889/1057/3277 885/1053/3278 888/1056/3279 890/1058/3280
f 854/1022/3281 853/1021/3282 891/1059/3283 892/1060/3284
f 858/1026/3285 893/1061/3286 894/1062/3287 859/1027/3288
f 892/1060/3289 891/1059/3290 884/1052/3291 883/1051/3292
f 893/1061/3293 889/1057/3294 890/1058/3295 894/1062/3296
f 895/1063/3297 896/1064/3298 874/1042/3299 873/1041/3300
f 897/1065/3301 898/1066/3302 896/1064/3303 895/1063/3304
f 893/1061/3305 858/1026/3306 878/1046/3307 899/1067/3308
f 889/1057/3309 893/1061/3310 899/1067/3311 900/1068/3312
f 901/1069/3313 902/1070/3314 903/1071/3315 904/1072/3316
f 886/1054/3317 885/1053/3318 905/1073/3319 906/1074/3320
f 904/1072/3321 903/1071/3322 898/1066/3323 897/1065/3324
f 885/1053/3325 889/1057/3326 900/1068/3327 905/1073/3328
f 907/1075/3329 908/1076/3330 909/1077/3331 910/1078/3332
f 911/1079/3333 912/1080/3334 908/1076/3335 907/1075/3336
f 913/1081/3337 914/1082/3338 915/1083/3339 916/1084/3340
f 917/1085/3341 913/1081/3342 916/1084/3343 918/1086/3344
f 882/1050/3345 881/1049/3346 919/1087/3347 920/1088/3348
f 886/1054/3349 921/1089/3350 922/1090/3351 887/1055/3352
f 920/1088/3353 919/1087/3354 912/1080/3355 911/1079/3356
f 921/1089/3357 917/1085/3358 918/1086/3359 922/1090/3360
f 923/1091/3361 924/1092/3362 902/1070/3363 901/1069/3364
f 925/1093/3365 926/1094/3366 924/1092/3367 923/1091/3368
f 921/1089/3369 886/1054/3370 906/1074/3371 927/1095/3372
f 917/1085/3373 921/1089/3374 927/1095/3375 928/1096/3376
f 929/1097/3377 930/1098/3378 931/1099/3379 932/1100/3380
f 914/1082/3381 913/1081/3382 933/1101/3383 934/1102/3384
f 932/1100/3385 931/1099/3386 926/1094/3387 925/1093/3388
f 913/1081/3389 917/1085/3390 928/1096/3391 933/1101/3392
f 935/1103/3393 936/1104/3394 937/1105/3395 938/1106/3396
f 939/1107/3397 940/1108/3398 936/1104/3399 935/1103/3400
f 941/1109/3401 942/1110/3402 943/1111/3403 944/1112/3404
f 945/1113/3405 941/1109/3406 944/1112/3407 946/1114/3408
f 910/1078/3409 909/1077/3410 947/1115/3411 948/1116/3412
f 914/1082/3413 949/1117/3414 950/1118/3415 915/1083/3416
f 948/1116/3417 947/1115/3418 940/1108/3419 939/1107/3420
f 949/1117/3421 945/1113/3422 946/1114/3423 950/1118/3424
f 951/1119/3425 952/1120/3426 930/1098/3427 929/1097/3428
f 953/1121/3429 954/1122/3430 952/1120/3431 951/1119/3432
f 949/1117/3433 914/1082/3434 934/1102/3435 955/1123/3436
f 945/1113/3437 949/1117/3438 955/1123/3439 956/1124/3440
f 957/1125/3441 958/1126/3442 959/1127/3443 960/1128/3444
f 942/1110/3445 941/1109/3446 961/1129/3447 962/1130/3448
f 960/1128/3449 959/1127/3450 954/1122/3451 953/1121/3452
f 941/1109/3453 945/1113/3454 956/1124/3455 961/1129/3456
f 963/1131/3457 964/1132/3458 965/1133/3459 966/1134/3460
f 967/1135/3461 968/1136/3462 964/1132/3463 963/1131/3464
f 969/1137/3465 970/1138/3466 971/1139/3467 972/1140/3468
f 973/1141/3469 969/1137/3470 972/1140/3471 974/1142/3472
f 975/1143/3473 976/1144/3474 977/1145/3475 978/1146/3476
f 979/1147/3477 980/1148/3478 981/1149/3479 982/1150/3480
f 978/1146/3481 977/1145/3482 968/1136/3483 967/1135/3484
f 980/1148/3485 973/1141/3486 974/1142/3487 981/1149/3488
f 983/1151/3489 984/1152/3490 985/1153/3491 986/1154/3492
f 987/1155/3493 988/1156/3494 984/1152/3495 983/1151/3496
f 980/1148/3497 979/1147/3498 989/1157/3499 990/1158/3500
f 973/1141/3501 980/1148/3502 990/1158/3503 991/1159/3504
f 992/1160/3505 993/1161/3506 994/1162/3507 995/1163/3508
f 970/1138/3509 969/1137/3510 996/1164/3511 997/1165/3512
f 995/1163/3513 994/1162/3514 988/1156/3515 987/1155/3516
f 969/1137/3517 973/1141/3518 991/1159/3519 996/1164/3520
f 998/1166/3521 999/1167/3522 1000/1168/3523 1001/1169/3524
f 1002/1170/3525 1003/1171/3526 999/1167/3527 998/1166/3528
f 1004/1172/3529 1005/1173/3530 1006/1174/3531 1007/1175/3532
f 1008/1176/3533 1004/1172/3534 1007/1175/3535 1009/1177/3536
f 1010/1178/3537 1011/1179/3538 1012/1180/3539 1013/1181/3540
f 1014/1182/3541 1015/1183/3542 1016/1184/3543 1017/1185/3544
f 1013/1181/3545 1012/1180/3546 1003/1171/3547 1002/1170/3548
f 1015/1183/3549 1008/1176/3550 1009/1177/3551 1016/1184/3552
f 1018/1186/3553 1019/1187/3554 1020/1188/3555 1021/1189/3556
f 1022/1190/3557 1023/1191/3558 1019/1187/3559 1018/1186/3560
f 1015/1183/3561 1014/1182/3562 1024/1192/3563 1025/1193/3564
f 1008/1176/3565 1015/1183/3566 1025/1193/3567 1026/1194/3568
f 1027/1195/3569 1028/1196/3570 1029/1197/3571 1030/1198/3572
f 1005/1173/3573 1004/1172/3574 1031/1199/3575 1032/1200/3576
f 1030/1198/3577 1029/1197/3578 1023/1191/3579 1022/1190/3580
f 1004/1172/3581 1008/1176/3582 1026/1194/3583 1031/1199/3584
f 1033/1201/3585 1034/1202/3586 1035/1203/3587 1036/1204/3588
f 1037/1205/3589 1038/1206/3590 1034/1202/3591 1033/1201/3592
f 1039/1207/3593 1040/1208/3594 1041/1209/3595 1042/1210/3596
f 1043/1211/3597 1039/1207/3598 1042/1210/3599 1044/1212/3600
f 1045/1213/3601 1046/1214/3602 1047/1215/3603 1048/1216/3604
f 1049/1217/3605 1050/1218/3606 1051/1219/3607 1052/1220/3608
f 1048/1216/3609 1047/1215/3610 1038/1206/3611 1037/1205/3612
f 1050/1218/3613 1043/1211/3614 1044/1212/3615 1051/1219/3616
f 1053/1221/3617 1054/1222/3618 1055/1223/3619 1056/1224/3620
f 1057/1225/3621 1058/1226/3622 1054/1222/3623 1053/1221/3624
f 1050/1218/3625 1049/1217/3626 1059/1227/3627 1060/1228/3628
f 1043/1211/3629 1050/1218/3630 1060/1228/3631 1061/1229/3632
f 1062/1230/3633 1063/1231/3634 1064/1232/3635 1065/1233/3636
f 1040/1208/3637 1039/1207/3638 1066/1234/3639 1067/1235/3640
f 1065/1233/3641 1064/1232/3642 1058/1226/3643 1057/1225/3644
f 1039/1207/3645 1043/1211/3646 1061/1229/3647 1066/1234/3648
f 1068/1236/3649 1069/1237/3650 1046/1214/3651 1045/1213/3652
f 1070/1238/3653 1071/1239/3654 1069/1237/3655 1068/1236/3656
f 1072/1240/3657 1049/1217/3658 1052/1220/3659 1073/1241/3660
f 1074/1242/3661 1072/1240/3662 1073/1241/3663 1075/1243/3664
f 966/1134/3665 965/1133/3666 1076/1244/3667 1077/1245/3668
f 970/1138/3669 1078/1246/3670 1079/1247/3671 971/1139/3672
f 1077/1245/3673 1076/1244/3674 1071/1239/3675 1070/1238/3676
f 1078/1246/3677 1074/1242/3678 1075/1243/3679 1079/1247/3680
f 1080/1248/3681 1081/1249/3682 993/1161/3683 992/1160/3684
f 1082/1250/3685 1083/1251/3686 1081/1249/3687 1080/1248/3688
f 1078/1246/3689 970/1138/3690 997/1165/3691 1084/1252/3692
f 1074/1242/3693 1078/1246/3694 1084/1252/3695 1085/1253/3696
f 1056/1224/3697 1055/1223/3698 1086/1254/3699 1087/1255/3700
f 1049/1217/3701 1072/1240/3702 1088/1256/3703 1059/1227/3704
f 1087/1255/3705 1086/1254/3706 1083/1251/3707 1082/1250/3708
f 1072/1240/3709 1074/1242/3710 1085/1253/3711 1088/1256/3712
f 1089/1257/3713 1090/1258/3714 958/1126/3715 957/1125/3716
f 1091/1259/3717 1092/1260/3718 1090/1258/3719 1089/1257/3720
f 1093/1261/3721 942/1110/3722 962/1130/3723 1094/1262/3724
f 1095/1263/3725 1093/1261/3726 1094/1262/3727 1096/1264/3728
f 986/1154/3729 985/1153/3730 1097/1265/3731 1098/1266/3732
f 979/1147/3733 1099/1267/3734 1100/1268/3735 989/1157/3736
f 1098/1266/3737 1097/1265/3738 1092/1260/3739 1091/1259/3740
f 1099/1267/3741 1095/1263/3742 1096/1264/3743 1100/1268/3744
f 1101/1269/3745 1102/1270/3746 976/1144/3747 975/1143/3748
f 1103/1271/3749 1104/1272/3750 1102/1270/3751 1101/1269/3752
f 1099/1267/3753 979/1147/3754 982/1150/3755 1105/1273/3756
f 1095/1263/3757 1099/1267/3758 1105/1273/3759 1106/1274/3760
f 938/1106/3761 937/1105/3762 1107/1275/3763 1108/1276/3764
f 942/1110/3765 1093/1261/3766 1109/1277/3767 943/1111/3768
f 1108/1276/3769 1107/1275/3770 1104/1272/3771 1103/1271/3772
f 1093/1261/3773 1095/1263/3774 1106/1274/3775 1109/1277/3776
f 1110/1278/3777 1111/1279/3778 1112/1280/3779 1113/1281/3780
f 1114/1282/3781 1115/1283/3782 1116/1284/3783 1117/1285/3784
f 1118/1286/3785 1119/1287/3786 1120/1288/3787 1121/1289/3788
f 1122/1290/3789 1123/1291/3790 1124/1292/3791 1125/1293/3792
f 1126/1294/3793 1127/1295/3794 1128/1296/3795 1129/1297/3796
f 1130/1298/3797 1131/1299/3798 1132/1300/3799 1133/1301/3800
f 1129/1297/3801 1128/1296/3802 1115/1283/3803 1114/1282/3804
f 1131/1299/3805 1122/1290/3806 1125/1293/3807 1132/1300/3808
f 1134/1302/3809 1135/1303/3810 1136/1304/3811 1137/1305/3812
f 1138/1306/3813 1139/1307/3814 1135/1303/3815 1134/1302/3816
f 1131/1299/3817 1130/1298/3818 1140/1308/3819 1141/1309/3820
f 1122/1290/3821 1131/1299/3822 1141/1309/3823 1142/1310/3824
f 1143/1311/3825 1144/1312/3826 1145/1313/3827 1146/1314/3828
f 1147/1315/3829 1148/1316/3830 1123/1291/3831 1149/1317/3832
f 1146/1314/3833 1145/1313/3834 1139/1307/3835 1138/1306/3836
f 1123/1291/3837 1122/1290/3838 1142/1310/3839 1149/1317/3840
f 1150/1318/3841 1151/1319/3842 1127/1295/3843 1126/1294/3844
f 1152/1320/3845 1153/1321/3846 1151/1319/3847 1150/1318/3848
f 1154/1322/3849 1130/1298/3850 1133/1301/3851 1155/1323/3852
f 1156/1324/3853 1154/1322/3854 1155/1323/3855 1157/1325/3856
f 1001/1169/3857 1000/1168/3858 1158/1326/3859 1159/1327/3860
f 1005/1173/3861 1160/1328/3862 1161/1329/3863 1006/1174/3864
f 1159/1327/3865 1158/1326/3866 1153/1321/3867 1152/1320/3868
f 1160/1328/3869 1156/1324/3870 1157/1325/3871 1161/1329/3872
f 1162/1330/3873 1163/1331/3874 1028/1196/3875 1027/1195/3876
f 1164/1332/3877 1165/1333/3878 1163/1331/3879 1162/1330/3880
f 1160/1328/3881 1005/1173/3882 1032/1200/3883 1166/1334/3884
f 1156/1324/3885 1160/1328/3886 1166/1334/3887 1167/1335/3888
f 1137/1305/3889 1136/1304/3890 1168/1336/3891 1169/1337/3892
f 1130/1298/3893 1154/1322/3894 1170/1338/3895 1140/1308/3896
f 1169/1337/3897 1168/1336/3898 1165/1333/3899 1164/1332/3900
f 1154/1322/3901 1156/1324/3902 1167/1335/3903 1170/1338/3904
f 1171/1339/3905 1172/1340/3906 1063/1231/3907 1062/1230/3908
f 1173/1341/3909 1174/1342/3910 1172/1340/3911 1171/1339/3912
f 1175/1343/3913 1040/1208/3914 1067/1235/3915 1176/1344/3916
f 1177/1345/3917 1175/1343/3918 1176/1344/3919 1178/1346/3920
f 1021/1189/3921 1020/1188/3922 1179/1347/3923 1180/1348/3924
f 1014/1182/3925 1181/1349/3926 1182/1350/3927 1024/1192/3928
f 1180/1348/3929 1179/1347/3930 1174/1342/3931 1173/1341/3932
f 1181/1349/3933 1177/1345/3934 1178/1346/3935 1182/1350/3936
f 1183/1351/3937 1184/1352/3938 1011/1179/3939 1010/1178/3940
f 1185/1353/3941 1186/1354/3942 1184/1352/3943 1183/1351/3944
f 1181/1349/3945 1014/1182/3946 1017/1185/3947 1187/1355/3948
f 1177/1345/3949 1181/1349/3950 1187/1355/3951 1188/1356/3952
f 1036/1204/3953 1035/1203/3954 1189/1357/3955 1190/1358/3956
f 1040/1208/3957 1175/1343/3958 1191/1359/3959 1041/1209/3960
f 1190/1358/3961 1189/1357/3962 1186/1354/3963 1185/1353/3964
f 1175/1343/3965 1177/1345/3966 1188/1356/3967 1191/1359/3968
f 1192/1360/3969 1193/1361/3970 1194/1362/3971 1195/1363/3972
f 1196/1364/3973 1192/1360/3974 1195/1363/3975 1197/1365/3976
f 1194/1362/3977 1198/1366/3978 1199/1367/3979 1195/1363/3980
f 1195/1363/3981 1199/1367/3982 1200/1368/3983 1197/1365/3984
f 1201/1369/3985 1202/1370/3986 1203/1371/3987 1204/1372/3988
f 1204/1372/3989 1203/1371/3990 1205/1373/3991 1206/1374/3992
f 1207/1375/3993 1196/1364/3994 1197/1365/3995 1208/1376/3996
f 1197/1365/3997 1200/1368/3998 1209/1377/3999 1208/1376/4000
f 1210/1378/4001 1211/1379/4002 1212/1380/4003 1213/1381/4004
f 1214/1382/4005 1210/1378/4006 1213/1381/4007 1215/1383/4008
f 1213/1381/4009 1212/1380/4010 1216/1384/4011 1209/1377/4012
f 1213/1381/4013 1209/1377/4014 1200/1368/4015 1215/1383/4016
f 1217/1385/4017 1218/1386/4018 1219/1387/4019 1220/1388/4020
f 1219/1387/4021 1199/1367/4022 1198/1366/4023 1220/1388/4024
f 1218/1386/4025 1214/1382/4026 1215/1383/4027 1219/1387/4028
f 1215/1383/4029 1200/1368/4030 1199/1367/4031 1219/1387/4032
f 1221/1389/4033 1222/1390/4034 1223/1391/4035 1224/1392/4036
f 1225/1393/4037 1221/1389/4038 1224/1392/4039 1226/1394/4040
f 1223/1391/4041 1227/1395/4042 1228/1396/4043 1224/1392/4044
f 1224/1392/4045 1228/1396/4046 1229/1397/4047 1226/1394/4048
f 1193/1361/4049 1230/1398/4050 1231/1399/4051 1194/1362/4052
f 1231/1399/4053 1232/1400/4054 1198/1366/4055 1194/1362/4056
f 1230/1398/4057 1225/1393/4058 1226/1394/4059 1231/1399/4060
f 1226/1394/4061 1229/1397/4062 1232/1400/4063 1231/1399/4064
f 1233/1401/4065 1217/1385/4066 1220/1388/4067 1234/1402/4068
f 1235/1403/4069 1233/1401/4070 1234/1402/4071 1236/1404/4072
f 1220/1388/4073 1198/1366/4074 1232/1400/4075 1234/1402/4076
f 1234/1402/4077 1232/1400/4078 1229/1397/4079 1236/1404/4080
f 1237/1405/4081 1238/1406/4082 1239/1407/4083 1240/1408/4084
f 1240/1408/4085 1228/1396/4086 1227/1395/4087 1237/1405/4088
f 1240/1408/4089 1239/1407/4090 1235/1403/4091 1236/1404/4092
f 1236/1404/4093 1229/1397/4094 1228/1396/4095 1240/1408/4096
f 1241/1409/4097 1242/1410/4098 1243/1411/4099 1244/1412/4100
f 1245/1413/4101 1246/1414/4102 1242/1410/4103 1241/1409/4104
f 1244/1412/4105 1247/1415/4106 1248/1416/4107 1241/1409/4108
f 1241/1409/4109 1248/1416/4110 1249/1417/4111 1245/1413/4112
f 1222/1390/4113 1250/1418/4114 1251/1419/4115 1223/1391/4116
f 1251/1419/4117 1252/1420/4118 1227/1395/4119 1223/1391/4120
f 1251/1419/4121 1250/1418/4122 1246/1414/4123 1245/1413/4124
f 1245/1413/4125 1249/1417/4126 1252/1420/4127 1251/1419/4128
f 1253/1421/4129 1254/1422/4130 1238/1406/4131 1237/1405/4132
f 1255/1423/4133 1256/1424/4134 1254/1422/4135 1253/1421/4136
f 1237/1405/4137 1227/1395/4138 1252/1420/4139 1253/1421/4140
f 1253/1421/4141 1252/1420/4142 1249/1417/4143 1255/1423/4144
f 1257/1425/4145 1258/1426/4146 1259/1427/4147 1260/1428/4148
f 1260/1428/4149 1248/1416/4150 1247/1415/4151 1257/1425/4152
f 1260/1428/4153 1259/1427/4154 1256/1424/4155 1255/1423/4156
f 1255/1423/4157 1249/1417/4158 1248/1416/4159 1260/1428/4160
f 1261/1429/4161 1262/1430/4162 1263/1431/4163 1264/1432/4164
f 1265/1433/4165 1266/1434/4166 1262/1430/4167 1261/1429/4168
f 1264/1432/4169 1267/1435/4170 1268/1436/4171 1261/1429/4172
f 1261/1429/4173 1268/1436/4174 1269/1437/4175 1265/1433/4176
f 1244/1412/4177 1243/1411/4178 1270/1438/4179 1271/1439/4180
f 1271/1439/4181 1272/1440/4182 1247/1415/4183 1244/1412/4184
f 1271/1439/4185 1270/1438/4186 1266/1434/4187 1265/1433/4188
f 1265/1433/4189 1269/1437/4190 1272/1440/4191 1271/1439/4192
f 1273/1441/4193 1274/1442/4194 1258/1426/4195 1257/1425/4196
f 1275/1443/4197 1276/1444/4198 1274/1442/4199 1273/1441/4200
f 1257/1425/4201 1247/1415/4202 1272/1440/4203 1273/1441/4204
f 1273/1441/4205 1272/1440/4206 1269/1437/4207 1275/1443/4208
f 1277/1445/4209 1278/1446/4210 1279/1447/4211 1280/1448/4212
f 1280/1448/4213 1268/1436/4214 1267/1435/4215 1277/1445/4216
f 1280/1448/4217 1279/1447/4218 1276/1444/4219 1275/1443/4220
f 1275/1443/4221 1269/1437/4222 1268/1436/4223 1280/1448/4224
f 1281/1449/4225 1282/1450/4226 1283/1451/4227 1284/1452/4228
f 1285/1453/4229 1286/1454/4230 1282/1450/4231 1281/1449/4232
f 1284/1452/4233 1287/1455/4234 1288/1456/4235 1281/1449/4236
f 1281/1449/4237 1288/1456/4238 1289/1457/4239 1285/1453/4240
f 1264/1432/4241 1263/1431/4242 1290/1458/4243 1291/1459/4244
f 1291/1459/4245 1292/1460/4246 1267/1435/4247 1264/1432/4248
f 1291/1459/4249 1290/1458/4250 1286/1454/4251 1285/1453/4252
f 1285/1453/4253 1289/1457/4254 1292/1460/4255 1291/1459/4256
f 1293/1461/4257 1294/1462/4258 1278/1446/4259 1277/1445/4260
f 1295/1463/4261 1296/1464/4262 1294/1462/4263 1293/1461/4264
f 1277/1445/4265 1267/1435/4266 1292/1460/4267 1293/1461/4268
f 1293/1461/4269 1292/1460/4270 1289/1457/4271 1295/1463/4272
f 1297/1465/4273 1298/1466/4274 1299/1467/4275 1300/1468/4276
f 1300/1468/4277 1288/1456/4278 1287/1455/4279 1297/1465/4280
f 1300/1468/4281 1299/1467/4282 1296/1464/4283 1295/1463/4284
f 1295/1463/4285 1289/1457/4286 1288/1456/4287 1300/1468/4288
f 1301/1469/4289 1302/1470/4290 1303/1471/4291 1304/1472/4292
f 1305/1473/4293 1301/1469/4294 1304/1472/4295 1306/1474/4296
f 1303/1471/4297 1307/1475/4298 1308/1476/4299 1304/1472/4300
f 1304/1472/4301 1308/1476/4302 1309/1477/4303 1306/1474/4304
f 1284/1452/4305 1283/1451/4306 1310/1478/4307 1311/1479/4308
f 1311/1479/4309 1312/1480/4310 1287/1455/4311 1284/1452/4312
f 1311/1479/4313 1310/1478/4314 1305/1473/4315 1306/1474/4316
f 1306/1474/4317 1309/1477/4318 1312/1480/4319 1311/1479/4320
f 1313/1481/4321 1314/1482/4322 1298/1466/4323 1297/1465/4324
f 1315/1483/4325 1314/1482/4326 1313/1481/4327 1316/1484/4328
f 1297/1465/4329 1287/1455/4330 1312/1480/4331 1313/1481/4332
f 1313/1481/4333 1312/1480/4334 1309/1477/4335 1316/1484/4336
f 1317/1485/4337 1318/1486/4338 1319/1487/4339 1320/1488/4340
f 1319/1487/4341 1308/1476/4342 1307/1475/4343 1320/1488/4344
f 1318/1486/4345 1315/1483/4346 1316/1484/4347 1319/1487/4348
f 1316/1484/4349 1309/1477/4350 1308/1476/4351 1319/1487/4352
f 1321/1489/4353 1322/1490/4354 1323/1491/4355 1324/1492/4356
f 1325/1493/4357 1321/1489/4358 1324/1492/4359 1326/1494/4360
f 1323/1491/4361 1327/1495/4362 1328/1496/4363 1324/1492/4364
f 1324/1492/4365 1328/1496/4366 1329/1497/4367 1326/1494/4368
f 1302/1470/4369 1330/1498/4370 1331/1499/4371 1303/1471/4372
f 1331/1499/4373 1332/1500/4374 1307/1475/4375 1303/1471/4376
f 1330/1498/4377 1325/1493/4378 1326/1494/4379 1331/1499/4380
f 1326/1494/4381 1329/1497/4382 1332/1500/4383 1331/1499/4384
f 1333/1501/4385 1317/1485/4386 1320/1488/4387 1334/1502/4388
f 1335/1503/4389 1333/1501/4390 1334/1502/4391 1336/1504/4392
f 1320/1488/4393 1307/1475/4394 1332/1500/4395 1334/1502/4396
f 1334/1502/4397 1332/1500/4398 1329/1497/4399 1336/1504/4400
f 1337/1505/4401 1338/1506/4402 1339/1507/4403 1340/1508/4404
f 1339/1507/4405 1328/1496/4406 1327/1495/4407 1340/1508/4408
f 1338/1506/4409 1335/1503/4410 1336/1504/4411 1339/1507/4412
f 1336/1504/4413 1329/1497/4414 1328/1496/4415 1339/1507/4416
f 1341/1509/4417 1342/1510/4418 1343/1511/4419 1344/1512/4420
f 1345/1513/4421 1341/1509/4422 1344/1512/4423 1346/1514/4424
f 1343/1511/4425 1347/1515/4426 1348/1516/4427 1344/1512/4428
f 1344/1512/4429 1348/1516/4430 1349/1517/4431 1346/1514/4432
f 1350/1518/4433 1351/1519/4434 1352/1520/4435 1353/1521/4436
f 1352/1520/4437 1354/1522/4438 1355/1523/4439 1353/1521/4440
f 1351/1519/4441 1345/1513/4442 1346/1514/4443 1352/1520/4444
f 1346/1514/4445 1349/1517/4446 1354/1522/4447 1352/1520/4448
f 1356/1524/4449 1357/1525/4450 1358/1526/4451 1359/1527/4452
f 1360/1528/4453 1356/1524/4454 1359/1527/4455 1361/1529/4456
f 1358/1526/4457 1355/1523/4458 1354/1522/4459 1359/1527/4460
f 1359/1527/4461 1354/1522/4462 1349/1517/4463 1361/1529/4464
f 1362/1530/4465 1363/1531/4466 1364/1532/4467 1365/1533/4468
f 1364/1532/4469 1348/1516/4470 1347/1515/4471 1365/1533/4472
f 1363/1531/4473 1360/1528/4474 1361/1529/4475 1364/1532/4476
f 1361/1529/4477 1349/1517/4478 1348/1516/4479 1364/1532/4480
f 1366/1534/4481 1367/1535/4482 1368/1536/4483 1369/1537/4484
f 1370/1538/4485 1366/1534/4486 1369/1537/4487 1371/1539/4488
f 1368/1536/4489 1372/1540/4490 1373/1541/4491 1369/1537/4492
f 1369/1537/4493 1373/1541/4494 1374/1542/4495 1371/1539/4496
f 1375/1543/4497 1376/1544/4498 1377/1545/4499 1378/1546/4500
f 1377/1545/4501 1379/1547/4502 1380/1548/4503 1378/1546/4504
f 1376/1544/4505 1370/1538/4506 1371/1539/4507 1377/1545/4508
f 1371/1539/4509 1374/1542/4510 1379/1547/4511 1377/1545/4512
f 1381/1549/4513 1382/1550/4514 1383/1551/4515 1384/1552/4516
f 1385/1553/4517 1381/1549/4518 1384/1552/4519 1386/1554/4520
f 1383/1551/4521 1380/1548/4522 1379/1547/4523 1384/1552/4524
f 1384/1552/4525 1379/1547/4526 1374/1542/4527 1386/1554/4528
f 1387/1555/4529 1388/1556/4530 1389/1557/4531 1390/1558/4532
f 1389/1557/4533 1373/1541/4534 1372/1540/4535 1390/1558/4536
f 1388/1556/4537 1385/1553/4538 1386/1554/4539 1389/1557/4540
f 1386/1554/4541 1374/1542/4542 1373/1541/4543 1389/1557/4544
f 1391/1559/4545 1392/1560/4546 1393/1561/4547 1394/1562/4548
f 1395/1563/4549 1391/1559/4550 1394/1562/4551 1396/1564/4552
f 1393/1561/4553 1397/1565/4554 1398/1566/4555 1394/1562/4556
f 1394/1562/4557 1398/1566/4558 1399/1567/4559 1396/1564/4560
f 1400/1568/4561 1401/1569/4562 1402/1570/4563 1403/1571/4564
f 1402/1570/4565 1404/1572/4566 1405/1573/4567 1403/1571/4568
f 1401/1569/4569 1395/1563/4570 1396/1564/4571 1402/1570/4572
f 1396/1564/4573 1399/1567/4574 1404/1572/4575 1402/1570/4576
f 1406/1574/4577 1407/1575/4578 1408/1576/4579 1409/1577/4580
f 1410/1578/4581 1406/1574/4582 1409/1577/4583 1411/1579/4584
f 1408/1576/4585 1405/1573/4586 1404/1572/4587 1409/1577/4588
f 1409/1577/4589 1404/1572/4590 1399/1567/4591 1411/1579/4592
f 1412/1580/4593 1413/1581/4594 1414/1582/4595 1415/1583/4596
f 1414/1582/4597 1398/1566/4598 1397/1565/4599 1415/1583/4600
f 1413/1581/4601 1410/1578/4602 1411/1579/4603 1414/1582/4604
f 1411/1579/4605 1399/1567/4606 1398/1566/4607 1414/1582/4608
f 1416/1584/4609 1400/1568/4610 1403/1571/4611 1417/1585/4612
f 1418/1586/4613 1416/1584/4614 1417/1585/4615 1419/1587/4616
f 1403/1571/4617 1405/1573/4618 1420/1588/4619 1417/1585/4620
f 1417/1585/4621 1420/1588/4622 1421/1589/4623 1419/1587/4624
f 1342/1510/4625 1422/1590/4626 1423/1591/4627 1343/1511/4628
f 1423/1591/4629 1424/1592/4630 1347/1515/4631 1343/1511/4632
f 1422/1590/4633 1418/1586/4634 1419/1587/4635 1423/1591/4636
f 1419/1587/4637 1421/1589/4638 1424/1592/4639 1423/1591/4640
f 1425/1593/4641 1362/1530/4642 1365/1533/4643 1426/1594/4644
f 1427/1595/4645 1425/1593/4646 1426/1594/4647 1428/1596/4648
f 1365/1533/4649 1347/1515/4650 1424/1592/4651 1426/1594/4652
f 1426/1594/4653 1424/1592/4654 1421/1589/4655 1428/1596/4656
f 1407/1575/4657 1429/1597/4658 1430/1598/4659 1408/1576/4660
f 1430/1598/4661 1420/1588/4662 1405/1573/4663 1408/1576/4664
f 1429/1597/4665 1427/1595/4666 1428/1596/4667 1430/1598/4668
f 1428/1596/4669 1421/1589/4670 1420/1588/4671 1430/1598/4672
f 1431/1599/4673 1337/1505/4674 1340/1508/4675 1432/1600/4676
f 1433/1601/4677 1431/1599/4678 1432/1600/4679 1434/1602/4680
f 1340/1508/4681 1327/1495/4682 1435/1603/4683 1432/1600/4684
f 1432/1600/4685 1435/1603/4686 1436/1604/4687 1434/1602/4688
f 1357/1525/4689 1437/1605/4690 1438/1606/4691 1358/1526/4692
f 1438/1606/4693 1439/1607/4694 1355/1523/4695 1358/1526/4696
f 1437/1605/4697 1433/1601/4698 1434/1602/4699 1438/1606/4700
f 1434/1602/4701 1436/1604/4702 1439/1607/4703 1438/1606/4704
f 1440/1608/4705 1350/1518/4706 1353/1521/4707 1441/1609/4708
f 1442/1610/4709 1440/1608/4710 1441/1609/4711 1443/1611/4712
f 1353/1521/4713 1355/1523/4714 1439/1607/4715 1441/1609/4716
f 1441/1609/4717 1439/1607/4718 1436/1604/4719 1443/1611/4720
f 1322/1490/4721 1444/1612/4722 1445/1613/4723 1323/1491/4724
f 1445/1613/4725 1435/1603/4726 1327/1495/4727 1323/1491/4728
f 1444/1612/4729 1442/1610/4730 1443/1611/4731 1445/1613/4732
f 1443/1611/4733 1436/1604/4734 1435/1603/4735 1445/1613/4736
f 1446/1614/4737 1447/1615/4738 1448/1616/4739 1449/1617/4740
f 1450/1618/4741 1446/1614/4742 1449/1617/4743 1451/1619/4744
f 1449/1617/4745 1448/1616/4746 1452/1620/4747 1453/1621/4748
f 1449/1617/4749 1453/1621/4750 1454/1622/4751 1451/1619/4752
f 1455/1623/4753 1456/1624/4754 1457/1625/4755 1458/1626/4756
f 1457/1625/4757 1459/1627/4758 1460/1628/4759 1458/1626/4760
f 1456/1624/4761 1450/1618/4762 1451/1619/4763 1457/1625/4764
f 1451/1619/4765 1454/1622/4766 1459/1627/4767 1457/1625/4768
f 1461/1629/4769 1462/1630/4770 1463/1631/4771 1464/1632/4772
f 1465/1633/4773 1461/1629/4774 1464/1632/4775 1466/1634/4776
f 1463/1631/4777 1460/1628/4778 1459/1627/4779 1464/1632/4780
f 1464/1632/4781 1459/1627/4782 1454/1622/4783 1466/1634/4784
f 1467/1635/4785 1468/1636/4786 1469/1637/4787 1470/1638/4788
f 1470/1638/4789 1469/1637/4790 1471/1639/4791 1472/1640/4792
f 1473/1641/4793 1465/1633/4794 1466/1634/4795 1474/1642/4796
f 1466/1634/4797 1454/1622/4798 1453/1621/4799 1474/1642/4800
f 1475/1643/4801 1455/1623/4802 1458/1626/4803 1476/1644/4804
f 1477/1645/4805 1475/1643/4806 1476/1644/4807 1478/1646/4808
f 1458/1626/4809 1460/1628/4810 1479/1647/4811 1476/1644/4812
f 1476/1644/4813 1479/1647/4814 1480/1648/4815 1478/1646/4816
f 1367/1535/4817 1481/1649/4818 1482/1650/4819 1368/1536/4820
f 1482/1650/4821 1483/1651/4822 1372/1540/4823 1368/1536/4824
f 1481/1649/4825 1477/1645/4826 1478/1646/4827 1482/1650/4828
f 1478/1646/4829 1480/1648/4830 1483/1651/4831 1482/1650/4832
f 1484/1652/4833 1387/1555/4834 1390/1558/4835 1485/1653/4836
f 1486/1654/4837 1484/1652/4838 1485/1653/4839 1487/1655/4840
f 1390/1558/4841 1372/1540/4842 1483/1651/4843 1485/1653/4844
f 1485/1653/4845 1483/1651/4846 1480/1648/4847 1487/1655/4848
f 1462/1630/4849 1488/1656/4850 1489/1657/4851 1463/1631/4852
f 1489/1657/4853 1479/1647/4854 1460/1628/4855 1463/1631/4856
f 1488/1656/4857 1486/1654/4858 1487/1655/4859 1489/1657/4860
f 1487/1655/4861 1480/1648/4862 1479/1647/4863 1489/1657/4864
f 1490/1658/4865 1412/1580/4866 1415/1583/4867 1491/1659/4868
f 1492/1660/4869 1490/1658/4870 1491/1659/4871 1493/1661/4872
f 1415/1583/4873 1397/1565/4874 1494/1662/4875 1491/1659/4876
f 1491/1659/4877 1494/1662/4878 1495/1663/4879 1493/1661/4880
f 1382/1550/4881 1496/1664/4882 1497/1665/4883 1383/1551/4884
f 1497/1665/4885 1498/1666/4886 1380/1548/4887 1383/1551/4888
f 1496/1664/4889 1492/1660/4890 1493/1661/4891 1497/1665/4892
f 1493/1661/4893 1495/1663/4894 1498/1666/4895 1497/1665/4896
f 1499/1667/4897 1375/1543/4898 1378/1546/4899 1500/1668/4900
f 1501/1669/4901 1499/1667/4902 1500/1668/4903 1502/1670/4904
f 1378/1546/4905 1380/1548/4906 1498/1666/4907 1500/1668/4908
f 1500/1668/4909 1498/1666/4910 1495/1663/4911 1502/1670/4912
f 1392/1560/4913 1503/1671/4914 1504/1672/4915 1393/1561/4916
f 1504/1672/4917 1494/1662/4918 1397/1565/4919 1393/1561/4920
f 1503/1671/4921 1501/1669/4922 1502/1670/4923 1504/1672/4924
f 1502/1670/4925 1495/1663/4926 1494/1662/4927 1504/1672/4928
f 1505/1673/4929 1506/1674/4930 755/1675/4931 758/1676/4932
f 1506/1674/4933 1507/1677/4934 759/1678/4935 755/1675/4936
f 1508/1679/4937 1509/1680/4938 1510/1681/4939 1511/1682/4940
f 1512/1683/4941 1201/1684/4942 1204/1685/4943 1513/1686/4944
f 1204/1685/4945 1206/1687/4946 785/1688/4947 1513/1686/4948
f 1507/1677/4949 1514/1689/4950 770/1690/4951 759/1678/4952
f 1515/1691/4953 1516/1692/4954 1517/1693/4955 782/1694/4956
f 777/1695/4957 776/1696/4958 1518/1697/4959 1519/1698/4960
f 1517/1693/4961 1520/1699/4962 779/1700/4963 782/1694/4964
f 1206/1687/4965 1521/1701/4966 786/1702/4967 785/1688/4968
f 1522/1703/4969 1523/1704/4970 789/1705/4971 792/1706/4972
f 1520/1699/4973 1522/1703/4974 792/1706/4975 779/1700/4976
f 1524/1707/4977 1525/1708/4978 795/1709/4979 798/1710/4980
f 1525/1708/4981 1526/1711/4982 799/1712/4983 795/1709/4984
f 1527/1713/4985 1505/1673/4986 758/1676/4987 808/1714/4988
f 1526/1711/4989 1527/1713/4990 808/1714/4991 799/1712/4992
f 1523/1704/4993 1528/1715/4994 811/1716/4995 789/1705/4996
f 1528/1715/4997 1529/1717/4998 813/1718/4999 811/1716/5000
f 1530/1719/5001 1531/1720/5002 817/1721/5003 820/1722/5004
f 1529/1717/5005 1530/1719/5006 820/1722/5007 813/1718/5008
f 1532/1723/5009 1533/1724/5010 823/1725/5011 826/1726/5012
f 1533/1724/5013 1534/1727/5014 827/1728/5015 823/1725/5016
f 1535/1729/5017 1524/1707/5018 798/1710/5019 836/1730/5020
f 1534/1727/5021 1535/1729/5022 836/1730/5023 827/1728/5024
f 1531/1720/5025 1536/1731/5026 839/1732/5027 817/1721/5028
f 1536/1731/5029 1537/1733/5030 841/1734/5031 839/1732/5032
f 1538/1735/5033 1539/1736/5034 845/1737/5035 848/1738/5036
f 1537/1733/5037 1538/1735/5038 848/1738/5039 841/1734/5040
f 1540/1739/5041 1541/1740/5042 851/1741/5043 854/1742/5044
f 1541/1740/5045 1542/1743/5046 855/1744/5047 851/1741/5048
f 1543/1745/5049 1532/1723/5050 826/1726/5051 864/1746/5052
f 1542/1743/5053 1543/1745/5054 864/1746/5055 855/1744/5056
f 1539/1736/5057 1544/1747/5058 867/1748/5059 845/1737/5060
f 1544/1747/5061 1545/1749/5062 869/1750/5063 867/1748/5064
f 1546/1751/5065 1547/1752/5066 873/1753/5067 876/1754/5068
f 1545/1749/5069 1546/1751/5070 876/1754/5071 869/1750/5072
f 1548/1755/5073 1549/1756/5074 879/1757/5075 882/1758/5076
f 1549/1756/5077 1550/1759/5078 883/1760/5079 879/1757/5080
f 1551/1761/5081 1540/1739/5082 854/1742/5083 892/1762/5084
f 1550/1759/5085 1551/1761/5086 892/1762/5087 883/1760/5088
f 1547/1752/5089 1552/1763/5090 895/1764/5091 873/1753/5092
f 1552/1763/5093 1553/1765/5094 897/1766/5095 895/1764/5096
f 1554/1767/5097 1555/1768/5098 901/1769/5099 904/1770/5100
f 1553/1765/5101 1554/1767/5102 904/1770/5103 897/1766/5104
f 1556/1771/5105 1557/1772/5106 907/1773/5107 910/1774/5108
f 1557/1772/5109 1558/1775/5110 911/1776/5111 907/1773/5112
f 1559/1777/5113 1548/1755/5114 882/1758/5115 920/1778/5116
f 1558/1775/5117 1559/1777/5118 920/1778/5119 911/1776/5120
f 1555/1768/5121 1560/1779/5122 923/1780/5123 901/1769/5124
f 1560/1779/5125 1561/1781/5126 925/1782/5127 923/1780/5128
f 1562/1783/5129 1563/1784/5130 929/1785/5131 932/1786/5132
f 1561/1781/5133 1562/1783/5134 932/1786/5135 925/1782/5136
f 1564/1787/5137 1565/1788/5138 935/1789/5139 938/1790/5140
f 1565/1788/5141 1566/1791/5142 939/1792/5143 935/1789/5144
f 1567/1793/5145 1556/1771/5146 910/1774/5147 948/1794/5148
f 1566/1791/5149 1567/1793/5150 948/1794/5151 939/1792/5152
f 1563/1784/5153 1568/1795/5154 951/1796/5155 929/1785/5156
f 1568/1795/5157 1569/1797/5158 953/1798/5159 951/1796/5160
f 1570/1799/5161 1571/1800/5162 957/1801/5163 960/1802/5164
f 1569/1797/5165 1570/1799/5166 960/1802/5167 953/1798/5168
f 1572/1803/5169 1573/1804/5170 963/1805/5171 966/1806/5172
f 1573/1804/5173 1574/1807/5174 967/1808/5175 963/1805/5176
f 1575/1809/5177 1576/1810/5178 975/1811/5179 978/1812/5180
f 1574/1807/5181 1575/1809/5182 978/1812/5183 967/1808/5184
f 1577/1813/5185 1578/1814/5186 983/1815/5187 986/1816/5188
f 1578/1814/5189 1579/1817/5190 987/1818/5191 983/1815/5192
f 1580/1819/5193 1581/1820/5194 992/1821/5195 995/1822/5196
f 1579/1817/5197 1580/1819/5198 995/1822/5199 987/1818/5200
f 1582/1823/5201 1583/1824/5202 998/1825/5203 1001/1826/5204
f 1583/1824/5205 1584/1827/5206 1002/1828/5207 998/1825/5208
f 1585/1829/5209 1586/1830/5210 1010/1831/5211 1013/1832/5212
f 1584/1827/5213 1585/1829/5214 1013/1832/5215 1002/1828/5216
f 1587/1833/5217 1588/1834/5218 1018/1835/5219 1021/1836/5220
f 1588/1834/5221 1589/1837/5222 1022/1838/5223 1018/1835/5224
f 1590/1839/5225 1591/1840/5226 1027/1841/5227 1030/1842/5228
f 1589/1837/5229 1590/1839/5230 1030/1842/5231 1022/1838/5232
f 1592/1843/5233 1593/1844/5234 1033/1845/5235 1036/1846/5236
f 1593/1844/5237 1594/1847/5238 1037/1848/5239 1033/1845/5240
f 1595/1849/5241 1596/1850/5242 1045/1851/5243 1048/1852/5244
f 1594/1847/5245 1595/1849/5246 1048/1852/5247 1037/1848/5248
f 1597/1853/5249 1598/1854/5250 1053/1855/5251 1056/1856/5252
f 1598/1854/5253 1599/1857/5254 1057/1858/5255 1053/1855/5256
f 1600/1859/5257 1601/1860/5258 1062/1861/5259 1065/1862/5260
f 1599/1857/5261 1600/1859/5262 1065/1862/5263 1057/1858/5264
f 1596/1850/5265 1602/1863/5266 1068/1864/5267 1045/1851/5268
f 1602/1863/5269 1603/1865/5270 1070/1866/5271 1068/1864/5272
f 1604/1867/5273 1572/1803/5274 966/1806/5275 1077/1868/5276
f 1603/1865/5277 1604/1867/5278 1077/1868/5279 1070/1866/5280
f 1581/1820/5281 1605/1869/5282 1080/1870/5283 992/1821/5284
f 1605/1869/5285 1606/1871/5286 1082/1872/5287 1080/1870/5288
f 1607/1873/5289 1597/1853/5290 1056/1856/5291 1087/1874/5292
f 1606/1871/5293 1607/1873/5294 1087/1874/5295 1082/1872/5296
f 1571/1800/5297 1608/1875/5298 1089/1876/5299 957/1801/5300
f 1608/1875/5301 1609/1877/5302 1091/1878/5303 1089/1876/5304
f 1610/1879/5305 1577/1813/5306 986/1816/5307 1098/1880/5308
f 1609/1877/5309 1610/1879/5310 1098/1880/5311 1091/1878/5312
f 1576/1810/5313 1611/1881/5314 1101/1882/5315 975/1811/5316
f 1611/1881/5317 1612/1883/5318 1103/1884/5319 1101/1882/5320
f 1613/1885/5321 1564/1787/5322 938/1790/5323 1108/1886/5324
f 1612/1883/5325 1613/1885/5326 1108/1886/5327 1103/1884/5328
f 1614/1887/5329 1615/1888/5330 1616/1889/5331 1117/1890/5332
f 1112/1891/5333 1617/1892/5334 1618/1893/5335 1113/1894/5336
f 1616/1889/5337 1619/1895/5338 1114/1896/5339 1117/1890/5340
f 1472/1897/5341 1620/1898/5342 1121/1899/5343 1120/1900/5344
f 1621/1901/5345 1622/1902/5346 1126/1903/5347 1129/1904/5348
f 1619/1895/5349 1621/1901/5350 1129/1904/5351 1114/1896/5352
f 1623/1905/5353 1624/1906/5354 1134/1907/5355 1137/1908/5356
f 1624/1906/5357 1625/1909/5358 1138/1910/5359 1134/1907/5360
f 1626/1911/5361 1627/1912/5362 1628/1913/5363 1629/1914/5364
f 1630/1915/5365 1467/1916/5366 1470/1917/5367 1631/1918/5368
f 1470/1917/5369 1472/1897/5370 1120/1900/5371 1631/1918/5372
f 1625/1909/5373 1632/1919/5374 1146/1920/5375 1138/1910/5376
f 1622/1902/5377 1633/1921/5378 1150/1922/5379 1126/1903/5380
f 1633/1921/5381 1634/1923/5382 1152/1924/5383 1150/1922/5384
f 1635/1925/5385 1582/1823/5386 1001/1826/5387 1159/1926/5388
f 1634/1923/5389 1635/1925/5390 1159/1926/5391 1152/1924/5392
f 1591/1840/5393 1636/1927/5394 1162/1928/5395 1027/1841/5396
f 1636/1927/5397 1637/1929/5398 1164/1930/5399 1162/1928/5400
f 1638/1931/5401 1623/1905/5402 1137/1908/5403 1169/1932/5404
f 1637/1929/5405 1638/1931/5406 1169/1932/5407 1164/1930/5408
f 1601/1860/5409 1639/1933/5410 1171/1934/5411 1062/1861/5412
f 1639/1933/5413 1640/1935/5414 1173/1936/5415 1171/1934/5416
f 1641/1937/5417 1587/1833/5418 1021/1836/5419 1180/1938/5420
f 1640/1935/5421 1641/1937/5422 1180/1938/5423 1173/1936/5424
f 1586/1830/5425 1642/1939/5426 1183/1940/5427 1010/1831/5428
f 1642/1939/5429 1643/1941/5430 1185/1942/5431 1183/1940/5432
f 1644/1943/5433 1592/1843/5434 1036/1846/5435 1190/1944/5436
f 1643/1941/5437 1644/1943/5438 1190/1944/5439 1185/1942/5440
f 1117/1285/5441 1116/1284/5442 1645/1945/5443 1614/1946/5444
f 1124/1292/5445 1123/1291/5446 1148/1316/5447 1646/1947/5448
f 1626/1948/5449 1647/1949/5450 1144/1312/5451 1143/1311/5452
f 1648/1950/5453 1119/1287/5454 1148/1316/5455 1147/1315/5456
f 1649/1951/5457 1650/1952/5458 1651/1953/5459 1615/1954/5460
f 1652/1955/5461 1471/1639/5462 1452/1620/5463 1448/1616/5464
f 1632/1956/5465 1653/1957/5466 1654/1958/5467 1655/1959/5468
f 1474/1642/5469 1453/1621/5470 1452/1620/5471 1656/1960/5472
f 1110/1961/5473 1649/1962/5474 1615/1888/5475 1614/1887/5476
f 1146/1920/5477 1632/1919/5478 1655/1963/5479 1143/1964/5480
f 787/955/5481 1657/1965/5482 1658/1966/5483 1659/1967/5484
f 788/956/5485 787/955/5486 1659/1967/5487 1660/1968/5488
f 794/962/5489 793/961/5490 1661/1969/5491 1662/1970/5492
f 793/961/5493 788/956/5494 1660/1968/5495 1661/1969/5496
f 815/983/5497 794/962/5498 1662/1970/5499 1663/1971/5500
f 816/984/5501 815/983/5502 1663/1971/5503 1664/1972/5504
f 822/990/5505 821/989/5506 1665/1973/5507 1666/1974/5508
f 821/989/5509 816/984/5510 1664/1972/5511 1665/1973/5512
f 843/1011/5513 822/990/5514 1666/1974/5515 1667/1975/5516
f 844/1012/5517 843/1011/5518 1667/1975/5519 1668/1976/5520
f 850/1018/5521 849/1017/5522 1669/1977/5523 1670/1978/5524
f 849/1017/5525 844/1012/5526 1668/1976/5527 1669/1977/5528
f 871/1039/5529 850/1018/5530 1670/1978/5531 1671/1979/5532
f 872/1040/5533 871/1039/5534 1671/1979/5535 1672/1980/5536
f 878/1046/5537 877/1045/5538 1673/1981/5539 1674/1982/5540
f 877/1045/5541 872/1040/5542 1672/1980/5543 1673/1981/5544
f 899/1067/5545 878/1046/5546 1674/1982/5547 1675/1983/5548
f 900/1068/5549 899/1067/5550 1675/1983/5551 1676/1984/5552
f 906/1074/5553 905/1073/5554 1677/1985/5555 1678/1986/5556
f 905/1073/5557 900/1068/5558 1676/1984/5559 1677/1985/5560
f 927/1095/5561 906/1074/5562 1678/1986/5563 1679/1987/5564
f 928/1096/5565 927/1095/5566 1679/1987/5567 1680/1988/5568
f 934/1102/5569 933/1101/5570 1681/1989/5571 1682/1990/5572
f 933/1101/5573 928/1096/5574 1680/1988/5575 1681/1989/5576
f 1683/1991/5577 955/1123/5578 934/1102/5579 1682/1990/5580
f 1684/1992/5581 956/1124/5582 955/1123/5583 1683/1991/5584
f 1685/1993/5585 962/1130/5586 961/1129/5587 1686/1994/5588
f 1686/1994/5589 961/1129/5590 956/1124/5591 1684/1992/5592
f 1687/1995/5593 990/1158/5594 989/1157/5595 1688/1996/5596
f 1689/1997/5597 991/1159/5598 990/1158/5599 1687/1995/5600
f 1690/1998/5601 997/1165/5602 996/1164/5603 1691/1999/5604
f 1691/1999/5605 996/1164/5606 991/1159/5607 1689/1997/5608
f 1025/1193/5609 1024/1192/5610 1692/2000/5611 1693/2001/5612
f 1026/1194/5613 1025/1193/5614 1693/2001/5615 1694/2002/5616
f 1032/1200/5617 1031/1199/5618 1695/2003/5619 1696/2004/5620
f 1031/1199/5621 1026/1194/5622 1694/2002/5623 1695/2003/5624
f 1697/2005/5625 1060/1228/5626 1059/1227/5627 1698/2006/5628
f 1699/2007/5629 1061/1229/5630 1060/1228/5631 1697/2005/5632
f 1067/1235/5633 1066/1234/5634 1700/2008/5635 1701/2009/5636
f 1066/1234/5637 1061/1229/5638 1699/2007/5639 1700/2008/5640
f 1702/2010/5641 1084/1252/5642 997/1165/5643 1690/1998/5644
f 1703/2011/5645 1085/1253/5646 1084/1252/5647 1702/2010/5648
f 1698/2006/5649 1059/1227/5650 1088/1256/5651 1704/2012/5652
f 1704/2012/5653 1088/1256/5654 1085/1253/5655 1703/2011/5656
f 1705/2013/5657 1094/1262/5658 962/1130/5659 1685/1993/5660
f 1706/2014/5661 1096/1264/5662 1094/1262/5663 1705/2013/5664
f 1688/1996/5665 989/1157/5666 1100/1268/5667 1707/2015/5668
f 1707/2015/5669 1100/1268/5670 1096/1264/5671 1706/2014/5672
f 1141/1309/5673 1140/1308/5674 1708/2016/5675 1709/2017/5676
f 1142/1310/5677 1141/1309/5678 1709/2017/5679 1710/2018/5680
f 1147/1315/5681 1149/1317/5682 1711/2019/5683 1712/2020/5684
f 1149/1317/5685 1142/1310/5686 1710/2018/5687 1711/2019/5688
f 1166/1334/5689 1032/1200/5690 1696/2004/5691 1713/2021/5692
f 1167/1335/5693 1166/1334/5694 1713/2021/5695 1714/2022/5696
f 1140/1308/5697 1170/1338/5698 1715/2023/5699 1708/2016/5700
f 1170/1338/5701 1167/1335/5702 1714/2022/5703 1715/2023/5704
f 1176/1344/5705 1067/1235/5706 1701/2009/5707 1716/2024/5708
f 1178/1346/5709 1176/1344/5710 1716/2024/5711 1717/2025/5712
f 1024/1192/5713 1182/1350/5714 1718/2026/5715 1692/2000/5716
f 1182/1350/5717 1178/1346/5718 1717/2025/5719 1718/2026/5720
f 1719/2027/5721 1720/2028/5722 1211/1379/5723 1210/1378/5724
f 1721/2029/5725 1719/2027/5726 1210/1378/5727 1214/1382/5728
f 1722/2030/5729 1723/2031/5730 1218/1386/5731 1217/1385/5732
f 1723/2031/5733 1721/2029/5734 1214/1382/5735 1218/1386/5736
f 1724/2032/5737 1722/2030/5738 1217/1385/5739 1233/1401/5740
f 1235/1403/5741 1725/2033/5742 1724/2032/5743 1233/1401/5744
f 1238/1406/5745 1726/2034/5746 1727/2035/5747 1239/1407/5748
f 1239/1407/5749 1727/2035/5750 1725/2033/5751 1235/1403/5752
f 1254/1422/5753 1728/2036/5754 1726/2034/5755 1238/1406/5756
f 1256/1424/5757 1729/2037/5758 1728/2036/5759 1254/1422/5760
f 1258/1426/5761 1730/2038/5762 1731/2039/5763 1259/1427/5764
f 1259/1427/5765 1731/2039/5766 1729/2037/5767 1256/1424/5768
f 1274/1442/5769 1732/2040/5770 1730/2038/5771 1258/1426/5772
f 1276/1444/5773 1733/2041/5774 1732/2040/5775 1274/1442/5776
f 1278/1446/5777 1734/2042/5778 1735/2043/5779 1279/1447/5780
f 1279/1447/5781 1735/2043/5782 1733/2041/5783 1276/1444/5784
f 1294/1462/5785 1736/2044/5786 1734/2042/5787 1278/1446/5788
f 1296/1464/5789 1737/2045/5790 1736/2044/5791 1294/1462/5792
f 1298/1466/5793 1738/2046/5794 1739/2047/5795 1299/1467/5796
f 1299/1467/5797 1739/2047/5798 1737/2045/5799 1296/1464/5800
f 1314/1482/5801 1740/2048/5802 1738/2046/5803 1298/1466/5804
f 1315/1483/5805 1741/2049/5806 1740/2048/5807 1314/1482/5808
f 1742/2050/5809 1743/2051/5810 1318/1486/5811 1317/1485/5812
f 1743/2051/5813 1741/2049/5814 1315/1483/5815 1318/1486/5816
f 1744/2052/5817 1742/2050/5818 1317/1485/5819 1333/1501/5820
f 1745/2053/5821 1744/2052/5822 1333/1501/5823 1335/1503/5824
f 1746/2054/5825 1747/2055/5826 1338/1506/5827 1337/1505/5828
f 1747/2055/5829 1745/2053/5830 1335/1503/5831 1338/1506/5832
f 1748/2056/5833 1749/2057/5834 1357/1525/5835 1356/1524/5836
f 1750/2058/5837 1748/2056/5838 1356/1524/5839 1360/1528/5840
f 1751/2059/5841 1752/2060/5842 1363/1531/5843 1362/1530/5844
f 1752/2060/5845 1750/2058/5846 1360/1528/5847 1363/1531/5848
f 1753/2061/5849 1754/2062/5850 1382/1550/5851 1381/1549/5852
f 1755/2063/5853 1753/2061/5854 1381/1549/5855 1385/1553/5856
f 1756/2064/5857 1757/2065/5858 1388/1556/5859 1387/1555/5860
f 1757/2065/5861 1755/2063/5862 1385/1553/5863 1388/1556/5864
f 1758/2066/5865 1759/2067/5866 1407/1575/5867 1406/1574/5868
f 1760/2068/5869 1758/2066/5870 1406/1574/5871 1410/1578/5872
f 1761/2069/5873 1762/2070/5874 1413/1581/5875 1412/1580/5876
f 1762/2070/5877 1760/2068/5878 1410/1578/5879 1413/1581/5880
f 1763/2071/5881 1751/2059/5882 1362/1530/5883 1425/1593/5884
f 1764/2072/5885 1763/2071/5886 1425/1593/5887 1427/1595/5888
f 1759/2067/5889 1765/2073/5890 1429/1597/5891 1407/1575/5892
f 1765/2073/5893 1764/2072/5894 1427/1595/5895 1429/1597/5896
f 1766/2074/5897 1746/2054/5898 1337/1505/5899 1431/1599/5900
f 1767/2075/5901 1766/2074/5902 1431/1599/5903 1433/1601/5904
f 1749/2057/5905 1768/2076/5906 1437/1605/5907 1357/1525/5908
f 1768/2076/5909 1767/2075/5910 1433/1601/5911 1437/1605/5912
f 1769/2077/5913 1770/2078/5914 1462/1630/5915 1461/1629/5916
f 1771/2079/5917 1769/2077/5918 1461/1629/5919 1465/1633/5920
f 1772/2080/5921 1773/2081/5922 1468/1636/5923 1467/1635/5924
f 1653/1957/5925 1771/2079/5926 1465/1633/5927 1473/1641/5928
f 1774/2082/5929 1756/2064/5930 1387/1555/5931 1484/1652/5932
f 1775/2083/5933 1774/2082/5934 1484/1652/5935 1486/1654/5936
f 1770/2078/5937 1776/2084/5938 1488/1656/5939 1462/1630/5940
f 1776/2084/5941 1775/2083/5942 1486/1654/5943 1488/1656/5944
f 1777/2085/5945 1761/2069/5946 1412/1580/5947 1490/1658/5948
f 1778/2086/5949 1777/2085/5950 1490/1658/5951 1492/1660/5952
f 1754/2062/5953 1779/2087/5954 1496/1664/5955 1382/1550/5956
f 1779/2087/5957 1778/2086/5958 1492/1660/5959 1496/1664/5960
f 786/1702/5961 1521/1701/5962 1780/2088/5963 1781/2089/5964
f 1782/2090/5965 1772/2091/5966 1467/2092/5967 1630/2093/5968
f 1631/2094/5969 1648/1950/5970 1783/2095/5971 1630/2096/5972
f 1474/1642/5973 1656/1960/5974 1784/2097/5975 1473/1641/5976
f 781/949/5977 1659/1967/5978 1658/1966/5979 1785/2098/5980
f 1660/1968/5981 1659/1967/5982 781/949/5983 780/948/5984
f 1662/1970/5985 1661/1969/5986 791/959/5987 790/958/5988
f 1661/1969/5989 1660/1968/5990 780/948/5991 791/959/5992
f 1663/1971/5993 1662/1970/5994 790/958/5995 812/980/5996
f 1664/1972/5997 1663/1971/5998 812/980/5999 814/982/6000
f 1666/1974/6001 1665/1973/6002 819/987/6003 818/986/6004
f 1665/1973/6005 1664/1972/6006 814/982/6007 819/987/6008
f 1667/1975/6009 1666/1974/6010 818/986/6011 840/1008/6012
f 1668/1976/6013 1667/1975/6014 840/1008/6015 842/1010/6016
f 1670/1978/6017 1669/1977/6018 847/1015/6019 846/1014/6020
f 1669/1977/6021 1668/1976/6022 842/1010/6023 847/1015/6024
f 1671/1979/6025 1670/1978/6026 846/1014/6027 868/1036/6028
f 1672/1980/6029 1671/1979/6030 868/1036/6031 870/1038/6032
f 1674/1982/6033 1673/1981/6034 875/1043/6035 874/1042/6036
f 1673/1981/6037 1672/1980/6038 870/1038/6039 875/1043/6040
f 1675/1983/6041 1674/1982/6042 874/1042/6043 896/1064/6044
f 1676/1984/6045 1675/1983/6046 896/1064/6047 898/1066/6048
f 1678/1986/6049 1677/1985/6050 903/1071/6051 902/1070/6052
f 1677/1985/6053 1676/1984/6054 898/1066/6055 903/1071/6056
f 1679/1987/6057 1678/1986/6058 902/1070/6059 924/1092/6060
f 1680/1988/6061 1679/1987/6062 924/1092/6063 926/1094/6064
f 930/1098/6065 1682/1990/6066 1681/1989/6067 931/1099/6068
f 1681/1989/6069 1680/1988/6070 926/1094/6071 931/1099/6072
f 952/1120/6073 1683/1991/6074 1682/1990/6075 930/1098/6076
f 954/1122/6077 1684/1992/6078 1683/1991/6079 952/1120/6080
f 958/1126/6081 1685/1993/6082 1686/1994/6083 959/1127/6084
f 959/1127/6085 1686/1994/6086 1684/1992/6087 954/1122/6088
f 1687/1995/6089 1688/1996/6090 985/1153/6091 984/1152/6092
f 1689/1997/6093 1687/1995/6094 984/1152/6095 988/1156/6096
f 1690/1998/6097 1691/1999/6098 994/1162/6099 993/1161/6100
f 1691/1999/6101 1689/1997/6102 988/1156/6103 994/1162/6104
f 1693/2001/6105 1692/2000/6106 1020/1188/6107 1019/1187/6108
f 1694/2002/6109 1693/2001/6110 1019/1187/6111 1023/1191/6112
f 1696/2004/6113 1695/2003/6114 1029/1197/6115 1028/1196/6116
f 1695/2003/6117 1694/2002/6118 1023/1191/6119 1029/1197/6120
f 1697/2005/6121 1698/2006/6122 1055/1223/6123 1054/1222/6124
f 1699/2007/6125 1697/2005/6126 1054/1222/6127 1058/1226/6128
f 1701/2009/6129 1700/2008/6130 1064/1232/6131 1063/1231/6132
f 1700/2008/6133 1699/2007/6134 1058/1226/6135 1064/1232/6136
f 1702/2010/6137 1690/1998/6138 993/1161/6139 1081/1249/6140
f 1703/2011/6141 1702/2010/6142 1081/1249/6143 1083/1251/6144
f 1698/2006/6145 1704/2012/6146 1086/1254/6147 1055/1223/6148
f 1704/2012/6149 1703/2011/6150 1083/1251/6151 1086/1254/6152
f 1090/1258/6153 1705/2013/6154 1685/1993/6155 958/1126/6156
f 1092/1260/6157 1706/2014/6158 1705/2013/6159 1090/1258/6160
f 1688/1996/6161 1707/2015/6162 1097/1265/6163 985/1153/6164
f 1707/2015/6165 1706/2014/6166 1092/1260/6167 1097/1265/6168
f 1709/2017/6169 1708/2016/6170 1136/1304/6171 1135/1303/6172
f 1710/2018/6173 1709/2017/6174 1135/1303/6175 1139/1307/6176
f 1712/2020/6177 1711/2019/6178 1145/1313/6179 1144/1312/6180
f 1711/2019/6181 1710/2018/6182 1139/1307/6183 1145/1313/6184
f 1713/2021/6185 1696/2004/6186 1028/1196/6187 1163/1331/6188
f 1714/2022/6189 1713/2021/6190 1163/1331/6191 1165/1333/6192
f 1708/2016/6193 1715/2023/6194 1168/1336/6195 1136/1304/6196
f 1715/2023/6197 1714/2022/6198 1165/1333/6199 1168/1336/6200
f 1716/2024/6201 1701/2009/6202 1063/1231/6203 1172/1340/6204
f 1717/2025/6205 1716/2024/6206 1172/1340/6207 1174/1342/6208
f 1692/2000/6209 1718/2026/6210 1179/1347/6211 1020/1188/6212
f 1718/2026/6213 1717/2025/6214 1174/1342/6215 1179/1347/6216
f 776/1696/6217 1781/2089/6218 1780/2088/6219 1518/1697/6220
f 1630/2096/6221 1783/2095/6222 1647/1949/6223 1782/2099/6224
f 1653/1957/6225 1473/1641/6226 1784/2097/6227 1654/1958/6228
f 1517/2100/6229 1516/2101/6230 1720/2028/6231 1719/2027/6232
f 1520/2102/6233 1517/2100/6234 1719/2027/6235 1721/2029/6236
f 1523/2103/6237 1522/2104/6238 1723/2031/6239 1722/2030/6240
f 1522/2104/6241 1520/2102/6242 1721/2029/6243 1723/2031/6244
f 1528/2105/6245 1523/2103/6246 1722/2030/6247 1724/2032/6248
f 1529/2106/6249 1528/2105/6250 1724/2032/6251 1725/2033/6252
f 1531/2107/6253 1530/2108/6254 1727/2035/6255 1726/2034/6256
f 1530/2108/6257 1529/2106/6258 1725/2033/6259 1727/2035/6260
f 1536/2109/6261 1531/2107/6262 1726/2034/6263 1728/2036/6264
f 1537/2110/6265 1536/2109/6266 1728/2036/6267 1729/2037/6268
f 1539/2111/6269 1538/2112/6270 1731/2039/6271 1730/2038/6272
f 1538/2112/6273 1537/2110/6274 1729/2037/6275 1731/2039/6276
f 1544/2113/6277 1539/2111/6278 1730/2038/6279 1732/2040/6280
f 1545/2114/6281 1544/2113/6282 1732/2040/6283 1733/2041/6284
f 1547/2115/6285 1546/2116/6286 1735/2043/6287 1734/2042/6288
f 1546/2116/6289 1545/2114/6290 1733/2041/6291 1735/2043/6292
f 1552/2117/6293 1547/2115/6294 1734/2042/6295 1736/2044/6296
f 1553/2118/6297 1552/2117/6298 1736/2044/6299 1737/2045/6300
f 1555/2119/6301 1554/2120/6302 1739/2047/6303 1738/2046/6304
f 1554/2120/6305 1553/2118/6306 1737/2045/6307 1739/2047/6308
f 1560/2121/6309 1555/2119/6310 1738/2046/6311 1740/2048/6312
f 1561/2122/6313 1560/2121/6314 1740/2048/6315 1741/2049/6316
f 1563/2123/6317 1562/2124/6318 1743/2051/6319 1742/2050/6320
f 1562/2124/6321 1561/2122/6322 1741/2049/6323 1743/2051/6324
f 1568/2125/6325 1563/2123/6326 1742/2050/6327 1744/2052/6328
f 1569/2126/6329 1568/2125/6330 1744/2052/6331 1745/2053/6332
f 1571/2127/6333 1570/2128/6334 1747/2055/6335 1746/2054/6336
f 1570/2128/6337 1569/2126/6338 1745/2053/6339 1747/2055/6340
f 1578/2129/6341 1577/2130/6342 1749/2057/6343 1748/2056/6344
f 1579/2131/6345 1578/2129/6346 1748/2056/6347 1750/2058/6348
f 1581/2132/6349 1580/2133/6350 1752/2060/6351 1751/2059/6352
f 1580/2133/6353 1579/2131/6354 1750/2058/6355 1752/2060/6356
f 1588/2134/6357 1587/2135/6358 1754/2062/6359 1753/2061/6360
f 1589/2136/6361 1588/2134/6362 1753/2061/6363 1755/2063/6364
f 1591/2137/6365 1590/2138/6366 1757/2065/6367 1756/2064/6368
f 1590/2138/6369 1589/2136/6370 1755/2063/6371 1757/2065/6372
f 1598/2139/6373 1597/2140/6374 1759/2067/6375 1758/2066/6376
f 1599/2141/6377 1598/2139/6378 1758/2066/6379 1760/2068/6380
f 1601/2142/6381 1600/2143/6382 1762/2070/6383 1761/2069/6384
f 1600/2143/6385 1599/2141/6386 1760/2068/6387 1762/2070/6388
f 1605/2144/6389 1581/2132/6390 1751/2059/6391 1763/2071/6392
f 1606/2145/6393 1605/2144/6394 1763/2071/6395 1764/2072/6396
f 1597/2140/6397 1607/2146/6398 1765/2073/6399 1759/2067/6400
f 1607/2146/6401 1606/2145/6402 1764/2072/6403 1765/2073/6404
f 1608/2147/6405 1571/2127/6406 1746/2054/6407 1766/2074/6408
f 1609/2148/6409 1608/2147/6410 1766/2074/6411 1767/2075/6412
f 1577/2130/6413 1610/2149/6414 1768/2076/6415 1749/2057/6416
f 1610/2149/6417 1609/2148/6418 1767/2075/6419 1768/2076/6420
f 1624/2150/6421 1623/2151/6422 1770/2078/6423 1769/2077/6424
f 1625/2152/6425 1624/2150/6426 1769/2077/6427 1771/2079/6428
f 1627/2153/6429 1773/2081/6430 1772/2080/6431 1628/2154/6432
f 1632/1956/6433 1625/2152/6434 1771/2079/6435 1653/1957/6436
f 1636/2155/6437 1591/2137/6438 1756/2064/6439 1774/2082/6440
f 1637/2156/6441 1636/2155/6442 1774/2082/6443 1775/2083/6444
f 1623/2151/6445 1638/2157/6446 1776/2084/6447 1770/2078/6448
f 1638/2157/6449 1637/2156/6450 1775/2083/6451 1776/2084/6452
f 1639/2158/6453 1601/2142/6454 1761/2069/6455 1777/2085/6456
f 1640/2159/6457 1639/2158/6458 1777/2085/6459 1778/2086/6460
f 1587/2135/6461 1641/2160/6462 1779/2087/6463 1754/2062/6464
f 1641/2160/6465 1640/2159/6466 1778/2086/6467 1779/2087/6468
f 1629/2161/6469 1628/2162/6470 1772/2091/6471 1782/2090/6472
f 1614/1946/6473 1645/1945/6474 1111/1279/6475 1110/1278/6476
f 1646/1947/6477 1148/1316/6478 1119/1287/6479 1118/1286/6480
f 1784/2097/6481 1656/1960/6482 1469/1637/6483 1468/1636/6484
f 1656/1960/6485 1452/1620/6486 1471/1639/6487 1469/1637/6488
f 1143/1964/6489 1655/1963/6490 1627/1912/6491 1626/1911/6492
f 1782/2099/6493 1647/1949/6494 1626/1948/6495 1629/2163/6496
f 1631/2094/6497 1120/1288/6498 1119/1287/6499 1648/1950/6500
f 1649/1951/6501 1618/2164/6502 1617/2165/6503 1650/1952/6504
f 1620/2166/6505 1472/1640/6506 1471/1639/6507 1652/1955/6508
f 1113/2167/6509 1618/2168/6510 1649/1962/6511 1110/1961/6512
f 1654/1958/6513 1784/2097/6514 1468/1636/6515 1773/2081/6516
f 1147/1315/6517 1712/2020/6518 1783/2095/6519 1648/1950/6520
f 1783/2095/6521 1712/2020/6522 1144/1312/6523 1647/1949/6524
f 1655/1959/6525 1654/1958/6526 1773/2081/6527 1627/2153/6528
f 1786/2169/6529 764/932/6530 763/931/6531 1787/2170/6532
f 1788/2171/6533 766/934/6534 764/932/6535 1786/2169/6536
f 1513/2172/6537 1789/2173/6538 1790/2174/6539 1512/2175/6540
f 1791/2176/6541 774/942/6542 766/934/6543 1788/2171/6544
f 804/972/6545 803/971/6546 1792/2177/6547 1793/2178/6548
f 806/974/6549 804/972/6550 1793/2178/6551 1794/2179/6552
f 1787/2170/6553 763/931/6554 810/978/6555 1795/2180/6556
f 810/978/6557 806/974/6558 1794/2179/6559 1795/2180/6560
f 832/1000/6561 831/999/6562 1796/2181/6563 1797/2182/6564
f 834/1002/6565 832/1000/6566 1797/2182/6567 1798/2183/6568
f 803/971/6569 838/1006/6570 1799/2184/6571 1792/2177/6572
f 838/1006/6573 834/1002/6574 1798/2183/6575 1799/2184/6576
f 860/1028/6577 859/1027/6578 1800/2185/6579 1801/2186/6580
f 862/1030/6581 860/1028/6582 1801/2186/6583 1802/2187/6584
f 831/999/6585 866/1034/6586 1803/2188/6587 1796/2181/6588
f 866/1034/6589 862/1030/6590 1802/2187/6591 1803/2188/6592
f 888/1056/6593 887/1055/6594 1804/2189/6595 1805/2190/6596
f 890/1058/6597 888/1056/6598 1805/2190/6599 1806/2191/6600
f 859/1027/6601 894/1062/6602 1807/2192/6603 1800/2185/6604
f 894/1062/6605 890/1058/6606 1806/2191/6607 1807/2192/6608
f 916/1084/6609 915/1083/6610 1808/2193/6611 1809/2194/6612
f 918/1086/6613 916/1084/6614 1809/2194/6615 1810/2195/6616
f 887/1055/6617 922/1090/6618 1811/2196/6619 1804/2189/6620
f 922/1090/6621 918/1086/6622 1810/2195/6623 1811/2196/6624
f 1812/2197/6625 944/1112/6626 943/1111/6627 1813/2198/6628
f 1814/2199/6629 946/1114/6630 944/1112/6631 1812/2197/6632
f 1808/2193/6633 915/1083/6634 950/1118/6635 1815/2200/6636
f 1815/2200/6637 950/1118/6638 946/1114/6639 1814/2199/6640
f 1816/2201/6641 972/1140/6642 971/1139/6643 1817/2202/6644
f 1818/2203/6645 974/1142/6646 972/1140/6647 1816/2201/6648
f 1819/2204/6649 982/1150/6650 981/1149/6651 1820/2205/6652
f 1820/2205/6653 981/1149/6654 974/1142/6655 1818/2203/6656
f 1007/1175/6657 1006/1174/6658 1821/2206/6659 1822/2207/6660
f 1009/1177/6661 1007/1175/6662 1822/2207/6663 1823/2208/6664
f 1017/1185/6665 1016/1184/6666 1824/2209/6667 1825/2210/6668
f 1016/1184/6669 1009/1177/6670 1823/2208/6671 1824/2209/6672
f 1042/1210/6673 1041/1209/6674 1826/2211/6675 1827/2212/6676
f 1044/1212/6677 1042/1210/6678 1827/2212/6679 1828/2213/6680
f 1829/2214/6681 1052/1220/6682 1051/1219/6683 1830/2215/6684
f 1830/2215/6685 1051/1219/6686 1044/1212/6687 1828/2213/6688
f 1831/2216/6689 1073/1241/6690 1052/1220/6691 1829/2214/6692
f 1832/2217/6693 1075/1243/6694 1073/1241/6695 1831/2216/6696
f 1817/2202/6697 971/1139/6698 1079/1247/6699 1833/2218/6700
f 1833/2218/6701 1079/1247/6702 1075/1243/6703 1832/2217/6704
f 1834/2219/6705 1105/1273/6706 982/1150/6707 1819/2204/6708
f 1835/2220/6709 1106/1274/6710 1105/1273/6711 1834/2219/6712
f 1813/2198/6713 943/1111/6714 1109/1277/6715 1836/2221/6716
f 1836/2221/6717 1109/1277/6718 1106/1274/6719 1835/2220/6720
f 1118/1286/6721 1121/1289/6722 1837/2222/6723 1838/2223/6724
f 1125/1293/6725 1124/1292/6726 1839/2224/6727 1840/2225/6728
f 1133/1301/6729 1132/1300/6730 1841/2226/6731 1842/2227/6732
f 1132/1300/6733 1125/1293/6734 1840/2225/6735 1841/2226/6736
f 1155/1323/6737 1133/1301/6738 1842/2227/6739 1843/2228/6740
f 1157/1325/6741 1155/1323/6742 1843/2228/6743 1844/2229/6744
f 1006/1174/6745 1161/1329/6746 1845/2230/6747 1821/2206/6748
f 1161/1329/6749 1157/1325/6750 1844/2229/6751 1845/2230/6752
f 1187/1355/6753 1017/1185/6754 1825/2210/6755 1846/2231/6756
f 1188/1356/6757 1187/1355/6758 1846/2231/6759 1847/2232/6760
f 1041/1209/6761 1191/1359/6762 1848/2233/6763 1826/2211/6764
f 1191/1359/6765 1188/1356/6766 1847/2232/6767 1848/2233/6768
f 1849/2234/6769 1850/2235/6770 1193/1361/6771 1192/1360/6772
f 1851/2236/6773 1849/2234/6774 1192/1360/6775 1196/1364/6776
f 1852/2237/6777 1853/2238/6778 1202/1370/6779 1201/1369/6780
f 1854/2239/6781 1851/2236/6782 1196/1364/6783 1207/1375/6784
f 1855/2240/6785 1856/2241/6786 1222/1390/6787 1221/1389/6788
f 1857/2242/6789 1855/2240/6790 1221/1389/6791 1225/1393/6792
f 1850/2235/6793 1858/2243/6794 1230/1398/6795 1193/1361/6796
f 1858/2243/6797 1857/2242/6798 1225/1393/6799 1230/1398/6800
f 1242/1410/6801 1859/2244/6802 1860/2245/6803 1243/1411/6804
f 1246/1414/6805 1861/2246/6806 1859/2244/6807 1242/1410/6808
f 1856/2241/6809 1862/2247/6810 1250/1418/6811 1222/1390/6812
f 1250/1418/6813 1862/2247/6814 1861/2246/6815 1246/1414/6816
f 1262/1430/6817 1863/2248/6818 1864/2249/6819 1263/1431/6820
f 1266/1434/6821 1865/2250/6822 1863/2248/6823 1262/1430/6824
f 1243/1411/6825 1860/2245/6826 1866/2251/6827 1270/1438/6828
f 1270/1438/6829 1866/2251/6830 1865/2250/6831 1266/1434/6832
f 1282/1450/6833 1867/2252/6834 1868/2253/6835 1283/1451/6836
f 1286/1454/6837 1869/2254/6838 1867/2252/6839 1282/1450/6840
f 1263/1431/6841 1864/2249/6842 1870/2255/6843 1290/1458/6844
f 1290/1458/6845 1870/2255/6846 1869/2254/6847 1286/1454/6848
f 1871/2256/6849 1872/2257/6850 1302/1470/6851 1301/1469/6852
f 1873/2258/6853 1871/2256/6854 1301/1469/6855 1305/1473/6856
f 1283/1451/6857 1868/2253/6858 1874/2259/6859 1310/1478/6860
f 1310/1478/6861 1874/2259/6862 1873/2258/6863 1305/1473/6864
f 1875/2260/6865 1876/2261/6866 1322/1490/6867 1321/1489/6868
f 1877/2262/6869 1875/2260/6870 1321/1489/6871 1325/1493/6872
f 1872/2257/6873 1878/2263/6874 1330/1498/6875 1302/1470/6876
f 1878/2263/6877 1877/2262/6878 1325/1493/6879 1330/1498/6880
f 1879/2264/6881 1880/2265/6882 1342/1510/6883 1341/1509/6884
f 1881/2266/6885 1879/2264/6886 1341/1509/6887 1345/1513/6888
f 1882/2267/6889 1883/2268/6890 1351/1519/6891 1350/1518/6892
f 1883/2268/6893 1881/2266/6894 1345/1513/6895 1351/1519/6896
f 1884/2269/6897 1885/2270/6898 1367/1535/6899 1366/1534/6900
f 1886/2271/6901 1884/2269/6902 1366/1534/6903 1370/1538/6904
f 1887/2272/6905 1888/2273/6906 1376/1544/6907 1375/1543/6908
f 1888/2273/6909 1886/2271/6910 1370/1538/6911 1376/1544/6912
f 1889/2274/6913 1890/2275/6914 1392/1560/6915 1391/1559/6916
f 1891/2276/6917 1889/2274/6918 1391/1559/6919 1395/1563/6920
f 1892/2277/6921 1893/2278/6922 1401/1569/6923 1400/1568/6924
f 1893/2278/6925 1891/2276/6926 1395/1563/6927 1401/1569/6928
f 1894/2279/6929 1892/2277/6930 1400/1568/6931 1416/1584/6932
f 1895/2280/6933 1894/2279/6934 1416/1584/6935 1418/1586/6936
f 1880/2265/6937 1896/2281/6938 1422/1590/6939 1342/1510/6940
f 1896/2281/6941 1895/2280/6942 1418/1586/6943 1422/1590/6944
f 1897/2282/6945 1882/2267/6946 1350/1518/6947 1440/1608/6948
f 1898/2283/6949 1897/2282/6950 1440/1608/6951 1442/1610/6952
f 1876/2261/6953 1899/2284/6954 1444/1612/6955 1322/1490/6956
f 1899/2284/6957 1898/2283/6958 1442/1610/6959 1444/1612/6960
f 1900/2285/6961 1651/1953/6962 1447/1615/6963 1446/1614/6964
f 1901/2286/6965 1900/2285/6966 1446/1614/6967 1450/1618/6968
f 1902/2287/6969 1903/2288/6970 1456/1624/6971 1455/1623/6972
f 1903/2288/6973 1901/2286/6974 1450/1618/6975 1456/1624/6976
f 1904/2289/6977 1902/2287/6978 1455/1623/6979 1475/1643/6980
f 1905/2290/6981 1904/2289/6982 1475/1643/6983 1477/1645/6984
f 1885/2270/6985 1906/2291/6986 1481/1649/6987 1367/1535/6988
f 1906/2291/6989 1905/2290/6990 1477/1645/6991 1481/1649/6992
f 1907/2292/6993 1887/2272/6994 1375/1543/6995 1499/1667/6996
f 1908/2293/6997 1907/2292/6998 1499/1667/6999 1501/1669/7000
f 1890/2275/7001 1909/2294/7002 1503/1671/7003 1392/1560/7004
f 1909/2294/7005 1908/2293/7006 1501/1669/7007 1503/1671/7008
f 1910/2295/7009 1852/2296/7010 1201/1684/7011 1512/1683/7012
f 1121/1899/7013 1620/1898/7014 1911/2297/7015 1837/2298/7016
f 1124/1292/7017 1646/1947/7018 1912/2299/7019 1839/2224/7020
f 1652/1955/7021 1448/1616/7022 1447/1615/7023 1913/2300/7024
f 1646/1947/7025 1118/1286/7026 1838/2223/7027 1912/2299/7028
f 1620/2166/7029 1652/1955/7030 1913/2300/7031 1911/2301/7032
f 1508/2302/7033 1914/2303/7034 768/936/7035 767/935/7036
f 1789/2173/7037 784/952/7038 772/940/7039 771/939/7040
f 782/950/7041 781/949/7042 1785/2098/7043 1515/2304/7044
f 787/955/7045 773/941/7046 772/940/7047 1657/1965/7048
f 1207/1375/7049 1208/1376/7050 1915/2305/7051 1916/2306/7052
f 1208/1376/7053 1209/1377/7054 1216/1384/7055 1915/2305/7056
f 1917/2307/7057 1918/2308/7058 1212/1380/7059 1211/1379/7060
f 1918/2308/7061 1205/1373/7062 1216/1384/7063 1212/1380/7064
f 770/1690/7065 1514/1689/7066 1919/2309/7067 767/2310/7068
f 778/2311/7069 1920/2312/7070 1516/1692/7071 1515/1691/7072
f 783/951/7073 1921/2313/7074 1658/1966/7075 1657/1965/7076
f 1720/2028/7077 1922/2314/7078 1917/2307/7079 1211/1379/7080
f 1921/2313/7081 775/943/7082 1785/2098/7083 1658/1966/7084
f 1920/2315/7085 1922/2314/7086 1720/2028/7087 1516/2101/7088
f 774/942/7089 1791/2176/7090 1923/2316/7091 771/939/7092
f 1514/2317/7093 1854/2239/7094 1924/2318/7095 1919/2319/7096
f 1515/2304/7097 1785/2098/7098 775/943/7099 778/946/7100
f 1657/1965/7101 772/940/7102 784/952/7103 783/951/7104
f 1916/2306/7105 1915/2305/7106 1203/1371/7107 1202/1370/7108
f 1915/2305/7109 1216/1384/7110 1205/1373/7111 1203/1371/7112
f 767/2310/7113 1919/2309/7114 1509/1680/7115 1508/1679/7116
f 771/939/7117 1923/2316/7118 1790/2174/7119 1789/2173/7120
f 1919/2319/7121 1924/2318/7122 1853/2238/7123 1509/2320/7124
f 1511/2321/7125 1910/2322/7126 1914/2303/7127 1508/2302/7128
f 1513/2172/7129 785/953/7130 784/952/7131 1789/2173/7132
f 1780/2323/7133 1521/2324/7134 1918/2308/7135 1917/2307/7136
f 1521/2324/7137 1206/1374/7138 1205/1373/7139 1918/2308/7140
f 777/2325/7141 1519/2326/7142 1920/2312/7143 778/2311/7144
f 786/954/7145 1781/2327/7146 1921/2313/7147 783/951/7148
f 1922/2314/7149 1518/2328/7150 1780/2323/7151 1917/2307/7152
f 1781/2327/7153 776/944/7154 775/943/7155 1921/2313/7156
f 1518/2328/7157 1922/2314/7158 1920/2315/7159 1519/2329/7160
f 756/924/7161 1786/2169/7162 1787/2170/7163 757/925/7164
f 760/928/7165 1788/2171/7166 1786/2169/7167 756/924/7168
f 768/936/7169 1923/2316/7170 1791/2176/7171 769/937/7172
f 769/937/7173 1791/2176/7174 1788/2171/7175 760/928/7176
f 1793/2178/7177 1792/2177/7178 797/965/7179 796/964/7180
f 800/968/7181 1794/2179/7182 1793/2178/7183 796/964/7184
f 757/925/7185 1787/2170/7186 1795/2180/7187 807/975/7188
f 807/975/7189 1795/2180/7190 1794/2179/7191 800/968/7192
f 1797/2182/7193 1796/2181/7194 825/993/7195 824/992/7196
f 1798/2183/7197 1797/2182/7198 824/992/7199 828/996/7200
f 1792/2177/7201 1799/2184/7202 835/1003/7203 797/965/7204
f 1799/2184/7205 1798/2183/7206 828/996/7207 835/1003/7208
f 1801/2186/7209 1800/2185/7210 853/1021/7211 852/1020/7212
f 1802/2187/7213 1801/2186/7214 852/1020/7215 856/1024/7216
f 1796/2181/7217 1803/2188/7218 863/1031/7219 825/993/7220
f 1803/2188/7221 1802/2187/7222 856/1024/7223 863/1031/7224
f 1805/2190/7225 1804/2189/7226 881/1049/7227 880/1048/7228
f 1806/2191/7229 1805/2190/7230 880/1048/7231 884/1052/7232
f 1800/2185/7233 1807/2192/7234 891/1059/7235 853/1021/7236
f 1807/2192/7237 1806/2191/7238 884/1052/7239 891/1059/7240
f 908/1076/7241 1809/2194/7242 1808/2193/7243 909/1077/7244
f 1810/2195/7245 1809/2194/7246 908/1076/7247 912/1080/7248
f 1804/2189/7249 1811/2196/7250 919/1087/7251 881/1049/7252
f 1811/2196/7253 1810/2195/7254 912/1080/7255 919/1087/7256
f 936/1104/7257 1812/2197/7258 1813/2198/7259 937/1105/7260
f 940/1108/7261 1814/2199/7262 1812/2197/7263 936/1104/7264
f 909/1077/7265 1808/2193/7266 1815/2200/7267 947/1115/7268
f 947/1115/7269 1815/2200/7270 1814/2199/7271 940/1108/7272
f 1816/2201/7273 1817/2202/7274 965/1133/7275 964/1132/7276
f 1818/2203/7277 1816/2201/7278 964/1132/7279 968/1136/7280
f 976/1144/7281 1819/2204/7282 1820/2205/7283 977/1145/7284
f 977/1145/7285 1820/2205/7286 1818/2203/7287 968/1136/7288
f 1822/2207/7289 1821/2206/7290 1000/1168/7291 999/1167/7292
f 1823/2208/7293 1822/2207/7294 999/1167/7295 1003/1171/7296
f 1825/2210/7297 1824/2209/7298 1012/1180/7299 1011/1179/7300
f 1824/2209/7301 1823/2208/7302 1003/1171/7303 1012/1180/7304
f 1827/2212/7305 1826/2211/7306 1035/1203/7307 1034/1202/7308
f 1828/2213/7309 1827/2212/7310 1034/1202/7311 1038/1206/7312
f 1829/2214/7313 1830/2215/7314 1047/1215/7315 1046/1214/7316
f 1830/2215/7317 1828/2213/7318 1038/1206/7319 1047/1215/7320
f 1831/2216/7321 1829/2214/7322 1046/1214/7323 1069/1237/7324
f 1832/2217/7325 1831/2216/7326 1069/1237/7327 1071/1239/7328
f 1817/2202/7329 1833/2218/7330 1076/1244/7331 965/1133/7332
f 1833/2218/7333 1832/2217/7334 1071/1239/7335 1076/1244/7336
f 1102/1270/7337 1834/2219/7338 1819/2204/7339 976/1144/7340
f 1104/1272/7341 1835/2220/7342 1834/2219/7343 1102/1270/7344
f 937/1105/7345 1813/2198/7346 1836/2221/7347 1107/1275/7348
f 1107/1275/7349 1836/2221/7350 1835/2220/7351 1104/1272/7352
f 1838/2223/7353 1837/2222/7354 1112/1280/7355 1111/1279/7356
f 1840/2225/7357 1839/2224/7358 1116/1284/7359 1115/1283/7360
f 1842/2227/7361 1841/2226/7362 1128/1296/7363 1127/1295/7364
f 1841/2226/7365 1840/2225/7366 1115/1283/7367 1128/1296/7368
f 1843/2228/7369 1842/2227/7370 1127/1295/7371 1151/1319/7372
f 1844/2229/7373 1843/2228/7374 1151/1319/7375 1153/1321/7376
f 1821/2206/7377 1845/2230/7378 1158/1326/7379 1000/1168/7380
f 1845/2230/7381 1844/2229/7382 1153/1321/7383 1158/1326/7384
f 1846/2231/7385 1825/2210/7386 1011/1179/7387 1184/1352/7388
f 1847/2232/7389 1846/2231/7390 1184/1352/7391 1186/1354/7392
f 1826/2211/7393 1848/2233/7394 1189/1357/7395 1035/1203/7396
f 1848/2233/7397 1847/2232/7398 1186/1354/7399 1189/1357/7400
f 1837/2298/7401 1911/2297/7402 1617/1892/7403 1112/1891/7404
f 1116/1284/7405 1839/2224/7406 1912/2299/7407 1645/1945/7408
f 1913/2300/7409 1447/1615/7410 1651/1953/7411 1650/1952/7412
f 1645/1945/7413 1912/2299/7414 1838/2223/7415 1111/1279/7416
f 1911/2301/7417 1913/2300/7418 1650/1952/7419 1617/2165/7420
f 1506/2330/7421 1505/2331/7422 1850/2235/7423 1849/2234/7424
f 1507/2332/7425 1506/2330/7426 1849/2234/7427 1851/2236/7428
f 1510/2333/7429 1509/2320/7430 1853/2238/7431 1852/2237/7432
f 1514/2317/7433 1507/2332/7434 1851/2236/7435 1854/2239/7436
f 1525/2334/7437 1524/2335/7438 1856/2241/7439 1855/2240/7440
f 1526/2336/7441 1525/2334/7442 1855/2240/7443 1857/2242/7444
f 1505/2331/7445 1527/2337/7446 1858/2243/7447 1850/2235/7448
f 1527/2337/7449 1526/2336/7450 1857/2242/7451 1858/2243/7452
f 1533/2338/7453 1532/2339/7454 1860/2245/7455 1859/2244/7456
f 1534/2340/7457 1533/2338/7458 1859/2244/7459 1861/2246/7460
f 1524/2335/7461 1535/2341/7462 1862/2247/7463 1856/2241/7464
f 1535/2341/7465 1534/2340/7466 1861/2246/7467 1862/2247/7468
f 1541/2342/7469 1540/2343/7470 1864/2249/7471 1863/2248/7472
f 1542/2344/7473 1541/2342/7474 1863/2248/7475 1865/2250/7476
f 1532/2339/7477 1543/2345/7478 1866/2251/7479 1860/2245/7480
f 1543/2345/7481 1542/2344/7482 1865/2250/7483 1866/2251/7484
f 1549/2346/7485 1548/2347/7486 1868/2253/7487 1867/2252/7488
f 1550/2348/7489 1549/2346/7490 1867/2252/7491 1869/2254/7492
f 1540/2343/7493 1551/2349/7494 1870/2255/7495 1864/2249/7496
f 1551/2349/7497 1550/2348/7498 1869/2254/7499 1870/2255/7500
f 1557/2350/7501 1556/2351/7502 1872/2257/7503 1871/2256/7504
f 1558/2352/7505 1557/2350/7506 1871/2256/7507 1873/2258/7508
f 1548/2347/7509 1559/2353/7510 1874/2259/7511 1868/2253/7512
f 1559/2353/7513 1558/2352/7514 1873/2258/7515 1874/2259/7516
f 1565/2354/7517 1564/2355/7518 1876/2261/7519 1875/2260/7520
f 1566/2356/7521 1565/2354/7522 1875/2260/7523 1877/2262/7524
f 1556/2351/7525 1567/2357/7526 1878/2263/7527 1872/2257/7528
f 1567/2357/7529 1566/2356/7530 1877/2262/7531 1878/2263/7532
f 1573/2358/7533 1572/2359/7534 1880/2265/7535 1879/2264/7536
f 1574/2360/7537 1573/2358/7538 1879/2264/7539 1881/2266/7540
f 1576/2361/7541 1575/2362/7542 1883/2268/7543 1882/2267/7544
f 1575/2362/7545 1574/2360/7546 1881/2266/7547 1883/2268/7548
f 1583/2363/7549 1582/2364/7550 1885/2270/7551 1884/2269/7552
f 1584/2365/7553 1583/2363/7554 1884/2269/7555 1886/2271/7556
f 1586/2366/7557 1585/2367/7558 1888/2273/7559 1887/2272/7560
f 1585/2367/7561 1584/2365/7562 1886/2271/7563 1888/2273/7564
f 1593/2368/7565 1592/2369/7566 1890/2275/7567 1889/2274/7568
f 1594/2370/7569 1593/2368/7570 1889/2274/7571 1891/2276/7572
f 1596/2371/7573 1595/2372/7574 1893/2278/7575 1892/2277/7576
f 1595/2372/7577 1594/2370/7578 1891/2276/7579 1893/2278/7580
f 1602/2373/7581 1596/2371/7582 1892/2277/7583 1894/2279/7584
f 1603/2374/7585 1602/2373/7586 1894/2279/7587 1895/2280/7588
f 1572/2359/7589 1604/2375/7590 1896/2281/7591 1880/2265/7592
f 1604/2375/7593 1603/2374/7594 1895/2280/7595 1896/2281/7596
f 1611/2376/7597 1576/2361/7598 1882/2267/7599 1897/2282/7600
f 1612/2377/7601 1611/2376/7602 1897/2282/7603 1898/2283/7604
f 1564/2355/7605 1613/2378/7606 1899/2284/7607 1876/2261/7608
f 1613/2378/7609 1612/2377/7610 1898/2283/7611 1899/2284/7612
f 1616/2379/7613 1615/1954/7614 1651/1953/7615 1900/2285/7616
f 1619/2380/7617 1616/2379/7618 1900/2285/7619 1901/2286/7620
f 1622/2381/7621 1621/2382/7622 1903/2288/7623 1902/2287/7624
f 1621/2382/7625 1619/2380/7626 1901/2286/7627 1903/2288/7628
f 1633/2383/7629 1622/2381/7630 1902/2287/7631 1904/2289/7632
f 1634/2384/7633 1633/2383/7634 1904/2289/7635 1905/2290/7636
f 1582/2364/7637 1635/2385/7638 1906/2291/7639 1885/2270/7640
f 1635/2385/7641 1634/2384/7642 1905/2290/7643 1906/2291/7644
f 1642/2386/7645 1586/2366/7646 1887/2272/7647 1907/2292/7648
f 1643/2387/7649 1642/2386/7650 1907/2292/7651 1908/2293/7652
f 1592/2369/7653 1644/2388/7654 1909/2294/7655 1890/2275/7656
f 1644/2388/7657 1643/2387/7658 1908/2293/7659 1909/2294/7660
f 1511/2389/7661 1510/2390/7662 1852/2296/7663 1910/2295/7664
f 1914/2303/7665 1790/2174/7666 1923/2316/7667 768/936/7668
f 1207/1375/7669 1916/2306/7670 1924/2318/7671 1854/2239/7672
f 1916/2306/7673 1202/1370/7674 1853/2238/7675 1924/2318/7676
f 1512/2175/7677 1790/2174/7678 1914/2303/7679 1910/2322/7680
